* Missing Cell Power-Grid Views

Cell Name
------------------------------------------------------------------


* Physically Disconnected Instances

Instance Name      | Cell Name                 | Root Cause 
------------------------------------------------------------------
IO_FILLER_N_N_0    | PFILLER20_G               | Physically Disconnected 
IO_FILLER_N_N_1    | PFILLER20_G               | Physically Disconnected 
IO_FILLER_N_N_2    | PFILLER20_G               | Physically Disconnected 
IO_FILLER_N_N_3    | PFILLER20_G               | Physically Disconnected 
IO_FILLER_N_N_4    | PFILLER20_G               | Physically Disconnected 
IO_FILLER_N_N_5    | PFILLER20_G               | Physically Disconnected 
IO_FILLER_N_N_6    | PFILLER20_G               | Physically Disconnected 
IO_FILLER_N_N_7    | PFILLER20_G               | Physically Disconnected 
IO_FILLER_N_N_8    | PFILLER20_G               | Physically Disconnected 
IO_FILLER_N_N_9    | PFILLER20_G               | Physically Disconnected 
IO_FILLER_N_N_10   | PFILLER20_G               | Physically Disconnected 
IO_FILLER_N_N_11   | PFILLER20_G               | Physically Disconnected 
IO_FILLER_N_N_12   | PFILLER20_G               | Physically Disconnected 
IO_FILLER_N_N_13   | PFILLER20_G               | Physically Disconnected 
IO_FILLER_N_N_14   | PFILLER20_G               | Physically Disconnected 
IO_FILLER_N_N_15   | PFILLER20_G               | Physically Disconnected 
IO_FILLER_W_W_0    | PFILLER20_G               | Physically Disconnected 
IO_FILLER_W_W_1    | PFILLER20_G               | Physically Disconnected 
IO_FILLER_W_W_2    | PFILLER20_G               | Physically Disconnected 
IO_FILLER_W_W_3    | PFILLER20_G               | Physically Disconnected 
IO_FILLER_W_W_4    | PFILLER20_G               | Physically Disconnected 
IO_FILLER_W_W_5    | PFILLER20_G               | Physically Disconnected 
IO_FILLER_W_W_6    | PFILLER20_G               | Physically Disconnected 
IO_FILLER_W_W_7    | PFILLER20_G               | Physically Disconnected 
IO_FILLER_W_W_8    | PFILLER20_G               | Physically Disconnected 
IO_FILLER_W_W_9    | PFILLER20_G               | Physically Disconnected 
IO_FILLER_W_W_10   | PFILLER20_G               | Physically Disconnected 
IO_FILLER_W_W_11   | PFILLER20_G               | Physically Disconnected 
IO_FILLER_W_W_12   | PFILLER20_G               | Physically Disconnected 
IO_FILLER_W_W_13   | PFILLER20_G               | Physically Disconnected 
IO_FILLER_W_W_14   | PFILLER20_G               | Physically Disconnected 
IO_FILLER_W_W_15   | PFILLER20_G               | Physically Disconnected 
IO_FILLER_S_S_0    | PFILLER20_G               | Physically Disconnected 
IO_FILLER_S_S_1    | PFILLER20_G               | Physically Disconnected 
IO_FILLER_S_S_2    | PFILLER20_G               | Physically Disconnected 
IO_FILLER_S_S_3    | PFILLER20_G               | Physically Disconnected 
IO_FILLER_S_S_4    | PFILLER20_G               | Physically Disconnected 
IO_FILLER_S_S_5    | PFILLER20_G               | Physically Disconnected 
IO_FILLER_S_S_6    | PFILLER20_G               | Physically Disconnected 
IO_FILLER_S_S_7    | PFILLER20_G               | Physically Disconnected 
IO_FILLER_S_S_8    | PFILLER20_G               | Physically Disconnected 
IO_FILLER_S_S_9    | PFILLER20_G               | Physically Disconnected 
IO_FILLER_S_S_10   | PFILLER20_G               | Physically Disconnected 
IO_FILLER_S_S_11   | PFILLER20_G               | Physically Disconnected 
IO_FILLER_S_S_12   | PFILLER20_G               | Physically Disconnected 
IO_FILLER_S_S_13   | PFILLER20_G               | Physically Disconnected 
IO_FILLER_S_S_14   | PFILLER20_G               | Physically Disconnected 
IO_FILLER_E_E_0    | PFILLER20_G               | Physically Disconnected 
IO_FILLER_E_E_1    | PFILLER20_G               | Physically Disconnected 
IO_FILLER_E_E_2    | PFILLER20_G               | Physically Disconnected 
IO_FILLER_E_E_3    | PFILLER20_G               | Physically Disconnected 
IO_FILLER_E_E_4    | PFILLER20_G               | Physically Disconnected 
IO_FILLER_E_E_5    | PFILLER20_G               | Physically Disconnected 
IO_FILLER_E_E_6    | PFILLER20_G               | Physically Disconnected 
IO_FILLER_E_E_7    | PFILLER20_G               | Physically Disconnected 
IO_FILLER_E_E_8    | PFILLER20_G               | Physically Disconnected 
IO_FILLER_E_E_9    | PFILLER20_G               | Physically Disconnected 
IO_FILLER_E_E_10   | PFILLER20_G               | Physically Disconnected 
IO_FILLER_E_E_11   | PFILLER20_G               | Physically Disconnected 
IO_FILLER_E_E_12   | PFILLER20_G               | Physically Disconnected 
IO_FILLER_E_E_13   | PFILLER20_G               | Physically Disconnected 
IO_FILLER_E_E_14   | PFILLER20_G               | Physically Disconnected 
IO_FILLER_N_N_16   | PFILLER1_G                | Physically Disconnected 
IO_FILLER_N_N_17   | PFILLER1_G                | Physically Disconnected 
IO_FILLER_N_N_18   | PFILLER1_G                | Physically Disconnected 
IO_FILLER_N_N_19   | PFILLER1_G                | Physically Disconnected 
IO_FILLER_N_N_20   | PFILLER1_G                | Physically Disconnected 
IO_FILLER_N_N_21   | PFILLER1_G                | Physically Disconnected 
IO_FILLER_N_N_22   | PFILLER1_G                | Physically Disconnected 
IO_FILLER_N_N_23   | PFILLER1_G                | Physically Disconnected 
IO_FILLER_N_N_24   | PFILLER1_G                | Physically Disconnected 
IO_FILLER_N_N_25   | PFILLER1_G                | Physically Disconnected 
IO_FILLER_N_N_26   | PFILLER1_G                | Physically Disconnected 
IO_FILLER_N_N_27   | PFILLER1_G                | Physically Disconnected 
IO_FILLER_N_N_28   | PFILLER1_G                | Physically Disconnected 
IO_FILLER_N_N_29   | PFILLER1_G                | Physically Disconnected 
IO_FILLER_N_N_30   | PFILLER1_G                | Physically Disconnected 
IO_FILLER_N_N_31   | PFILLER1_G                | Physically Disconnected 
IO_FILLER_N_N_32   | PFILLER1_G                | Physically Disconnected 
IO_FILLER_N_N_33   | PFILLER1_G                | Physically Disconnected 
IO_FILLER_N_N_34   | PFILLER1_G                | Physically Disconnected 
IO_FILLER_N_N_35   | PFILLER1_G                | Physically Disconnected 
IO_FILLER_N_N_36   | PFILLER1_G                | Physically Disconnected 
IO_FILLER_N_N_37   | PFILLER1_G                | Physically Disconnected 
IO_FILLER_N_N_38   | PFILLER1_G                | Physically Disconnected 
IO_FILLER_N_N_39   | PFILLER1_G                | Physically Disconnected 
IO_FILLER_N_N_40   | PFILLER1_G                | Physically Disconnected 
IO_FILLER_N_N_41   | PFILLER1_G                | Physically Disconnected 
IO_FILLER_N_N_42   | PFILLER1_G                | Physically Disconnected 
IO_FILLER_N_N_43   | PFILLER1_G                | Physically Disconnected 
IO_FILLER_N_N_44   | PFILLER1_G                | Physically Disconnected 
IO_FILLER_N_N_45   | PFILLER1_G                | Physically Disconnected 
IO_FILLER_N_N_46   | PFILLER1_G                | Physically Disconnected 
IO_FILLER_N_N_47   | PFILLER1_G                | Physically Disconnected 
IO_FILLER_W_W_16   | PFILLER1_G                | Physically Disconnected 
IO_FILLER_W_W_17   | PFILLER1_G                | Physically Disconnected 
IO_FILLER_W_W_18   | PFILLER1_G                | Physically Disconnected 
IO_FILLER_W_W_19   | PFILLER1_G                | Physically Disconnected 
IO_FILLER_W_W_20   | PFILLER1_G                | Physically Disconnected 
IO_FILLER_W_W_21   | PFILLER1_G                | Physically Disconnected 
IO_FILLER_W_W_22   | PFILLER1_G                | Physically Disconnected 
IO_FILLER_W_W_23   | PFILLER1_G                | Physically Disconnected 
IO_FILLER_W_W_24   | PFILLER1_G                | Physically Disconnected 
IO_FILLER_W_W_25   | PFILLER1_G                | Physically Disconnected 
IO_FILLER_W_W_26   | PFILLER1_G                | Physically Disconnected 
IO_FILLER_W_W_27   | PFILLER1_G                | Physically Disconnected 
IO_FILLER_W_W_28   | PFILLER1_G                | Physically Disconnected 
IO_FILLER_W_W_29   | PFILLER1_G                | Physically Disconnected 
IO_FILLER_W_W_30   | PFILLER1_G                | Physically Disconnected 
IO_FILLER_W_W_31   | PFILLER1_G                | Physically Disconnected 
IO_FILLER_W_W_32   | PFILLER1_G                | Physically Disconnected 
IO_FILLER_W_W_33   | PFILLER1_G                | Physically Disconnected 
IO_FILLER_W_W_34   | PFILLER1_G                | Physically Disconnected 
IO_FILLER_W_W_35   | PFILLER1_G                | Physically Disconnected 
IO_FILLER_W_W_36   | PFILLER1_G                | Physically Disconnected 
IO_FILLER_W_W_37   | PFILLER1_G                | Physically Disconnected 
IO_FILLER_W_W_38   | PFILLER1_G                | Physically Disconnected 
IO_FILLER_W_W_39   | PFILLER1_G                | Physically Disconnected 
IO_FILLER_W_W_40   | PFILLER1_G                | Physically Disconnected 
IO_FILLER_W_W_41   | PFILLER1_G                | Physically Disconnected 
IO_FILLER_W_W_42   | PFILLER1_G                | Physically Disconnected 
IO_FILLER_W_W_43   | PFILLER1_G                | Physically Disconnected 
IO_FILLER_W_W_44   | PFILLER1_G                | Physically Disconnected 
IO_FILLER_W_W_45   | PFILLER1_G                | Physically Disconnected 
IO_FILLER_W_W_46   | PFILLER1_G                | Physically Disconnected 
IO_FILLER_W_W_47   | PFILLER1_G                | Physically Disconnected 
IO_FILLER_N_N_48   | PFILLER05_G               | Physically Disconnected 
IO_FILLER_N_N_49   | PFILLER05_G               | Physically Disconnected 
IO_FILLER_N_N_50   | PFILLER05_G               | Physically Disconnected 
IO_FILLER_N_N_51   | PFILLER05_G               | Physically Disconnected 
IO_FILLER_N_N_52   | PFILLER05_G               | Physically Disconnected 
IO_FILLER_N_N_53   | PFILLER05_G               | Physically Disconnected 
IO_FILLER_N_N_54   | PFILLER05_G               | Physically Disconnected 
IO_FILLER_N_N_55   | PFILLER05_G               | Physically Disconnected 
IO_FILLER_N_N_56   | PFILLER05_G               | Physically Disconnected 
IO_FILLER_N_N_57   | PFILLER05_G               | Physically Disconnected 
IO_FILLER_N_N_58   | PFILLER05_G               | Physically Disconnected 
IO_FILLER_N_N_59   | PFILLER05_G               | Physically Disconnected 
IO_FILLER_N_N_60   | PFILLER05_G               | Physically Disconnected 
IO_FILLER_N_N_61   | PFILLER05_G               | Physically Disconnected 
IO_FILLER_N_N_62   | PFILLER05_G               | Physically Disconnected 
IO_FILLER_N_N_63   | PFILLER05_G               | Physically Disconnected 
IO_FILLER_W_W_48   | PFILLER05_G               | Physically Disconnected 
IO_FILLER_W_W_49   | PFILLER05_G               | Physically Disconnected 
IO_FILLER_W_W_50   | PFILLER05_G               | Physically Disconnected 
IO_FILLER_W_W_51   | PFILLER05_G               | Physically Disconnected 
IO_FILLER_W_W_52   | PFILLER05_G               | Physically Disconnected 
IO_FILLER_W_W_53   | PFILLER05_G               | Physically Disconnected 
IO_FILLER_W_W_54   | PFILLER05_G               | Physically Disconnected 
IO_FILLER_W_W_55   | PFILLER05_G               | Physically Disconnected 
IO_FILLER_W_W_56   | PFILLER05_G               | Physically Disconnected 
IO_FILLER_W_W_57   | PFILLER05_G               | Physically Disconnected 
IO_FILLER_W_W_58   | PFILLER05_G               | Physically Disconnected 
IO_FILLER_W_W_59   | PFILLER05_G               | Physically Disconnected 
IO_FILLER_W_W_60   | PFILLER05_G               | Physically Disconnected 
IO_FILLER_W_W_61   | PFILLER05_G               | Physically Disconnected 
IO_FILLER_W_W_62   | PFILLER05_G               | Physically Disconnected 
IO_FILLER_W_W_63   | PFILLER05_G               | Physically Disconnected 
IO_FILLER_S_S_15   | PFILLER5_G                | Physically Disconnected 
IO_FILLER_S_S_16   | PFILLER5_G                | Physically Disconnected 
IO_FILLER_S_S_17   | PFILLER5_G                | Physically Disconnected 
IO_FILLER_S_S_18   | PFILLER5_G                | Physically Disconnected 
IO_FILLER_S_S_19   | PFILLER5_G                | Physically Disconnected 
IO_FILLER_S_S_20   | PFILLER5_G                | Physically Disconnected 
IO_FILLER_S_S_21   | PFILLER5_G                | Physically Disconnected 
IO_FILLER_S_S_22   | PFILLER5_G                | Physically Disconnected 
IO_FILLER_S_S_23   | PFILLER5_G                | Physically Disconnected 
IO_FILLER_S_S_24   | PFILLER5_G                | Physically Disconnected 
IO_FILLER_S_S_25   | PFILLER5_G                | Physically Disconnected 
IO_FILLER_S_S_26   | PFILLER5_G                | Physically Disconnected 
IO_FILLER_S_S_27   | PFILLER5_G                | Physically Disconnected 
IO_FILLER_S_S_28   | PFILLER5_G                | Physically Disconnected 
IO_FILLER_S_S_29   | PFILLER5_G                | Physically Disconnected 
IO_FILLER_E_E_15   | PFILLER5_G                | Physically Disconnected 
IO_FILLER_E_E_16   | PFILLER5_G                | Physically Disconnected 
IO_FILLER_E_E_17   | PFILLER5_G                | Physically Disconnected 
IO_FILLER_E_E_18   | PFILLER5_G                | Physically Disconnected 
IO_FILLER_E_E_19   | PFILLER5_G                | Physically Disconnected 
IO_FILLER_E_E_20   | PFILLER5_G                | Physically Disconnected 
IO_FILLER_E_E_21   | PFILLER5_G                | Physically Disconnected 
IO_FILLER_E_E_22   | PFILLER5_G                | Physically Disconnected 
IO_FILLER_E_E_23   | PFILLER5_G                | Physically Disconnected 
IO_FILLER_E_E_24   | PFILLER5_G                | Physically Disconnected 
IO_FILLER_E_E_25   | PFILLER5_G                | Physically Disconnected 
IO_FILLER_E_E_26   | PFILLER5_G                | Physically Disconnected 
IO_FILLER_E_E_27   | PFILLER5_G                | Physically Disconnected 
IO_FILLER_E_E_28   | PFILLER5_G                | Physically Disconnected 
IO_FILLER_E_E_29   | PFILLER5_G                | Physically Disconnected 
IO_FILLER_S_S_30   | PFILLER0005_G             | Physically Disconnected 
IO_FILLER_S_S_31   | PFILLER0005_G             | Physically Disconnected 
IO_FILLER_S_S_32   | PFILLER0005_G             | Physically Disconnected 
IO_FILLER_S_S_33   | PFILLER0005_G             | Physically Disconnected 
IO_FILLER_S_S_34   | PFILLER0005_G             | Physically Disconnected 
IO_FILLER_S_S_35   | PFILLER0005_G             | Physically Disconnected 
IO_FILLER_S_S_36   | PFILLER0005_G             | Physically Disconnected 
IO_FILLER_S_S_37   | PFILLER0005_G             | Physically Disconnected 
IO_FILLER_S_S_38   | PFILLER0005_G             | Physically Disconnected 
IO_FILLER_S_S_39   | PFILLER0005_G             | Physically Disconnected 
IO_FILLER_S_S_40   | PFILLER0005_G             | Physically Disconnected 
IO_FILLER_S_S_41   | PFILLER0005_G             | Physically Disconnected 
IO_FILLER_S_S_42   | PFILLER0005_G             | Physically Disconnected 
IO_FILLER_S_S_43   | PFILLER0005_G             | Physically Disconnected 
IO_FILLER_S_S_44   | PFILLER0005_G             | Physically Disconnected 
IO_FILLER_S_S_45   | PFILLER0005_G             | Physically Disconnected 
IO_FILLER_S_S_46   | PFILLER0005_G             | Physically Disconnected 
IO_FILLER_S_S_47   | PFILLER0005_G             | Physically Disconnected 
IO_FILLER_S_S_48   | PFILLER0005_G             | Physically Disconnected 
IO_FILLER_S_S_49   | PFILLER0005_G             | Physically Disconnected 
IO_FILLER_S_S_50   | PFILLER0005_G             | Physically Disconnected 
IO_FILLER_S_S_51   | PFILLER0005_G             | Physically Disconnected 
IO_FILLER_S_S_52   | PFILLER0005_G             | Physically Disconnected 
IO_FILLER_S_S_53   | PFILLER0005_G             | Physically Disconnected 
IO_FILLER_S_S_54   | PFILLER0005_G             | Physically Disconnected 
IO_FILLER_S_S_55   | PFILLER0005_G             | Physically Disconnected 
IO_FILLER_S_S_56   | PFILLER0005_G             | Physically Disconnected 
IO_FILLER_S_S_57   | PFILLER0005_G             | Physically Disconnected 
IO_FILLER_S_S_58   | PFILLER0005_G             | Physically Disconnected 
IO_FILLER_S_S_59   | PFILLER0005_G             | Physically Disconnected 
IO_FILLER_S_S_60   | PFILLER0005_G             | Physically Disconnected 
IO_FILLER_S_S_61   | PFILLER0005_G             | Physically Disconnected 
IO_FILLER_S_S_62   | PFILLER0005_G             | Physically Disconnected 
IO_FILLER_S_S_63   | PFILLER0005_G             | Physically Disconnected 
IO_FILLER_S_S_64   | PFILLER0005_G             | Physically Disconnected 
IO_FILLER_S_S_65   | PFILLER0005_G             | Physically Disconnected 
IO_FILLER_S_S_66   | PFILLER0005_G             | Physically Disconnected 
IO_FILLER_S_S_67   | PFILLER0005_G             | Physically Disconnected 
IO_FILLER_S_S_68   | PFILLER0005_G             | Physically Disconnected 
IO_FILLER_S_S_69   | PFILLER0005_G             | Physically Disconnected 
IO_FILLER_S_S_70   | PFILLER0005_G             | Physically Disconnected 
IO_FILLER_S_S_71   | PFILLER0005_G             | Physically Disconnected 
IO_FILLER_S_S_72   | PFILLER0005_G             | Physically Disconnected 
IO_FILLER_S_S_73   | PFILLER0005_G             | Physically Disconnected 
IO_FILLER_S_S_74   | PFILLER0005_G             | Physically Disconnected 
IO_FILLER_S_S_75   | PFILLER0005_G             | Physically Disconnected 
IO_FILLER_S_S_76   | PFILLER0005_G             | Physically Disconnected 
IO_FILLER_S_S_77   | PFILLER0005_G             | Physically Disconnected 
IO_FILLER_S_S_78   | PFILLER0005_G             | Physically Disconnected 
IO_FILLER_S_S_79   | PFILLER0005_G             | Physically Disconnected 
IO_FILLER_S_S_80   | PFILLER0005_G             | Physically Disconnected 
IO_FILLER_S_S_81   | PFILLER0005_G             | Physically Disconnected 
IO_FILLER_S_S_82   | PFILLER0005_G             | Physically Disconnected 
IO_FILLER_S_S_83   | PFILLER0005_G             | Physically Disconnected 
IO_FILLER_S_S_84   | PFILLER0005_G             | Physically Disconnected 
IO_FILLER_S_S_85   | PFILLER0005_G             | Physically Disconnected 
IO_FILLER_S_S_86   | PFILLER0005_G             | Physically Disconnected 
IO_FILLER_S_S_87   | PFILLER0005_G             | Physically Disconnected 
IO_FILLER_S_S_88   | PFILLER0005_G             | Physically Disconnected 
IO_FILLER_S_S_89   | PFILLER0005_G             | Physically Disconnected 
IO_FILLER_S_S_90   | PFILLER0005_G             | Physically Disconnected 
IO_FILLER_S_S_91   | PFILLER0005_G             | Physically Disconnected 
IO_FILLER_S_S_92   | PFILLER0005_G             | Physically Disconnected 
IO_FILLER_S_S_93   | PFILLER0005_G             | Physically Disconnected 
IO_FILLER_S_S_94   | PFILLER0005_G             | Physically Disconnected 
IO_FILLER_S_S_95   | PFILLER0005_G             | Physically Disconnected 
IO_FILLER_S_S_96   | PFILLER0005_G             | Physically Disconnected 
IO_FILLER_S_S_97   | PFILLER0005_G             | Physically Disconnected 
IO_FILLER_S_S_98   | PFILLER0005_G             | Physically Disconnected 
IO_FILLER_S_S_99   | PFILLER0005_G             | Physically Disconnected 
IO_FILLER_S_S_100  | PFILLER0005_G             | Physically Disconnected 
IO_FILLER_S_S_101  | PFILLER0005_G             | Physically Disconnected 
IO_FILLER_S_S_102  | PFILLER0005_G             | Physically Disconnected 
IO_FILLER_S_S_103  | PFILLER0005_G             | Physically Disconnected 
IO_FILLER_S_S_104  | PFILLER0005_G             | Physically Disconnected 
IO_FILLER_S_S_105  | PFILLER0005_G             | Physically Disconnected 
IO_FILLER_S_S_106  | PFILLER0005_G             | Physically Disconnected 
IO_FILLER_S_S_107  | PFILLER0005_G             | Physically Disconnected 
IO_FILLER_S_S_108  | PFILLER0005_G             | Physically Disconnected 
IO_FILLER_S_S_109  | PFILLER0005_G             | Physically Disconnected 
IO_FILLER_S_S_110  | PFILLER0005_G             | Physically Disconnected 
IO_FILLER_S_S_111  | PFILLER0005_G             | Physically Disconnected 
IO_FILLER_S_S_112  | PFILLER0005_G             | Physically Disconnected 
IO_FILLER_S_S_113  | PFILLER0005_G             | Physically Disconnected 
IO_FILLER_S_S_114  | PFILLER0005_G             | Physically Disconnected 
IO_FILLER_S_S_115  | PFILLER0005_G             | Physically Disconnected 
IO_FILLER_S_S_116  | PFILLER0005_G             | Physically Disconnected 
IO_FILLER_S_S_117  | PFILLER0005_G             | Physically Disconnected 
IO_FILLER_S_S_118  | PFILLER0005_G             | Physically Disconnected 
IO_FILLER_S_S_119  | PFILLER0005_G             | Physically Disconnected 
IO_FILLER_S_S_120  | PFILLER0005_G             | Physically Disconnected 
IO_FILLER_S_S_121  | PFILLER0005_G             | Physically Disconnected 
IO_FILLER_S_S_122  | PFILLER0005_G             | Physically Disconnected 
IO_FILLER_S_S_123  | PFILLER0005_G             | Physically Disconnected 
IO_FILLER_S_S_124  | PFILLER0005_G             | Physically Disconnected 
IO_FILLER_S_S_125  | PFILLER0005_G             | Physically Disconnected 
IO_FILLER_S_S_126  | PFILLER0005_G             | Physically Disconnected 
IO_FILLER_S_S_127  | PFILLER0005_G             | Physically Disconnected 
IO_FILLER_S_S_128  | PFILLER0005_G             | Physically Disconnected 
IO_FILLER_S_S_129  | PFILLER0005_G             | Physically Disconnected 
IO_FILLER_S_S_130  | PFILLER0005_G             | Physically Disconnected 
IO_FILLER_S_S_131  | PFILLER0005_G             | Physically Disconnected 
IO_FILLER_S_S_132  | PFILLER0005_G             | Physically Disconnected 
IO_FILLER_S_S_133  | PFILLER0005_G             | Physically Disconnected 
IO_FILLER_S_S_134  | PFILLER0005_G             | Physically Disconnected 
IO_FILLER_S_S_135  | PFILLER0005_G             | Physically Disconnected 
IO_FILLER_S_S_136  | PFILLER0005_G             | Physically Disconnected 
IO_FILLER_S_S_137  | PFILLER0005_G             | Physically Disconnected 
IO_FILLER_S_S_138  | PFILLER0005_G             | Physically Disconnected 
IO_FILLER_S_S_139  | PFILLER0005_G             | Physically Disconnected 
IO_FILLER_S_S_140  | PFILLER0005_G             | Physically Disconnected 
IO_FILLER_S_S_141  | PFILLER0005_G             | Physically Disconnected 
IO_FILLER_S_S_142  | PFILLER0005_G             | Physically Disconnected 
IO_FILLER_S_S_143  | PFILLER0005_G             | Physically Disconnected 
IO_FILLER_S_S_144  | PFILLER0005_G             | Physically Disconnected 
IO_FILLER_S_S_145  | PFILLER0005_G             | Physically Disconnected 
IO_FILLER_S_S_146  | PFILLER0005_G             | Physically Disconnected 
IO_FILLER_S_S_147  | PFILLER0005_G             | Physically Disconnected 
IO_FILLER_S_S_148  | PFILLER0005_G             | Physically Disconnected 
IO_FILLER_S_S_149  | PFILLER0005_G             | Physically Disconnected 
IO_FILLER_S_S_150  | PFILLER0005_G             | Physically Disconnected 
IO_FILLER_S_S_151  | PFILLER0005_G             | Physically Disconnected 
IO_FILLER_S_S_152  | PFILLER0005_G             | Physically Disconnected 
IO_FILLER_S_S_153  | PFILLER0005_G             | Physically Disconnected 
IO_FILLER_S_S_154  | PFILLER0005_G             | Physically Disconnected 
IO_FILLER_S_S_155  | PFILLER0005_G             | Physically Disconnected 
IO_FILLER_S_S_156  | PFILLER0005_G             | Physically Disconnected 
IO_FILLER_S_S_157  | PFILLER0005_G             | Physically Disconnected 
IO_FILLER_S_S_158  | PFILLER0005_G             | Physically Disconnected 
IO_FILLER_S_S_159  | PFILLER0005_G             | Physically Disconnected 
IO_FILLER_S_S_160  | PFILLER0005_G             | Physically Disconnected 
IO_FILLER_S_S_161  | PFILLER0005_G             | Physically Disconnected 
IO_FILLER_S_S_162  | PFILLER0005_G             | Physically Disconnected 
IO_FILLER_S_S_163  | PFILLER0005_G             | Physically Disconnected 
IO_FILLER_S_S_164  | PFILLER0005_G             | Physically Disconnected 
IO_FILLER_S_S_165  | PFILLER0005_G             | Physically Disconnected 
IO_FILLER_S_S_166  | PFILLER0005_G             | Physically Disconnected 
IO_FILLER_S_S_167  | PFILLER0005_G             | Physically Disconnected 
IO_FILLER_S_S_168  | PFILLER0005_G             | Physically Disconnected 
IO_FILLER_S_S_169  | PFILLER0005_G             | Physically Disconnected 
IO_FILLER_S_S_170  | PFILLER0005_G             | Physically Disconnected 
IO_FILLER_S_S_171  | PFILLER0005_G             | Physically Disconnected 
IO_FILLER_S_S_172  | PFILLER0005_G             | Physically Disconnected 
IO_FILLER_S_S_173  | PFILLER0005_G             | Physically Disconnected 
IO_FILLER_S_S_174  | PFILLER0005_G             | Physically Disconnected 
IO_FILLER_S_S_175  | PFILLER0005_G             | Physically Disconnected 
IO_FILLER_S_S_176  | PFILLER0005_G             | Physically Disconnected 
IO_FILLER_S_S_177  | PFILLER0005_G             | Physically Disconnected 
IO_FILLER_S_S_178  | PFILLER0005_G             | Physically Disconnected 
IO_FILLER_S_S_179  | PFILLER0005_G             | Physically Disconnected 
IO_FILLER_S_S_180  | PFILLER0005_G             | Physically Disconnected 
IO_FILLER_S_S_181  | PFILLER0005_G             | Physically Disconnected 
IO_FILLER_S_S_182  | PFILLER0005_G             | Physically Disconnected 
IO_FILLER_S_S_183  | PFILLER0005_G             | Physically Disconnected 
IO_FILLER_S_S_184  | PFILLER0005_G             | Physically Disconnected 
IO_FILLER_S_S_185  | PFILLER0005_G             | Physically Disconnected 
IO_FILLER_S_S_186  | PFILLER0005_G             | Physically Disconnected 
IO_FILLER_S_S_187  | PFILLER0005_G             | Physically Disconnected 
IO_FILLER_S_S_188  | PFILLER0005_G             | Physically Disconnected 
IO_FILLER_S_S_189  | PFILLER0005_G             | Physically Disconnected 
IO_FILLER_S_S_190  | PFILLER0005_G             | Physically Disconnected 
IO_FILLER_S_S_191  | PFILLER0005_G             | Physically Disconnected 
IO_FILLER_S_S_192  | PFILLER0005_G             | Physically Disconnected 
IO_FILLER_S_S_193  | PFILLER0005_G             | Physically Disconnected 
IO_FILLER_S_S_194  | PFILLER0005_G             | Physically Disconnected 
IO_FILLER_S_S_195  | PFILLER0005_G             | Physically Disconnected 
IO_FILLER_S_S_196  | PFILLER0005_G             | Physically Disconnected 
IO_FILLER_S_S_197  | PFILLER0005_G             | Physically Disconnected 
IO_FILLER_S_S_198  | PFILLER0005_G             | Physically Disconnected 
IO_FILLER_S_S_199  | PFILLER0005_G             | Physically Disconnected 
IO_FILLER_S_S_200  | PFILLER0005_G             | Physically Disconnected 
IO_FILLER_S_S_201  | PFILLER0005_G             | Physically Disconnected 
IO_FILLER_S_S_202  | PFILLER0005_G             | Physically Disconnected 
IO_FILLER_S_S_203  | PFILLER0005_G             | Physically Disconnected 
IO_FILLER_S_S_204  | PFILLER0005_G             | Physically Disconnected 
IO_FILLER_S_S_205  | PFILLER0005_G             | Physically Disconnected 
IO_FILLER_S_S_206  | PFILLER0005_G             | Physically Disconnected 
IO_FILLER_S_S_207  | PFILLER0005_G             | Physically Disconnected 
IO_FILLER_S_S_208  | PFILLER0005_G             | Physically Disconnected 
IO_FILLER_S_S_209  | PFILLER0005_G             | Physically Disconnected 
IO_FILLER_S_S_210  | PFILLER0005_G             | Physically Disconnected 
IO_FILLER_S_S_211  | PFILLER0005_G             | Physically Disconnected 
IO_FILLER_S_S_212  | PFILLER0005_G             | Physically Disconnected 
IO_FILLER_S_S_213  | PFILLER0005_G             | Physically Disconnected 
IO_FILLER_S_S_214  | PFILLER0005_G             | Physically Disconnected 
IO_FILLER_S_S_215  | PFILLER0005_G             | Physically Disconnected 
IO_FILLER_S_S_216  | PFILLER0005_G             | Physically Disconnected 
IO_FILLER_S_S_217  | PFILLER0005_G             | Physically Disconnected 
IO_FILLER_S_S_218  | PFILLER0005_G             | Physically Disconnected 
IO_FILLER_S_S_219  | PFILLER0005_G             | Physically Disconnected 
IO_FILLER_S_S_220  | PFILLER0005_G             | Physically Disconnected 
IO_FILLER_S_S_221  | PFILLER0005_G             | Physically Disconnected 
IO_FILLER_S_S_222  | PFILLER0005_G             | Physically Disconnected 
IO_FILLER_S_S_223  | PFILLER0005_G             | Physically Disconnected 
IO_FILLER_S_S_224  | PFILLER0005_G             | Physically Disconnected 
IO_FILLER_S_S_225  | PFILLER0005_G             | Physically Disconnected 
IO_FILLER_S_S_226  | PFILLER0005_G             | Physically Disconnected 
IO_FILLER_S_S_227  | PFILLER0005_G             | Physically Disconnected 
IO_FILLER_S_S_228  | PFILLER0005_G             | Physically Disconnected 
IO_FILLER_S_S_229  | PFILLER0005_G             | Physically Disconnected 
IO_FILLER_S_S_230  | PFILLER0005_G             | Physically Disconnected 
IO_FILLER_S_S_231  | PFILLER0005_G             | Physically Disconnected 
IO_FILLER_S_S_232  | PFILLER0005_G             | Physically Disconnected 
IO_FILLER_S_S_233  | PFILLER0005_G             | Physically Disconnected 
IO_FILLER_S_S_234  | PFILLER0005_G             | Physically Disconnected 
IO_FILLER_S_S_235  | PFILLER0005_G             | Physically Disconnected 
IO_FILLER_S_S_236  | PFILLER0005_G             | Physically Disconnected 
IO_FILLER_S_S_237  | PFILLER0005_G             | Physically Disconnected 
IO_FILLER_S_S_238  | PFILLER0005_G             | Physically Disconnected 
IO_FILLER_S_S_239  | PFILLER0005_G             | Physically Disconnected 
IO_FILLER_S_S_240  | PFILLER0005_G             | Physically Disconnected 
IO_FILLER_S_S_241  | PFILLER0005_G             | Physically Disconnected 
IO_FILLER_S_S_242  | PFILLER0005_G             | Physically Disconnected 
IO_FILLER_S_S_243  | PFILLER0005_G             | Physically Disconnected 
IO_FILLER_S_S_244  | PFILLER0005_G             | Physically Disconnected 
IO_FILLER_S_S_245  | PFILLER0005_G             | Physically Disconnected 
IO_FILLER_S_S_246  | PFILLER0005_G             | Physically Disconnected 
IO_FILLER_S_S_247  | PFILLER0005_G             | Physically Disconnected 
IO_FILLER_S_S_248  | PFILLER0005_G             | Physically Disconnected 
IO_FILLER_S_S_249  | PFILLER0005_G             | Physically Disconnected 
IO_FILLER_S_S_250  | PFILLER0005_G             | Physically Disconnected 
IO_FILLER_S_S_251  | PFILLER0005_G             | Physically Disconnected 
IO_FILLER_S_S_252  | PFILLER0005_G             | Physically Disconnected 
IO_FILLER_S_S_253  | PFILLER0005_G             | Physically Disconnected 
IO_FILLER_S_S_254  | PFILLER0005_G             | Physically Disconnected 
IO_FILLER_S_S_255  | PFILLER0005_G             | Physically Disconnected 
IO_FILLER_S_S_256  | PFILLER0005_G             | Physically Disconnected 
IO_FILLER_S_S_257  | PFILLER0005_G             | Physically Disconnected 
IO_FILLER_S_S_258  | PFILLER0005_G             | Physically Disconnected 
IO_FILLER_S_S_259  | PFILLER0005_G             | Physically Disconnected 
IO_FILLER_S_S_260  | PFILLER0005_G             | Physically Disconnected 
IO_FILLER_S_S_261  | PFILLER0005_G             | Physically Disconnected 
IO_FILLER_S_S_262  | PFILLER0005_G             | Physically Disconnected 
IO_FILLER_S_S_263  | PFILLER0005_G             | Physically Disconnected 
IO_FILLER_S_S_264  | PFILLER0005_G             | Physically Disconnected 
IO_FILLER_S_S_265  | PFILLER0005_G             | Physically Disconnected 
IO_FILLER_S_S_266  | PFILLER0005_G             | Physically Disconnected 
IO_FILLER_S_S_267  | PFILLER0005_G             | Physically Disconnected 
IO_FILLER_S_S_268  | PFILLER0005_G             | Physically Disconnected 
IO_FILLER_S_S_269  | PFILLER0005_G             | Physically Disconnected 
IO_FILLER_S_S_270  | PFILLER0005_G             | Physically Disconnected 
IO_FILLER_S_S_271  | PFILLER0005_G             | Physically Disconnected 
IO_FILLER_S_S_272  | PFILLER0005_G             | Physically Disconnected 
IO_FILLER_S_S_273  | PFILLER0005_G             | Physically Disconnected 
IO_FILLER_S_S_274  | PFILLER0005_G             | Physically Disconnected 
IO_FILLER_S_S_275  | PFILLER0005_G             | Physically Disconnected 
IO_FILLER_S_S_276  | PFILLER0005_G             | Physically Disconnected 
IO_FILLER_S_S_277  | PFILLER0005_G             | Physically Disconnected 
IO_FILLER_S_S_278  | PFILLER0005_G             | Physically Disconnected 
IO_FILLER_S_S_279  | PFILLER0005_G             | Physically Disconnected 
IO_FILLER_S_S_280  | PFILLER0005_G             | Physically Disconnected 
IO_FILLER_S_S_281  | PFILLER0005_G             | Physically Disconnected 
IO_FILLER_S_S_282  | PFILLER0005_G             | Physically Disconnected 
IO_FILLER_S_S_283  | PFILLER0005_G             | Physically Disconnected 
IO_FILLER_S_S_284  | PFILLER0005_G             | Physically Disconnected 
IO_FILLER_S_S_285  | PFILLER0005_G             | Physically Disconnected 
IO_FILLER_S_S_286  | PFILLER0005_G             | Physically Disconnected 
IO_FILLER_S_S_287  | PFILLER0005_G             | Physically Disconnected 
IO_FILLER_S_S_288  | PFILLER0005_G             | Physically Disconnected 
IO_FILLER_S_S_289  | PFILLER0005_G             | Physically Disconnected 
IO_FILLER_S_S_290  | PFILLER0005_G             | Physically Disconnected 
IO_FILLER_S_S_291  | PFILLER0005_G             | Physically Disconnected 
IO_FILLER_S_S_292  | PFILLER0005_G             | Physically Disconnected 
IO_FILLER_S_S_293  | PFILLER0005_G             | Physically Disconnected 
IO_FILLER_S_S_294  | PFILLER0005_G             | Physically Disconnected 
IO_FILLER_S_S_295  | PFILLER0005_G             | Physically Disconnected 
IO_FILLER_S_S_296  | PFILLER0005_G             | Physically Disconnected 
IO_FILLER_S_S_297  | PFILLER0005_G             | Physically Disconnected 
IO_FILLER_S_S_298  | PFILLER0005_G             | Physically Disconnected 
IO_FILLER_S_S_299  | PFILLER0005_G             | Physically Disconnected 
IO_FILLER_S_S_300  | PFILLER0005_G             | Physically Disconnected 
IO_FILLER_S_S_301  | PFILLER0005_G             | Physically Disconnected 
IO_FILLER_S_S_302  | PFILLER0005_G             | Physically Disconnected 
IO_FILLER_S_S_303  | PFILLER0005_G             | Physically Disconnected 
IO_FILLER_S_S_304  | PFILLER0005_G             | Physically Disconnected 
IO_FILLER_S_S_305  | PFILLER0005_G             | Physically Disconnected 
IO_FILLER_S_S_306  | PFILLER0005_G             | Physically Disconnected 
IO_FILLER_S_S_307  | PFILLER0005_G             | Physically Disconnected 
IO_FILLER_S_S_308  | PFILLER0005_G             | Physically Disconnected 
IO_FILLER_S_S_309  | PFILLER0005_G             | Physically Disconnected 
IO_FILLER_S_S_310  | PFILLER0005_G             | Physically Disconnected 
IO_FILLER_S_S_311  | PFILLER0005_G             | Physically Disconnected 
IO_FILLER_S_S_312  | PFILLER0005_G             | Physically Disconnected 
IO_FILLER_S_S_313  | PFILLER0005_G             | Physically Disconnected 
IO_FILLER_S_S_314  | PFILLER0005_G             | Physically Disconnected 
IO_FILLER_S_S_315  | PFILLER0005_G             | Physically Disconnected 
IO_FILLER_S_S_316  | PFILLER0005_G             | Physically Disconnected 
IO_FILLER_S_S_317  | PFILLER0005_G             | Physically Disconnected 
IO_FILLER_S_S_318  | PFILLER0005_G             | Physically Disconnected 
IO_FILLER_S_S_319  | PFILLER0005_G             | Physically Disconnected 
IO_FILLER_S_S_320  | PFILLER0005_G             | Physically Disconnected 
IO_FILLER_S_S_321  | PFILLER0005_G             | Physically Disconnected 
IO_FILLER_S_S_322  | PFILLER0005_G             | Physically Disconnected 
IO_FILLER_S_S_323  | PFILLER0005_G             | Physically Disconnected 
IO_FILLER_S_S_324  | PFILLER0005_G             | Physically Disconnected 
IO_FILLER_S_S_325  | PFILLER0005_G             | Physically Disconnected 
IO_FILLER_S_S_326  | PFILLER0005_G             | Physically Disconnected 
IO_FILLER_S_S_327  | PFILLER0005_G             | Physically Disconnected 
IO_FILLER_S_S_328  | PFILLER0005_G             | Physically Disconnected 
IO_FILLER_S_S_329  | PFILLER0005_G             | Physically Disconnected 
IO_FILLER_S_S_330  | PFILLER0005_G             | Physically Disconnected 
IO_FILLER_S_S_331  | PFILLER0005_G             | Physically Disconnected 
IO_FILLER_S_S_332  | PFILLER0005_G             | Physically Disconnected 
IO_FILLER_S_S_333  | PFILLER0005_G             | Physically Disconnected 
IO_FILLER_S_S_334  | PFILLER0005_G             | Physically Disconnected 
IO_FILLER_S_S_335  | PFILLER0005_G             | Physically Disconnected 
IO_FILLER_S_S_336  | PFILLER0005_G             | Physically Disconnected 
IO_FILLER_S_S_337  | PFILLER0005_G             | Physically Disconnected 
IO_FILLER_S_S_338  | PFILLER0005_G             | Physically Disconnected 
IO_FILLER_S_S_339  | PFILLER0005_G             | Physically Disconnected 
IO_FILLER_S_S_340  | PFILLER0005_G             | Physically Disconnected 
IO_FILLER_S_S_341  | PFILLER0005_G             | Physically Disconnected 
IO_FILLER_S_S_342  | PFILLER0005_G             | Physically Disconnected 
IO_FILLER_S_S_343  | PFILLER0005_G             | Physically Disconnected 
IO_FILLER_S_S_344  | PFILLER0005_G             | Physically Disconnected 
IO_FILLER_S_S_345  | PFILLER0005_G             | Physically Disconnected 
IO_FILLER_S_S_346  | PFILLER0005_G             | Physically Disconnected 
IO_FILLER_S_S_347  | PFILLER0005_G             | Physically Disconnected 
IO_FILLER_S_S_348  | PFILLER0005_G             | Physically Disconnected 
IO_FILLER_S_S_349  | PFILLER0005_G             | Physically Disconnected 
IO_FILLER_S_S_350  | PFILLER0005_G             | Physically Disconnected 
IO_FILLER_S_S_351  | PFILLER0005_G             | Physically Disconnected 
IO_FILLER_S_S_352  | PFILLER0005_G             | Physically Disconnected 
IO_FILLER_S_S_353  | PFILLER0005_G             | Physically Disconnected 
IO_FILLER_S_S_354  | PFILLER0005_G             | Physically Disconnected 
IO_FILLER_S_S_355  | PFILLER0005_G             | Physically Disconnected 
IO_FILLER_S_S_356  | PFILLER0005_G             | Physically Disconnected 
IO_FILLER_S_S_357  | PFILLER0005_G             | Physically Disconnected 
IO_FILLER_S_S_358  | PFILLER0005_G             | Physically Disconnected 
IO_FILLER_S_S_359  | PFILLER0005_G             | Physically Disconnected 
IO_FILLER_S_S_360  | PFILLER0005_G             | Physically Disconnected 
IO_FILLER_S_S_361  | PFILLER0005_G             | Physically Disconnected 
IO_FILLER_S_S_362  | PFILLER0005_G             | Physically Disconnected 
IO_FILLER_S_S_363  | PFILLER0005_G             | Physically Disconnected 
IO_FILLER_S_S_364  | PFILLER0005_G             | Physically Disconnected 
IO_FILLER_S_S_365  | PFILLER0005_G             | Physically Disconnected 
IO_FILLER_S_S_366  | PFILLER0005_G             | Physically Disconnected 
IO_FILLER_S_S_367  | PFILLER0005_G             | Physically Disconnected 
IO_FILLER_S_S_368  | PFILLER0005_G             | Physically Disconnected 
IO_FILLER_S_S_369  | PFILLER0005_G             | Physically Disconnected 
IO_FILLER_S_S_370  | PFILLER0005_G             | Physically Disconnected 
IO_FILLER_S_S_371  | PFILLER0005_G             | Physically Disconnected 
IO_FILLER_S_S_372  | PFILLER0005_G             | Physically Disconnected 
IO_FILLER_S_S_373  | PFILLER0005_G             | Physically Disconnected 
IO_FILLER_S_S_374  | PFILLER0005_G             | Physically Disconnected 
IO_FILLER_S_S_375  | PFILLER0005_G             | Physically Disconnected 
IO_FILLER_S_S_376  | PFILLER0005_G             | Physically Disconnected 
IO_FILLER_S_S_377  | PFILLER0005_G             | Physically Disconnected 
IO_FILLER_S_S_378  | PFILLER0005_G             | Physically Disconnected 
IO_FILLER_S_S_379  | PFILLER0005_G             | Physically Disconnected 
IO_FILLER_S_S_380  | PFILLER0005_G             | Physically Disconnected 
IO_FILLER_S_S_381  | PFILLER0005_G             | Physically Disconnected 
IO_FILLER_S_S_382  | PFILLER0005_G             | Physically Disconnected 
IO_FILLER_S_S_383  | PFILLER0005_G             | Physically Disconnected 
IO_FILLER_S_S_384  | PFILLER0005_G             | Physically Disconnected 
IO_FILLER_S_S_385  | PFILLER0005_G             | Physically Disconnected 
IO_FILLER_S_S_386  | PFILLER0005_G             | Physically Disconnected 
IO_FILLER_S_S_387  | PFILLER0005_G             | Physically Disconnected 
IO_FILLER_S_S_388  | PFILLER0005_G             | Physically Disconnected 
IO_FILLER_S_S_389  | PFILLER0005_G             | Physically Disconnected 
IO_FILLER_S_S_390  | PFILLER0005_G             | Physically Disconnected 
IO_FILLER_S_S_391  | PFILLER0005_G             | Physically Disconnected 
IO_FILLER_S_S_392  | PFILLER0005_G             | Physically Disconnected 
IO_FILLER_S_S_393  | PFILLER0005_G             | Physically Disconnected 
IO_FILLER_S_S_394  | PFILLER0005_G             | Physically Disconnected 
IO_FILLER_S_S_395  | PFILLER0005_G             | Physically Disconnected 
IO_FILLER_S_S_396  | PFILLER0005_G             | Physically Disconnected 
IO_FILLER_S_S_397  | PFILLER0005_G             | Physically Disconnected 
IO_FILLER_S_S_398  | PFILLER0005_G             | Physically Disconnected 
IO_FILLER_S_S_399  | PFILLER0005_G             | Physically Disconnected 
IO_FILLER_S_S_400  | PFILLER0005_G             | Physically Disconnected 
IO_FILLER_S_S_401  | PFILLER0005_G             | Physically Disconnected 
IO_FILLER_S_S_402  | PFILLER0005_G             | Physically Disconnected 
IO_FILLER_S_S_403  | PFILLER0005_G             | Physically Disconnected 
IO_FILLER_S_S_404  | PFILLER0005_G             | Physically Disconnected 
IO_FILLER_S_S_405  | PFILLER0005_G             | Physically Disconnected 
IO_FILLER_S_S_406  | PFILLER0005_G             | Physically Disconnected 
IO_FILLER_S_S_407  | PFILLER0005_G             | Physically Disconnected 
IO_FILLER_S_S_408  | PFILLER0005_G             | Physically Disconnected 
IO_FILLER_S_S_409  | PFILLER0005_G             | Physically Disconnected 
IO_FILLER_S_S_410  | PFILLER0005_G             | Physically Disconnected 
IO_FILLER_S_S_411  | PFILLER0005_G             | Physically Disconnected 
IO_FILLER_S_S_412  | PFILLER0005_G             | Physically Disconnected 
IO_FILLER_S_S_413  | PFILLER0005_G             | Physically Disconnected 
IO_FILLER_S_S_414  | PFILLER0005_G             | Physically Disconnected 
IO_FILLER_S_S_415  | PFILLER0005_G             | Physically Disconnected 
IO_FILLER_S_S_416  | PFILLER0005_G             | Physically Disconnected 
IO_FILLER_S_S_417  | PFILLER0005_G             | Physically Disconnected 
IO_FILLER_S_S_418  | PFILLER0005_G             | Physically Disconnected 
IO_FILLER_S_S_419  | PFILLER0005_G             | Physically Disconnected 
IO_FILLER_S_S_420  | PFILLER0005_G             | Physically Disconnected 
IO_FILLER_S_S_421  | PFILLER0005_G             | Physically Disconnected 
IO_FILLER_S_S_422  | PFILLER0005_G             | Physically Disconnected 
IO_FILLER_S_S_423  | PFILLER0005_G             | Physically Disconnected 
IO_FILLER_S_S_424  | PFILLER0005_G             | Physically Disconnected 
IO_FILLER_S_S_425  | PFILLER0005_G             | Physically Disconnected 
IO_FILLER_S_S_426  | PFILLER0005_G             | Physically Disconnected 
IO_FILLER_S_S_427  | PFILLER0005_G             | Physically Disconnected 
IO_FILLER_S_S_428  | PFILLER0005_G             | Physically Disconnected 
IO_FILLER_S_S_429  | PFILLER0005_G             | Physically Disconnected 
IO_FILLER_S_S_430  | PFILLER0005_G             | Physically Disconnected 
IO_FILLER_S_S_431  | PFILLER0005_G             | Physically Disconnected 
IO_FILLER_S_S_432  | PFILLER0005_G             | Physically Disconnected 
IO_FILLER_S_S_433  | PFILLER0005_G             | Physically Disconnected 
IO_FILLER_S_S_434  | PFILLER0005_G             | Physically Disconnected 
IO_FILLER_S_S_435  | PFILLER0005_G             | Physically Disconnected 
IO_FILLER_S_S_436  | PFILLER0005_G             | Physically Disconnected 
IO_FILLER_S_S_437  | PFILLER0005_G             | Physically Disconnected 
IO_FILLER_S_S_438  | PFILLER0005_G             | Physically Disconnected 
IO_FILLER_S_S_439  | PFILLER0005_G             | Physically Disconnected 
IO_FILLER_S_S_440  | PFILLER0005_G             | Physically Disconnected 
IO_FILLER_S_S_441  | PFILLER0005_G             | Physically Disconnected 
IO_FILLER_S_S_442  | PFILLER0005_G             | Physically Disconnected 
IO_FILLER_S_S_443  | PFILLER0005_G             | Physically Disconnected 
IO_FILLER_S_S_444  | PFILLER0005_G             | Physically Disconnected 
IO_FILLER_S_S_445  | PFILLER0005_G             | Physically Disconnected 
IO_FILLER_S_S_446  | PFILLER0005_G             | Physically Disconnected 
IO_FILLER_S_S_447  | PFILLER0005_G             | Physically Disconnected 
IO_FILLER_S_S_448  | PFILLER0005_G             | Physically Disconnected 
IO_FILLER_S_S_449  | PFILLER0005_G             | Physically Disconnected 
IO_FILLER_S_S_450  | PFILLER0005_G             | Physically Disconnected 
IO_FILLER_S_S_451  | PFILLER0005_G             | Physically Disconnected 
IO_FILLER_S_S_452  | PFILLER0005_G             | Physically Disconnected 
IO_FILLER_S_S_453  | PFILLER0005_G             | Physically Disconnected 
IO_FILLER_S_S_454  | PFILLER0005_G             | Physically Disconnected 
IO_FILLER_S_S_455  | PFILLER0005_G             | Physically Disconnected 
IO_FILLER_S_S_456  | PFILLER0005_G             | Physically Disconnected 
IO_FILLER_S_S_457  | PFILLER0005_G             | Physically Disconnected 
IO_FILLER_S_S_458  | PFILLER0005_G             | Physically Disconnected 
IO_FILLER_S_S_459  | PFILLER0005_G             | Physically Disconnected 
IO_FILLER_S_S_460  | PFILLER0005_G             | Physically Disconnected 
IO_FILLER_S_S_461  | PFILLER0005_G             | Physically Disconnected 
IO_FILLER_S_S_462  | PFILLER0005_G             | Physically Disconnected 
IO_FILLER_S_S_463  | PFILLER0005_G             | Physically Disconnected 
IO_FILLER_S_S_464  | PFILLER0005_G             | Physically Disconnected 
IO_FILLER_S_S_465  | PFILLER0005_G             | Physically Disconnected 
IO_FILLER_S_S_466  | PFILLER0005_G             | Physically Disconnected 
IO_FILLER_S_S_467  | PFILLER0005_G             | Physically Disconnected 
IO_FILLER_S_S_468  | PFILLER0005_G             | Physically Disconnected 
IO_FILLER_S_S_469  | PFILLER0005_G             | Physically Disconnected 
IO_FILLER_S_S_470  | PFILLER0005_G             | Physically Disconnected 
IO_FILLER_S_S_471  | PFILLER0005_G             | Physically Disconnected 
IO_FILLER_S_S_472  | PFILLER0005_G             | Physically Disconnected 
IO_FILLER_S_S_473  | PFILLER0005_G             | Physically Disconnected 
IO_FILLER_S_S_474  | PFILLER0005_G             | Physically Disconnected 
IO_FILLER_S_S_475  | PFILLER0005_G             | Physically Disconnected 
IO_FILLER_S_S_476  | PFILLER0005_G             | Physically Disconnected 
IO_FILLER_S_S_477  | PFILLER0005_G             | Physically Disconnected 
IO_FILLER_S_S_478  | PFILLER0005_G             | Physically Disconnected 
IO_FILLER_S_S_479  | PFILLER0005_G             | Physically Disconnected 
IO_FILLER_S_S_480  | PFILLER0005_G             | Physically Disconnected 
IO_FILLER_S_S_481  | PFILLER0005_G             | Physically Disconnected 
IO_FILLER_S_S_482  | PFILLER0005_G             | Physically Disconnected 
IO_FILLER_S_S_483  | PFILLER0005_G             | Physically Disconnected 
IO_FILLER_S_S_484  | PFILLER0005_G             | Physically Disconnected 
IO_FILLER_S_S_485  | PFILLER0005_G             | Physically Disconnected 
IO_FILLER_S_S_486  | PFILLER0005_G             | Physically Disconnected 
IO_FILLER_S_S_487  | PFILLER0005_G             | Physically Disconnected 
IO_FILLER_S_S_488  | PFILLER0005_G             | Physically Disconnected 
IO_FILLER_S_S_489  | PFILLER0005_G             | Physically Disconnected 
IO_FILLER_S_S_490  | PFILLER0005_G             | Physically Disconnected 
IO_FILLER_S_S_491  | PFILLER0005_G             | Physically Disconnected 
IO_FILLER_S_S_492  | PFILLER0005_G             | Physically Disconnected 
IO_FILLER_S_S_493  | PFILLER0005_G             | Physically Disconnected 
IO_FILLER_S_S_494  | PFILLER0005_G             | Physically Disconnected 
IO_FILLER_S_S_495  | PFILLER0005_G             | Physically Disconnected 
IO_FILLER_S_S_496  | PFILLER0005_G             | Physically Disconnected 
IO_FILLER_S_S_497  | PFILLER0005_G             | Physically Disconnected 
IO_FILLER_S_S_498  | PFILLER0005_G             | Physically Disconnected 
IO_FILLER_S_S_499  | PFILLER0005_G             | Physically Disconnected 
IO_FILLER_S_S_500  | PFILLER0005_G             | Physically Disconnected 
IO_FILLER_S_S_501  | PFILLER0005_G             | Physically Disconnected 
IO_FILLER_S_S_502  | PFILLER0005_G             | Physically Disconnected 
IO_FILLER_S_S_503  | PFILLER0005_G             | Physically Disconnected 
IO_FILLER_S_S_504  | PFILLER0005_G             | Physically Disconnected 
IO_FILLER_S_S_505  | PFILLER0005_G             | Physically Disconnected 
IO_FILLER_S_S_506  | PFILLER0005_G             | Physically Disconnected 
IO_FILLER_S_S_507  | PFILLER0005_G             | Physically Disconnected 
IO_FILLER_S_S_508  | PFILLER0005_G             | Physically Disconnected 
IO_FILLER_S_S_509  | PFILLER0005_G             | Physically Disconnected 
IO_FILLER_S_S_510  | PFILLER0005_G             | Physically Disconnected 
IO_FILLER_S_S_511  | PFILLER0005_G             | Physically Disconnected 
IO_FILLER_S_S_512  | PFILLER0005_G             | Physically Disconnected 
IO_FILLER_S_S_513  | PFILLER0005_G             | Physically Disconnected 
IO_FILLER_S_S_514  | PFILLER0005_G             | Physically Disconnected 
IO_FILLER_S_S_515  | PFILLER0005_G             | Physically Disconnected 
IO_FILLER_S_S_516  | PFILLER0005_G             | Physically Disconnected 
IO_FILLER_S_S_517  | PFILLER0005_G             | Physically Disconnected 
IO_FILLER_S_S_518  | PFILLER0005_G             | Physically Disconnected 
IO_FILLER_S_S_519  | PFILLER0005_G             | Physically Disconnected 
IO_FILLER_S_S_520  | PFILLER0005_G             | Physically Disconnected 
IO_FILLER_S_S_521  | PFILLER0005_G             | Physically Disconnected 
IO_FILLER_S_S_522  | PFILLER0005_G             | Physically Disconnected 
IO_FILLER_S_S_523  | PFILLER0005_G             | Physically Disconnected 
IO_FILLER_S_S_524  | PFILLER0005_G             | Physically Disconnected 
IO_FILLER_S_S_525  | PFILLER0005_G             | Physically Disconnected 
IO_FILLER_S_S_526  | PFILLER0005_G             | Physically Disconnected 
IO_FILLER_S_S_527  | PFILLER0005_G             | Physically Disconnected 
IO_FILLER_S_S_528  | PFILLER0005_G             | Physically Disconnected 
IO_FILLER_S_S_529  | PFILLER0005_G             | Physically Disconnected 
IO_FILLER_S_S_530  | PFILLER0005_G             | Physically Disconnected 
IO_FILLER_S_S_531  | PFILLER0005_G             | Physically Disconnected 
IO_FILLER_S_S_532  | PFILLER0005_G             | Physically Disconnected 
IO_FILLER_S_S_533  | PFILLER0005_G             | Physically Disconnected 
IO_FILLER_S_S_534  | PFILLER0005_G             | Physically Disconnected 
IO_FILLER_S_S_535  | PFILLER0005_G             | Physically Disconnected 
IO_FILLER_S_S_536  | PFILLER0005_G             | Physically Disconnected 
IO_FILLER_S_S_537  | PFILLER0005_G             | Physically Disconnected 
IO_FILLER_S_S_538  | PFILLER0005_G             | Physically Disconnected 
IO_FILLER_S_S_539  | PFILLER0005_G             | Physically Disconnected 
IO_FILLER_S_S_540  | PFILLER0005_G             | Physically Disconnected 
IO_FILLER_S_S_541  | PFILLER0005_G             | Physically Disconnected 
IO_FILLER_S_S_542  | PFILLER0005_G             | Physically Disconnected 
IO_FILLER_S_S_543  | PFILLER0005_G             | Physically Disconnected 
IO_FILLER_S_S_544  | PFILLER0005_G             | Physically Disconnected 
IO_FILLER_S_S_545  | PFILLER0005_G             | Physically Disconnected 
IO_FILLER_S_S_546  | PFILLER0005_G             | Physically Disconnected 
IO_FILLER_S_S_547  | PFILLER0005_G             | Physically Disconnected 
IO_FILLER_S_S_548  | PFILLER0005_G             | Physically Disconnected 
IO_FILLER_S_S_549  | PFILLER0005_G             | Physically Disconnected 
IO_FILLER_S_S_550  | PFILLER0005_G             | Physically Disconnected 
IO_FILLER_S_S_551  | PFILLER0005_G             | Physically Disconnected 
IO_FILLER_S_S_552  | PFILLER0005_G             | Physically Disconnected 
IO_FILLER_S_S_553  | PFILLER0005_G             | Physically Disconnected 
IO_FILLER_S_S_554  | PFILLER0005_G             | Physically Disconnected 
IO_FILLER_S_S_555  | PFILLER0005_G             | Physically Disconnected 
IO_FILLER_S_S_556  | PFILLER0005_G             | Physically Disconnected 
IO_FILLER_S_S_557  | PFILLER0005_G             | Physically Disconnected 
IO_FILLER_S_S_558  | PFILLER0005_G             | Physically Disconnected 
IO_FILLER_S_S_559  | PFILLER0005_G             | Physically Disconnected 
IO_FILLER_S_S_560  | PFILLER0005_G             | Physically Disconnected 
IO_FILLER_S_S_561  | PFILLER0005_G             | Physically Disconnected 
IO_FILLER_S_S_562  | PFILLER0005_G             | Physically Disconnected 
IO_FILLER_S_S_563  | PFILLER0005_G             | Physically Disconnected 
IO_FILLER_S_S_564  | PFILLER0005_G             | Physically Disconnected 
IO_FILLER_S_S_565  | PFILLER0005_G             | Physically Disconnected 
IO_FILLER_S_S_566  | PFILLER0005_G             | Physically Disconnected 
IO_FILLER_S_S_567  | PFILLER0005_G             | Physically Disconnected 
IO_FILLER_S_S_568  | PFILLER0005_G             | Physically Disconnected 
IO_FILLER_S_S_569  | PFILLER0005_G             | Physically Disconnected 
IO_FILLER_S_S_570  | PFILLER0005_G             | Physically Disconnected 
IO_FILLER_S_S_571  | PFILLER0005_G             | Physically Disconnected 
IO_FILLER_S_S_572  | PFILLER0005_G             | Physically Disconnected 
IO_FILLER_S_S_573  | PFILLER0005_G             | Physically Disconnected 
IO_FILLER_S_S_574  | PFILLER0005_G             | Physically Disconnected 
IO_FILLER_S_S_575  | PFILLER0005_G             | Physically Disconnected 
IO_FILLER_S_S_576  | PFILLER0005_G             | Physically Disconnected 
IO_FILLER_S_S_577  | PFILLER0005_G             | Physically Disconnected 
IO_FILLER_S_S_578  | PFILLER0005_G             | Physically Disconnected 
IO_FILLER_S_S_579  | PFILLER0005_G             | Physically Disconnected 
IO_FILLER_S_S_580  | PFILLER0005_G             | Physically Disconnected 
IO_FILLER_S_S_581  | PFILLER0005_G             | Physically Disconnected 
IO_FILLER_S_S_582  | PFILLER0005_G             | Physically Disconnected 
IO_FILLER_S_S_583  | PFILLER0005_G             | Physically Disconnected 
IO_FILLER_S_S_584  | PFILLER0005_G             | Physically Disconnected 
IO_FILLER_S_S_585  | PFILLER0005_G             | Physically Disconnected 
IO_FILLER_S_S_586  | PFILLER0005_G             | Physically Disconnected 
IO_FILLER_S_S_587  | PFILLER0005_G             | Physically Disconnected 
IO_FILLER_S_S_588  | PFILLER0005_G             | Physically Disconnected 
IO_FILLER_S_S_589  | PFILLER0005_G             | Physically Disconnected 
IO_FILLER_S_S_590  | PFILLER0005_G             | Physically Disconnected 
IO_FILLER_S_S_591  | PFILLER0005_G             | Physically Disconnected 
IO_FILLER_S_S_592  | PFILLER0005_G             | Physically Disconnected 
IO_FILLER_S_S_593  | PFILLER0005_G             | Physically Disconnected 
IO_FILLER_S_S_594  | PFILLER0005_G             | Physically Disconnected 
IO_FILLER_S_S_595  | PFILLER0005_G             | Physically Disconnected 
IO_FILLER_S_S_596  | PFILLER0005_G             | Physically Disconnected 
IO_FILLER_S_S_597  | PFILLER0005_G             | Physically Disconnected 
IO_FILLER_S_S_598  | PFILLER0005_G             | Physically Disconnected 
IO_FILLER_S_S_599  | PFILLER0005_G             | Physically Disconnected 
IO_FILLER_S_S_600  | PFILLER0005_G             | Physically Disconnected 
IO_FILLER_S_S_601  | PFILLER0005_G             | Physically Disconnected 
IO_FILLER_S_S_602  | PFILLER0005_G             | Physically Disconnected 
IO_FILLER_S_S_603  | PFILLER0005_G             | Physically Disconnected 
IO_FILLER_S_S_604  | PFILLER0005_G             | Physically Disconnected 
IO_FILLER_S_S_605  | PFILLER0005_G             | Physically Disconnected 
IO_FILLER_S_S_606  | PFILLER0005_G             | Physically Disconnected 
IO_FILLER_S_S_607  | PFILLER0005_G             | Physically Disconnected 
IO_FILLER_S_S_608  | PFILLER0005_G             | Physically Disconnected 
IO_FILLER_S_S_609  | PFILLER0005_G             | Physically Disconnected 
IO_FILLER_S_S_610  | PFILLER0005_G             | Physically Disconnected 
IO_FILLER_S_S_611  | PFILLER0005_G             | Physically Disconnected 
IO_FILLER_S_S_612  | PFILLER0005_G             | Physically Disconnected 
IO_FILLER_S_S_613  | PFILLER0005_G             | Physically Disconnected 
IO_FILLER_S_S_614  | PFILLER0005_G             | Physically Disconnected 
IO_FILLER_S_S_615  | PFILLER0005_G             | Physically Disconnected 
IO_FILLER_S_S_616  | PFILLER0005_G             | Physically Disconnected 
IO_FILLER_S_S_617  | PFILLER0005_G             | Physically Disconnected 
IO_FILLER_S_S_618  | PFILLER0005_G             | Physically Disconnected 
IO_FILLER_S_S_619  | PFILLER0005_G             | Physically Disconnected 
IO_FILLER_S_S_620  | PFILLER0005_G             | Physically Disconnected 
IO_FILLER_S_S_621  | PFILLER0005_G             | Physically Disconnected 
IO_FILLER_S_S_622  | PFILLER0005_G             | Physically Disconnected 
IO_FILLER_S_S_623  | PFILLER0005_G             | Physically Disconnected 
IO_FILLER_S_S_624  | PFILLER0005_G             | Physically Disconnected 
IO_FILLER_S_S_625  | PFILLER0005_G             | Physically Disconnected 
IO_FILLER_S_S_626  | PFILLER0005_G             | Physically Disconnected 
IO_FILLER_S_S_627  | PFILLER0005_G             | Physically Disconnected 
IO_FILLER_S_S_628  | PFILLER0005_G             | Physically Disconnected 
IO_FILLER_S_S_629  | PFILLER0005_G             | Physically Disconnected 
IO_FILLER_S_S_630  | PFILLER0005_G             | Physically Disconnected 
IO_FILLER_S_S_631  | PFILLER0005_G             | Physically Disconnected 
IO_FILLER_S_S_632  | PFILLER0005_G             | Physically Disconnected 
IO_FILLER_S_S_633  | PFILLER0005_G             | Physically Disconnected 
IO_FILLER_S_S_634  | PFILLER0005_G             | Physically Disconnected 
IO_FILLER_S_S_635  | PFILLER0005_G             | Physically Disconnected 
IO_FILLER_S_S_636  | PFILLER0005_G             | Physically Disconnected 
IO_FILLER_S_S_637  | PFILLER0005_G             | Physically Disconnected 
IO_FILLER_S_S_638  | PFILLER0005_G             | Physically Disconnected 
IO_FILLER_S_S_639  | PFILLER0005_G             | Physically Disconnected 
IO_FILLER_S_S_640  | PFILLER0005_G             | Physically Disconnected 
IO_FILLER_S_S_641  | PFILLER0005_G             | Physically Disconnected 
IO_FILLER_S_S_642  | PFILLER0005_G             | Physically Disconnected 
IO_FILLER_S_S_643  | PFILLER0005_G             | Physically Disconnected 
IO_FILLER_S_S_644  | PFILLER0005_G             | Physically Disconnected 
IO_FILLER_S_S_645  | PFILLER0005_G             | Physically Disconnected 
IO_FILLER_S_S_646  | PFILLER0005_G             | Physically Disconnected 
IO_FILLER_S_S_647  | PFILLER0005_G             | Physically Disconnected 
IO_FILLER_S_S_648  | PFILLER0005_G             | Physically Disconnected 
IO_FILLER_S_S_649  | PFILLER0005_G             | Physically Disconnected 
IO_FILLER_S_S_650  | PFILLER0005_G             | Physically Disconnected 
IO_FILLER_S_S_651  | PFILLER0005_G             | Physically Disconnected 
IO_FILLER_S_S_652  | PFILLER0005_G             | Physically Disconnected 
IO_FILLER_S_S_653  | PFILLER0005_G             | Physically Disconnected 
IO_FILLER_S_S_654  | PFILLER0005_G             | Physically Disconnected 
IO_FILLER_S_S_655  | PFILLER0005_G             | Physically Disconnected 
IO_FILLER_S_S_656  | PFILLER0005_G             | Physically Disconnected 
IO_FILLER_S_S_657  | PFILLER0005_G             | Physically Disconnected 
IO_FILLER_S_S_658  | PFILLER0005_G             | Physically Disconnected 
IO_FILLER_S_S_659  | PFILLER0005_G             | Physically Disconnected 
IO_FILLER_S_S_660  | PFILLER0005_G             | Physically Disconnected 
IO_FILLER_S_S_661  | PFILLER0005_G             | Physically Disconnected 
IO_FILLER_S_S_662  | PFILLER0005_G             | Physically Disconnected 
IO_FILLER_S_S_663  | PFILLER0005_G             | Physically Disconnected 
IO_FILLER_S_S_664  | PFILLER0005_G             | Physically Disconnected 
IO_FILLER_S_S_665  | PFILLER0005_G             | Physically Disconnected 
IO_FILLER_S_S_666  | PFILLER0005_G             | Physically Disconnected 
IO_FILLER_S_S_667  | PFILLER0005_G             | Physically Disconnected 
IO_FILLER_S_S_668  | PFILLER0005_G             | Physically Disconnected 
IO_FILLER_S_S_669  | PFILLER0005_G             | Physically Disconnected 
IO_FILLER_S_S_670  | PFILLER0005_G             | Physically Disconnected 
IO_FILLER_S_S_671  | PFILLER0005_G             | Physically Disconnected 
IO_FILLER_S_S_672  | PFILLER0005_G             | Physically Disconnected 
IO_FILLER_S_S_673  | PFILLER0005_G             | Physically Disconnected 
IO_FILLER_S_S_674  | PFILLER0005_G             | Physically Disconnected 
IO_FILLER_S_S_675  | PFILLER0005_G             | Physically Disconnected 
IO_FILLER_S_S_676  | PFILLER0005_G             | Physically Disconnected 
IO_FILLER_S_S_677  | PFILLER0005_G             | Physically Disconnected 
IO_FILLER_S_S_678  | PFILLER0005_G             | Physically Disconnected 
IO_FILLER_S_S_679  | PFILLER0005_G             | Physically Disconnected 
IO_FILLER_S_S_680  | PFILLER0005_G             | Physically Disconnected 
IO_FILLER_S_S_681  | PFILLER0005_G             | Physically Disconnected 
IO_FILLER_S_S_682  | PFILLER0005_G             | Physically Disconnected 
IO_FILLER_S_S_683  | PFILLER0005_G             | Physically Disconnected 
IO_FILLER_S_S_684  | PFILLER0005_G             | Physically Disconnected 
IO_FILLER_S_S_685  | PFILLER0005_G             | Physically Disconnected 
IO_FILLER_S_S_686  | PFILLER0005_G             | Physically Disconnected 
IO_FILLER_S_S_687  | PFILLER0005_G             | Physically Disconnected 
IO_FILLER_S_S_688  | PFILLER0005_G             | Physically Disconnected 
IO_FILLER_S_S_689  | PFILLER0005_G             | Physically Disconnected 
IO_FILLER_S_S_690  | PFILLER0005_G             | Physically Disconnected 
IO_FILLER_S_S_691  | PFILLER0005_G             | Physically Disconnected 
IO_FILLER_S_S_692  | PFILLER0005_G             | Physically Disconnected 
IO_FILLER_S_S_693  | PFILLER0005_G             | Physically Disconnected 
IO_FILLER_S_S_694  | PFILLER0005_G             | Physically Disconnected 
IO_FILLER_S_S_695  | PFILLER0005_G             | Physically Disconnected 
IO_FILLER_S_S_696  | PFILLER0005_G             | Physically Disconnected 
IO_FILLER_S_S_697  | PFILLER0005_G             | Physically Disconnected 
IO_FILLER_S_S_698  | PFILLER0005_G             | Physically Disconnected 
IO_FILLER_S_S_699  | PFILLER0005_G             | Physically Disconnected 
IO_FILLER_S_S_700  | PFILLER0005_G             | Physically Disconnected 
IO_FILLER_S_S_701  | PFILLER0005_G             | Physically Disconnected 
IO_FILLER_S_S_702  | PFILLER0005_G             | Physically Disconnected 
IO_FILLER_S_S_703  | PFILLER0005_G             | Physically Disconnected 
IO_FILLER_S_S_704  | PFILLER0005_G             | Physically Disconnected 
IO_FILLER_S_S_705  | PFILLER0005_G             | Physically Disconnected 
IO_FILLER_S_S_706  | PFILLER0005_G             | Physically Disconnected 
IO_FILLER_S_S_707  | PFILLER0005_G             | Physically Disconnected 
IO_FILLER_S_S_708  | PFILLER0005_G             | Physically Disconnected 
IO_FILLER_S_S_709  | PFILLER0005_G             | Physically Disconnected 
IO_FILLER_S_S_710  | PFILLER0005_G             | Physically Disconnected 
IO_FILLER_S_S_711  | PFILLER0005_G             | Physically Disconnected 
IO_FILLER_S_S_712  | PFILLER0005_G             | Physically Disconnected 
IO_FILLER_S_S_713  | PFILLER0005_G             | Physically Disconnected 
IO_FILLER_S_S_714  | PFILLER0005_G             | Physically Disconnected 
IO_FILLER_S_S_715  | PFILLER0005_G             | Physically Disconnected 
IO_FILLER_S_S_716  | PFILLER0005_G             | Physically Disconnected 
IO_FILLER_S_S_717  | PFILLER0005_G             | Physically Disconnected 
IO_FILLER_S_S_718  | PFILLER0005_G             | Physically Disconnected 
IO_FILLER_S_S_719  | PFILLER0005_G             | Physically Disconnected 
IO_FILLER_S_S_720  | PFILLER0005_G             | Physically Disconnected 
IO_FILLER_S_S_721  | PFILLER0005_G             | Physically Disconnected 
IO_FILLER_S_S_722  | PFILLER0005_G             | Physically Disconnected 
IO_FILLER_S_S_723  | PFILLER0005_G             | Physically Disconnected 
IO_FILLER_S_S_724  | PFILLER0005_G             | Physically Disconnected 
IO_FILLER_S_S_725  | PFILLER0005_G             | Physically Disconnected 
IO_FILLER_S_S_726  | PFILLER0005_G             | Physically Disconnected 
IO_FILLER_S_S_727  | PFILLER0005_G             | Physically Disconnected 
IO_FILLER_S_S_728  | PFILLER0005_G             | Physically Disconnected 
IO_FILLER_S_S_729  | PFILLER0005_G             | Physically Disconnected 
IO_FILLER_S_S_730  | PFILLER0005_G             | Physically Disconnected 
IO_FILLER_S_S_731  | PFILLER0005_G             | Physically Disconnected 
IO_FILLER_S_S_732  | PFILLER0005_G             | Physically Disconnected 
IO_FILLER_S_S_733  | PFILLER0005_G             | Physically Disconnected 
IO_FILLER_S_S_734  | PFILLER0005_G             | Physically Disconnected 
IO_FILLER_S_S_735  | PFILLER0005_G             | Physically Disconnected 
IO_FILLER_S_S_736  | PFILLER0005_G             | Physically Disconnected 
IO_FILLER_S_S_737  | PFILLER0005_G             | Physically Disconnected 
IO_FILLER_S_S_738  | PFILLER0005_G             | Physically Disconnected 
IO_FILLER_S_S_739  | PFILLER0005_G             | Physically Disconnected 
IO_FILLER_S_S_740  | PFILLER0005_G             | Physically Disconnected 
IO_FILLER_S_S_741  | PFILLER0005_G             | Physically Disconnected 
IO_FILLER_S_S_742  | PFILLER0005_G             | Physically Disconnected 
IO_FILLER_S_S_743  | PFILLER0005_G             | Physically Disconnected 
IO_FILLER_S_S_744  | PFILLER0005_G             | Physically Disconnected 
IO_FILLER_S_S_745  | PFILLER0005_G             | Physically Disconnected 
IO_FILLER_S_S_746  | PFILLER0005_G             | Physically Disconnected 
IO_FILLER_S_S_747  | PFILLER0005_G             | Physically Disconnected 
IO_FILLER_S_S_748  | PFILLER0005_G             | Physically Disconnected 
IO_FILLER_S_S_749  | PFILLER0005_G             | Physically Disconnected 
IO_FILLER_S_S_750  | PFILLER0005_G             | Physically Disconnected 
IO_FILLER_S_S_751  | PFILLER0005_G             | Physically Disconnected 
IO_FILLER_S_S_752  | PFILLER0005_G             | Physically Disconnected 
IO_FILLER_S_S_753  | PFILLER0005_G             | Physically Disconnected 
IO_FILLER_S_S_754  | PFILLER0005_G             | Physically Disconnected 
IO_FILLER_S_S_755  | PFILLER0005_G             | Physically Disconnected 
IO_FILLER_S_S_756  | PFILLER0005_G             | Physically Disconnected 
IO_FILLER_S_S_757  | PFILLER0005_G             | Physically Disconnected 
IO_FILLER_S_S_758  | PFILLER0005_G             | Physically Disconnected 
IO_FILLER_S_S_759  | PFILLER0005_G             | Physically Disconnected 
IO_FILLER_S_S_760  | PFILLER0005_G             | Physically Disconnected 
IO_FILLER_S_S_761  | PFILLER0005_G             | Physically Disconnected 
IO_FILLER_S_S_762  | PFILLER0005_G             | Physically Disconnected 
IO_FILLER_S_S_763  | PFILLER0005_G             | Physically Disconnected 
IO_FILLER_S_S_764  | PFILLER0005_G             | Physically Disconnected 
IO_FILLER_S_S_765  | PFILLER0005_G             | Physically Disconnected 
IO_FILLER_S_S_766  | PFILLER0005_G             | Physically Disconnected 
IO_FILLER_S_S_767  | PFILLER0005_G             | Physically Disconnected 
IO_FILLER_S_S_768  | PFILLER0005_G             | Physically Disconnected 
IO_FILLER_S_S_769  | PFILLER0005_G             | Physically Disconnected 
IO_FILLER_S_S_770  | PFILLER0005_G             | Physically Disconnected 
IO_FILLER_S_S_771  | PFILLER0005_G             | Physically Disconnected 
IO_FILLER_S_S_772  | PFILLER0005_G             | Physically Disconnected 
IO_FILLER_S_S_773  | PFILLER0005_G             | Physically Disconnected 
IO_FILLER_S_S_774  | PFILLER0005_G             | Physically Disconnected 
IO_FILLER_S_S_775  | PFILLER0005_G             | Physically Disconnected 
IO_FILLER_S_S_776  | PFILLER0005_G             | Physically Disconnected 
IO_FILLER_S_S_777  | PFILLER0005_G             | Physically Disconnected 
IO_FILLER_S_S_778  | PFILLER0005_G             | Physically Disconnected 
IO_FILLER_S_S_779  | PFILLER0005_G             | Physically Disconnected 
IO_FILLER_S_S_780  | PFILLER0005_G             | Physically Disconnected 
IO_FILLER_S_S_781  | PFILLER0005_G             | Physically Disconnected 
IO_FILLER_S_S_782  | PFILLER0005_G             | Physically Disconnected 
IO_FILLER_S_S_783  | PFILLER0005_G             | Physically Disconnected 
IO_FILLER_S_S_784  | PFILLER0005_G             | Physically Disconnected 
IO_FILLER_S_S_785  | PFILLER0005_G             | Physically Disconnected 
IO_FILLER_S_S_786  | PFILLER0005_G             | Physically Disconnected 
IO_FILLER_S_S_787  | PFILLER0005_G             | Physically Disconnected 
IO_FILLER_S_S_788  | PFILLER0005_G             | Physically Disconnected 
IO_FILLER_S_S_789  | PFILLER0005_G             | Physically Disconnected 
IO_FILLER_S_S_790  | PFILLER0005_G             | Physically Disconnected 
IO_FILLER_S_S_791  | PFILLER0005_G             | Physically Disconnected 
IO_FILLER_S_S_792  | PFILLER0005_G             | Physically Disconnected 
IO_FILLER_S_S_793  | PFILLER0005_G             | Physically Disconnected 
IO_FILLER_S_S_794  | PFILLER0005_G             | Physically Disconnected 
IO_FILLER_S_S_795  | PFILLER0005_G             | Physically Disconnected 
IO_FILLER_S_S_796  | PFILLER0005_G             | Physically Disconnected 
IO_FILLER_S_S_797  | PFILLER0005_G             | Physically Disconnected 
IO_FILLER_S_S_798  | PFILLER0005_G             | Physically Disconnected 
IO_FILLER_S_S_799  | PFILLER0005_G             | Physically Disconnected 
IO_FILLER_S_S_800  | PFILLER0005_G             | Physically Disconnected 
IO_FILLER_S_S_801  | PFILLER0005_G             | Physically Disconnected 
IO_FILLER_S_S_802  | PFILLER0005_G             | Physically Disconnected 
IO_FILLER_S_S_803  | PFILLER0005_G             | Physically Disconnected 
IO_FILLER_S_S_804  | PFILLER0005_G             | Physically Disconnected 
IO_FILLER_S_S_805  | PFILLER0005_G             | Physically Disconnected 
IO_FILLER_S_S_806  | PFILLER0005_G             | Physically Disconnected 
IO_FILLER_S_S_807  | PFILLER0005_G             | Physically Disconnected 
IO_FILLER_S_S_808  | PFILLER0005_G             | Physically Disconnected 
IO_FILLER_S_S_809  | PFILLER0005_G             | Physically Disconnected 
IO_FILLER_S_S_810  | PFILLER0005_G             | Physically Disconnected 
IO_FILLER_S_S_811  | PFILLER0005_G             | Physically Disconnected 
IO_FILLER_S_S_812  | PFILLER0005_G             | Physically Disconnected 
IO_FILLER_S_S_813  | PFILLER0005_G             | Physically Disconnected 
IO_FILLER_S_S_814  | PFILLER0005_G             | Physically Disconnected 
IO_FILLER_S_S_815  | PFILLER0005_G             | Physically Disconnected 
IO_FILLER_S_S_816  | PFILLER0005_G             | Physically Disconnected 
IO_FILLER_S_S_817  | PFILLER0005_G             | Physically Disconnected 
IO_FILLER_S_S_818  | PFILLER0005_G             | Physically Disconnected 
IO_FILLER_S_S_819  | PFILLER0005_G             | Physically Disconnected 
IO_FILLER_S_S_820  | PFILLER0005_G             | Physically Disconnected 
IO_FILLER_S_S_821  | PFILLER0005_G             | Physically Disconnected 
IO_FILLER_S_S_822  | PFILLER0005_G             | Physically Disconnected 
IO_FILLER_S_S_823  | PFILLER0005_G             | Physically Disconnected 
IO_FILLER_S_S_824  | PFILLER0005_G             | Physically Disconnected 
IO_FILLER_S_S_825  | PFILLER0005_G             | Physically Disconnected 
IO_FILLER_S_S_826  | PFILLER0005_G             | Physically Disconnected 
IO_FILLER_S_S_827  | PFILLER0005_G             | Physically Disconnected 
IO_FILLER_S_S_828  | PFILLER0005_G             | Physically Disconnected 
IO_FILLER_S_S_829  | PFILLER0005_G             | Physically Disconnected 
IO_FILLER_S_S_830  | PFILLER0005_G             | Physically Disconnected 
IO_FILLER_S_S_831  | PFILLER0005_G             | Physically Disconnected 
IO_FILLER_S_S_832  | PFILLER0005_G             | Physically Disconnected 
IO_FILLER_S_S_833  | PFILLER0005_G             | Physically Disconnected 
IO_FILLER_S_S_834  | PFILLER0005_G             | Physically Disconnected 
IO_FILLER_S_S_835  | PFILLER0005_G             | Physically Disconnected 
IO_FILLER_S_S_836  | PFILLER0005_G             | Physically Disconnected 
IO_FILLER_S_S_837  | PFILLER0005_G             | Physically Disconnected 
IO_FILLER_S_S_838  | PFILLER0005_G             | Physically Disconnected 
IO_FILLER_S_S_839  | PFILLER0005_G             | Physically Disconnected 
IO_FILLER_S_S_840  | PFILLER0005_G             | Physically Disconnected 
IO_FILLER_S_S_841  | PFILLER0005_G             | Physically Disconnected 
IO_FILLER_S_S_842  | PFILLER0005_G             | Physically Disconnected 
IO_FILLER_S_S_843  | PFILLER0005_G             | Physically Disconnected 
IO_FILLER_S_S_844  | PFILLER0005_G             | Physically Disconnected 
IO_FILLER_S_S_845  | PFILLER0005_G             | Physically Disconnected 
IO_FILLER_S_S_846  | PFILLER0005_G             | Physically Disconnected 
IO_FILLER_S_S_847  | PFILLER0005_G             | Physically Disconnected 
IO_FILLER_S_S_848  | PFILLER0005_G             | Physically Disconnected 
IO_FILLER_S_S_849  | PFILLER0005_G             | Physically Disconnected 
IO_FILLER_S_S_850  | PFILLER0005_G             | Physically Disconnected 
IO_FILLER_S_S_851  | PFILLER0005_G             | Physically Disconnected 
IO_FILLER_S_S_852  | PFILLER0005_G             | Physically Disconnected 
IO_FILLER_S_S_853  | PFILLER0005_G             | Physically Disconnected 
IO_FILLER_S_S_854  | PFILLER0005_G             | Physically Disconnected 
IO_FILLER_S_S_855  | PFILLER0005_G             | Physically Disconnected 
IO_FILLER_S_S_856  | PFILLER0005_G             | Physically Disconnected 
IO_FILLER_S_S_857  | PFILLER0005_G             | Physically Disconnected 
IO_FILLER_S_S_858  | PFILLER0005_G             | Physically Disconnected 
IO_FILLER_S_S_859  | PFILLER0005_G             | Physically Disconnected 
IO_FILLER_S_S_860  | PFILLER0005_G             | Physically Disconnected 
IO_FILLER_S_S_861  | PFILLER0005_G             | Physically Disconnected 
IO_FILLER_S_S_862  | PFILLER0005_G             | Physically Disconnected 
IO_FILLER_S_S_863  | PFILLER0005_G             | Physically Disconnected 
IO_FILLER_S_S_864  | PFILLER0005_G             | Physically Disconnected 
IO_FILLER_S_S_865  | PFILLER0005_G             | Physically Disconnected 
IO_FILLER_S_S_866  | PFILLER0005_G             | Physically Disconnected 
IO_FILLER_S_S_867  | PFILLER0005_G             | Physically Disconnected 
IO_FILLER_S_S_868  | PFILLER0005_G             | Physically Disconnected 
IO_FILLER_S_S_869  | PFILLER0005_G             | Physically Disconnected 
IO_FILLER_S_S_870  | PFILLER0005_G             | Physically Disconnected 
IO_FILLER_S_S_871  | PFILLER0005_G             | Physically Disconnected 
IO_FILLER_S_S_872  | PFILLER0005_G             | Physically Disconnected 
IO_FILLER_S_S_873  | PFILLER0005_G             | Physically Disconnected 
IO_FILLER_S_S_874  | PFILLER0005_G             | Physically Disconnected 
IO_FILLER_S_S_875  | PFILLER0005_G             | Physically Disconnected 
IO_FILLER_S_S_876  | PFILLER0005_G             | Physically Disconnected 
IO_FILLER_S_S_877  | PFILLER0005_G             | Physically Disconnected 
IO_FILLER_S_S_878  | PFILLER0005_G             | Physically Disconnected 
IO_FILLER_S_S_879  | PFILLER0005_G             | Physically Disconnected 
IO_FILLER_S_S_880  | PFILLER0005_G             | Physically Disconnected 
IO_FILLER_S_S_881  | PFILLER0005_G             | Physically Disconnected 
IO_FILLER_S_S_882  | PFILLER0005_G             | Physically Disconnected 
IO_FILLER_S_S_883  | PFILLER0005_G             | Physically Disconnected 
IO_FILLER_S_S_884  | PFILLER0005_G             | Physically Disconnected 
IO_FILLER_S_S_885  | PFILLER0005_G             | Physically Disconnected 
IO_FILLER_S_S_886  | PFILLER0005_G             | Physically Disconnected 
IO_FILLER_S_S_887  | PFILLER0005_G             | Physically Disconnected 
IO_FILLER_S_S_888  | PFILLER0005_G             | Physically Disconnected 
IO_FILLER_S_S_889  | PFILLER0005_G             | Physically Disconnected 
IO_FILLER_S_S_890  | PFILLER0005_G             | Physically Disconnected 
IO_FILLER_S_S_891  | PFILLER0005_G             | Physically Disconnected 
IO_FILLER_S_S_892  | PFILLER0005_G             | Physically Disconnected 
IO_FILLER_S_S_893  | PFILLER0005_G             | Physically Disconnected 
IO_FILLER_S_S_894  | PFILLER0005_G             | Physically Disconnected 
IO_FILLER_S_S_895  | PFILLER0005_G             | Physically Disconnected 
IO_FILLER_S_S_896  | PFILLER0005_G             | Physically Disconnected 
IO_FILLER_S_S_897  | PFILLER0005_G             | Physically Disconnected 
IO_FILLER_S_S_898  | PFILLER0005_G             | Physically Disconnected 
IO_FILLER_S_S_899  | PFILLER0005_G             | Physically Disconnected 
IO_FILLER_S_S_900  | PFILLER0005_G             | Physically Disconnected 
IO_FILLER_S_S_901  | PFILLER0005_G             | Physically Disconnected 
IO_FILLER_S_S_902  | PFILLER0005_G             | Physically Disconnected 
IO_FILLER_S_S_903  | PFILLER0005_G             | Physically Disconnected 
IO_FILLER_S_S_904  | PFILLER0005_G             | Physically Disconnected 
IO_FILLER_S_S_905  | PFILLER0005_G             | Physically Disconnected 
IO_FILLER_S_S_906  | PFILLER0005_G             | Physically Disconnected 
IO_FILLER_S_S_907  | PFILLER0005_G             | Physically Disconnected 
IO_FILLER_S_S_908  | PFILLER0005_G             | Physically Disconnected 
IO_FILLER_S_S_909  | PFILLER0005_G             | Physically Disconnected 
IO_FILLER_S_S_910  | PFILLER0005_G             | Physically Disconnected 
IO_FILLER_S_S_911  | PFILLER0005_G             | Physically Disconnected 
IO_FILLER_S_S_912  | PFILLER0005_G             | Physically Disconnected 
IO_FILLER_S_S_913  | PFILLER0005_G             | Physically Disconnected 
IO_FILLER_S_S_914  | PFILLER0005_G             | Physically Disconnected 
IO_FILLER_S_S_915  | PFILLER0005_G             | Physically Disconnected 
IO_FILLER_S_S_916  | PFILLER0005_G             | Physically Disconnected 
IO_FILLER_S_S_917  | PFILLER0005_G             | Physically Disconnected 
IO_FILLER_S_S_918  | PFILLER0005_G             | Physically Disconnected 
IO_FILLER_S_S_919  | PFILLER0005_G             | Physically Disconnected 
IO_FILLER_S_S_920  | PFILLER0005_G             | Physically Disconnected 
IO_FILLER_S_S_921  | PFILLER0005_G             | Physically Disconnected 
IO_FILLER_S_S_922  | PFILLER0005_G             | Physically Disconnected 
IO_FILLER_S_S_923  | PFILLER0005_G             | Physically Disconnected 
IO_FILLER_S_S_924  | PFILLER0005_G             | Physically Disconnected 
IO_FILLER_S_S_925  | PFILLER0005_G             | Physically Disconnected 
IO_FILLER_S_S_926  | PFILLER0005_G             | Physically Disconnected 
IO_FILLER_S_S_927  | PFILLER0005_G             | Physically Disconnected 
IO_FILLER_S_S_928  | PFILLER0005_G             | Physically Disconnected 
IO_FILLER_S_S_929  | PFILLER0005_G             | Physically Disconnected 
IO_FILLER_S_S_930  | PFILLER0005_G             | Physically Disconnected 
IO_FILLER_S_S_931  | PFILLER0005_G             | Physically Disconnected 
IO_FILLER_S_S_932  | PFILLER0005_G             | Physically Disconnected 
IO_FILLER_S_S_933  | PFILLER0005_G             | Physically Disconnected 
IO_FILLER_S_S_934  | PFILLER0005_G             | Physically Disconnected 
IO_FILLER_S_S_935  | PFILLER0005_G             | Physically Disconnected 
IO_FILLER_S_S_936  | PFILLER0005_G             | Physically Disconnected 
IO_FILLER_S_S_937  | PFILLER0005_G             | Physically Disconnected 
IO_FILLER_S_S_938  | PFILLER0005_G             | Physically Disconnected 
IO_FILLER_S_S_939  | PFILLER0005_G             | Physically Disconnected 
IO_FILLER_S_S_940  | PFILLER0005_G             | Physically Disconnected 
IO_FILLER_S_S_941  | PFILLER0005_G             | Physically Disconnected 
IO_FILLER_S_S_942  | PFILLER0005_G             | Physically Disconnected 
IO_FILLER_S_S_943  | PFILLER0005_G             | Physically Disconnected 
IO_FILLER_S_S_944  | PFILLER0005_G             | Physically Disconnected 
IO_FILLER_S_S_945  | PFILLER0005_G             | Physically Disconnected 
IO_FILLER_S_S_946  | PFILLER0005_G             | Physically Disconnected 
IO_FILLER_S_S_947  | PFILLER0005_G             | Physically Disconnected 
IO_FILLER_S_S_948  | PFILLER0005_G             | Physically Disconnected 
IO_FILLER_S_S_949  | PFILLER0005_G             | Physically Disconnected 
IO_FILLER_S_S_950  | PFILLER0005_G             | Physically Disconnected 
IO_FILLER_S_S_951  | PFILLER0005_G             | Physically Disconnected 
IO_FILLER_S_S_952  | PFILLER0005_G             | Physically Disconnected 
IO_FILLER_S_S_953  | PFILLER0005_G             | Physically Disconnected 
IO_FILLER_S_S_954  | PFILLER0005_G             | Physically Disconnected 
IO_FILLER_S_S_955  | PFILLER0005_G             | Physically Disconnected 
IO_FILLER_S_S_956  | PFILLER0005_G             | Physically Disconnected 
IO_FILLER_S_S_957  | PFILLER0005_G             | Physically Disconnected 
IO_FILLER_S_S_958  | PFILLER0005_G             | Physically Disconnected 
IO_FILLER_S_S_959  | PFILLER0005_G             | Physically Disconnected 
IO_FILLER_S_S_960  | PFILLER0005_G             | Physically Disconnected 
IO_FILLER_S_S_961  | PFILLER0005_G             | Physically Disconnected 
IO_FILLER_S_S_962  | PFILLER0005_G             | Physically Disconnected 
IO_FILLER_S_S_963  | PFILLER0005_G             | Physically Disconnected 
IO_FILLER_S_S_964  | PFILLER0005_G             | Physically Disconnected 
IO_FILLER_S_S_965  | PFILLER0005_G             | Physically Disconnected 
IO_FILLER_S_S_966  | PFILLER0005_G             | Physically Disconnected 
IO_FILLER_S_S_967  | PFILLER0005_G             | Physically Disconnected 
IO_FILLER_S_S_968  | PFILLER0005_G             | Physically Disconnected 
IO_FILLER_S_S_969  | PFILLER0005_G             | Physically Disconnected 
IO_FILLER_S_S_970  | PFILLER0005_G             | Physically Disconnected 
IO_FILLER_S_S_971  | PFILLER0005_G             | Physically Disconnected 
IO_FILLER_S_S_972  | PFILLER0005_G             | Physically Disconnected 
IO_FILLER_S_S_973  | PFILLER0005_G             | Physically Disconnected 
IO_FILLER_S_S_974  | PFILLER0005_G             | Physically Disconnected 
IO_FILLER_S_S_975  | PFILLER0005_G             | Physically Disconnected 
IO_FILLER_S_S_976  | PFILLER0005_G             | Physically Disconnected 
IO_FILLER_S_S_977  | PFILLER0005_G             | Physically Disconnected 
IO_FILLER_S_S_978  | PFILLER0005_G             | Physically Disconnected 
IO_FILLER_S_S_979  | PFILLER0005_G             | Physically Disconnected 
IO_FILLER_S_S_980  | PFILLER0005_G             | Physically Disconnected 
IO_FILLER_S_S_981  | PFILLER0005_G             | Physically Disconnected 
IO_FILLER_S_S_982  | PFILLER0005_G             | Physically Disconnected 
IO_FILLER_S_S_983  | PFILLER0005_G             | Physically Disconnected 
IO_FILLER_S_S_984  | PFILLER0005_G             | Physically Disconnected 
IO_FILLER_S_S_985  | PFILLER0005_G             | Physically Disconnected 
IO_FILLER_S_S_986  | PFILLER0005_G             | Physically Disconnected 
IO_FILLER_S_S_987  | PFILLER0005_G             | Physically Disconnected 
IO_FILLER_S_S_988  | PFILLER0005_G             | Physically Disconnected 
IO_FILLER_S_S_989  | PFILLER0005_G             | Physically Disconnected 
IO_FILLER_S_S_990  | PFILLER0005_G             | Physically Disconnected 
IO_FILLER_S_S_991  | PFILLER0005_G             | Physically Disconnected 
IO_FILLER_S_S_992  | PFILLER0005_G             | Physically Disconnected 
IO_FILLER_S_S_993  | PFILLER0005_G             | Physically Disconnected 
IO_FILLER_S_S_994  | PFILLER0005_G             | Physically Disconnected 
IO_FILLER_S_S_995  | PFILLER0005_G             | Physically Disconnected 
IO_FILLER_S_S_996  | PFILLER0005_G             | Physically Disconnected 
IO_FILLER_S_S_997  | PFILLER0005_G             | Physically Disconnected 
IO_FILLER_S_S_998  | PFILLER0005_G             | Physically Disconnected 
IO_FILLER_S_S_999  | PFILLER0005_G             | Physically Disconnected 
IO_FILLER_S_S_1000 | PFILLER0005_G             | Physically Disconnected 
IO_FILLER_S_S_1001 | PFILLER0005_G             | Physically Disconnected 
IO_FILLER_S_S_1002 | PFILLER0005_G             | Physically Disconnected 
IO_FILLER_S_S_1003 | PFILLER0005_G             | Physically Disconnected 
IO_FILLER_S_S_1004 | PFILLER0005_G             | Physically Disconnected 
IO_FILLER_S_S_1005 | PFILLER0005_G             | Physically Disconnected 
IO_FILLER_S_S_1006 | PFILLER0005_G             | Physically Disconnected 
IO_FILLER_S_S_1007 | PFILLER0005_G             | Physically Disconnected 
IO_FILLER_S_S_1008 | PFILLER0005_G             | Physically Disconnected 
IO_FILLER_S_S_1009 | PFILLER0005_G             | Physically Disconnected 
IO_FILLER_S_S_1010 | PFILLER0005_G             | Physically Disconnected 
IO_FILLER_S_S_1011 | PFILLER0005_G             | Physically Disconnected 
IO_FILLER_S_S_1012 | PFILLER0005_G             | Physically Disconnected 
IO_FILLER_S_S_1013 | PFILLER0005_G             | Physically Disconnected 
IO_FILLER_S_S_1014 | PFILLER0005_G             | Physically Disconnected 
IO_FILLER_S_S_1015 | PFILLER0005_G             | Physically Disconnected 
IO_FILLER_S_S_1016 | PFILLER0005_G             | Physically Disconnected 
IO_FILLER_S_S_1017 | PFILLER0005_G             | Physically Disconnected 
IO_FILLER_S_S_1018 | PFILLER0005_G             | Physically Disconnected 
IO_FILLER_S_S_1019 | PFILLER0005_G             | Physically Disconnected 
IO_FILLER_S_S_1020 | PFILLER0005_G             | Physically Disconnected 
IO_FILLER_S_S_1021 | PFILLER0005_G             | Physically Disconnected 
IO_FILLER_S_S_1022 | PFILLER0005_G             | Physically Disconnected 
IO_FILLER_S_S_1023 | PFILLER0005_G             | Physically Disconnected 
IO_FILLER_S_S_1024 | PFILLER0005_G             | Physically Disconnected 
IO_FILLER_S_S_1025 | PFILLER0005_G             | Physically Disconnected 
IO_FILLER_S_S_1026 | PFILLER0005_G             | Physically Disconnected 
IO_FILLER_S_S_1027 | PFILLER0005_G             | Physically Disconnected 
IO_FILLER_S_S_1028 | PFILLER0005_G             | Physically Disconnected 
IO_FILLER_S_S_1029 | PFILLER0005_G             | Physically Disconnected 
IO_FILLER_E_E_30   | PFILLER0005_G             | Physically Disconnected 
IO_FILLER_E_E_31   | PFILLER0005_G             | Physically Disconnected 
IO_FILLER_E_E_32   | PFILLER0005_G             | Physically Disconnected 
IO_FILLER_E_E_33   | PFILLER0005_G             | Physically Disconnected 
IO_FILLER_E_E_34   | PFILLER0005_G             | Physically Disconnected 
IO_FILLER_E_E_35   | PFILLER0005_G             | Physically Disconnected 
IO_FILLER_E_E_36   | PFILLER0005_G             | Physically Disconnected 
IO_FILLER_E_E_37   | PFILLER0005_G             | Physically Disconnected 
IO_FILLER_E_E_38   | PFILLER0005_G             | Physically Disconnected 
IO_FILLER_E_E_39   | PFILLER0005_G             | Physically Disconnected 
IO_FILLER_E_E_40   | PFILLER0005_G             | Physically Disconnected 
IO_FILLER_E_E_41   | PFILLER0005_G             | Physically Disconnected 
IO_FILLER_E_E_42   | PFILLER0005_G             | Physically Disconnected 
IO_FILLER_E_E_43   | PFILLER0005_G             | Physically Disconnected 
IO_FILLER_E_E_44   | PFILLER0005_G             | Physically Disconnected 
IO_FILLER_E_E_45   | PFILLER0005_G             | Physically Disconnected 
IO_FILLER_E_E_46   | PFILLER0005_G             | Physically Disconnected 
IO_FILLER_E_E_47   | PFILLER0005_G             | Physically Disconnected 
IO_FILLER_E_E_48   | PFILLER0005_G             | Physically Disconnected 
IO_FILLER_E_E_49   | PFILLER0005_G             | Physically Disconnected 
IO_FILLER_E_E_50   | PFILLER0005_G             | Physically Disconnected 
IO_FILLER_E_E_51   | PFILLER0005_G             | Physically Disconnected 
IO_FILLER_E_E_52   | PFILLER0005_G             | Physically Disconnected 
IO_FILLER_E_E_53   | PFILLER0005_G             | Physically Disconnected 
IO_FILLER_E_E_54   | PFILLER0005_G             | Physically Disconnected 
IO_FILLER_E_E_55   | PFILLER0005_G             | Physically Disconnected 
IO_FILLER_E_E_56   | PFILLER0005_G             | Physically Disconnected 
IO_FILLER_E_E_57   | PFILLER0005_G             | Physically Disconnected 
IO_FILLER_E_E_58   | PFILLER0005_G             | Physically Disconnected 
IO_FILLER_E_E_59   | PFILLER0005_G             | Physically Disconnected 
IO_FILLER_E_E_60   | PFILLER0005_G             | Physically Disconnected 
IO_FILLER_E_E_61   | PFILLER0005_G             | Physically Disconnected 
IO_FILLER_E_E_62   | PFILLER0005_G             | Physically Disconnected 
IO_FILLER_E_E_63   | PFILLER0005_G             | Physically Disconnected 
IO_FILLER_E_E_64   | PFILLER0005_G             | Physically Disconnected 
IO_FILLER_E_E_65   | PFILLER0005_G             | Physically Disconnected 
IO_FILLER_E_E_66   | PFILLER0005_G             | Physically Disconnected 
IO_FILLER_E_E_67   | PFILLER0005_G             | Physically Disconnected 
IO_FILLER_E_E_68   | PFILLER0005_G             | Physically Disconnected 
IO_FILLER_E_E_69   | PFILLER0005_G             | Physically Disconnected 
IO_FILLER_E_E_70   | PFILLER0005_G             | Physically Disconnected 
IO_FILLER_E_E_71   | PFILLER0005_G             | Physically Disconnected 
IO_FILLER_E_E_72   | PFILLER0005_G             | Physically Disconnected 
IO_FILLER_E_E_73   | PFILLER0005_G             | Physically Disconnected 
IO_FILLER_E_E_74   | PFILLER0005_G             | Physically Disconnected 
IO_FILLER_E_E_75   | PFILLER0005_G             | Physically Disconnected 
IO_FILLER_E_E_76   | PFILLER0005_G             | Physically Disconnected 
IO_FILLER_E_E_77   | PFILLER0005_G             | Physically Disconnected 
IO_FILLER_E_E_78   | PFILLER0005_G             | Physically Disconnected 
IO_FILLER_E_E_79   | PFILLER0005_G             | Physically Disconnected 
IO_FILLER_E_E_80   | PFILLER0005_G             | Physically Disconnected 
IO_FILLER_E_E_81   | PFILLER0005_G             | Physically Disconnected 
IO_FILLER_E_E_82   | PFILLER0005_G             | Physically Disconnected 
IO_FILLER_E_E_83   | PFILLER0005_G             | Physically Disconnected 
IO_FILLER_E_E_84   | PFILLER0005_G             | Physically Disconnected 
IO_FILLER_E_E_85   | PFILLER0005_G             | Physically Disconnected 
IO_FILLER_E_E_86   | PFILLER0005_G             | Physically Disconnected 
IO_FILLER_E_E_87   | PFILLER0005_G             | Physically Disconnected 
IO_FILLER_E_E_88   | PFILLER0005_G             | Physically Disconnected 
IO_FILLER_E_E_89   | PFILLER0005_G             | Physically Disconnected 
IO_FILLER_E_E_90   | PFILLER0005_G             | Physically Disconnected 
IO_FILLER_E_E_91   | PFILLER0005_G             | Physically Disconnected 
IO_FILLER_E_E_92   | PFILLER0005_G             | Physically Disconnected 
IO_FILLER_E_E_93   | PFILLER0005_G             | Physically Disconnected 
IO_FILLER_E_E_94   | PFILLER0005_G             | Physically Disconnected 
IO_FILLER_E_E_95   | PFILLER0005_G             | Physically Disconnected 
IO_FILLER_E_E_96   | PFILLER0005_G             | Physically Disconnected 
IO_FILLER_E_E_97   | PFILLER0005_G             | Physically Disconnected 
IO_FILLER_E_E_98   | PFILLER0005_G             | Physically Disconnected 
IO_FILLER_E_E_99   | PFILLER0005_G             | Physically Disconnected 
IO_FILLER_E_E_100  | PFILLER0005_G             | Physically Disconnected 
IO_FILLER_E_E_101  | PFILLER0005_G             | Physically Disconnected 
IO_FILLER_E_E_102  | PFILLER0005_G             | Physically Disconnected 
IO_FILLER_E_E_103  | PFILLER0005_G             | Physically Disconnected 
IO_FILLER_E_E_104  | PFILLER0005_G             | Physically Disconnected 
IO_FILLER_E_E_105  | PFILLER0005_G             | Physically Disconnected 
IO_FILLER_E_E_106  | PFILLER0005_G             | Physically Disconnected 
IO_FILLER_E_E_107  | PFILLER0005_G             | Physically Disconnected 
IO_FILLER_E_E_108  | PFILLER0005_G             | Physically Disconnected 
IO_FILLER_E_E_109  | PFILLER0005_G             | Physically Disconnected 
IO_FILLER_E_E_110  | PFILLER0005_G             | Physically Disconnected 
IO_FILLER_E_E_111  | PFILLER0005_G             | Physically Disconnected 
IO_FILLER_E_E_112  | PFILLER0005_G             | Physically Disconnected 
IO_FILLER_E_E_113  | PFILLER0005_G             | Physically Disconnected 
IO_FILLER_E_E_114  | PFILLER0005_G             | Physically Disconnected 
IO_FILLER_E_E_115  | PFILLER0005_G             | Physically Disconnected 
IO_FILLER_E_E_116  | PFILLER0005_G             | Physically Disconnected 
IO_FILLER_E_E_117  | PFILLER0005_G             | Physically Disconnected 
IO_FILLER_E_E_118  | PFILLER0005_G             | Physically Disconnected 
IO_FILLER_E_E_119  | PFILLER0005_G             | Physically Disconnected 
IO_FILLER_E_E_120  | PFILLER0005_G             | Physically Disconnected 
IO_FILLER_E_E_121  | PFILLER0005_G             | Physically Disconnected 
IO_FILLER_E_E_122  | PFILLER0005_G             | Physically Disconnected 
IO_FILLER_E_E_123  | PFILLER0005_G             | Physically Disconnected 
IO_FILLER_E_E_124  | PFILLER0005_G             | Physically Disconnected 
IO_FILLER_E_E_125  | PFILLER0005_G             | Physically Disconnected 
IO_FILLER_E_E_126  | PFILLER0005_G             | Physically Disconnected 
IO_FILLER_E_E_127  | PFILLER0005_G             | Physically Disconnected 
IO_FILLER_E_E_128  | PFILLER0005_G             | Physically Disconnected 
IO_FILLER_E_E_129  | PFILLER0005_G             | Physically Disconnected 
IO_FILLER_E_E_130  | PFILLER0005_G             | Physically Disconnected 
IO_FILLER_E_E_131  | PFILLER0005_G             | Physically Disconnected 
IO_FILLER_E_E_132  | PFILLER0005_G             | Physically Disconnected 
IO_FILLER_E_E_133  | PFILLER0005_G             | Physically Disconnected 
IO_FILLER_E_E_134  | PFILLER0005_G             | Physically Disconnected 
IO_FILLER_E_E_135  | PFILLER0005_G             | Physically Disconnected 
IO_FILLER_E_E_136  | PFILLER0005_G             | Physically Disconnected 
IO_FILLER_E_E_137  | PFILLER0005_G             | Physically Disconnected 
IO_FILLER_E_E_138  | PFILLER0005_G             | Physically Disconnected 
IO_FILLER_E_E_139  | PFILLER0005_G             | Physically Disconnected 
IO_FILLER_E_E_140  | PFILLER0005_G             | Physically Disconnected 
IO_FILLER_E_E_141  | PFILLER0005_G             | Physically Disconnected 
IO_FILLER_E_E_142  | PFILLER0005_G             | Physically Disconnected 
IO_FILLER_E_E_143  | PFILLER0005_G             | Physically Disconnected 
IO_FILLER_E_E_144  | PFILLER0005_G             | Physically Disconnected 
IO_FILLER_E_E_145  | PFILLER0005_G             | Physically Disconnected 
IO_FILLER_E_E_146  | PFILLER0005_G             | Physically Disconnected 
IO_FILLER_E_E_147  | PFILLER0005_G             | Physically Disconnected 
IO_FILLER_E_E_148  | PFILLER0005_G             | Physically Disconnected 
IO_FILLER_E_E_149  | PFILLER0005_G             | Physically Disconnected 
IO_FILLER_E_E_150  | PFILLER0005_G             | Physically Disconnected 
IO_FILLER_E_E_151  | PFILLER0005_G             | Physically Disconnected 
IO_FILLER_E_E_152  | PFILLER0005_G             | Physically Disconnected 
IO_FILLER_E_E_153  | PFILLER0005_G             | Physically Disconnected 
IO_FILLER_E_E_154  | PFILLER0005_G             | Physically Disconnected 
IO_FILLER_E_E_155  | PFILLER0005_G             | Physically Disconnected 
IO_FILLER_E_E_156  | PFILLER0005_G             | Physically Disconnected 
IO_FILLER_E_E_157  | PFILLER0005_G             | Physically Disconnected 
IO_FILLER_E_E_158  | PFILLER0005_G             | Physically Disconnected 
IO_FILLER_E_E_159  | PFILLER0005_G             | Physically Disconnected 
IO_FILLER_E_E_160  | PFILLER0005_G             | Physically Disconnected 
IO_FILLER_E_E_161  | PFILLER0005_G             | Physically Disconnected 
IO_FILLER_E_E_162  | PFILLER0005_G             | Physically Disconnected 
IO_FILLER_E_E_163  | PFILLER0005_G             | Physically Disconnected 
IO_FILLER_E_E_164  | PFILLER0005_G             | Physically Disconnected 
IO_FILLER_E_E_165  | PFILLER0005_G             | Physically Disconnected 
IO_FILLER_E_E_166  | PFILLER0005_G             | Physically Disconnected 
IO_FILLER_E_E_167  | PFILLER0005_G             | Physically Disconnected 
IO_FILLER_E_E_168  | PFILLER0005_G             | Physically Disconnected 
IO_FILLER_E_E_169  | PFILLER0005_G             | Physically Disconnected 
IO_FILLER_E_E_170  | PFILLER0005_G             | Physically Disconnected 
IO_FILLER_E_E_171  | PFILLER0005_G             | Physically Disconnected 
IO_FILLER_E_E_172  | PFILLER0005_G             | Physically Disconnected 
IO_FILLER_E_E_173  | PFILLER0005_G             | Physically Disconnected 
IO_FILLER_E_E_174  | PFILLER0005_G             | Physically Disconnected 
IO_FILLER_E_E_175  | PFILLER0005_G             | Physically Disconnected 
IO_FILLER_E_E_176  | PFILLER0005_G             | Physically Disconnected 
IO_FILLER_E_E_177  | PFILLER0005_G             | Physically Disconnected 
IO_FILLER_E_E_178  | PFILLER0005_G             | Physically Disconnected 
IO_FILLER_E_E_179  | PFILLER0005_G             | Physically Disconnected 
IO_FILLER_E_E_180  | PFILLER0005_G             | Physically Disconnected 
IO_FILLER_E_E_181  | PFILLER0005_G             | Physically Disconnected 
IO_FILLER_E_E_182  | PFILLER0005_G             | Physically Disconnected 
IO_FILLER_E_E_183  | PFILLER0005_G             | Physically Disconnected 
IO_FILLER_E_E_184  | PFILLER0005_G             | Physically Disconnected 
IO_FILLER_E_E_185  | PFILLER0005_G             | Physically Disconnected 
IO_FILLER_E_E_186  | PFILLER0005_G             | Physically Disconnected 
IO_FILLER_E_E_187  | PFILLER0005_G             | Physically Disconnected 
IO_FILLER_E_E_188  | PFILLER0005_G             | Physically Disconnected 
IO_FILLER_E_E_189  | PFILLER0005_G             | Physically Disconnected 
IO_FILLER_E_E_190  | PFILLER0005_G             | Physically Disconnected 
IO_FILLER_E_E_191  | PFILLER0005_G             | Physically Disconnected 
IO_FILLER_E_E_192  | PFILLER0005_G             | Physically Disconnected 
IO_FILLER_E_E_193  | PFILLER0005_G             | Physically Disconnected 
IO_FILLER_E_E_194  | PFILLER0005_G             | Physically Disconnected 
IO_FILLER_E_E_195  | PFILLER0005_G             | Physically Disconnected 
IO_FILLER_E_E_196  | PFILLER0005_G             | Physically Disconnected 
IO_FILLER_E_E_197  | PFILLER0005_G             | Physically Disconnected 
IO_FILLER_E_E_198  | PFILLER0005_G             | Physically Disconnected 
IO_FILLER_E_E_199  | PFILLER0005_G             | Physically Disconnected 
IO_FILLER_E_E_200  | PFILLER0005_G             | Physically Disconnected 
IO_FILLER_E_E_201  | PFILLER0005_G             | Physically Disconnected 
IO_FILLER_E_E_202  | PFILLER0005_G             | Physically Disconnected 
IO_FILLER_E_E_203  | PFILLER0005_G             | Physically Disconnected 
IO_FILLER_E_E_204  | PFILLER0005_G             | Physically Disconnected 
IO_FILLER_E_E_205  | PFILLER0005_G             | Physically Disconnected 
IO_FILLER_E_E_206  | PFILLER0005_G             | Physically Disconnected 
IO_FILLER_E_E_207  | PFILLER0005_G             | Physically Disconnected 
IO_FILLER_E_E_208  | PFILLER0005_G             | Physically Disconnected 
IO_FILLER_E_E_209  | PFILLER0005_G             | Physically Disconnected 
IO_FILLER_E_E_210  | PFILLER0005_G             | Physically Disconnected 
IO_FILLER_E_E_211  | PFILLER0005_G             | Physically Disconnected 
IO_FILLER_E_E_212  | PFILLER0005_G             | Physically Disconnected 
IO_FILLER_E_E_213  | PFILLER0005_G             | Physically Disconnected 
IO_FILLER_E_E_214  | PFILLER0005_G             | Physically Disconnected 
IO_FILLER_E_E_215  | PFILLER0005_G             | Physically Disconnected 
IO_FILLER_E_E_216  | PFILLER0005_G             | Physically Disconnected 
IO_FILLER_E_E_217  | PFILLER0005_G             | Physically Disconnected 
IO_FILLER_E_E_218  | PFILLER0005_G             | Physically Disconnected 
IO_FILLER_E_E_219  | PFILLER0005_G             | Physically Disconnected 
IO_FILLER_E_E_220  | PFILLER0005_G             | Physically Disconnected 
IO_FILLER_E_E_221  | PFILLER0005_G             | Physically Disconnected 
IO_FILLER_E_E_222  | PFILLER0005_G             | Physically Disconnected 
IO_FILLER_E_E_223  | PFILLER0005_G             | Physically Disconnected 
IO_FILLER_E_E_224  | PFILLER0005_G             | Physically Disconnected 
IO_FILLER_E_E_225  | PFILLER0005_G             | Physically Disconnected 
IO_FILLER_E_E_226  | PFILLER0005_G             | Physically Disconnected 
IO_FILLER_E_E_227  | PFILLER0005_G             | Physically Disconnected 
IO_FILLER_E_E_228  | PFILLER0005_G             | Physically Disconnected 
IO_FILLER_E_E_229  | PFILLER0005_G             | Physically Disconnected 
IO_FILLER_E_E_230  | PFILLER0005_G             | Physically Disconnected 
IO_FILLER_E_E_231  | PFILLER0005_G             | Physically Disconnected 
IO_FILLER_E_E_232  | PFILLER0005_G             | Physically Disconnected 
IO_FILLER_E_E_233  | PFILLER0005_G             | Physically Disconnected 
IO_FILLER_E_E_234  | PFILLER0005_G             | Physically Disconnected 
IO_FILLER_E_E_235  | PFILLER0005_G             | Physically Disconnected 
IO_FILLER_E_E_236  | PFILLER0005_G             | Physically Disconnected 
IO_FILLER_E_E_237  | PFILLER0005_G             | Physically Disconnected 
IO_FILLER_E_E_238  | PFILLER0005_G             | Physically Disconnected 
IO_FILLER_E_E_239  | PFILLER0005_G             | Physically Disconnected 
IO_FILLER_E_E_240  | PFILLER0005_G             | Physically Disconnected 
IO_FILLER_E_E_241  | PFILLER0005_G             | Physically Disconnected 
IO_FILLER_E_E_242  | PFILLER0005_G             | Physically Disconnected 
IO_FILLER_E_E_243  | PFILLER0005_G             | Physically Disconnected 
IO_FILLER_E_E_244  | PFILLER0005_G             | Physically Disconnected 
IO_FILLER_E_E_245  | PFILLER0005_G             | Physically Disconnected 
IO_FILLER_E_E_246  | PFILLER0005_G             | Physically Disconnected 
IO_FILLER_E_E_247  | PFILLER0005_G             | Physically Disconnected 
IO_FILLER_E_E_248  | PFILLER0005_G             | Physically Disconnected 
IO_FILLER_E_E_249  | PFILLER0005_G             | Physically Disconnected 
IO_FILLER_E_E_250  | PFILLER0005_G             | Physically Disconnected 
IO_FILLER_E_E_251  | PFILLER0005_G             | Physically Disconnected 
IO_FILLER_E_E_252  | PFILLER0005_G             | Physically Disconnected 
IO_FILLER_E_E_253  | PFILLER0005_G             | Physically Disconnected 
IO_FILLER_E_E_254  | PFILLER0005_G             | Physically Disconnected 
IO_FILLER_E_E_255  | PFILLER0005_G             | Physically Disconnected 
IO_FILLER_E_E_256  | PFILLER0005_G             | Physically Disconnected 
IO_FILLER_E_E_257  | PFILLER0005_G             | Physically Disconnected 
IO_FILLER_E_E_258  | PFILLER0005_G             | Physically Disconnected 
IO_FILLER_E_E_259  | PFILLER0005_G             | Physically Disconnected 
IO_FILLER_E_E_260  | PFILLER0005_G             | Physically Disconnected 
IO_FILLER_E_E_261  | PFILLER0005_G             | Physically Disconnected 
IO_FILLER_E_E_262  | PFILLER0005_G             | Physically Disconnected 
IO_FILLER_E_E_263  | PFILLER0005_G             | Physically Disconnected 
IO_FILLER_E_E_264  | PFILLER0005_G             | Physically Disconnected 
IO_FILLER_E_E_265  | PFILLER0005_G             | Physically Disconnected 
IO_FILLER_E_E_266  | PFILLER0005_G             | Physically Disconnected 
IO_FILLER_E_E_267  | PFILLER0005_G             | Physically Disconnected 
IO_FILLER_E_E_268  | PFILLER0005_G             | Physically Disconnected 
IO_FILLER_E_E_269  | PFILLER0005_G             | Physically Disconnected 
IO_FILLER_E_E_270  | PFILLER0005_G             | Physically Disconnected 
IO_FILLER_E_E_271  | PFILLER0005_G             | Physically Disconnected 
IO_FILLER_E_E_272  | PFILLER0005_G             | Physically Disconnected 
IO_FILLER_E_E_273  | PFILLER0005_G             | Physically Disconnected 
IO_FILLER_E_E_274  | PFILLER0005_G             | Physically Disconnected 
IO_FILLER_E_E_275  | PFILLER0005_G             | Physically Disconnected 
IO_FILLER_E_E_276  | PFILLER0005_G             | Physically Disconnected 
IO_FILLER_E_E_277  | PFILLER0005_G             | Physically Disconnected 
IO_FILLER_E_E_278  | PFILLER0005_G             | Physically Disconnected 
IO_FILLER_E_E_279  | PFILLER0005_G             | Physically Disconnected 
IO_FILLER_E_E_280  | PFILLER0005_G             | Physically Disconnected 
IO_FILLER_E_E_281  | PFILLER0005_G             | Physically Disconnected 
IO_FILLER_E_E_282  | PFILLER0005_G             | Physically Disconnected 
IO_FILLER_E_E_283  | PFILLER0005_G             | Physically Disconnected 
IO_FILLER_E_E_284  | PFILLER0005_G             | Physically Disconnected 
IO_FILLER_E_E_285  | PFILLER0005_G             | Physically Disconnected 
IO_FILLER_E_E_286  | PFILLER0005_G             | Physically Disconnected 
IO_FILLER_E_E_287  | PFILLER0005_G             | Physically Disconnected 
IO_FILLER_E_E_288  | PFILLER0005_G             | Physically Disconnected 
IO_FILLER_E_E_289  | PFILLER0005_G             | Physically Disconnected 
IO_FILLER_E_E_290  | PFILLER0005_G             | Physically Disconnected 
IO_FILLER_E_E_291  | PFILLER0005_G             | Physically Disconnected 
IO_FILLER_E_E_292  | PFILLER0005_G             | Physically Disconnected 
IO_FILLER_E_E_293  | PFILLER0005_G             | Physically Disconnected 
IO_FILLER_E_E_294  | PFILLER0005_G             | Physically Disconnected 
IO_FILLER_E_E_295  | PFILLER0005_G             | Physically Disconnected 
IO_FILLER_E_E_296  | PFILLER0005_G             | Physically Disconnected 
IO_FILLER_E_E_297  | PFILLER0005_G             | Physically Disconnected 
IO_FILLER_E_E_298  | PFILLER0005_G             | Physically Disconnected 
IO_FILLER_E_E_299  | PFILLER0005_G             | Physically Disconnected 
IO_FILLER_E_E_300  | PFILLER0005_G             | Physically Disconnected 
IO_FILLER_E_E_301  | PFILLER0005_G             | Physically Disconnected 
IO_FILLER_E_E_302  | PFILLER0005_G             | Physically Disconnected 
IO_FILLER_E_E_303  | PFILLER0005_G             | Physically Disconnected 
IO_FILLER_E_E_304  | PFILLER0005_G             | Physically Disconnected 
IO_FILLER_E_E_305  | PFILLER0005_G             | Physically Disconnected 
IO_FILLER_E_E_306  | PFILLER0005_G             | Physically Disconnected 
IO_FILLER_E_E_307  | PFILLER0005_G             | Physically Disconnected 
IO_FILLER_E_E_308  | PFILLER0005_G             | Physically Disconnected 
IO_FILLER_E_E_309  | PFILLER0005_G             | Physically Disconnected 
IO_FILLER_E_E_310  | PFILLER0005_G             | Physically Disconnected 
IO_FILLER_E_E_311  | PFILLER0005_G             | Physically Disconnected 
IO_FILLER_E_E_312  | PFILLER0005_G             | Physically Disconnected 
IO_FILLER_E_E_313  | PFILLER0005_G             | Physically Disconnected 
IO_FILLER_E_E_314  | PFILLER0005_G             | Physically Disconnected 
IO_FILLER_E_E_315  | PFILLER0005_G             | Physically Disconnected 
IO_FILLER_E_E_316  | PFILLER0005_G             | Physically Disconnected 
IO_FILLER_E_E_317  | PFILLER0005_G             | Physically Disconnected 
IO_FILLER_E_E_318  | PFILLER0005_G             | Physically Disconnected 
IO_FILLER_E_E_319  | PFILLER0005_G             | Physically Disconnected 
IO_FILLER_E_E_320  | PFILLER0005_G             | Physically Disconnected 
IO_FILLER_E_E_321  | PFILLER0005_G             | Physically Disconnected 
IO_FILLER_E_E_322  | PFILLER0005_G             | Physically Disconnected 
IO_FILLER_E_E_323  | PFILLER0005_G             | Physically Disconnected 
IO_FILLER_E_E_324  | PFILLER0005_G             | Physically Disconnected 
IO_FILLER_E_E_325  | PFILLER0005_G             | Physically Disconnected 
IO_FILLER_E_E_326  | PFILLER0005_G             | Physically Disconnected 
IO_FILLER_E_E_327  | PFILLER0005_G             | Physically Disconnected 
IO_FILLER_E_E_328  | PFILLER0005_G             | Physically Disconnected 
IO_FILLER_E_E_329  | PFILLER0005_G             | Physically Disconnected 
IO_FILLER_E_E_330  | PFILLER0005_G             | Physically Disconnected 
IO_FILLER_E_E_331  | PFILLER0005_G             | Physically Disconnected 
IO_FILLER_E_E_332  | PFILLER0005_G             | Physically Disconnected 
IO_FILLER_E_E_333  | PFILLER0005_G             | Physically Disconnected 
IO_FILLER_E_E_334  | PFILLER0005_G             | Physically Disconnected 
IO_FILLER_E_E_335  | PFILLER0005_G             | Physically Disconnected 
IO_FILLER_E_E_336  | PFILLER0005_G             | Physically Disconnected 
IO_FILLER_E_E_337  | PFILLER0005_G             | Physically Disconnected 
IO_FILLER_E_E_338  | PFILLER0005_G             | Physically Disconnected 
IO_FILLER_E_E_339  | PFILLER0005_G             | Physically Disconnected 
IO_FILLER_E_E_340  | PFILLER0005_G             | Physically Disconnected 
IO_FILLER_E_E_341  | PFILLER0005_G             | Physically Disconnected 
IO_FILLER_E_E_342  | PFILLER0005_G             | Physically Disconnected 
IO_FILLER_E_E_343  | PFILLER0005_G             | Physically Disconnected 
IO_FILLER_E_E_344  | PFILLER0005_G             | Physically Disconnected 
IO_FILLER_E_E_345  | PFILLER0005_G             | Physically Disconnected 
IO_FILLER_E_E_346  | PFILLER0005_G             | Physically Disconnected 
IO_FILLER_E_E_347  | PFILLER0005_G             | Physically Disconnected 
IO_FILLER_E_E_348  | PFILLER0005_G             | Physically Disconnected 
IO_FILLER_E_E_349  | PFILLER0005_G             | Physically Disconnected 
IO_FILLER_E_E_350  | PFILLER0005_G             | Physically Disconnected 
IO_FILLER_E_E_351  | PFILLER0005_G             | Physically Disconnected 
IO_FILLER_E_E_352  | PFILLER0005_G             | Physically Disconnected 
IO_FILLER_E_E_353  | PFILLER0005_G             | Physically Disconnected 
IO_FILLER_E_E_354  | PFILLER0005_G             | Physically Disconnected 
IO_FILLER_E_E_355  | PFILLER0005_G             | Physically Disconnected 
IO_FILLER_E_E_356  | PFILLER0005_G             | Physically Disconnected 
IO_FILLER_E_E_357  | PFILLER0005_G             | Physically Disconnected 
IO_FILLER_E_E_358  | PFILLER0005_G             | Physically Disconnected 
IO_FILLER_E_E_359  | PFILLER0005_G             | Physically Disconnected 
IO_FILLER_E_E_360  | PFILLER0005_G             | Physically Disconnected 
IO_FILLER_E_E_361  | PFILLER0005_G             | Physically Disconnected 
IO_FILLER_E_E_362  | PFILLER0005_G             | Physically Disconnected 
IO_FILLER_E_E_363  | PFILLER0005_G             | Physically Disconnected 
IO_FILLER_E_E_364  | PFILLER0005_G             | Physically Disconnected 
IO_FILLER_E_E_365  | PFILLER0005_G             | Physically Disconnected 
IO_FILLER_E_E_366  | PFILLER0005_G             | Physically Disconnected 
IO_FILLER_E_E_367  | PFILLER0005_G             | Physically Disconnected 
IO_FILLER_E_E_368  | PFILLER0005_G             | Physically Disconnected 
IO_FILLER_E_E_369  | PFILLER0005_G             | Physically Disconnected 
IO_FILLER_E_E_370  | PFILLER0005_G             | Physically Disconnected 
IO_FILLER_E_E_371  | PFILLER0005_G             | Physically Disconnected 
IO_FILLER_E_E_372  | PFILLER0005_G             | Physically Disconnected 
IO_FILLER_E_E_373  | PFILLER0005_G             | Physically Disconnected 
IO_FILLER_E_E_374  | PFILLER0005_G             | Physically Disconnected 
IO_FILLER_E_E_375  | PFILLER0005_G             | Physically Disconnected 
IO_FILLER_E_E_376  | PFILLER0005_G             | Physically Disconnected 
IO_FILLER_E_E_377  | PFILLER0005_G             | Physically Disconnected 
IO_FILLER_E_E_378  | PFILLER0005_G             | Physically Disconnected 
IO_FILLER_E_E_379  | PFILLER0005_G             | Physically Disconnected 
IO_FILLER_E_E_380  | PFILLER0005_G             | Physically Disconnected 
IO_FILLER_E_E_381  | PFILLER0005_G             | Physically Disconnected 
IO_FILLER_E_E_382  | PFILLER0005_G             | Physically Disconnected 
IO_FILLER_E_E_383  | PFILLER0005_G             | Physically Disconnected 
IO_FILLER_E_E_384  | PFILLER0005_G             | Physically Disconnected 
IO_FILLER_E_E_385  | PFILLER0005_G             | Physically Disconnected 
IO_FILLER_E_E_386  | PFILLER0005_G             | Physically Disconnected 
IO_FILLER_E_E_387  | PFILLER0005_G             | Physically Disconnected 
IO_FILLER_E_E_388  | PFILLER0005_G             | Physically Disconnected 
IO_FILLER_E_E_389  | PFILLER0005_G             | Physically Disconnected 
IO_FILLER_E_E_390  | PFILLER0005_G             | Physically Disconnected 
IO_FILLER_E_E_391  | PFILLER0005_G             | Physically Disconnected 
IO_FILLER_E_E_392  | PFILLER0005_G             | Physically Disconnected 
IO_FILLER_E_E_393  | PFILLER0005_G             | Physically Disconnected 
IO_FILLER_E_E_394  | PFILLER0005_G             | Physically Disconnected 
IO_FILLER_E_E_395  | PFILLER0005_G             | Physically Disconnected 
IO_FILLER_E_E_396  | PFILLER0005_G             | Physically Disconnected 
IO_FILLER_E_E_397  | PFILLER0005_G             | Physically Disconnected 
IO_FILLER_E_E_398  | PFILLER0005_G             | Physically Disconnected 
IO_FILLER_E_E_399  | PFILLER0005_G             | Physically Disconnected 
IO_FILLER_E_E_400  | PFILLER0005_G             | Physically Disconnected 
IO_FILLER_E_E_401  | PFILLER0005_G             | Physically Disconnected 
IO_FILLER_E_E_402  | PFILLER0005_G             | Physically Disconnected 
IO_FILLER_E_E_403  | PFILLER0005_G             | Physically Disconnected 
IO_FILLER_E_E_404  | PFILLER0005_G             | Physically Disconnected 
IO_FILLER_E_E_405  | PFILLER0005_G             | Physically Disconnected 
IO_FILLER_E_E_406  | PFILLER0005_G             | Physically Disconnected 
IO_FILLER_E_E_407  | PFILLER0005_G             | Physically Disconnected 
IO_FILLER_E_E_408  | PFILLER0005_G             | Physically Disconnected 
IO_FILLER_E_E_409  | PFILLER0005_G             | Physically Disconnected 
IO_FILLER_E_E_410  | PFILLER0005_G             | Physically Disconnected 
IO_FILLER_E_E_411  | PFILLER0005_G             | Physically Disconnected 
IO_FILLER_E_E_412  | PFILLER0005_G             | Physically Disconnected 
IO_FILLER_E_E_413  | PFILLER0005_G             | Physically Disconnected 
IO_FILLER_E_E_414  | PFILLER0005_G             | Physically Disconnected 
IO_FILLER_E_E_415  | PFILLER0005_G             | Physically Disconnected 
IO_FILLER_E_E_416  | PFILLER0005_G             | Physically Disconnected 
IO_FILLER_E_E_417  | PFILLER0005_G             | Physically Disconnected 
IO_FILLER_E_E_418  | PFILLER0005_G             | Physically Disconnected 
IO_FILLER_E_E_419  | PFILLER0005_G             | Physically Disconnected 
IO_FILLER_E_E_420  | PFILLER0005_G             | Physically Disconnected 
IO_FILLER_E_E_421  | PFILLER0005_G             | Physically Disconnected 
IO_FILLER_E_E_422  | PFILLER0005_G             | Physically Disconnected 
IO_FILLER_E_E_423  | PFILLER0005_G             | Physically Disconnected 
IO_FILLER_E_E_424  | PFILLER0005_G             | Physically Disconnected 
IO_FILLER_E_E_425  | PFILLER0005_G             | Physically Disconnected 
IO_FILLER_E_E_426  | PFILLER0005_G             | Physically Disconnected 
IO_FILLER_E_E_427  | PFILLER0005_G             | Physically Disconnected 
IO_FILLER_E_E_428  | PFILLER0005_G             | Physically Disconnected 
IO_FILLER_E_E_429  | PFILLER0005_G             | Physically Disconnected 
IO_FILLER_E_E_430  | PFILLER0005_G             | Physically Disconnected 
IO_FILLER_E_E_431  | PFILLER0005_G             | Physically Disconnected 
IO_FILLER_E_E_432  | PFILLER0005_G             | Physically Disconnected 
IO_FILLER_E_E_433  | PFILLER0005_G             | Physically Disconnected 
IO_FILLER_E_E_434  | PFILLER0005_G             | Physically Disconnected 
IO_FILLER_E_E_435  | PFILLER0005_G             | Physically Disconnected 
IO_FILLER_E_E_436  | PFILLER0005_G             | Physically Disconnected 
IO_FILLER_E_E_437  | PFILLER0005_G             | Physically Disconnected 
IO_FILLER_E_E_438  | PFILLER0005_G             | Physically Disconnected 
IO_FILLER_E_E_439  | PFILLER0005_G             | Physically Disconnected 
IO_FILLER_E_E_440  | PFILLER0005_G             | Physically Disconnected 
IO_FILLER_E_E_441  | PFILLER0005_G             | Physically Disconnected 
IO_FILLER_E_E_442  | PFILLER0005_G             | Physically Disconnected 
IO_FILLER_E_E_443  | PFILLER0005_G             | Physically Disconnected 
IO_FILLER_E_E_444  | PFILLER0005_G             | Physically Disconnected 
IO_FILLER_E_E_445  | PFILLER0005_G             | Physically Disconnected 
IO_FILLER_E_E_446  | PFILLER0005_G             | Physically Disconnected 
IO_FILLER_E_E_447  | PFILLER0005_G             | Physically Disconnected 
IO_FILLER_E_E_448  | PFILLER0005_G             | Physically Disconnected 
IO_FILLER_E_E_449  | PFILLER0005_G             | Physically Disconnected 
IO_FILLER_E_E_450  | PFILLER0005_G             | Physically Disconnected 
IO_FILLER_E_E_451  | PFILLER0005_G             | Physically Disconnected 
IO_FILLER_E_E_452  | PFILLER0005_G             | Physically Disconnected 
IO_FILLER_E_E_453  | PFILLER0005_G             | Physically Disconnected 
IO_FILLER_E_E_454  | PFILLER0005_G             | Physically Disconnected 
IO_FILLER_E_E_455  | PFILLER0005_G             | Physically Disconnected 
IO_FILLER_E_E_456  | PFILLER0005_G             | Physically Disconnected 
IO_FILLER_E_E_457  | PFILLER0005_G             | Physically Disconnected 
IO_FILLER_E_E_458  | PFILLER0005_G             | Physically Disconnected 
IO_FILLER_E_E_459  | PFILLER0005_G             | Physically Disconnected 
IO_FILLER_E_E_460  | PFILLER0005_G             | Physically Disconnected 
IO_FILLER_E_E_461  | PFILLER0005_G             | Physically Disconnected 
IO_FILLER_E_E_462  | PFILLER0005_G             | Physically Disconnected 
IO_FILLER_E_E_463  | PFILLER0005_G             | Physically Disconnected 
IO_FILLER_E_E_464  | PFILLER0005_G             | Physically Disconnected 
IO_FILLER_E_E_465  | PFILLER0005_G             | Physically Disconnected 
IO_FILLER_E_E_466  | PFILLER0005_G             | Physically Disconnected 
IO_FILLER_E_E_467  | PFILLER0005_G             | Physically Disconnected 
IO_FILLER_E_E_468  | PFILLER0005_G             | Physically Disconnected 
IO_FILLER_E_E_469  | PFILLER0005_G             | Physically Disconnected 
IO_FILLER_E_E_470  | PFILLER0005_G             | Physically Disconnected 
IO_FILLER_E_E_471  | PFILLER0005_G             | Physically Disconnected 
IO_FILLER_E_E_472  | PFILLER0005_G             | Physically Disconnected 
IO_FILLER_E_E_473  | PFILLER0005_G             | Physically Disconnected 
IO_FILLER_E_E_474  | PFILLER0005_G             | Physically Disconnected 
IO_FILLER_E_E_475  | PFILLER0005_G             | Physically Disconnected 
IO_FILLER_E_E_476  | PFILLER0005_G             | Physically Disconnected 
IO_FILLER_E_E_477  | PFILLER0005_G             | Physically Disconnected 
IO_FILLER_E_E_478  | PFILLER0005_G             | Physically Disconnected 
IO_FILLER_E_E_479  | PFILLER0005_G             | Physically Disconnected 
IO_FILLER_E_E_480  | PFILLER0005_G             | Physically Disconnected 
IO_FILLER_E_E_481  | PFILLER0005_G             | Physically Disconnected 
IO_FILLER_E_E_482  | PFILLER0005_G             | Physically Disconnected 
IO_FILLER_E_E_483  | PFILLER0005_G             | Physically Disconnected 
IO_FILLER_E_E_484  | PFILLER0005_G             | Physically Disconnected 
IO_FILLER_E_E_485  | PFILLER0005_G             | Physically Disconnected 
IO_FILLER_E_E_486  | PFILLER0005_G             | Physically Disconnected 
IO_FILLER_E_E_487  | PFILLER0005_G             | Physically Disconnected 
IO_FILLER_E_E_488  | PFILLER0005_G             | Physically Disconnected 
IO_FILLER_E_E_489  | PFILLER0005_G             | Physically Disconnected 
IO_FILLER_E_E_490  | PFILLER0005_G             | Physically Disconnected 
IO_FILLER_E_E_491  | PFILLER0005_G             | Physically Disconnected 
IO_FILLER_E_E_492  | PFILLER0005_G             | Physically Disconnected 
IO_FILLER_E_E_493  | PFILLER0005_G             | Physically Disconnected 
IO_FILLER_E_E_494  | PFILLER0005_G             | Physically Disconnected 
IO_FILLER_E_E_495  | PFILLER0005_G             | Physically Disconnected 
IO_FILLER_E_E_496  | PFILLER0005_G             | Physically Disconnected 
IO_FILLER_E_E_497  | PFILLER0005_G             | Physically Disconnected 
IO_FILLER_E_E_498  | PFILLER0005_G             | Physically Disconnected 
IO_FILLER_E_E_499  | PFILLER0005_G             | Physically Disconnected 
IO_FILLER_E_E_500  | PFILLER0005_G             | Physically Disconnected 
IO_FILLER_E_E_501  | PFILLER0005_G             | Physically Disconnected 
IO_FILLER_E_E_502  | PFILLER0005_G             | Physically Disconnected 
IO_FILLER_E_E_503  | PFILLER0005_G             | Physically Disconnected 
IO_FILLER_E_E_504  | PFILLER0005_G             | Physically Disconnected 
IO_FILLER_E_E_505  | PFILLER0005_G             | Physically Disconnected 
IO_FILLER_E_E_506  | PFILLER0005_G             | Physically Disconnected 
IO_FILLER_E_E_507  | PFILLER0005_G             | Physically Disconnected 
IO_FILLER_E_E_508  | PFILLER0005_G             | Physically Disconnected 
IO_FILLER_E_E_509  | PFILLER0005_G             | Physically Disconnected 
IO_FILLER_E_E_510  | PFILLER0005_G             | Physically Disconnected 
IO_FILLER_E_E_511  | PFILLER0005_G             | Physically Disconnected 
IO_FILLER_E_E_512  | PFILLER0005_G             | Physically Disconnected 
IO_FILLER_E_E_513  | PFILLER0005_G             | Physically Disconnected 
IO_FILLER_E_E_514  | PFILLER0005_G             | Physically Disconnected 
IO_FILLER_E_E_515  | PFILLER0005_G             | Physically Disconnected 
IO_FILLER_E_E_516  | PFILLER0005_G             | Physically Disconnected 
IO_FILLER_E_E_517  | PFILLER0005_G             | Physically Disconnected 
IO_FILLER_E_E_518  | PFILLER0005_G             | Physically Disconnected 
IO_FILLER_E_E_519  | PFILLER0005_G             | Physically Disconnected 
IO_FILLER_E_E_520  | PFILLER0005_G             | Physically Disconnected 
IO_FILLER_E_E_521  | PFILLER0005_G             | Physically Disconnected 
IO_FILLER_E_E_522  | PFILLER0005_G             | Physically Disconnected 
IO_FILLER_E_E_523  | PFILLER0005_G             | Physically Disconnected 
IO_FILLER_E_E_524  | PFILLER0005_G             | Physically Disconnected 
IO_FILLER_E_E_525  | PFILLER0005_G             | Physically Disconnected 
IO_FILLER_E_E_526  | PFILLER0005_G             | Physically Disconnected 
IO_FILLER_E_E_527  | PFILLER0005_G             | Physically Disconnected 
IO_FILLER_E_E_528  | PFILLER0005_G             | Physically Disconnected 
IO_FILLER_E_E_529  | PFILLER0005_G             | Physically Disconnected 
IO_FILLER_E_E_530  | PFILLER0005_G             | Physically Disconnected 
IO_FILLER_E_E_531  | PFILLER0005_G             | Physically Disconnected 
IO_FILLER_E_E_532  | PFILLER0005_G             | Physically Disconnected 
IO_FILLER_E_E_533  | PFILLER0005_G             | Physically Disconnected 
IO_FILLER_E_E_534  | PFILLER0005_G             | Physically Disconnected 
IO_FILLER_E_E_535  | PFILLER0005_G             | Physically Disconnected 
IO_FILLER_E_E_536  | PFILLER0005_G             | Physically Disconnected 
IO_FILLER_E_E_537  | PFILLER0005_G             | Physically Disconnected 
IO_FILLER_E_E_538  | PFILLER0005_G             | Physically Disconnected 
IO_FILLER_E_E_539  | PFILLER0005_G             | Physically Disconnected 
IO_FILLER_E_E_540  | PFILLER0005_G             | Physically Disconnected 
IO_FILLER_E_E_541  | PFILLER0005_G             | Physically Disconnected 
IO_FILLER_E_E_542  | PFILLER0005_G             | Physically Disconnected 
IO_FILLER_E_E_543  | PFILLER0005_G             | Physically Disconnected 
IO_FILLER_E_E_544  | PFILLER0005_G             | Physically Disconnected 
IO_FILLER_E_E_545  | PFILLER0005_G             | Physically Disconnected 
IO_FILLER_E_E_546  | PFILLER0005_G             | Physically Disconnected 
IO_FILLER_E_E_547  | PFILLER0005_G             | Physically Disconnected 
IO_FILLER_E_E_548  | PFILLER0005_G             | Physically Disconnected 
IO_FILLER_E_E_549  | PFILLER0005_G             | Physically Disconnected 
IO_FILLER_E_E_550  | PFILLER0005_G             | Physically Disconnected 
IO_FILLER_E_E_551  | PFILLER0005_G             | Physically Disconnected 
IO_FILLER_E_E_552  | PFILLER0005_G             | Physically Disconnected 
IO_FILLER_E_E_553  | PFILLER0005_G             | Physically Disconnected 
IO_FILLER_E_E_554  | PFILLER0005_G             | Physically Disconnected 
IO_FILLER_E_E_555  | PFILLER0005_G             | Physically Disconnected 
IO_FILLER_E_E_556  | PFILLER0005_G             | Physically Disconnected 
IO_FILLER_E_E_557  | PFILLER0005_G             | Physically Disconnected 
IO_FILLER_E_E_558  | PFILLER0005_G             | Physically Disconnected 
IO_FILLER_E_E_559  | PFILLER0005_G             | Physically Disconnected 
IO_FILLER_E_E_560  | PFILLER0005_G             | Physically Disconnected 
IO_FILLER_E_E_561  | PFILLER0005_G             | Physically Disconnected 
IO_FILLER_E_E_562  | PFILLER0005_G             | Physically Disconnected 
IO_FILLER_E_E_563  | PFILLER0005_G             | Physically Disconnected 
IO_FILLER_E_E_564  | PFILLER0005_G             | Physically Disconnected 
IO_FILLER_E_E_565  | PFILLER0005_G             | Physically Disconnected 
IO_FILLER_E_E_566  | PFILLER0005_G             | Physically Disconnected 
IO_FILLER_E_E_567  | PFILLER0005_G             | Physically Disconnected 
IO_FILLER_E_E_568  | PFILLER0005_G             | Physically Disconnected 
IO_FILLER_E_E_569  | PFILLER0005_G             | Physically Disconnected 
IO_FILLER_E_E_570  | PFILLER0005_G             | Physically Disconnected 
IO_FILLER_E_E_571  | PFILLER0005_G             | Physically Disconnected 
IO_FILLER_E_E_572  | PFILLER0005_G             | Physically Disconnected 
IO_FILLER_E_E_573  | PFILLER0005_G             | Physically Disconnected 
IO_FILLER_E_E_574  | PFILLER0005_G             | Physically Disconnected 
IO_FILLER_E_E_575  | PFILLER0005_G             | Physically Disconnected 
IO_FILLER_E_E_576  | PFILLER0005_G             | Physically Disconnected 
IO_FILLER_E_E_577  | PFILLER0005_G             | Physically Disconnected 
IO_FILLER_E_E_578  | PFILLER0005_G             | Physically Disconnected 
IO_FILLER_E_E_579  | PFILLER0005_G             | Physically Disconnected 
IO_FILLER_E_E_580  | PFILLER0005_G             | Physically Disconnected 
IO_FILLER_E_E_581  | PFILLER0005_G             | Physically Disconnected 
IO_FILLER_E_E_582  | PFILLER0005_G             | Physically Disconnected 
IO_FILLER_E_E_583  | PFILLER0005_G             | Physically Disconnected 
IO_FILLER_E_E_584  | PFILLER0005_G             | Physically Disconnected 
IO_FILLER_E_E_585  | PFILLER0005_G             | Physically Disconnected 
IO_FILLER_E_E_586  | PFILLER0005_G             | Physically Disconnected 
IO_FILLER_E_E_587  | PFILLER0005_G             | Physically Disconnected 
IO_FILLER_E_E_588  | PFILLER0005_G             | Physically Disconnected 
IO_FILLER_E_E_589  | PFILLER0005_G             | Physically Disconnected 
IO_FILLER_E_E_590  | PFILLER0005_G             | Physically Disconnected 
IO_FILLER_E_E_591  | PFILLER0005_G             | Physically Disconnected 
IO_FILLER_E_E_592  | PFILLER0005_G             | Physically Disconnected 
IO_FILLER_E_E_593  | PFILLER0005_G             | Physically Disconnected 
IO_FILLER_E_E_594  | PFILLER0005_G             | Physically Disconnected 
IO_FILLER_E_E_595  | PFILLER0005_G             | Physically Disconnected 
IO_FILLER_E_E_596  | PFILLER0005_G             | Physically Disconnected 
IO_FILLER_E_E_597  | PFILLER0005_G             | Physically Disconnected 
IO_FILLER_E_E_598  | PFILLER0005_G             | Physically Disconnected 
IO_FILLER_E_E_599  | PFILLER0005_G             | Physically Disconnected 
IO_FILLER_E_E_600  | PFILLER0005_G             | Physically Disconnected 
IO_FILLER_E_E_601  | PFILLER0005_G             | Physically Disconnected 
IO_FILLER_E_E_602  | PFILLER0005_G             | Physically Disconnected 
IO_FILLER_E_E_603  | PFILLER0005_G             | Physically Disconnected 
IO_FILLER_E_E_604  | PFILLER0005_G             | Physically Disconnected 
IO_FILLER_E_E_605  | PFILLER0005_G             | Physically Disconnected 
IO_FILLER_E_E_606  | PFILLER0005_G             | Physically Disconnected 
IO_FILLER_E_E_607  | PFILLER0005_G             | Physically Disconnected 
IO_FILLER_E_E_608  | PFILLER0005_G             | Physically Disconnected 
IO_FILLER_E_E_609  | PFILLER0005_G             | Physically Disconnected 
IO_FILLER_E_E_610  | PFILLER0005_G             | Physically Disconnected 
IO_FILLER_E_E_611  | PFILLER0005_G             | Physically Disconnected 
IO_FILLER_E_E_612  | PFILLER0005_G             | Physically Disconnected 
IO_FILLER_E_E_613  | PFILLER0005_G             | Physically Disconnected 
IO_FILLER_E_E_614  | PFILLER0005_G             | Physically Disconnected 
IO_FILLER_E_E_615  | PFILLER0005_G             | Physically Disconnected 
IO_FILLER_E_E_616  | PFILLER0005_G             | Physically Disconnected 
IO_FILLER_E_E_617  | PFILLER0005_G             | Physically Disconnected 
IO_FILLER_E_E_618  | PFILLER0005_G             | Physically Disconnected 
IO_FILLER_E_E_619  | PFILLER0005_G             | Physically Disconnected 
IO_FILLER_E_E_620  | PFILLER0005_G             | Physically Disconnected 
IO_FILLER_E_E_621  | PFILLER0005_G             | Physically Disconnected 
IO_FILLER_E_E_622  | PFILLER0005_G             | Physically Disconnected 
IO_FILLER_E_E_623  | PFILLER0005_G             | Physically Disconnected 
IO_FILLER_E_E_624  | PFILLER0005_G             | Physically Disconnected 
IO_FILLER_E_E_625  | PFILLER0005_G             | Physically Disconnected 
IO_FILLER_E_E_626  | PFILLER0005_G             | Physically Disconnected 
IO_FILLER_E_E_627  | PFILLER0005_G             | Physically Disconnected 
IO_FILLER_E_E_628  | PFILLER0005_G             | Physically Disconnected 
IO_FILLER_E_E_629  | PFILLER0005_G             | Physically Disconnected 
IO_FILLER_E_E_630  | PFILLER0005_G             | Physically Disconnected 
IO_FILLER_E_E_631  | PFILLER0005_G             | Physically Disconnected 
IO_FILLER_E_E_632  | PFILLER0005_G             | Physically Disconnected 
IO_FILLER_E_E_633  | PFILLER0005_G             | Physically Disconnected 
IO_FILLER_E_E_634  | PFILLER0005_G             | Physically Disconnected 
IO_FILLER_E_E_635  | PFILLER0005_G             | Physically Disconnected 
IO_FILLER_E_E_636  | PFILLER0005_G             | Physically Disconnected 
IO_FILLER_E_E_637  | PFILLER0005_G             | Physically Disconnected 
IO_FILLER_E_E_638  | PFILLER0005_G             | Physically Disconnected 
IO_FILLER_E_E_639  | PFILLER0005_G             | Physically Disconnected 
IO_FILLER_E_E_640  | PFILLER0005_G             | Physically Disconnected 
IO_FILLER_E_E_641  | PFILLER0005_G             | Physically Disconnected 
IO_FILLER_E_E_642  | PFILLER0005_G             | Physically Disconnected 
IO_FILLER_E_E_643  | PFILLER0005_G             | Physically Disconnected 
IO_FILLER_E_E_644  | PFILLER0005_G             | Physically Disconnected 
IO_FILLER_E_E_645  | PFILLER0005_G             | Physically Disconnected 
IO_FILLER_E_E_646  | PFILLER0005_G             | Physically Disconnected 
IO_FILLER_E_E_647  | PFILLER0005_G             | Physically Disconnected 
IO_FILLER_E_E_648  | PFILLER0005_G             | Physically Disconnected 
IO_FILLER_E_E_649  | PFILLER0005_G             | Physically Disconnected 
IO_FILLER_E_E_650  | PFILLER0005_G             | Physically Disconnected 
IO_FILLER_E_E_651  | PFILLER0005_G             | Physically Disconnected 
IO_FILLER_E_E_652  | PFILLER0005_G             | Physically Disconnected 
IO_FILLER_E_E_653  | PFILLER0005_G             | Physically Disconnected 
IO_FILLER_E_E_654  | PFILLER0005_G             | Physically Disconnected 
IO_FILLER_E_E_655  | PFILLER0005_G             | Physically Disconnected 
IO_FILLER_E_E_656  | PFILLER0005_G             | Physically Disconnected 
IO_FILLER_E_E_657  | PFILLER0005_G             | Physically Disconnected 
IO_FILLER_E_E_658  | PFILLER0005_G             | Physically Disconnected 
IO_FILLER_E_E_659  | PFILLER0005_G             | Physically Disconnected 
IO_FILLER_E_E_660  | PFILLER0005_G             | Physically Disconnected 
IO_FILLER_E_E_661  | PFILLER0005_G             | Physically Disconnected 
IO_FILLER_E_E_662  | PFILLER0005_G             | Physically Disconnected 
IO_FILLER_E_E_663  | PFILLER0005_G             | Physically Disconnected 
IO_FILLER_E_E_664  | PFILLER0005_G             | Physically Disconnected 
IO_FILLER_E_E_665  | PFILLER0005_G             | Physically Disconnected 
IO_FILLER_E_E_666  | PFILLER0005_G             | Physically Disconnected 
IO_FILLER_E_E_667  | PFILLER0005_G             | Physically Disconnected 
IO_FILLER_E_E_668  | PFILLER0005_G             | Physically Disconnected 
IO_FILLER_E_E_669  | PFILLER0005_G             | Physically Disconnected 
IO_FILLER_E_E_670  | PFILLER0005_G             | Physically Disconnected 
IO_FILLER_E_E_671  | PFILLER0005_G             | Physically Disconnected 
IO_FILLER_E_E_672  | PFILLER0005_G             | Physically Disconnected 
IO_FILLER_E_E_673  | PFILLER0005_G             | Physically Disconnected 
IO_FILLER_E_E_674  | PFILLER0005_G             | Physically Disconnected 
IO_FILLER_E_E_675  | PFILLER0005_G             | Physically Disconnected 
IO_FILLER_E_E_676  | PFILLER0005_G             | Physically Disconnected 
IO_FILLER_E_E_677  | PFILLER0005_G             | Physically Disconnected 
IO_FILLER_E_E_678  | PFILLER0005_G             | Physically Disconnected 
IO_FILLER_E_E_679  | PFILLER0005_G             | Physically Disconnected 
IO_FILLER_E_E_680  | PFILLER0005_G             | Physically Disconnected 
IO_FILLER_E_E_681  | PFILLER0005_G             | Physically Disconnected 
IO_FILLER_E_E_682  | PFILLER0005_G             | Physically Disconnected 
IO_FILLER_E_E_683  | PFILLER0005_G             | Physically Disconnected 
IO_FILLER_E_E_684  | PFILLER0005_G             | Physically Disconnected 
IO_FILLER_E_E_685  | PFILLER0005_G             | Physically Disconnected 
IO_FILLER_E_E_686  | PFILLER0005_G             | Physically Disconnected 
IO_FILLER_E_E_687  | PFILLER0005_G             | Physically Disconnected 
IO_FILLER_E_E_688  | PFILLER0005_G             | Physically Disconnected 
IO_FILLER_E_E_689  | PFILLER0005_G             | Physically Disconnected 
IO_FILLER_E_E_690  | PFILLER0005_G             | Physically Disconnected 
IO_FILLER_E_E_691  | PFILLER0005_G             | Physically Disconnected 
IO_FILLER_E_E_692  | PFILLER0005_G             | Physically Disconnected 
IO_FILLER_E_E_693  | PFILLER0005_G             | Physically Disconnected 
IO_FILLER_E_E_694  | PFILLER0005_G             | Physically Disconnected 
IO_FILLER_E_E_695  | PFILLER0005_G             | Physically Disconnected 
IO_FILLER_E_E_696  | PFILLER0005_G             | Physically Disconnected 
IO_FILLER_E_E_697  | PFILLER0005_G             | Physically Disconnected 
IO_FILLER_E_E_698  | PFILLER0005_G             | Physically Disconnected 
IO_FILLER_E_E_699  | PFILLER0005_G             | Physically Disconnected 
IO_FILLER_E_E_700  | PFILLER0005_G             | Physically Disconnected 
IO_FILLER_E_E_701  | PFILLER0005_G             | Physically Disconnected 
IO_FILLER_E_E_702  | PFILLER0005_G             | Physically Disconnected 
IO_FILLER_E_E_703  | PFILLER0005_G             | Physically Disconnected 
IO_FILLER_E_E_704  | PFILLER0005_G             | Physically Disconnected 
IO_FILLER_E_E_705  | PFILLER0005_G             | Physically Disconnected 
IO_FILLER_E_E_706  | PFILLER0005_G             | Physically Disconnected 
IO_FILLER_E_E_707  | PFILLER0005_G             | Physically Disconnected 
IO_FILLER_E_E_708  | PFILLER0005_G             | Physically Disconnected 
IO_FILLER_E_E_709  | PFILLER0005_G             | Physically Disconnected 
IO_FILLER_E_E_710  | PFILLER0005_G             | Physically Disconnected 
IO_FILLER_E_E_711  | PFILLER0005_G             | Physically Disconnected 
IO_FILLER_E_E_712  | PFILLER0005_G             | Physically Disconnected 
IO_FILLER_E_E_713  | PFILLER0005_G             | Physically Disconnected 
IO_FILLER_E_E_714  | PFILLER0005_G             | Physically Disconnected 
IO_FILLER_E_E_715  | PFILLER0005_G             | Physically Disconnected 
IO_FILLER_E_E_716  | PFILLER0005_G             | Physically Disconnected 
IO_FILLER_E_E_717  | PFILLER0005_G             | Physically Disconnected 
IO_FILLER_E_E_718  | PFILLER0005_G             | Physically Disconnected 
IO_FILLER_E_E_719  | PFILLER0005_G             | Physically Disconnected 
IO_FILLER_E_E_720  | PFILLER0005_G             | Physically Disconnected 
IO_FILLER_E_E_721  | PFILLER0005_G             | Physically Disconnected 
IO_FILLER_E_E_722  | PFILLER0005_G             | Physically Disconnected 
IO_FILLER_E_E_723  | PFILLER0005_G             | Physically Disconnected 
IO_FILLER_E_E_724  | PFILLER0005_G             | Physically Disconnected 
IO_FILLER_E_E_725  | PFILLER0005_G             | Physically Disconnected 
IO_FILLER_E_E_726  | PFILLER0005_G             | Physically Disconnected 
IO_FILLER_E_E_727  | PFILLER0005_G             | Physically Disconnected 
IO_FILLER_E_E_728  | PFILLER0005_G             | Physically Disconnected 
IO_FILLER_E_E_729  | PFILLER0005_G             | Physically Disconnected 
IO_FILLER_E_E_730  | PFILLER0005_G             | Physically Disconnected 
IO_FILLER_E_E_731  | PFILLER0005_G             | Physically Disconnected 
IO_FILLER_E_E_732  | PFILLER0005_G             | Physically Disconnected 
IO_FILLER_E_E_733  | PFILLER0005_G             | Physically Disconnected 
IO_FILLER_E_E_734  | PFILLER0005_G             | Physically Disconnected 
IO_FILLER_E_E_735  | PFILLER0005_G             | Physically Disconnected 
IO_FILLER_E_E_736  | PFILLER0005_G             | Physically Disconnected 
IO_FILLER_E_E_737  | PFILLER0005_G             | Physically Disconnected 
IO_FILLER_E_E_738  | PFILLER0005_G             | Physically Disconnected 
IO_FILLER_E_E_739  | PFILLER0005_G             | Physically Disconnected 
IO_FILLER_E_E_740  | PFILLER0005_G             | Physically Disconnected 
IO_FILLER_E_E_741  | PFILLER0005_G             | Physically Disconnected 
IO_FILLER_E_E_742  | PFILLER0005_G             | Physically Disconnected 
IO_FILLER_E_E_743  | PFILLER0005_G             | Physically Disconnected 
IO_FILLER_E_E_744  | PFILLER0005_G             | Physically Disconnected 
IO_FILLER_E_E_745  | PFILLER0005_G             | Physically Disconnected 
IO_FILLER_E_E_746  | PFILLER0005_G             | Physically Disconnected 
IO_FILLER_E_E_747  | PFILLER0005_G             | Physically Disconnected 
IO_FILLER_E_E_748  | PFILLER0005_G             | Physically Disconnected 
IO_FILLER_E_E_749  | PFILLER0005_G             | Physically Disconnected 
IO_FILLER_E_E_750  | PFILLER0005_G             | Physically Disconnected 
IO_FILLER_E_E_751  | PFILLER0005_G             | Physically Disconnected 
IO_FILLER_E_E_752  | PFILLER0005_G             | Physically Disconnected 
IO_FILLER_E_E_753  | PFILLER0005_G             | Physically Disconnected 
IO_FILLER_E_E_754  | PFILLER0005_G             | Physically Disconnected 
IO_FILLER_E_E_755  | PFILLER0005_G             | Physically Disconnected 
IO_FILLER_E_E_756  | PFILLER0005_G             | Physically Disconnected 
IO_FILLER_E_E_757  | PFILLER0005_G             | Physically Disconnected 
IO_FILLER_E_E_758  | PFILLER0005_G             | Physically Disconnected 
IO_FILLER_E_E_759  | PFILLER0005_G             | Physically Disconnected 
IO_FILLER_E_E_760  | PFILLER0005_G             | Physically Disconnected 
IO_FILLER_E_E_761  | PFILLER0005_G             | Physically Disconnected 
IO_FILLER_E_E_762  | PFILLER0005_G             | Physically Disconnected 
IO_FILLER_E_E_763  | PFILLER0005_G             | Physically Disconnected 
IO_FILLER_E_E_764  | PFILLER0005_G             | Physically Disconnected 
IO_FILLER_E_E_765  | PFILLER0005_G             | Physically Disconnected 
IO_FILLER_E_E_766  | PFILLER0005_G             | Physically Disconnected 
IO_FILLER_E_E_767  | PFILLER0005_G             | Physically Disconnected 
IO_FILLER_E_E_768  | PFILLER0005_G             | Physically Disconnected 
IO_FILLER_E_E_769  | PFILLER0005_G             | Physically Disconnected 
IO_FILLER_E_E_770  | PFILLER0005_G             | Physically Disconnected 
IO_FILLER_E_E_771  | PFILLER0005_G             | Physically Disconnected 
IO_FILLER_E_E_772  | PFILLER0005_G             | Physically Disconnected 
IO_FILLER_E_E_773  | PFILLER0005_G             | Physically Disconnected 
IO_FILLER_E_E_774  | PFILLER0005_G             | Physically Disconnected 
IO_FILLER_E_E_775  | PFILLER0005_G             | Physically Disconnected 
IO_FILLER_E_E_776  | PFILLER0005_G             | Physically Disconnected 
IO_FILLER_E_E_777  | PFILLER0005_G             | Physically Disconnected 
IO_FILLER_E_E_778  | PFILLER0005_G             | Physically Disconnected 
IO_FILLER_E_E_779  | PFILLER0005_G             | Physically Disconnected 
IO_FILLER_E_E_780  | PFILLER0005_G             | Physically Disconnected 
IO_FILLER_E_E_781  | PFILLER0005_G             | Physically Disconnected 
IO_FILLER_E_E_782  | PFILLER0005_G             | Physically Disconnected 
IO_FILLER_E_E_783  | PFILLER0005_G             | Physically Disconnected 
IO_FILLER_E_E_784  | PFILLER0005_G             | Physically Disconnected 
IO_FILLER_E_E_785  | PFILLER0005_G             | Physically Disconnected 
IO_FILLER_E_E_786  | PFILLER0005_G             | Physically Disconnected 
IO_FILLER_E_E_787  | PFILLER0005_G             | Physically Disconnected 
IO_FILLER_E_E_788  | PFILLER0005_G             | Physically Disconnected 
IO_FILLER_E_E_789  | PFILLER0005_G             | Physically Disconnected 
IO_FILLER_E_E_790  | PFILLER0005_G             | Physically Disconnected 
IO_FILLER_E_E_791  | PFILLER0005_G             | Physically Disconnected 
IO_FILLER_E_E_792  | PFILLER0005_G             | Physically Disconnected 
IO_FILLER_E_E_793  | PFILLER0005_G             | Physically Disconnected 
IO_FILLER_E_E_794  | PFILLER0005_G             | Physically Disconnected 
IO_FILLER_E_E_795  | PFILLER0005_G             | Physically Disconnected 
IO_FILLER_E_E_796  | PFILLER0005_G             | Physically Disconnected 
IO_FILLER_E_E_797  | PFILLER0005_G             | Physically Disconnected 
IO_FILLER_E_E_798  | PFILLER0005_G             | Physically Disconnected 
IO_FILLER_E_E_799  | PFILLER0005_G             | Physically Disconnected 
IO_FILLER_E_E_800  | PFILLER0005_G             | Physically Disconnected 
IO_FILLER_E_E_801  | PFILLER0005_G             | Physically Disconnected 
IO_FILLER_E_E_802  | PFILLER0005_G             | Physically Disconnected 
IO_FILLER_E_E_803  | PFILLER0005_G             | Physically Disconnected 
IO_FILLER_E_E_804  | PFILLER0005_G             | Physically Disconnected 
IO_FILLER_E_E_805  | PFILLER0005_G             | Physically Disconnected 
IO_FILLER_E_E_806  | PFILLER0005_G             | Physically Disconnected 
IO_FILLER_E_E_807  | PFILLER0005_G             | Physically Disconnected 
IO_FILLER_E_E_808  | PFILLER0005_G             | Physically Disconnected 
IO_FILLER_E_E_809  | PFILLER0005_G             | Physically Disconnected 
IO_FILLER_E_E_810  | PFILLER0005_G             | Physically Disconnected 
IO_FILLER_E_E_811  | PFILLER0005_G             | Physically Disconnected 
IO_FILLER_E_E_812  | PFILLER0005_G             | Physically Disconnected 
IO_FILLER_E_E_813  | PFILLER0005_G             | Physically Disconnected 
IO_FILLER_E_E_814  | PFILLER0005_G             | Physically Disconnected 
IO_FILLER_E_E_815  | PFILLER0005_G             | Physically Disconnected 
IO_FILLER_E_E_816  | PFILLER0005_G             | Physically Disconnected 
IO_FILLER_E_E_817  | PFILLER0005_G             | Physically Disconnected 
IO_FILLER_E_E_818  | PFILLER0005_G             | Physically Disconnected 
IO_FILLER_E_E_819  | PFILLER0005_G             | Physically Disconnected 
IO_FILLER_E_E_820  | PFILLER0005_G             | Physically Disconnected 
IO_FILLER_E_E_821  | PFILLER0005_G             | Physically Disconnected 
IO_FILLER_E_E_822  | PFILLER0005_G             | Physically Disconnected 
IO_FILLER_E_E_823  | PFILLER0005_G             | Physically Disconnected 
IO_FILLER_E_E_824  | PFILLER0005_G             | Physically Disconnected 
IO_FILLER_E_E_825  | PFILLER0005_G             | Physically Disconnected 
IO_FILLER_E_E_826  | PFILLER0005_G             | Physically Disconnected 
IO_FILLER_E_E_827  | PFILLER0005_G             | Physically Disconnected 
IO_FILLER_E_E_828  | PFILLER0005_G             | Physically Disconnected 
IO_FILLER_E_E_829  | PFILLER0005_G             | Physically Disconnected 
IO_FILLER_E_E_830  | PFILLER0005_G             | Physically Disconnected 
IO_FILLER_E_E_831  | PFILLER0005_G             | Physically Disconnected 
IO_FILLER_E_E_832  | PFILLER0005_G             | Physically Disconnected 
IO_FILLER_E_E_833  | PFILLER0005_G             | Physically Disconnected 
IO_FILLER_E_E_834  | PFILLER0005_G             | Physically Disconnected 
IO_FILLER_E_E_835  | PFILLER0005_G             | Physically Disconnected 
IO_FILLER_E_E_836  | PFILLER0005_G             | Physically Disconnected 
IO_FILLER_E_E_837  | PFILLER0005_G             | Physically Disconnected 
IO_FILLER_E_E_838  | PFILLER0005_G             | Physically Disconnected 
IO_FILLER_E_E_839  | PFILLER0005_G             | Physically Disconnected 
IO_FILLER_E_E_840  | PFILLER0005_G             | Physically Disconnected 
IO_FILLER_E_E_841  | PFILLER0005_G             | Physically Disconnected 
IO_FILLER_E_E_842  | PFILLER0005_G             | Physically Disconnected 
IO_FILLER_E_E_843  | PFILLER0005_G             | Physically Disconnected 
IO_FILLER_E_E_844  | PFILLER0005_G             | Physically Disconnected 
IO_FILLER_E_E_845  | PFILLER0005_G             | Physically Disconnected 
IO_FILLER_E_E_846  | PFILLER0005_G             | Physically Disconnected 
IO_FILLER_E_E_847  | PFILLER0005_G             | Physically Disconnected 
IO_FILLER_E_E_848  | PFILLER0005_G             | Physically Disconnected 
IO_FILLER_E_E_849  | PFILLER0005_G             | Physically Disconnected 
IO_FILLER_E_E_850  | PFILLER0005_G             | Physically Disconnected 
IO_FILLER_E_E_851  | PFILLER0005_G             | Physically Disconnected 
IO_FILLER_E_E_852  | PFILLER0005_G             | Physically Disconnected 
IO_FILLER_E_E_853  | PFILLER0005_G             | Physically Disconnected 
IO_FILLER_E_E_854  | PFILLER0005_G             | Physically Disconnected 
IO_FILLER_E_E_855  | PFILLER0005_G             | Physically Disconnected 
IO_FILLER_E_E_856  | PFILLER0005_G             | Physically Disconnected 
IO_FILLER_E_E_857  | PFILLER0005_G             | Physically Disconnected 
IO_FILLER_E_E_858  | PFILLER0005_G             | Physically Disconnected 
IO_FILLER_E_E_859  | PFILLER0005_G             | Physically Disconnected 
IO_FILLER_E_E_860  | PFILLER0005_G             | Physically Disconnected 
IO_FILLER_E_E_861  | PFILLER0005_G             | Physically Disconnected 
IO_FILLER_E_E_862  | PFILLER0005_G             | Physically Disconnected 
IO_FILLER_E_E_863  | PFILLER0005_G             | Physically Disconnected 
IO_FILLER_E_E_864  | PFILLER0005_G             | Physically Disconnected 
IO_FILLER_E_E_865  | PFILLER0005_G             | Physically Disconnected 
IO_FILLER_E_E_866  | PFILLER0005_G             | Physically Disconnected 
IO_FILLER_E_E_867  | PFILLER0005_G             | Physically Disconnected 
IO_FILLER_E_E_868  | PFILLER0005_G             | Physically Disconnected 
IO_FILLER_E_E_869  | PFILLER0005_G             | Physically Disconnected 
IO_FILLER_E_E_870  | PFILLER0005_G             | Physically Disconnected 
IO_FILLER_E_E_871  | PFILLER0005_G             | Physically Disconnected 
IO_FILLER_E_E_872  | PFILLER0005_G             | Physically Disconnected 
IO_FILLER_E_E_873  | PFILLER0005_G             | Physically Disconnected 
IO_FILLER_E_E_874  | PFILLER0005_G             | Physically Disconnected 
IO_FILLER_E_E_875  | PFILLER0005_G             | Physically Disconnected 
IO_FILLER_E_E_876  | PFILLER0005_G             | Physically Disconnected 
IO_FILLER_E_E_877  | PFILLER0005_G             | Physically Disconnected 
IO_FILLER_E_E_878  | PFILLER0005_G             | Physically Disconnected 
IO_FILLER_E_E_879  | PFILLER0005_G             | Physically Disconnected 
IO_FILLER_E_E_880  | PFILLER0005_G             | Physically Disconnected 
IO_FILLER_E_E_881  | PFILLER0005_G             | Physically Disconnected 
IO_FILLER_E_E_882  | PFILLER0005_G             | Physically Disconnected 
IO_FILLER_E_E_883  | PFILLER0005_G             | Physically Disconnected 
IO_FILLER_E_E_884  | PFILLER0005_G             | Physically Disconnected 
IO_FILLER_E_E_885  | PFILLER0005_G             | Physically Disconnected 
IO_FILLER_E_E_886  | PFILLER0005_G             | Physically Disconnected 
IO_FILLER_E_E_887  | PFILLER0005_G             | Physically Disconnected 
IO_FILLER_E_E_888  | PFILLER0005_G             | Physically Disconnected 
IO_FILLER_E_E_889  | PFILLER0005_G             | Physically Disconnected 
IO_FILLER_E_E_890  | PFILLER0005_G             | Physically Disconnected 
IO_FILLER_E_E_891  | PFILLER0005_G             | Physically Disconnected 
IO_FILLER_E_E_892  | PFILLER0005_G             | Physically Disconnected 
IO_FILLER_E_E_893  | PFILLER0005_G             | Physically Disconnected 
IO_FILLER_E_E_894  | PFILLER0005_G             | Physically Disconnected 
IO_FILLER_E_E_895  | PFILLER0005_G             | Physically Disconnected 
IO_FILLER_E_E_896  | PFILLER0005_G             | Physically Disconnected 
IO_FILLER_E_E_897  | PFILLER0005_G             | Physically Disconnected 
IO_FILLER_E_E_898  | PFILLER0005_G             | Physically Disconnected 
IO_FILLER_E_E_899  | PFILLER0005_G             | Physically Disconnected 
IO_FILLER_E_E_900  | PFILLER0005_G             | Physically Disconnected 
IO_FILLER_E_E_901  | PFILLER0005_G             | Physically Disconnected 
IO_FILLER_E_E_902  | PFILLER0005_G             | Physically Disconnected 
IO_FILLER_E_E_903  | PFILLER0005_G             | Physically Disconnected 
IO_FILLER_E_E_904  | PFILLER0005_G             | Physically Disconnected 
IO_FILLER_E_E_905  | PFILLER0005_G             | Physically Disconnected 
IO_FILLER_E_E_906  | PFILLER0005_G             | Physically Disconnected 
IO_FILLER_E_E_907  | PFILLER0005_G             | Physically Disconnected 
IO_FILLER_E_E_908  | PFILLER0005_G             | Physically Disconnected 
IO_FILLER_E_E_909  | PFILLER0005_G             | Physically Disconnected 
IO_FILLER_E_E_910  | PFILLER0005_G             | Physically Disconnected 
IO_FILLER_E_E_911  | PFILLER0005_G             | Physically Disconnected 
IO_FILLER_E_E_912  | PFILLER0005_G             | Physically Disconnected 
IO_FILLER_E_E_913  | PFILLER0005_G             | Physically Disconnected 
IO_FILLER_E_E_914  | PFILLER0005_G             | Physically Disconnected 
IO_FILLER_E_E_915  | PFILLER0005_G             | Physically Disconnected 
IO_FILLER_E_E_916  | PFILLER0005_G             | Physically Disconnected 
IO_FILLER_E_E_917  | PFILLER0005_G             | Physically Disconnected 
IO_FILLER_E_E_918  | PFILLER0005_G             | Physically Disconnected 
IO_FILLER_E_E_919  | PFILLER0005_G             | Physically Disconnected 
IO_FILLER_E_E_920  | PFILLER0005_G             | Physically Disconnected 
IO_FILLER_E_E_921  | PFILLER0005_G             | Physically Disconnected 
IO_FILLER_E_E_922  | PFILLER0005_G             | Physically Disconnected 
IO_FILLER_E_E_923  | PFILLER0005_G             | Physically Disconnected 
IO_FILLER_E_E_924  | PFILLER0005_G             | Physically Disconnected 
IO_FILLER_E_E_925  | PFILLER0005_G             | Physically Disconnected 
IO_FILLER_E_E_926  | PFILLER0005_G             | Physically Disconnected 
IO_FILLER_E_E_927  | PFILLER0005_G             | Physically Disconnected 
IO_FILLER_E_E_928  | PFILLER0005_G             | Physically Disconnected 
IO_FILLER_E_E_929  | PFILLER0005_G             | Physically Disconnected 
IO_FILLER_E_E_930  | PFILLER0005_G             | Physically Disconnected 
IO_FILLER_E_E_931  | PFILLER0005_G             | Physically Disconnected 
IO_FILLER_E_E_932  | PFILLER0005_G             | Physically Disconnected 
IO_FILLER_E_E_933  | PFILLER0005_G             | Physically Disconnected 
IO_FILLER_E_E_934  | PFILLER0005_G             | Physically Disconnected 
IO_FILLER_E_E_935  | PFILLER0005_G             | Physically Disconnected 
IO_FILLER_E_E_936  | PFILLER0005_G             | Physically Disconnected 
IO_FILLER_E_E_937  | PFILLER0005_G             | Physically Disconnected 
IO_FILLER_E_E_938  | PFILLER0005_G             | Physically Disconnected 
IO_FILLER_E_E_939  | PFILLER0005_G             | Physically Disconnected 
IO_FILLER_E_E_940  | PFILLER0005_G             | Physically Disconnected 
IO_FILLER_E_E_941  | PFILLER0005_G             | Physically Disconnected 
IO_FILLER_E_E_942  | PFILLER0005_G             | Physically Disconnected 
IO_FILLER_E_E_943  | PFILLER0005_G             | Physically Disconnected 
IO_FILLER_E_E_944  | PFILLER0005_G             | Physically Disconnected 
IO_FILLER_E_E_945  | PFILLER0005_G             | Physically Disconnected 
IO_FILLER_E_E_946  | PFILLER0005_G             | Physically Disconnected 
IO_FILLER_E_E_947  | PFILLER0005_G             | Physically Disconnected 
IO_FILLER_E_E_948  | PFILLER0005_G             | Physically Disconnected 
IO_FILLER_E_E_949  | PFILLER0005_G             | Physically Disconnected 
IO_FILLER_E_E_950  | PFILLER0005_G             | Physically Disconnected 
IO_FILLER_E_E_951  | PFILLER0005_G             | Physically Disconnected 
IO_FILLER_E_E_952  | PFILLER0005_G             | Physically Disconnected 
IO_FILLER_E_E_953  | PFILLER0005_G             | Physically Disconnected 
IO_FILLER_E_E_954  | PFILLER0005_G             | Physically Disconnected 
IO_FILLER_E_E_955  | PFILLER0005_G             | Physically Disconnected 
IO_FILLER_E_E_956  | PFILLER0005_G             | Physically Disconnected 
IO_FILLER_E_E_957  | PFILLER0005_G             | Physically Disconnected 
IO_FILLER_E_E_958  | PFILLER0005_G             | Physically Disconnected 
IO_FILLER_E_E_959  | PFILLER0005_G             | Physically Disconnected 
IO_FILLER_E_E_960  | PFILLER0005_G             | Physically Disconnected 
IO_FILLER_E_E_961  | PFILLER0005_G             | Physically Disconnected 
IO_FILLER_E_E_962  | PFILLER0005_G             | Physically Disconnected 
IO_FILLER_E_E_963  | PFILLER0005_G             | Physically Disconnected 
IO_FILLER_E_E_964  | PFILLER0005_G             | Physically Disconnected 
IO_FILLER_E_E_965  | PFILLER0005_G             | Physically Disconnected 
IO_FILLER_E_E_966  | PFILLER0005_G             | Physically Disconnected 
IO_FILLER_E_E_967  | PFILLER0005_G             | Physically Disconnected 
IO_FILLER_E_E_968  | PFILLER0005_G             | Physically Disconnected 
IO_FILLER_E_E_969  | PFILLER0005_G             | Physically Disconnected 
IO_FILLER_E_E_970  | PFILLER0005_G             | Physically Disconnected 
IO_FILLER_E_E_971  | PFILLER0005_G             | Physically Disconnected 
IO_FILLER_E_E_972  | PFILLER0005_G             | Physically Disconnected 
IO_FILLER_E_E_973  | PFILLER0005_G             | Physically Disconnected 
IO_FILLER_E_E_974  | PFILLER0005_G             | Physically Disconnected 
IO_FILLER_E_E_975  | PFILLER0005_G             | Physically Disconnected 
IO_FILLER_E_E_976  | PFILLER0005_G             | Physically Disconnected 
IO_FILLER_E_E_977  | PFILLER0005_G             | Physically Disconnected 
IO_FILLER_E_E_978  | PFILLER0005_G             | Physically Disconnected 
IO_FILLER_E_E_979  | PFILLER0005_G             | Physically Disconnected 
IO_FILLER_E_E_980  | PFILLER0005_G             | Physically Disconnected 
IO_FILLER_E_E_981  | PFILLER0005_G             | Physically Disconnected 
IO_FILLER_E_E_982  | PFILLER0005_G             | Physically Disconnected 
IO_FILLER_E_E_983  | PFILLER0005_G             | Physically Disconnected 
IO_FILLER_E_E_984  | PFILLER0005_G             | Physically Disconnected 
IO_FILLER_E_E_985  | PFILLER0005_G             | Physically Disconnected 
IO_FILLER_E_E_986  | PFILLER0005_G             | Physically Disconnected 
IO_FILLER_E_E_987  | PFILLER0005_G             | Physically Disconnected 
IO_FILLER_E_E_988  | PFILLER0005_G             | Physically Disconnected 
IO_FILLER_E_E_989  | PFILLER0005_G             | Physically Disconnected 
IO_FILLER_E_E_990  | PFILLER0005_G             | Physically Disconnected 
IO_FILLER_E_E_991  | PFILLER0005_G             | Physically Disconnected 
IO_FILLER_E_E_992  | PFILLER0005_G             | Physically Disconnected 
IO_FILLER_E_E_993  | PFILLER0005_G             | Physically Disconnected 
IO_FILLER_E_E_994  | PFILLER0005_G             | Physically Disconnected 
IO_FILLER_E_E_995  | PFILLER0005_G             | Physically Disconnected 
IO_FILLER_E_E_996  | PFILLER0005_G             | Physically Disconnected 
IO_FILLER_E_E_997  | PFILLER0005_G             | Physically Disconnected 
IO_FILLER_E_E_998  | PFILLER0005_G             | Physically Disconnected 
IO_FILLER_E_E_999  | PFILLER0005_G             | Physically Disconnected 
IO_FILLER_E_E_1000 | PFILLER0005_G             | Physically Disconnected 
IO_FILLER_E_E_1001 | PFILLER0005_G             | Physically Disconnected 
IO_FILLER_E_E_1002 | PFILLER0005_G             | Physically Disconnected 
IO_FILLER_E_E_1003 | PFILLER0005_G             | Physically Disconnected 
IO_FILLER_E_E_1004 | PFILLER0005_G             | Physically Disconnected 
IO_FILLER_E_E_1005 | PFILLER0005_G             | Physically Disconnected 
IO_FILLER_E_E_1006 | PFILLER0005_G             | Physically Disconnected 
IO_FILLER_E_E_1007 | PFILLER0005_G             | Physically Disconnected 
IO_FILLER_E_E_1008 | PFILLER0005_G             | Physically Disconnected 
IO_FILLER_E_E_1009 | PFILLER0005_G             | Physically Disconnected 
IO_FILLER_E_E_1010 | PFILLER0005_G             | Physically Disconnected 
IO_FILLER_E_E_1011 | PFILLER0005_G             | Physically Disconnected 
IO_FILLER_E_E_1012 | PFILLER0005_G             | Physically Disconnected 
IO_FILLER_E_E_1013 | PFILLER0005_G             | Physically Disconnected 
IO_FILLER_E_E_1014 | PFILLER0005_G             | Physically Disconnected 
IO_FILLER_E_E_1015 | PFILLER0005_G             | Physically Disconnected 
IO_FILLER_E_E_1016 | PFILLER0005_G             | Physically Disconnected 
IO_FILLER_E_E_1017 | PFILLER0005_G             | Physically Disconnected 
IO_FILLER_E_E_1018 | PFILLER0005_G             | Physically Disconnected 
IO_FILLER_E_E_1019 | PFILLER0005_G             | Physically Disconnected 
IO_FILLER_E_E_1020 | PFILLER0005_G             | Physically Disconnected 
IO_FILLER_E_E_1021 | PFILLER0005_G             | Physically Disconnected 
IO_FILLER_E_E_1022 | PFILLER0005_G             | Physically Disconnected 
IO_FILLER_E_E_1023 | PFILLER0005_G             | Physically Disconnected 
IO_FILLER_E_E_1024 | PFILLER0005_G             | Physically Disconnected 
IO_FILLER_E_E_1025 | PFILLER0005_G             | Physically Disconnected 
IO_FILLER_E_E_1026 | PFILLER0005_G             | Physically Disconnected 
IO_FILLER_E_E_1027 | PFILLER0005_G             | Physically Disconnected 
IO_FILLER_E_E_1028 | PFILLER0005_G             | Physically Disconnected 
IO_FILLER_E_E_1029 | PFILLER0005_G             | Physically Disconnected 
PAD_G1/I1          | PVSS1DGZ_H_G              | Physically Disconnected 
PAD_G3/I1          | PVSS1DGZ_H_G              | Physically Disconnected 
PAD_G2/I1          | PVSS2DGZ_H_G              | Physically Disconnected 
PAD_G4/I1          | PVSS2DGZ_H_G              | Physically Disconnected 
PAD_I2/I1          | PVDD2DGZ_H_G              | Physically Disconnected 
PAD_I4/I1          | PVDD2DGZ_H_G              | Physically Disconnected 
PAD_POC/I1         | PVDD2POC_V_G              | Physically Disconnected 
I5/I1              | PDDW04DGZ_H_G             | Physically Disconnected 
I6/I1              | PDDW04DGZ_H_G             | Physically Disconnected 
I7/I1              | PDDW04DGZ_H_G             | Physically Disconnected 
I8/I1              | PDDW04DGZ_H_G             | Physically Disconnected 
I9/I1              | PDDW04DGZ_H_G             | Physically Disconnected 
I10/I1             | PDDW04DGZ_H_G             | Physically Disconnected 
I11/I1             | PDDW04DGZ_H_G             | Physically Disconnected 
I12/I1             | PDDW04DGZ_H_G             | Physically Disconnected 
I13/I1             | PDDW04DGZ_H_G             | Physically Disconnected 
I14/I1             | PDDW04DGZ_H_G             | Physically Disconnected 
I15/I1             | PDDW04DGZ_H_G             | Physically Disconnected 
I16/I1             | PDDW04DGZ_H_G             | Physically Disconnected 
I17/I1             | PDDW04DGZ_H_G             | Physically Disconnected 
I18/I1             | PDDW04DGZ_H_G             | Physically Disconnected 
I19/I1             | PDDW04DGZ_H_G             | Physically Disconnected 
I20/I1             | PDDW04DGZ_H_G             | Physically Disconnected 
I21/I1             | PDDW04DGZ_H_G             | Physically Disconnected 
I22/I1             | PDDW04DGZ_H_G             | Physically Disconnected 
I23/I1             | PDDW04DGZ_H_G             | Physically Disconnected 
I24/I1             | PDDW04DGZ_H_G             | Physically Disconnected 
I25/I1             | PDDW04DGZ_H_G             | Physically Disconnected 
I26/I1             | PDDW04DGZ_H_G             | Physically Disconnected 
I27/I1             | PDDW04DGZ_H_G             | Physically Disconnected 
I28/I1             | PDDW04DGZ_H_G             | Physically Disconnected 
I29/I1             | PDDW04DGZ_H_G             | Physically Disconnected 
I30/I1             | PDDW04DGZ_V_G             | Physically Disconnected 
I31/I1             | PDDW04DGZ_V_G             | Physically Disconnected 
I32/I1             | PDDW04DGZ_V_G             | Physically Disconnected 
I33/I1             | PDDW04DGZ_V_G             | Physically Disconnected 
I34/I1             | PDDW04DGZ_V_G             | Physically Disconnected 
I35/I1             | PDDW04DGZ_V_G             | Physically Disconnected 
I36/I1             | PDDW04DGZ_V_G             | Physically Disconnected 
I37/I1             | PDDW04DGZ_V_G             | Physically Disconnected 
I38/I1             | PDDW04DGZ_V_G             | Physically Disconnected 
I39/I1             | PDDW04DGZ_V_G             | Physically Disconnected 
I40/I1             | PDDW04DGZ_V_G             | Physically Disconnected 
I41/I1             | PDDW04DGZ_V_G             | Physically Disconnected 
I42/I1             | PDDW04DGZ_V_G             | Physically Disconnected 
I43/I1             | PDDW04DGZ_V_G             | Physically Disconnected 
I44/I1             | PDDW04DGZ_V_G             | Physically Disconnected 
I45/I1             | PDDW04DGZ_V_G             | Physically Disconnected 
I46/I1             | PDDW04DGZ_V_G             | Physically Disconnected 
I47/I1             | PDDW04DGZ_V_G             | Physically Disconnected 
I48/I1             | PDDW04DGZ_V_G             | Physically Disconnected 
I49/I1             | PDDW04DGZ_V_G             | Physically Disconnected 
I50/I1             | PDDW04DGZ_V_G             | Physically Disconnected 
I51/I1             | PDDW04DGZ_V_G             | Physically Disconnected 
I52/I1             | PDDW04DGZ_V_G             | Physically Disconnected 
I53/I1             | PDDW04DGZ_V_G             | Physically Disconnected 
Pcornerlr/I1       | PCORNER_G                 | Physically Disconnected 
Pcornerll/I1       | PCORNER_G                 | Physically Disconnected 
Pcornerur/I1       | PCORNER_G                 | Physically Disconnected 
Pcornerul/I1       | PCORNER_G                 | Physically Disconnected 


* Instances with Floating Power Pins
Instance Name      | Cell Name                 | Disconnected Nodes/Total Nodes | Location (um)
------------------------------------------------------------------
IO_FILLER_S_S_260  | PFILLER0005_G             |                  1/1           | Pin VDD (271.152, 105.48)
IO_FILLER_S_S_359  | PFILLER0005_G             |                  1/1           | Pin VDD (316.647, 105.48)
IO_FILLER_E_E_225  | PFILLER0005_G             |                  1/1           | Pin VDD (774.52, 225.977)
IO_FILLER_E_E_226  | PFILLER0005_G             |                  1/1           | Pin VDD (774.52, 225.982)
IO_FILLER_E_E_227  | PFILLER0005_G             |                  1/1           | Pin VDD (774.52, 225.988)
IO_FILLER_E_E_228  | PFILLER0005_G             |                  1/1           | Pin VDD (774.52, 225.993)
IO_FILLER_E_E_229  | PFILLER0005_G             |                  1/1           | Pin VDD (774.52, 225.998)
IO_FILLER_E_E_230  | PFILLER0005_G             |                  1/1           | Pin VDD (774.52, 226.002)
PAD_G3/I1          | PVSS1DGZ_H_G              |                  1/1           | Pin VDD (774.52, 190.67)
I30/I1             | PDDW04DGZ_V_G             |                  1/1           | Pin VDD (774.52, 236.005)
IO_FILLER_E_E_4    | PFILLER20_G               |                  1/1           | Pin VDD (774.52, 301.34)
IO_FILLER_E_E_5    | PFILLER20_G               |                  1/1           | Pin VDD (774.52, 346.675)
IO_FILLER_E_E_18   | PFILLER5_G                |                  1/1           | Pin VDD (774.52, 268.505)
IO_FILLER_E_E_19   | PFILLER5_G                |                  1/1           | Pin VDD (774.52, 313.84)
IO_FILLER_E_E_231  | PFILLER0005_G             |                  1/1           | Pin VDD (774.52, 271.007)
IO_FILLER_E_E_232  | PFILLER0005_G             |                  1/1           | Pin VDD (774.52, 271.012)
IO_FILLER_E_E_233  | PFILLER0005_G             |                  1/1           | Pin VDD (774.52, 271.017)
IO_FILLER_E_E_234  | PFILLER0005_G             |                  1/1           | Pin VDD (774.52, 271.022)
IO_FILLER_E_E_235  | PFILLER0005_G             |                  1/1           | Pin VDD (774.52, 271.027)
IO_FILLER_E_E_236  | PFILLER0005_G             |                  1/1           | Pin VDD (774.52, 271.033)
IO_FILLER_E_E_237  | PFILLER0005_G             |                  1/1           | Pin VDD (774.52, 271.038)
IO_FILLER_E_E_238  | PFILLER0005_G             |                  1/1           | Pin VDD (774.52, 271.043)
IO_FILLER_E_E_239  | PFILLER0005_G             |                  1/1           | Pin VDD (774.52, 271.048)
IO_FILLER_E_E_240  | PFILLER0005_G             |                  1/1           | Pin VDD (774.52, 271.053)
IO_FILLER_E_E_241  | PFILLER0005_G             |                  1/1           | Pin VDD (774.52, 271.058)
IO_FILLER_E_E_242  | PFILLER0005_G             |                  1/1           | Pin VDD (774.52, 271.062)
IO_FILLER_E_E_243  | PFILLER0005_G             |                  1/1           | Pin VDD (774.52, 271.067)
IO_FILLER_E_E_244  | PFILLER0005_G             |                  1/1           | Pin VDD (774.52, 271.072)
IO_FILLER_E_E_245  | PFILLER0005_G             |                  1/1           | Pin VDD (774.52, 271.077)
IO_FILLER_E_E_246  | PFILLER0005_G             |                  1/1           | Pin VDD (774.52, 271.082)
IO_FILLER_E_E_247  | PFILLER0005_G             |                  1/1           | Pin VDD (774.52, 271.087)
IO_FILLER_E_E_248  | PFILLER0005_G             |                  1/1           | Pin VDD (774.52, 271.092)
IO_FILLER_E_E_249  | PFILLER0005_G             |                  1/1           | Pin VDD (774.52, 271.098)
IO_FILLER_E_E_250  | PFILLER0005_G             |                  1/1           | Pin VDD (774.52, 271.103)
IO_FILLER_E_E_251  | PFILLER0005_G             |                  1/1           | Pin VDD (774.52, 271.108)
IO_FILLER_E_E_252  | PFILLER0005_G             |                  1/1           | Pin VDD (774.52, 271.113)
IO_FILLER_E_E_253  | PFILLER0005_G             |                  1/1           | Pin VDD (774.52, 271.118)
IO_FILLER_E_E_254  | PFILLER0005_G             |                  1/1           | Pin VDD (774.52, 271.123)
IO_FILLER_E_E_255  | PFILLER0005_G             |                  1/1           | Pin VDD (774.52, 271.127)
IO_FILLER_E_E_256  | PFILLER0005_G             |                  1/1           | Pin VDD (774.52, 271.132)
IO_FILLER_E_E_257  | PFILLER0005_G             |                  1/1           | Pin VDD (774.52, 271.137)
IO_FILLER_E_E_258  | PFILLER0005_G             |                  1/1           | Pin VDD (774.52, 271.142)
IO_FILLER_E_E_259  | PFILLER0005_G             |                  1/1           | Pin VDD (774.52, 271.147)
IO_FILLER_E_E_260  | PFILLER0005_G             |                  1/1           | Pin VDD (774.52, 271.152)
IO_FILLER_E_E_261  | PFILLER0005_G             |                  1/1           | Pin VDD (774.52, 271.158)
IO_FILLER_E_E_262  | PFILLER0005_G             |                  1/1           | Pin VDD (774.52, 271.163)
IO_FILLER_E_E_263  | PFILLER0005_G             |                  1/1           | Pin VDD (774.52, 271.168)
IO_FILLER_E_E_264  | PFILLER0005_G             |                  1/1           | Pin VDD (774.52, 271.173)
IO_FILLER_E_E_265  | PFILLER0005_G             |                  1/1           | Pin VDD (774.52, 271.178)
IO_FILLER_E_E_266  | PFILLER0005_G             |                  1/1           | Pin VDD (774.52, 271.183)
IO_FILLER_E_E_267  | PFILLER0005_G             |                  1/1           | Pin VDD (774.52, 271.188)
IO_FILLER_E_E_268  | PFILLER0005_G             |                  1/1           | Pin VDD (774.52, 271.192)
IO_FILLER_E_E_269  | PFILLER0005_G             |                  1/1           | Pin VDD (774.52, 271.197)
IO_FILLER_E_E_270  | PFILLER0005_G             |                  1/1           | Pin VDD (774.52, 271.202)
IO_FILLER_E_E_271  | PFILLER0005_G             |                  1/1           | Pin VDD (774.52, 271.207)
IO_FILLER_E_E_272  | PFILLER0005_G             |                  1/1           | Pin VDD (774.52, 271.212)
IO_FILLER_E_E_273  | PFILLER0005_G             |                  1/1           | Pin VDD (774.52, 271.217)
IO_FILLER_E_E_274  | PFILLER0005_G             |                  1/1           | Pin VDD (774.52, 271.223)
IO_FILLER_E_E_275  | PFILLER0005_G             |                  1/1           | Pin VDD (774.52, 271.228)
IO_FILLER_E_E_276  | PFILLER0005_G             |                  1/1           | Pin VDD (774.52, 271.233)
IO_FILLER_E_E_277  | PFILLER0005_G             |                  1/1           | Pin VDD (774.52, 271.238)
IO_FILLER_E_E_278  | PFILLER0005_G             |                  1/1           | Pin VDD (774.52, 271.243)
IO_FILLER_E_E_279  | PFILLER0005_G             |                  1/1           | Pin VDD (774.52, 271.248)
IO_FILLER_E_E_280  | PFILLER0005_G             |                  1/1           | Pin VDD (774.52, 271.252)
IO_FILLER_E_E_281  | PFILLER0005_G             |                  1/1           | Pin VDD (774.52, 271.257)
IO_FILLER_E_E_282  | PFILLER0005_G             |                  1/1           | Pin VDD (774.52, 271.262)
IO_FILLER_E_E_283  | PFILLER0005_G             |                  1/1           | Pin VDD (774.52, 271.267)
IO_FILLER_E_E_284  | PFILLER0005_G             |                  1/1           | Pin VDD (774.52, 271.272)
IO_FILLER_E_E_285  | PFILLER0005_G             |                  1/1           | Pin VDD (774.52, 271.277)
IO_FILLER_E_E_286  | PFILLER0005_G             |                  1/1           | Pin VDD (774.52, 271.283)
IO_FILLER_E_E_287  | PFILLER0005_G             |                  1/1           | Pin VDD (774.52, 271.288)
IO_FILLER_E_E_288  | PFILLER0005_G             |                  1/1           | Pin VDD (774.52, 271.293)
IO_FILLER_E_E_289  | PFILLER0005_G             |                  1/1           | Pin VDD (774.52, 271.298)
IO_FILLER_E_E_290  | PFILLER0005_G             |                  1/1           | Pin VDD (774.52, 271.303)
IO_FILLER_E_E_291  | PFILLER0005_G             |                  1/1           | Pin VDD (774.52, 271.308)
IO_FILLER_E_E_292  | PFILLER0005_G             |                  1/1           | Pin VDD (774.52, 271.312)
IO_FILLER_E_E_293  | PFILLER0005_G             |                  1/1           | Pin VDD (774.52, 271.317)
IO_FILLER_E_E_294  | PFILLER0005_G             |                  1/1           | Pin VDD (774.52, 271.322)
IO_FILLER_E_E_295  | PFILLER0005_G             |                  1/1           | Pin VDD (774.52, 271.327)
IO_FILLER_E_E_296  | PFILLER0005_G             |                  1/1           | Pin VDD (774.52, 271.332)
IO_FILLER_E_E_297  | PFILLER0005_G             |                  1/1           | Pin VDD (774.52, 271.337)
IO_FILLER_E_E_298  | PFILLER0005_G             |                  1/1           | Pin VDD (774.52, 316.342)
IO_FILLER_E_E_299  | PFILLER0005_G             |                  1/1           | Pin VDD (774.52, 316.348)
IO_FILLER_E_E_300  | PFILLER0005_G             |                  1/1           | Pin VDD (774.52, 316.353)
IO_FILLER_E_E_301  | PFILLER0005_G             |                  1/1           | Pin VDD (774.52, 316.358)
IO_FILLER_E_E_302  | PFILLER0005_G             |                  1/1           | Pin VDD (774.52, 316.363)
IO_FILLER_E_E_303  | PFILLER0005_G             |                  1/1           | Pin VDD (774.52, 316.368)
IO_FILLER_E_E_304  | PFILLER0005_G             |                  1/1           | Pin VDD (774.52, 316.373)
IO_FILLER_E_E_305  | PFILLER0005_G             |                  1/1           | Pin VDD (774.52, 316.377)
IO_FILLER_E_E_306  | PFILLER0005_G             |                  1/1           | Pin VDD (774.52, 316.382)
IO_FILLER_E_E_307  | PFILLER0005_G             |                  1/1           | Pin VDD (774.52, 316.387)
IO_FILLER_E_E_308  | PFILLER0005_G             |                  1/1           | Pin VDD (774.52, 316.392)
IO_FILLER_E_E_309  | PFILLER0005_G             |                  1/1           | Pin VDD (774.52, 316.397)
IO_FILLER_E_E_310  | PFILLER0005_G             |                  1/1           | Pin VDD (774.52, 316.402)
IO_FILLER_E_E_311  | PFILLER0005_G             |                  1/1           | Pin VDD (774.52, 316.408)
IO_FILLER_E_E_312  | PFILLER0005_G             |                  1/1           | Pin VDD (774.52, 316.413)
IO_FILLER_E_E_313  | PFILLER0005_G             |                  1/1           | Pin VDD (774.52, 316.418)
IO_FILLER_E_E_314  | PFILLER0005_G             |                  1/1           | Pin VDD (774.52, 316.423)
IO_FILLER_E_E_315  | PFILLER0005_G             |                  1/1           | Pin VDD (774.52, 316.428)
IO_FILLER_E_E_316  | PFILLER0005_G             |                  1/1           | Pin VDD (774.52, 316.433)
IO_FILLER_E_E_317  | PFILLER0005_G             |                  1/1           | Pin VDD (774.52, 316.438)
IO_FILLER_E_E_318  | PFILLER0005_G             |                  1/1           | Pin VDD (774.52, 316.442)
IO_FILLER_E_E_319  | PFILLER0005_G             |                  1/1           | Pin VDD (774.52, 316.447)
IO_FILLER_E_E_320  | PFILLER0005_G             |                  1/1           | Pin VDD (774.52, 316.452)
IO_FILLER_E_E_321  | PFILLER0005_G             |                  1/1           | Pin VDD (774.52, 316.457)
IO_FILLER_E_E_322  | PFILLER0005_G             |                  1/1           | Pin VDD (774.52, 316.462)
IO_FILLER_E_E_323  | PFILLER0005_G             |                  1/1           | Pin VDD (774.52, 316.467)
IO_FILLER_E_E_324  | PFILLER0005_G             |                  1/1           | Pin VDD (774.52, 316.473)
IO_FILLER_E_E_325  | PFILLER0005_G             |                  1/1           | Pin VDD (774.52, 316.478)
IO_FILLER_E_E_326  | PFILLER0005_G             |                  1/1           | Pin VDD (774.52, 316.483)
IO_FILLER_E_E_327  | PFILLER0005_G             |                  1/1           | Pin VDD (774.52, 316.488)
IO_FILLER_E_E_328  | PFILLER0005_G             |                  1/1           | Pin VDD (774.52, 316.493)
IO_FILLER_E_E_329  | PFILLER0005_G             |                  1/1           | Pin VDD (774.52, 316.498)
IO_FILLER_E_E_330  | PFILLER0005_G             |                  1/1           | Pin VDD (774.52, 316.502)
IO_FILLER_E_E_331  | PFILLER0005_G             |                  1/1           | Pin VDD (774.52, 316.507)
IO_FILLER_E_E_332  | PFILLER0005_G             |                  1/1           | Pin VDD (774.52, 316.512)
IO_FILLER_E_E_333  | PFILLER0005_G             |                  1/1           | Pin VDD (774.52, 316.517)
IO_FILLER_E_E_334  | PFILLER0005_G             |                  1/1           | Pin VDD (774.52, 316.522)
IO_FILLER_E_E_335  | PFILLER0005_G             |                  1/1           | Pin VDD (774.52, 316.527)
IO_FILLER_E_E_336  | PFILLER0005_G             |                  1/1           | Pin VDD (774.52, 316.533)
IO_FILLER_E_E_337  | PFILLER0005_G             |                  1/1           | Pin VDD (774.52, 316.538)
IO_FILLER_E_E_338  | PFILLER0005_G             |                  1/1           | Pin VDD (774.52, 316.543)
IO_FILLER_E_E_339  | PFILLER0005_G             |                  1/1           | Pin VDD (774.52, 316.548)
IO_FILLER_E_E_340  | PFILLER0005_G             |                  1/1           | Pin VDD (774.52, 316.553)
IO_FILLER_E_E_341  | PFILLER0005_G             |                  1/1           | Pin VDD (774.52, 316.558)
IO_FILLER_E_E_342  | PFILLER0005_G             |                  1/1           | Pin VDD (774.52, 316.562)
IO_FILLER_E_E_343  | PFILLER0005_G             |                  1/1           | Pin VDD (774.52, 316.567)
IO_FILLER_E_E_344  | PFILLER0005_G             |                  1/1           | Pin VDD (774.52, 316.572)
IO_FILLER_E_E_345  | PFILLER0005_G             |                  1/1           | Pin VDD (774.52, 316.577)
IO_FILLER_E_E_346  | PFILLER0005_G             |                  1/1           | Pin VDD (774.52, 316.582)
IO_FILLER_E_E_347  | PFILLER0005_G             |                  1/1           | Pin VDD (774.52, 316.587)
IO_FILLER_E_E_348  | PFILLER0005_G             |                  1/1           | Pin VDD (774.52, 316.592)
IO_FILLER_E_E_349  | PFILLER0005_G             |                  1/1           | Pin VDD (774.52, 316.598)
IO_FILLER_E_E_350  | PFILLER0005_G             |                  1/1           | Pin VDD (774.52, 316.603)
IO_FILLER_E_E_351  | PFILLER0005_G             |                  1/1           | Pin VDD (774.52, 316.608)
IO_FILLER_E_E_352  | PFILLER0005_G             |                  1/1           | Pin VDD (774.52, 316.613)
IO_FILLER_E_E_353  | PFILLER0005_G             |                  1/1           | Pin VDD (774.52, 316.618)
IO_FILLER_E_E_354  | PFILLER0005_G             |                  1/1           | Pin VDD (774.52, 316.623)
IO_FILLER_E_E_355  | PFILLER0005_G             |                  1/1           | Pin VDD (774.52, 316.627)
IO_FILLER_E_E_356  | PFILLER0005_G             |                  1/1           | Pin VDD (774.52, 316.632)
IO_FILLER_E_E_357  | PFILLER0005_G             |                  1/1           | Pin VDD (774.52, 316.637)
IO_FILLER_E_E_358  | PFILLER0005_G             |                  1/1           | Pin VDD (774.52, 316.642)
IO_FILLER_E_E_359  | PFILLER0005_G             |                  1/1           | Pin VDD (774.52, 316.647)
IO_FILLER_E_E_360  | PFILLER0005_G             |                  1/1           | Pin VDD (774.52, 316.652)
IO_FILLER_E_E_361  | PFILLER0005_G             |                  1/1           | Pin VDD (774.52, 316.658)
IO_FILLER_E_E_362  | PFILLER0005_G             |                  1/1           | Pin VDD (774.52, 316.663)
IO_FILLER_E_E_363  | PFILLER0005_G             |                  1/1           | Pin VDD (774.52, 316.668)
IO_FILLER_E_E_364  | PFILLER0005_G             |                  1/1           | Pin VDD (774.52, 316.673)
I31/I1             | PDDW04DGZ_V_G             |                  1/1           | Pin VDD (774.52, 281.34)
I32/I1             | PDDW04DGZ_V_G             |                  1/1           | Pin VDD (774.52, 326.675)
IO_FILLER_E_E_6    | PFILLER20_G               |                  1/1           | Pin VDD (774.52, 392.005)
IO_FILLER_E_E_7    | PFILLER20_G               |                  1/1           | Pin VDD (774.52, 437.335)
IO_FILLER_E_E_20   | PFILLER5_G                |                  1/1           | Pin VDD (774.52, 359.175)
IO_FILLER_E_E_21   | PFILLER5_G                |                  1/1           | Pin VDD (774.52, 404.505)
IO_FILLER_E_E_365  | PFILLER0005_G             |                  1/1           | Pin VDD (774.52, 361.678)
IO_FILLER_E_E_366  | PFILLER0005_G             |                  1/1           | Pin VDD (774.52, 361.683)
IO_FILLER_E_E_367  | PFILLER0005_G             |                  1/1           | Pin VDD (774.52, 361.688)
IO_FILLER_E_E_368  | PFILLER0005_G             |                  1/1           | Pin VDD (774.52, 361.692)
IO_FILLER_E_E_369  | PFILLER0005_G             |                  1/1           | Pin VDD (774.52, 361.697)
IO_FILLER_E_E_370  | PFILLER0005_G             |                  1/1           | Pin VDD (774.52, 361.702)
IO_FILLER_E_E_371  | PFILLER0005_G             |                  1/1           | Pin VDD (774.52, 361.707)
IO_FILLER_E_E_372  | PFILLER0005_G             |                  1/1           | Pin VDD (774.52, 361.712)
IO_FILLER_E_E_373  | PFILLER0005_G             |                  1/1           | Pin VDD (774.52, 361.717)
IO_FILLER_E_E_374  | PFILLER0005_G             |                  1/1           | Pin VDD (774.52, 361.723)
IO_FILLER_E_E_375  | PFILLER0005_G             |                  1/1           | Pin VDD (774.52, 361.728)
IO_FILLER_E_E_376  | PFILLER0005_G             |                  1/1           | Pin VDD (774.52, 361.733)
IO_FILLER_E_E_377  | PFILLER0005_G             |                  1/1           | Pin VDD (774.52, 361.738)
IO_FILLER_E_E_378  | PFILLER0005_G             |                  1/1           | Pin VDD (774.52, 361.743)
IO_FILLER_E_E_379  | PFILLER0005_G             |                  1/1           | Pin VDD (774.52, 361.748)
IO_FILLER_E_E_380  | PFILLER0005_G             |                  1/1           | Pin VDD (774.52, 361.752)
IO_FILLER_E_E_381  | PFILLER0005_G             |                  1/1           | Pin VDD (774.52, 361.757)
IO_FILLER_E_E_382  | PFILLER0005_G             |                  1/1           | Pin VDD (774.52, 361.762)
IO_FILLER_E_E_383  | PFILLER0005_G             |                  1/1           | Pin VDD (774.52, 361.767)
IO_FILLER_E_E_384  | PFILLER0005_G             |                  1/1           | Pin VDD (774.52, 361.772)
IO_FILLER_E_E_385  | PFILLER0005_G             |                  1/1           | Pin VDD (774.52, 361.777)
IO_FILLER_E_E_386  | PFILLER0005_G             |                  1/1           | Pin VDD (774.52, 361.783)
IO_FILLER_E_E_387  | PFILLER0005_G             |                  1/1           | Pin VDD (774.52, 361.788)
IO_FILLER_E_E_388  | PFILLER0005_G             |                  1/1           | Pin VDD (774.52, 361.793)
IO_FILLER_E_E_389  | PFILLER0005_G             |                  1/1           | Pin VDD (774.52, 361.798)
IO_FILLER_E_E_390  | PFILLER0005_G             |                  1/1           | Pin VDD (774.52, 361.803)
IO_FILLER_E_E_391  | PFILLER0005_G             |                  1/1           | Pin VDD (774.52, 361.808)
IO_FILLER_E_E_392  | PFILLER0005_G             |                  1/1           | Pin VDD (774.52, 361.812)
IO_FILLER_E_E_393  | PFILLER0005_G             |                  1/1           | Pin VDD (774.52, 361.817)
IO_FILLER_E_E_394  | PFILLER0005_G             |                  1/1           | Pin VDD (774.52, 361.822)
IO_FILLER_E_E_395  | PFILLER0005_G             |                  1/1           | Pin VDD (774.52, 361.827)
IO_FILLER_E_E_396  | PFILLER0005_G             |                  1/1           | Pin VDD (774.52, 361.832)
IO_FILLER_E_E_397  | PFILLER0005_G             |                  1/1           | Pin VDD (774.52, 361.837)
IO_FILLER_E_E_398  | PFILLER0005_G             |                  1/1           | Pin VDD (774.52, 361.842)
IO_FILLER_E_E_399  | PFILLER0005_G             |                  1/1           | Pin VDD (774.52, 361.848)
IO_FILLER_E_E_400  | PFILLER0005_G             |                  1/1           | Pin VDD (774.52, 361.853)
IO_FILLER_E_E_401  | PFILLER0005_G             |                  1/1           | Pin VDD (774.52, 361.858)
IO_FILLER_E_E_402  | PFILLER0005_G             |                  1/1           | Pin VDD (774.52, 361.863)
IO_FILLER_E_E_403  | PFILLER0005_G             |                  1/1           | Pin VDD (774.52, 361.868)
IO_FILLER_E_E_404  | PFILLER0005_G             |                  1/1           | Pin VDD (774.52, 361.873)
IO_FILLER_E_E_405  | PFILLER0005_G             |                  1/1           | Pin VDD (774.52, 361.877)
IO_FILLER_E_E_406  | PFILLER0005_G             |                  1/1           | Pin VDD (774.52, 361.882)
IO_FILLER_E_E_407  | PFILLER0005_G             |                  1/1           | Pin VDD (774.52, 361.887)
IO_FILLER_E_E_408  | PFILLER0005_G             |                  1/1           | Pin VDD (774.52, 361.892)
IO_FILLER_E_E_409  | PFILLER0005_G             |                  1/1           | Pin VDD (774.52, 361.897)
IO_FILLER_E_E_410  | PFILLER0005_G             |                  1/1           | Pin VDD (774.52, 361.902)
IO_FILLER_E_E_411  | PFILLER0005_G             |                  1/1           | Pin VDD (774.52, 361.908)
IO_FILLER_E_E_412  | PFILLER0005_G             |                  1/1           | Pin VDD (774.52, 361.913)
IO_FILLER_E_E_413  | PFILLER0005_G             |                  1/1           | Pin VDD (774.52, 361.918)
IO_FILLER_E_E_414  | PFILLER0005_G             |                  1/1           | Pin VDD (774.52, 361.923)
IO_FILLER_E_E_415  | PFILLER0005_G             |                  1/1           | Pin VDD (774.52, 361.928)
IO_FILLER_E_E_416  | PFILLER0005_G             |                  1/1           | Pin VDD (774.52, 361.933)
IO_FILLER_E_E_417  | PFILLER0005_G             |                  1/1           | Pin VDD (774.52, 361.938)
IO_FILLER_E_E_418  | PFILLER0005_G             |                  1/1           | Pin VDD (774.52, 361.942)
IO_FILLER_E_E_419  | PFILLER0005_G             |                  1/1           | Pin VDD (774.52, 361.947)
IO_FILLER_E_E_420  | PFILLER0005_G             |                  1/1           | Pin VDD (774.52, 361.952)
IO_FILLER_E_E_421  | PFILLER0005_G             |                  1/1           | Pin VDD (774.52, 361.957)
IO_FILLER_E_E_422  | PFILLER0005_G             |                  1/1           | Pin VDD (774.52, 361.962)
IO_FILLER_E_E_423  | PFILLER0005_G             |                  1/1           | Pin VDD (774.52, 361.967)
IO_FILLER_E_E_424  | PFILLER0005_G             |                  1/1           | Pin VDD (774.52, 361.973)
IO_FILLER_E_E_425  | PFILLER0005_G             |                  1/1           | Pin VDD (774.52, 361.978)
IO_FILLER_E_E_426  | PFILLER0005_G             |                  1/1           | Pin VDD (774.52, 361.983)
IO_FILLER_E_E_427  | PFILLER0005_G             |                  1/1           | Pin VDD (774.52, 361.988)
IO_FILLER_E_E_428  | PFILLER0005_G             |                  1/1           | Pin VDD (774.52, 361.993)
IO_FILLER_E_E_429  | PFILLER0005_G             |                  1/1           | Pin VDD (774.52, 361.998)
IO_FILLER_E_E_430  | PFILLER0005_G             |                  1/1           | Pin VDD (774.52, 362.002)
IO_FILLER_E_E_431  | PFILLER0005_G             |                  1/1           | Pin VDD (774.52, 407.007)
IO_FILLER_E_E_432  | PFILLER0005_G             |                  1/1           | Pin VDD (774.52, 407.012)
IO_FILLER_E_E_433  | PFILLER0005_G             |                  1/1           | Pin VDD (774.52, 407.017)
IO_FILLER_E_E_434  | PFILLER0005_G             |                  1/1           | Pin VDD (774.52, 407.022)
IO_FILLER_E_E_435  | PFILLER0005_G             |                  1/1           | Pin VDD (774.52, 407.027)
IO_FILLER_E_E_436  | PFILLER0005_G             |                  1/1           | Pin VDD (774.52, 407.033)
IO_FILLER_E_E_437  | PFILLER0005_G             |                  1/1           | Pin VDD (774.52, 407.038)
IO_FILLER_E_E_438  | PFILLER0005_G             |                  1/1           | Pin VDD (774.52, 407.043)
IO_FILLER_E_E_439  | PFILLER0005_G             |                  1/1           | Pin VDD (774.52, 407.048)
IO_FILLER_E_E_440  | PFILLER0005_G             |                  1/1           | Pin VDD (774.52, 407.053)
IO_FILLER_E_E_441  | PFILLER0005_G             |                  1/1           | Pin VDD (774.52, 407.058)
IO_FILLER_E_E_442  | PFILLER0005_G             |                  1/1           | Pin VDD (774.52, 407.062)
IO_FILLER_E_E_443  | PFILLER0005_G             |                  1/1           | Pin VDD (774.52, 407.067)
IO_FILLER_E_E_444  | PFILLER0005_G             |                  1/1           | Pin VDD (774.52, 407.072)
IO_FILLER_E_E_445  | PFILLER0005_G             |                  1/1           | Pin VDD (774.52, 407.077)
IO_FILLER_E_E_446  | PFILLER0005_G             |                  1/1           | Pin VDD (774.52, 407.082)
IO_FILLER_E_E_447  | PFILLER0005_G             |                  1/1           | Pin VDD (774.52, 407.087)
IO_FILLER_E_E_448  | PFILLER0005_G             |                  1/1           | Pin VDD (774.52, 407.092)
IO_FILLER_E_E_449  | PFILLER0005_G             |                  1/1           | Pin VDD (774.52, 407.098)
IO_FILLER_E_E_450  | PFILLER0005_G             |                  1/1           | Pin VDD (774.52, 407.103)
IO_FILLER_E_E_451  | PFILLER0005_G             |                  1/1           | Pin VDD (774.52, 407.108)
IO_FILLER_E_E_452  | PFILLER0005_G             |                  1/1           | Pin VDD (774.52, 407.113)
IO_FILLER_E_E_453  | PFILLER0005_G             |                  1/1           | Pin VDD (774.52, 407.118)
IO_FILLER_E_E_454  | PFILLER0005_G             |                  1/1           | Pin VDD (774.52, 407.123)
IO_FILLER_E_E_455  | PFILLER0005_G             |                  1/1           | Pin VDD (774.52, 407.127)
IO_FILLER_E_E_456  | PFILLER0005_G             |                  1/1           | Pin VDD (774.52, 407.132)
IO_FILLER_E_E_457  | PFILLER0005_G             |                  1/1           | Pin VDD (774.52, 407.137)
IO_FILLER_E_E_458  | PFILLER0005_G             |                  1/1           | Pin VDD (774.52, 407.142)
IO_FILLER_E_E_459  | PFILLER0005_G             |                  1/1           | Pin VDD (774.52, 407.147)
IO_FILLER_E_E_460  | PFILLER0005_G             |                  1/1           | Pin VDD (774.52, 407.152)
IO_FILLER_E_E_461  | PFILLER0005_G             |                  1/1           | Pin VDD (774.52, 407.158)
IO_FILLER_E_E_462  | PFILLER0005_G             |                  1/1           | Pin VDD (774.52, 407.163)
IO_FILLER_E_E_463  | PFILLER0005_G             |                  1/1           | Pin VDD (774.52, 407.168)
IO_FILLER_E_E_464  | PFILLER0005_G             |                  1/1           | Pin VDD (774.52, 407.173)
IO_FILLER_E_E_465  | PFILLER0005_G             |                  1/1           | Pin VDD (774.52, 407.178)
IO_FILLER_E_E_466  | PFILLER0005_G             |                  1/1           | Pin VDD (774.52, 407.183)
IO_FILLER_E_E_467  | PFILLER0005_G             |                  1/1           | Pin VDD (774.52, 407.188)
IO_FILLER_E_E_468  | PFILLER0005_G             |                  1/1           | Pin VDD (774.52, 407.192)
IO_FILLER_E_E_469  | PFILLER0005_G             |                  1/1           | Pin VDD (774.52, 407.197)
IO_FILLER_E_E_470  | PFILLER0005_G             |                  1/1           | Pin VDD (774.52, 407.202)
IO_FILLER_E_E_471  | PFILLER0005_G             |                  1/1           | Pin VDD (774.52, 407.207)
IO_FILLER_E_E_472  | PFILLER0005_G             |                  1/1           | Pin VDD (774.52, 407.212)
IO_FILLER_E_E_473  | PFILLER0005_G             |                  1/1           | Pin VDD (774.52, 407.217)
IO_FILLER_E_E_474  | PFILLER0005_G             |                  1/1           | Pin VDD (774.52, 407.223)
IO_FILLER_E_E_475  | PFILLER0005_G             |                  1/1           | Pin VDD (774.52, 407.228)
IO_FILLER_E_E_476  | PFILLER0005_G             |                  1/1           | Pin VDD (774.52, 407.233)
IO_FILLER_E_E_477  | PFILLER0005_G             |                  1/1           | Pin VDD (774.52, 407.238)
IO_FILLER_E_E_478  | PFILLER0005_G             |                  1/1           | Pin VDD (774.52, 407.243)
IO_FILLER_W_W_4    | PFILLER20_G               |                  1/1           | Pin VDD (105.48, 290)
IO_FILLER_W_W_5    | PFILLER20_G               |                  1/1           | Pin VDD (105.48, 332.5)
IO_FILLER_W_W_25   | PFILLER1_G                |                  1/1           | Pin VDD (105.48, 301.5)
IO_FILLER_W_W_24   | PFILLER1_G                |                  1/1           | Pin VDD (105.48, 300.5)
PAD_I4/I1          | PVDD2DGZ_H_G              |                  1/1           | Pin VDD (105.48, 142.5)
I20/I1             | PDDW04DGZ_H_G             |                  1/1           | Pin VDD (326.675, 105.48)
IO_FILLER_S_S_305  | PFILLER0005_G             |                  1/1           | Pin VDD (316.377, 105.48)
IO_FILLER_S_S_294  | PFILLER0005_G             |                  1/1           | Pin VDD (271.322, 105.48)
IO_FILLER_S_S_237  | PFILLER0005_G             |                  1/1           | Pin VDD (271.038, 105.48)
IO_FILLER_S_S_362  | PFILLER0005_G             |                  1/1           | Pin VDD (316.663, 105.48)
IO_FILLER_S_S_231  | PFILLER0005_G             |                  1/1           | Pin VDD (271.007, 105.48)
IO_FILLER_S_S_67   | PFILLER0005_G             |                  1/1           | Pin VDD (135.188, 105.48)
IO_FILLER_S_S_71   | PFILLER0005_G             |                  1/1           | Pin VDD (135.208, 105.48)
IO_FILLER_S_S_88   | PFILLER0005_G             |                  1/1           | Pin VDD (135.292, 105.48)
IO_FILLER_S_S_92   | PFILLER0005_G             |                  1/1           | Pin VDD (135.312, 105.48)
IO_FILLER_S_S_38   | PFILLER0005_G             |                  1/1           | Pin VDD (135.042, 105.48)
IO_FILLER_S_S_76   | PFILLER0005_G             |                  1/1           | Pin VDD (135.232, 105.48)
IO_FILLER_S_S_80   | PFILLER0005_G             |                  1/1           | Pin VDD (135.252, 105.48)
IO_FILLER_S_S_84   | PFILLER0005_G             |                  1/1           | Pin VDD (135.273, 105.48)
IO_FILLER_S_S_83   | PFILLER0005_G             |                  1/1           | Pin VDD (135.268, 105.48)
IO_FILLER_S_S_87   | PFILLER0005_G             |                  1/1           | Pin VDD (135.287, 105.48)
IO_FILLER_S_S_86   | PFILLER0005_G             |                  1/1           | Pin VDD (135.282, 105.48)
IO_FILLER_S_S_89   | PFILLER0005_G             |                  1/1           | Pin VDD (135.298, 105.48)
IO_FILLER_S_S_91   | PFILLER0005_G             |                  1/1           | Pin VDD (135.308, 105.48)
IO_FILLER_S_S_90   | PFILLER0005_G             |                  1/1           | Pin VDD (135.303, 105.48)
IO_FILLER_S_S_94   | PFILLER0005_G             |                  1/1           | Pin VDD (135.322, 105.48)
IO_FILLER_S_S_93   | PFILLER0005_G             |                  1/1           | Pin VDD (135.317, 105.48)
PAD_I2/I1          | PVDD2DGZ_H_G              |                  1/1           | Pin VDD (145.335, 105.48)
IO_FILLER_S_S_96   | PFILLER0005_G             |                  1/1           | Pin VDD (135.333, 105.48)
IO_FILLER_S_S_95   | PFILLER0005_G             |                  1/1           | Pin VDD (135.327, 105.48)
IO_FILLER_S_S_293  | PFILLER0005_G             |                  1/1           | Pin VDD (271.317, 105.48)
IO_FILLER_N_N_3    | PFILLER20_G               |                  1/1           | Pin VDD (247.5, 774.52)
IO_FILLER_N_N_6    | PFILLER20_G               |                  1/1           | Pin VDD (375, 774.52)
IO_FILLER_N_N_7    | PFILLER20_G               |                  1/1           | Pin VDD (417.5, 774.52)
IO_FILLER_N_N_28   | PFILLER1_G                |                  1/1           | Pin VDD (385.5, 774.52)
IO_FILLER_N_N_29   | PFILLER1_G                |                  1/1           | Pin VDD (386.5, 774.52)
IO_FILLER_N_N_30   | PFILLER1_G                |                  1/1           | Pin VDD (428, 774.52)
IO_FILLER_N_N_31   | PFILLER1_G                |                  1/1           | Pin VDD (429, 774.52)
IO_FILLER_N_N_54   | PFILLER05_G               |                  1/1           | Pin VDD (387.25, 774.52)
IO_FILLER_N_N_55   | PFILLER05_G               |                  1/1           | Pin VDD (429.75, 774.52)
I9/I1              | PDDW04DGZ_H_G             |                  1/1           | Pin VDD (397.5, 774.52)
I10/I1             | PDDW04DGZ_H_G             |                  1/1           | Pin VDD (440, 774.52)
IO_FILLER_S_S_8    | PFILLER20_G               |                  1/1           | Pin VDD (482.665, 105.48)
IO_FILLER_S_S_9    | PFILLER20_G               |                  1/1           | Pin VDD (527.995, 105.48)
IO_FILLER_S_S_22   | PFILLER5_G                |                  1/1           | Pin VDD (449.835, 105.48)
IO_FILLER_S_S_23   | PFILLER5_G                |                  1/1           | Pin VDD (495.165, 105.48)
IO_FILLER_S_S_497  | PFILLER0005_G             |                  1/1           | Pin VDD (452.337, 105.48)
IO_FILLER_S_S_498  | PFILLER0005_G             |                  1/1           | Pin VDD (452.342, 105.48)
IO_FILLER_S_S_499  | PFILLER0005_G             |                  1/1           | Pin VDD (452.348, 105.48)
IO_FILLER_S_S_500  | PFILLER0005_G             |                  1/1           | Pin VDD (452.353, 105.48)
IO_FILLER_S_S_501  | PFILLER0005_G             |                  1/1           | Pin VDD (452.358, 105.48)
IO_FILLER_S_S_502  | PFILLER0005_G             |                  1/1           | Pin VDD (452.363, 105.48)
IO_FILLER_S_S_503  | PFILLER0005_G             |                  1/1           | Pin VDD (452.368, 105.48)
IO_FILLER_S_S_504  | PFILLER0005_G             |                  1/1           | Pin VDD (452.373, 105.48)
IO_FILLER_S_S_505  | PFILLER0005_G             |                  1/1           | Pin VDD (452.377, 105.48)
IO_FILLER_S_S_506  | PFILLER0005_G             |                  1/1           | Pin VDD (452.382, 105.48)
IO_FILLER_S_S_507  | PFILLER0005_G             |                  1/1           | Pin VDD (452.387, 105.48)
IO_FILLER_S_S_508  | PFILLER0005_G             |                  1/1           | Pin VDD (452.392, 105.48)
IO_FILLER_S_S_509  | PFILLER0005_G             |                  1/1           | Pin VDD (452.397, 105.48)
IO_FILLER_S_S_510  | PFILLER0005_G             |                  1/1           | Pin VDD (452.402, 105.48)
IO_FILLER_S_S_511  | PFILLER0005_G             |                  1/1           | Pin VDD (452.408, 105.48)
IO_FILLER_S_S_512  | PFILLER0005_G             |                  1/1           | Pin VDD (452.413, 105.48)
IO_FILLER_S_S_513  | PFILLER0005_G             |                  1/1           | Pin VDD (452.418, 105.48)
IO_FILLER_S_S_514  | PFILLER0005_G             |                  1/1           | Pin VDD (452.423, 105.48)
IO_FILLER_S_S_515  | PFILLER0005_G             |                  1/1           | Pin VDD (452.428, 105.48)
IO_FILLER_S_S_516  | PFILLER0005_G             |                  1/1           | Pin VDD (452.433, 105.48)
IO_FILLER_S_S_517  | PFILLER0005_G             |                  1/1           | Pin VDD (452.438, 105.48)
IO_FILLER_S_S_518  | PFILLER0005_G             |                  1/1           | Pin VDD (452.442, 105.48)
IO_FILLER_S_S_519  | PFILLER0005_G             |                  1/1           | Pin VDD (452.447, 105.48)
IO_FILLER_S_S_520  | PFILLER0005_G             |                  1/1           | Pin VDD (452.452, 105.48)
IO_FILLER_S_S_521  | PFILLER0005_G             |                  1/1           | Pin VDD (452.457, 105.48)
IO_FILLER_S_S_522  | PFILLER0005_G             |                  1/1           | Pin VDD (452.462, 105.48)
IO_FILLER_S_S_523  | PFILLER0005_G             |                  1/1           | Pin VDD (452.467, 105.48)
IO_FILLER_S_S_524  | PFILLER0005_G             |                  1/1           | Pin VDD (452.473, 105.48)
IO_FILLER_S_S_525  | PFILLER0005_G             |                  1/1           | Pin VDD (452.478, 105.48)
IO_FILLER_S_S_526  | PFILLER0005_G             |                  1/1           | Pin VDD (452.483, 105.48)
IO_FILLER_S_S_527  | PFILLER0005_G             |                  1/1           | Pin VDD (452.488, 105.48)
IO_FILLER_S_S_528  | PFILLER0005_G             |                  1/1           | Pin VDD (452.493, 105.48)
IO_FILLER_S_S_529  | PFILLER0005_G             |                  1/1           | Pin VDD (452.498, 105.48)
IO_FILLER_S_S_530  | PFILLER0005_G             |                  1/1           | Pin VDD (452.502, 105.48)
IO_FILLER_S_S_531  | PFILLER0005_G             |                  1/1           | Pin VDD (452.507, 105.48)
IO_FILLER_S_S_532  | PFILLER0005_G             |                  1/1           | Pin VDD (452.512, 105.48)
IO_FILLER_S_S_533  | PFILLER0005_G             |                  1/1           | Pin VDD (452.517, 105.48)
IO_FILLER_S_S_534  | PFILLER0005_G             |                  1/1           | Pin VDD (452.522, 105.48)
IO_FILLER_S_S_535  | PFILLER0005_G             |                  1/1           | Pin VDD (452.527, 105.48)
IO_FILLER_S_S_536  | PFILLER0005_G             |                  1/1           | Pin VDD (452.533, 105.48)
IO_FILLER_S_S_537  | PFILLER0005_G             |                  1/1           | Pin VDD (452.538, 105.48)
IO_FILLER_S_S_538  | PFILLER0005_G             |                  1/1           | Pin VDD (452.543, 105.48)
IO_FILLER_S_S_539  | PFILLER0005_G             |                  1/1           | Pin VDD (452.548, 105.48)
IO_FILLER_S_S_540  | PFILLER0005_G             |                  1/1           | Pin VDD (452.553, 105.48)
IO_FILLER_S_S_541  | PFILLER0005_G             |                  1/1           | Pin VDD (452.558, 105.48)
IO_FILLER_S_S_542  | PFILLER0005_G             |                  1/1           | Pin VDD (452.562, 105.48)
IO_FILLER_S_S_543  | PFILLER0005_G             |                  1/1           | Pin VDD (452.567, 105.48)
IO_FILLER_S_S_544  | PFILLER0005_G             |                  1/1           | Pin VDD (452.572, 105.48)
IO_FILLER_S_S_545  | PFILLER0005_G             |                  1/1           | Pin VDD (452.577, 105.48)
IO_FILLER_S_S_546  | PFILLER0005_G             |                  1/1           | Pin VDD (452.582, 105.48)
IO_FILLER_S_S_547  | PFILLER0005_G             |                  1/1           | Pin VDD (452.587, 105.48)
IO_FILLER_S_S_548  | PFILLER0005_G             |                  1/1           | Pin VDD (452.592, 105.48)
IO_FILLER_S_S_549  | PFILLER0005_G             |                  1/1           | Pin VDD (452.598, 105.48)
IO_FILLER_S_S_550  | PFILLER0005_G             |                  1/1           | Pin VDD (452.603, 105.48)
IO_FILLER_S_S_551  | PFILLER0005_G             |                  1/1           | Pin VDD (452.608, 105.48)
IO_FILLER_S_S_552  | PFILLER0005_G             |                  1/1           | Pin VDD (452.613, 105.48)
IO_FILLER_S_S_553  | PFILLER0005_G             |                  1/1           | Pin VDD (452.618, 105.48)
IO_FILLER_S_S_554  | PFILLER0005_G             |                  1/1           | Pin VDD (452.623, 105.48)
IO_FILLER_S_S_555  | PFILLER0005_G             |                  1/1           | Pin VDD (452.627, 105.48)
IO_FILLER_S_S_556  | PFILLER0005_G             |                  1/1           | Pin VDD (452.632, 105.48)
IO_FILLER_S_S_557  | PFILLER0005_G             |                  1/1           | Pin VDD (452.637, 105.48)
IO_FILLER_S_S_558  | PFILLER0005_G             |                  1/1           | Pin VDD (452.642, 105.48)
IO_FILLER_S_S_559  | PFILLER0005_G             |                  1/1           | Pin VDD (452.647, 105.48)
IO_FILLER_S_S_560  | PFILLER0005_G             |                  1/1           | Pin VDD (452.652, 105.48)
IO_FILLER_S_S_561  | PFILLER0005_G             |                  1/1           | Pin VDD (452.658, 105.48)
IO_FILLER_S_S_562  | PFILLER0005_G             |                  1/1           | Pin VDD (452.663, 105.48)
IO_FILLER_S_S_563  | PFILLER0005_G             |                  1/1           | Pin VDD (497.668, 105.48)
IO_FILLER_S_S_564  | PFILLER0005_G             |                  1/1           | Pin VDD (497.673, 105.48)
IO_FILLER_S_S_565  | PFILLER0005_G             |                  1/1           | Pin VDD (497.678, 105.48)
IO_FILLER_S_S_566  | PFILLER0005_G             |                  1/1           | Pin VDD (497.683, 105.48)
IO_FILLER_S_S_567  | PFILLER0005_G             |                  1/1           | Pin VDD (497.688, 105.48)
IO_FILLER_S_S_568  | PFILLER0005_G             |                  1/1           | Pin VDD (497.692, 105.48)
IO_FILLER_S_S_569  | PFILLER0005_G             |                  1/1           | Pin VDD (497.697, 105.48)
IO_FILLER_S_S_570  | PFILLER0005_G             |                  1/1           | Pin VDD (497.702, 105.48)
IO_FILLER_S_S_571  | PFILLER0005_G             |                  1/1           | Pin VDD (497.707, 105.48)
IO_FILLER_S_S_572  | PFILLER0005_G             |                  1/1           | Pin VDD (497.712, 105.48)
IO_FILLER_S_S_573  | PFILLER0005_G             |                  1/1           | Pin VDD (497.717, 105.48)
IO_FILLER_S_S_574  | PFILLER0005_G             |                  1/1           | Pin VDD (497.723, 105.48)
IO_FILLER_S_S_575  | PFILLER0005_G             |                  1/1           | Pin VDD (497.728, 105.48)
IO_FILLER_S_S_576  | PFILLER0005_G             |                  1/1           | Pin VDD (497.733, 105.48)
IO_FILLER_S_S_577  | PFILLER0005_G             |                  1/1           | Pin VDD (497.738, 105.48)
IO_FILLER_S_S_578  | PFILLER0005_G             |                  1/1           | Pin VDD (497.743, 105.48)
IO_FILLER_S_S_579  | PFILLER0005_G             |                  1/1           | Pin VDD (497.748, 105.48)
IO_FILLER_S_S_580  | PFILLER0005_G             |                  1/1           | Pin VDD (497.752, 105.48)
IO_FILLER_S_S_581  | PFILLER0005_G             |                  1/1           | Pin VDD (497.757, 105.48)
IO_FILLER_S_S_582  | PFILLER0005_G             |                  1/1           | Pin VDD (497.762, 105.48)
IO_FILLER_S_S_583  | PFILLER0005_G             |                  1/1           | Pin VDD (497.767, 105.48)
IO_FILLER_S_S_584  | PFILLER0005_G             |                  1/1           | Pin VDD (497.772, 105.48)
IO_FILLER_S_S_585  | PFILLER0005_G             |                  1/1           | Pin VDD (497.777, 105.48)
IO_FILLER_S_S_586  | PFILLER0005_G             |                  1/1           | Pin VDD (497.783, 105.48)
IO_FILLER_S_S_587  | PFILLER0005_G             |                  1/1           | Pin VDD (497.788, 105.48)
IO_FILLER_S_S_588  | PFILLER0005_G             |                  1/1           | Pin VDD (497.793, 105.48)
IO_FILLER_S_S_589  | PFILLER0005_G             |                  1/1           | Pin VDD (497.798, 105.48)
IO_FILLER_S_S_590  | PFILLER0005_G             |                  1/1           | Pin VDD (497.803, 105.48)
IO_FILLER_S_S_591  | PFILLER0005_G             |                  1/1           | Pin VDD (497.808, 105.48)
IO_FILLER_S_S_592  | PFILLER0005_G             |                  1/1           | Pin VDD (497.812, 105.48)
IO_FILLER_S_S_593  | PFILLER0005_G             |                  1/1           | Pin VDD (497.817, 105.48)
IO_FILLER_S_S_594  | PFILLER0005_G             |                  1/1           | Pin VDD (497.822, 105.48)
IO_FILLER_S_S_595  | PFILLER0005_G             |                  1/1           | Pin VDD (497.827, 105.48)
IO_FILLER_S_S_596  | PFILLER0005_G             |                  1/1           | Pin VDD (497.832, 105.48)
IO_FILLER_S_S_597  | PFILLER0005_G             |                  1/1           | Pin VDD (497.837, 105.48)
IO_FILLER_S_S_598  | PFILLER0005_G             |                  1/1           | Pin VDD (497.842, 105.48)
IO_FILLER_S_S_599  | PFILLER0005_G             |                  1/1           | Pin VDD (497.848, 105.48)
IO_FILLER_S_S_600  | PFILLER0005_G             |                  1/1           | Pin VDD (497.853, 105.48)
IO_FILLER_S_S_601  | PFILLER0005_G             |                  1/1           | Pin VDD (497.858, 105.48)
IO_FILLER_S_S_602  | PFILLER0005_G             |                  1/1           | Pin VDD (497.863, 105.48)
IO_FILLER_S_S_603  | PFILLER0005_G             |                  1/1           | Pin VDD (497.868, 105.48)
IO_FILLER_S_S_604  | PFILLER0005_G             |                  1/1           | Pin VDD (497.873, 105.48)
IO_FILLER_S_S_605  | PFILLER0005_G             |                  1/1           | Pin VDD (497.877, 105.48)
IO_FILLER_S_S_606  | PFILLER0005_G             |                  1/1           | Pin VDD (497.882, 105.48)
IO_FILLER_S_S_607  | PFILLER0005_G             |                  1/1           | Pin VDD (497.887, 105.48)
IO_FILLER_S_S_608  | PFILLER0005_G             |                  1/1           | Pin VDD (497.892, 105.48)
IO_FILLER_S_S_609  | PFILLER0005_G             |                  1/1           | Pin VDD (497.897, 105.48)
IO_FILLER_S_S_610  | PFILLER0005_G             |                  1/1           | Pin VDD (497.902, 105.48)
IO_FILLER_S_S_611  | PFILLER0005_G             |                  1/1           | Pin VDD (497.908, 105.48)
IO_FILLER_S_S_612  | PFILLER0005_G             |                  1/1           | Pin VDD (497.913, 105.48)
IO_FILLER_S_S_613  | PFILLER0005_G             |                  1/1           | Pin VDD (497.918, 105.48)
IO_FILLER_S_S_614  | PFILLER0005_G             |                  1/1           | Pin VDD (497.923, 105.48)
IO_FILLER_S_S_615  | PFILLER0005_G             |                  1/1           | Pin VDD (497.928, 105.48)
IO_FILLER_S_S_616  | PFILLER0005_G             |                  1/1           | Pin VDD (497.933, 105.48)
IO_FILLER_S_S_617  | PFILLER0005_G             |                  1/1           | Pin VDD (497.938, 105.48)
IO_FILLER_S_S_618  | PFILLER0005_G             |                  1/1           | Pin VDD (497.942, 105.48)
IO_FILLER_S_S_619  | PFILLER0005_G             |                  1/1           | Pin VDD (497.947, 105.48)
IO_FILLER_S_S_620  | PFILLER0005_G             |                  1/1           | Pin VDD (497.952, 105.48)
IO_FILLER_S_S_621  | PFILLER0005_G             |                  1/1           | Pin VDD (497.957, 105.48)
IO_FILLER_S_S_622  | PFILLER0005_G             |                  1/1           | Pin VDD (497.962, 105.48)
IO_FILLER_S_S_623  | PFILLER0005_G             |                  1/1           | Pin VDD (497.967, 105.48)
IO_FILLER_S_S_624  | PFILLER0005_G             |                  1/1           | Pin VDD (497.973, 105.48)
IO_FILLER_S_S_625  | PFILLER0005_G             |                  1/1           | Pin VDD (497.978, 105.48)
IO_FILLER_S_S_626  | PFILLER0005_G             |                  1/1           | Pin VDD (497.983, 105.48)
IO_FILLER_S_S_627  | PFILLER0005_G             |                  1/1           | Pin VDD (497.988, 105.48)
IO_FILLER_S_S_628  | PFILLER0005_G             |                  1/1           | Pin VDD (497.993, 105.48)
I23/I1             | PDDW04DGZ_H_G             |                  1/1           | Pin VDD (462.665, 105.48)
I24/I1             | PDDW04DGZ_H_G             |                  1/1           | Pin VDD (507.995, 105.48)
IO_FILLER_S_S_246  | PFILLER0005_G             |                  1/1           | Pin VDD (271.082, 105.48)
Pcornerlr/I1       | PCORNER_G                 |                  1/1           | Pin VDD (107.468, 105.388)
IO_FILLER_W_W_0    | PFILLER20_G               |                  1/1           | Pin VDD (105.48, 120)
IO_FILLER_W_W_17   | PFILLER1_G                |                  1/1           | Pin VDD (105.48, 131.5)
IO_FILLER_W_W_19   | PFILLER1_G                |                  1/1           | Pin VDD (105.48, 174)
IO_FILLER_W_W_16   | PFILLER1_G                |                  1/1           | Pin VDD (105.48, 130.5)
IO_FILLER_W_W_18   | PFILLER1_G                |                  1/1           | Pin VDD (105.48, 173)
IO_FILLER_W_W_48   | PFILLER05_G               |                  1/1           | Pin VDD (105.48, 132.25)
IO_FILLER_W_W_49   | PFILLER05_G               |                  1/1           | Pin VDD (105.48, 174.75)
PAD_G4/I1          | PVSS2DGZ_H_G              |                  1/1           | Pin VDD (105.48, 185)
IO_FILLER_W_W_3    | PFILLER20_G               |                  1/1           | Pin VDD (105.48, 247.5)
IO_FILLER_W_W_2    | PFILLER20_G               |                  1/1           | Pin VDD (105.48, 205)
IO_FILLER_W_W_50   | PFILLER05_G               |                  1/1           | Pin VDD (105.48, 217.25)
IO_FILLER_W_W_23   | PFILLER1_G                |                  1/1           | Pin VDD (105.48, 259)
IO_FILLER_W_W_51   | PFILLER05_G               |                  1/1           | Pin VDD (105.48, 259.75)
PAD_POC/I1         | PVDD2POC_V_G              |                  1/1           | Pin VDD (105.48, 227.5)
IO_FILLER_W_W_21   | PFILLER1_G                |                  1/1           | Pin VDD (105.48, 216.5)
IO_FILLER_W_W_20   | PFILLER1_G                |                  1/1           | Pin VDD (105.48, 215.5)
IO_FILLER_W_W_1    | PFILLER20_G               |                  1/1           | Pin VDD (105.48, 162.5)
I42/I1             | PDDW04DGZ_V_G             |                  1/1           | Pin VDD (105.48, 270)
IO_FILLER_W_W_22   | PFILLER1_G                |                  1/1           | Pin VDD (105.48, 258)
IO_FILLER_W_W_41   | PFILLER1_G                |                  1/1           | Pin VDD (105.48, 641.5)
IO_FILLER_W_W_42   | PFILLER1_G                |                  1/1           | Pin VDD (105.48, 683)
IO_FILLER_W_W_14   | PFILLER20_G               |                  1/1           | Pin VDD (105.48, 715)
IO_FILLER_W_W_15   | PFILLER20_G               |                  1/1           | Pin VDD (105.48, 757.5)
IO_FILLER_W_W_44   | PFILLER1_G                |                  1/1           | Pin VDD (105.48, 725.5)
IO_FILLER_S_S_65   | PFILLER0005_G             |                  1/1           | Pin VDD (135.178, 105.48)
IO_FILLER_W_W_55   | PFILLER05_G               |                  1/1           | Pin VDD (105.48, 429.75)
IO_FILLER_W_W_54   | PFILLER05_G               |                  1/1           | Pin VDD (105.48, 387.25)
IO_FILLER_W_W_31   | PFILLER1_G                |                  1/1           | Pin VDD (105.48, 429)
IO_FILLER_W_W_53   | PFILLER05_G               |                  1/1           | Pin VDD (105.48, 344.75)
IO_FILLER_W_W_52   | PFILLER05_G               |                  1/1           | Pin VDD (105.48, 302.25)
IO_FILLER_W_W_30   | PFILLER1_G                |                  1/1           | Pin VDD (105.48, 428)
IO_FILLER_W_W_7    | PFILLER20_G               |                  1/1           | Pin VDD (105.48, 417.5)
IO_FILLER_W_W_29   | PFILLER1_G                |                  1/1           | Pin VDD (105.48, 386.5)
IO_FILLER_W_W_28   | PFILLER1_G                |                  1/1           | Pin VDD (105.48, 385.5)
IO_FILLER_W_W_6    | PFILLER20_G               |                  1/1           | Pin VDD (105.48, 375)
IO_FILLER_W_W_27   | PFILLER1_G                |                  1/1           | Pin VDD (105.48, 344)
I43/I1             | PDDW04DGZ_V_G             |                  1/1           | Pin VDD (105.48, 312.5)
I44/I1             | PDDW04DGZ_V_G             |                  1/1           | Pin VDD (105.48, 355)
IO_FILLER_S_S_66   | PFILLER0005_G             |                  1/1           | Pin VDD (135.183, 105.48)
IO_FILLER_S_S_363  | PFILLER0005_G             |                  1/1           | Pin VDD (316.668, 105.48)
IO_FILLER_S_S_319  | PFILLER0005_G             |                  1/1           | Pin VDD (316.447, 105.48)
IO_FILLER_S_S_258  | PFILLER0005_G             |                  1/1           | Pin VDD (271.142, 105.48)
IO_FILLER_S_S_353  | PFILLER0005_G             |                  1/1           | Pin VDD (316.618, 105.48)
IO_FILLER_S_S_233  | PFILLER0005_G             |                  1/1           | Pin VDD (271.017, 105.48)
IO_FILLER_S_S_361  | PFILLER0005_G             |                  1/1           | Pin VDD (316.658, 105.48)
IO_FILLER_S_S_326  | PFILLER0005_G             |                  1/1           | Pin VDD (316.483, 105.48)
IO_FILLER_S_S_360  | PFILLER0005_G             |                  1/1           | Pin VDD (316.652, 105.48)
IO_FILLER_S_S_241  | PFILLER0005_G             |                  1/1           | Pin VDD (271.058, 105.48)
IO_FILLER_S_S_314  | PFILLER0005_G             |                  1/1           | Pin VDD (316.423, 105.48)
IO_FILLER_S_S_344  | PFILLER0005_G             |                  1/1           | Pin VDD (316.572, 105.48)
IO_FILLER_S_S_329  | PFILLER0005_G             |                  1/1           | Pin VDD (316.498, 105.48)
IO_FILLER_S_S_295  | PFILLER0005_G             |                  1/1           | Pin VDD (271.327, 105.48)
IO_FILLER_S_S_5    | PFILLER20_G               |                  1/1           | Pin VDD (346.675, 105.48)
IO_FILLER_S_S_18   | PFILLER5_G                |                  1/1           | Pin VDD (268.505, 105.48)
IO_FILLER_S_S_234  | PFILLER0005_G             |                  1/1           | Pin VDD (271.022, 105.48)
IO_FILLER_S_S_286  | PFILLER0005_G             |                  1/1           | Pin VDD (271.283, 105.48)
IO_FILLER_S_S_270  | PFILLER0005_G             |                  1/1           | Pin VDD (271.202, 105.48)
IO_FILLER_S_S_318  | PFILLER0005_G             |                  1/1           | Pin VDD (316.442, 105.48)
IO_FILLER_N_N_22   | PFILLER1_G                |                  1/1           | Pin VDD (258, 774.52)
IO_FILLER_S_S_356  | PFILLER0005_G             |                  1/1           | Pin VDD (316.632, 105.48)
IO_FILLER_S_S_243  | PFILLER0005_G             |                  1/1           | Pin VDD (271.067, 105.48)
IO_FILLER_S_S_269  | PFILLER0005_G             |                  1/1           | Pin VDD (271.197, 105.48)
IO_FILLER_S_S_349  | PFILLER0005_G             |                  1/1           | Pin VDD (316.598, 105.48)
I19/I1             | PDDW04DGZ_H_G             |                  1/1           | Pin VDD (281.34, 105.48)
IO_FILLER_S_S_346  | PFILLER0005_G             |                  1/1           | Pin VDD (316.582, 105.48)
IO_FILLER_S_S_358  | PFILLER0005_G             |                  1/1           | Pin VDD (316.642, 105.48)
IO_FILLER_N_N_2    | PFILLER20_G               |                  1/1           | Pin VDD (205, 774.52)
IO_FILLER_S_S_330  | PFILLER0005_G             |                  1/1           | Pin VDD (316.502, 105.48)
IO_FILLER_S_S_320  | PFILLER0005_G             |                  1/1           | Pin VDD (316.452, 105.48)
IO_FILLER_S_S_249  | PFILLER0005_G             |                  1/1           | Pin VDD (271.098, 105.48)
IO_FILLER_S_S_232  | PFILLER0005_G             |                  1/1           | Pin VDD (271.012, 105.48)
IO_FILLER_S_S_332  | PFILLER0005_G             |                  1/1           | Pin VDD (316.512, 105.48)
IO_FILLER_S_S_316  | PFILLER0005_G             |                  1/1           | Pin VDD (316.433, 105.48)
IO_FILLER_S_S_302  | PFILLER0005_G             |                  1/1           | Pin VDD (316.363, 105.48)
IO_FILLER_S_S_255  | PFILLER0005_G             |                  1/1           | Pin VDD (271.127, 105.48)
IO_FILLER_S_S_272  | PFILLER0005_G             |                  1/1           | Pin VDD (271.212, 105.48)
IO_FILLER_S_S_274  | PFILLER0005_G             |                  1/1           | Pin VDD (271.223, 105.48)
IO_FILLER_S_S_321  | PFILLER0005_G             |                  1/1           | Pin VDD (316.457, 105.48)
IO_FILLER_S_S_276  | PFILLER0005_G             |                  1/1           | Pin VDD (271.233, 105.48)
IO_FILLER_S_S_263  | PFILLER0005_G             |                  1/1           | Pin VDD (271.168, 105.48)
IO_FILLER_S_S_333  | PFILLER0005_G             |                  1/1           | Pin VDD (316.517, 105.48)
IO_FILLER_S_S_339  | PFILLER0005_G             |                  1/1           | Pin VDD (316.548, 105.48)
IO_FILLER_N_N_8    | PFILLER20_G               |                  1/1           | Pin VDD (460, 774.52)
IO_FILLER_N_N_9    | PFILLER20_G               |                  1/1           | Pin VDD (502.5, 774.52)
IO_FILLER_N_N_32   | PFILLER1_G                |                  1/1           | Pin VDD (470.5, 774.52)
IO_FILLER_N_N_33   | PFILLER1_G                |                  1/1           | Pin VDD (471.5, 774.52)
IO_FILLER_N_N_34   | PFILLER1_G                |                  1/1           | Pin VDD (513, 774.52)
IO_FILLER_N_N_35   | PFILLER1_G                |                  1/1           | Pin VDD (514, 774.52)
IO_FILLER_N_N_56   | PFILLER05_G               |                  1/1           | Pin VDD (472.25, 774.52)
IO_FILLER_N_N_57   | PFILLER05_G               |                  1/1           | Pin VDD (514.75, 774.52)
I11/I1             | PDDW04DGZ_H_G             |                  1/1           | Pin VDD (482.5, 774.52)
I12/I1             | PDDW04DGZ_H_G             |                  1/1           | Pin VDD (525, 774.52)
IO_FILLER_S_S_10   | PFILLER20_G               |                  1/1           | Pin VDD (573.325, 105.48)
IO_FILLER_S_S_11   | PFILLER20_G               |                  1/1           | Pin VDD (618.66, 105.48)
IO_FILLER_S_S_24   | PFILLER5_G                |                  1/1           | Pin VDD (540.495, 105.48)
IO_FILLER_S_S_25   | PFILLER5_G                |                  1/1           | Pin VDD (585.825, 105.48)
IO_FILLER_S_S_629  | PFILLER0005_G             |                  1/1           | Pin VDD (542.997, 105.48)
IO_FILLER_S_S_630  | PFILLER0005_G             |                  1/1           | Pin VDD (543.003, 105.48)
IO_FILLER_S_S_631  | PFILLER0005_G             |                  1/1           | Pin VDD (543.008, 105.48)
IO_FILLER_S_S_632  | PFILLER0005_G             |                  1/1           | Pin VDD (543.013, 105.48)
IO_FILLER_S_S_633  | PFILLER0005_G             |                  1/1           | Pin VDD (543.018, 105.48)
IO_FILLER_S_S_634  | PFILLER0005_G             |                  1/1           | Pin VDD (543.023, 105.48)
IO_FILLER_S_S_635  | PFILLER0005_G             |                  1/1           | Pin VDD (543.028, 105.48)
IO_FILLER_S_S_636  | PFILLER0005_G             |                  1/1           | Pin VDD (543.033, 105.48)
IO_FILLER_S_S_637  | PFILLER0005_G             |                  1/1           | Pin VDD (543.038, 105.48)
IO_FILLER_S_S_638  | PFILLER0005_G             |                  1/1           | Pin VDD (543.043, 105.48)
IO_FILLER_S_S_639  | PFILLER0005_G             |                  1/1           | Pin VDD (543.048, 105.48)
IO_FILLER_S_S_640  | PFILLER0005_G             |                  1/1           | Pin VDD (543.053, 105.48)
IO_FILLER_S_S_641  | PFILLER0005_G             |                  1/1           | Pin VDD (543.058, 105.48)
IO_FILLER_S_S_642  | PFILLER0005_G             |                  1/1           | Pin VDD (543.062, 105.48)
IO_FILLER_S_S_643  | PFILLER0005_G             |                  1/1           | Pin VDD (543.067, 105.48)
IO_FILLER_S_S_644  | PFILLER0005_G             |                  1/1           | Pin VDD (543.072, 105.48)
IO_FILLER_S_S_645  | PFILLER0005_G             |                  1/1           | Pin VDD (543.077, 105.48)
IO_FILLER_S_S_646  | PFILLER0005_G             |                  1/1           | Pin VDD (543.082, 105.48)
IO_FILLER_S_S_647  | PFILLER0005_G             |                  1/1           | Pin VDD (543.087, 105.48)
IO_FILLER_S_S_648  | PFILLER0005_G             |                  1/1           | Pin VDD (543.092, 105.48)
IO_FILLER_S_S_649  | PFILLER0005_G             |                  1/1           | Pin VDD (543.097, 105.48)
IO_FILLER_S_S_650  | PFILLER0005_G             |                  1/1           | Pin VDD (543.102, 105.48)
IO_FILLER_S_S_651  | PFILLER0005_G             |                  1/1           | Pin VDD (543.107, 105.48)
IO_FILLER_S_S_652  | PFILLER0005_G             |                  1/1           | Pin VDD (543.112, 105.48)
IO_FILLER_S_S_653  | PFILLER0005_G             |                  1/1           | Pin VDD (543.117, 105.48)
IO_FILLER_S_S_654  | PFILLER0005_G             |                  1/1           | Pin VDD (543.122, 105.48)
IO_FILLER_S_S_655  | PFILLER0005_G             |                  1/1           | Pin VDD (543.128, 105.48)
IO_FILLER_S_S_656  | PFILLER0005_G             |                  1/1           | Pin VDD (543.133, 105.48)
IO_FILLER_S_S_657  | PFILLER0005_G             |                  1/1           | Pin VDD (543.138, 105.48)
IO_FILLER_S_S_658  | PFILLER0005_G             |                  1/1           | Pin VDD (543.143, 105.48)
IO_FILLER_S_S_659  | PFILLER0005_G             |                  1/1           | Pin VDD (543.148, 105.48)
IO_FILLER_S_S_660  | PFILLER0005_G             |                  1/1           | Pin VDD (543.153, 105.48)
IO_FILLER_S_S_661  | PFILLER0005_G             |                  1/1           | Pin VDD (543.158, 105.48)
IO_FILLER_S_S_662  | PFILLER0005_G             |                  1/1           | Pin VDD (543.163, 105.48)
IO_FILLER_S_S_663  | PFILLER0005_G             |                  1/1           | Pin VDD (543.168, 105.48)
IO_FILLER_S_S_664  | PFILLER0005_G             |                  1/1           | Pin VDD (543.173, 105.48)
IO_FILLER_S_S_665  | PFILLER0005_G             |                  1/1           | Pin VDD (543.178, 105.48)
IO_FILLER_S_S_666  | PFILLER0005_G             |                  1/1           | Pin VDD (543.183, 105.48)
IO_FILLER_S_S_667  | PFILLER0005_G             |                  1/1           | Pin VDD (543.188, 105.48)
IO_FILLER_S_S_668  | PFILLER0005_G             |                  1/1           | Pin VDD (543.192, 105.48)
IO_FILLER_S_S_669  | PFILLER0005_G             |                  1/1           | Pin VDD (543.197, 105.48)
IO_FILLER_S_S_670  | PFILLER0005_G             |                  1/1           | Pin VDD (543.202, 105.48)
IO_FILLER_S_S_671  | PFILLER0005_G             |                  1/1           | Pin VDD (543.207, 105.48)
IO_FILLER_S_S_672  | PFILLER0005_G             |                  1/1           | Pin VDD (543.212, 105.48)
IO_FILLER_S_S_673  | PFILLER0005_G             |                  1/1           | Pin VDD (543.217, 105.48)
IO_FILLER_S_S_674  | PFILLER0005_G             |                  1/1           | Pin VDD (543.222, 105.48)
IO_FILLER_S_S_675  | PFILLER0005_G             |                  1/1           | Pin VDD (543.227, 105.48)
IO_FILLER_S_S_676  | PFILLER0005_G             |                  1/1           | Pin VDD (543.232, 105.48)
IO_FILLER_S_S_677  | PFILLER0005_G             |                  1/1           | Pin VDD (543.237, 105.48)
IO_FILLER_S_S_678  | PFILLER0005_G             |                  1/1           | Pin VDD (543.242, 105.48)
IO_FILLER_S_S_679  | PFILLER0005_G             |                  1/1           | Pin VDD (543.247, 105.48)
IO_FILLER_S_S_680  | PFILLER0005_G             |                  1/1           | Pin VDD (543.253, 105.48)
IO_FILLER_S_S_681  | PFILLER0005_G             |                  1/1           | Pin VDD (543.258, 105.48)
IO_FILLER_S_S_682  | PFILLER0005_G             |                  1/1           | Pin VDD (543.263, 105.48)
IO_FILLER_S_S_683  | PFILLER0005_G             |                  1/1           | Pin VDD (543.268, 105.48)
IO_FILLER_S_S_684  | PFILLER0005_G             |                  1/1           | Pin VDD (543.273, 105.48)
IO_FILLER_S_S_685  | PFILLER0005_G             |                  1/1           | Pin VDD (543.278, 105.48)
IO_FILLER_S_S_686  | PFILLER0005_G             |                  1/1           | Pin VDD (543.283, 105.48)
IO_FILLER_S_S_687  | PFILLER0005_G             |                  1/1           | Pin VDD (543.288, 105.48)
IO_FILLER_S_S_688  | PFILLER0005_G             |                  1/1           | Pin VDD (543.293, 105.48)
IO_FILLER_S_S_689  | PFILLER0005_G             |                  1/1           | Pin VDD (543.298, 105.48)
IO_FILLER_S_S_690  | PFILLER0005_G             |                  1/1           | Pin VDD (543.303, 105.48)
IO_FILLER_S_S_691  | PFILLER0005_G             |                  1/1           | Pin VDD (543.308, 105.48)
IO_FILLER_S_S_692  | PFILLER0005_G             |                  1/1           | Pin VDD (543.312, 105.48)
IO_FILLER_S_S_693  | PFILLER0005_G             |                  1/1           | Pin VDD (543.317, 105.48)
IO_FILLER_S_S_694  | PFILLER0005_G             |                  1/1           | Pin VDD (543.322, 105.48)
IO_FILLER_S_S_695  | PFILLER0005_G             |                  1/1           | Pin VDD (588.327, 105.48)
IO_FILLER_S_S_696  | PFILLER0005_G             |                  1/1           | Pin VDD (588.332, 105.48)
IO_FILLER_S_S_697  | PFILLER0005_G             |                  1/1           | Pin VDD (588.337, 105.48)
IO_FILLER_S_S_698  | PFILLER0005_G             |                  1/1           | Pin VDD (588.342, 105.48)
IO_FILLER_S_S_699  | PFILLER0005_G             |                  1/1           | Pin VDD (588.347, 105.48)
IO_FILLER_S_S_700  | PFILLER0005_G             |                  1/1           | Pin VDD (588.352, 105.48)
IO_FILLER_S_S_701  | PFILLER0005_G             |                  1/1           | Pin VDD (588.357, 105.48)
IO_FILLER_S_S_702  | PFILLER0005_G             |                  1/1           | Pin VDD (588.362, 105.48)
IO_FILLER_S_S_703  | PFILLER0005_G             |                  1/1           | Pin VDD (588.367, 105.48)
IO_FILLER_S_S_704  | PFILLER0005_G             |                  1/1           | Pin VDD (588.372, 105.48)
IO_FILLER_S_S_705  | PFILLER0005_G             |                  1/1           | Pin VDD (588.378, 105.48)
IO_FILLER_S_S_706  | PFILLER0005_G             |                  1/1           | Pin VDD (588.383, 105.48)
IO_FILLER_S_S_707  | PFILLER0005_G             |                  1/1           | Pin VDD (588.388, 105.48)
IO_FILLER_S_S_708  | PFILLER0005_G             |                  1/1           | Pin VDD (588.393, 105.48)
IO_FILLER_S_S_709  | PFILLER0005_G             |                  1/1           | Pin VDD (588.398, 105.48)
IO_FILLER_S_S_710  | PFILLER0005_G             |                  1/1           | Pin VDD (588.403, 105.48)
IO_FILLER_S_S_711  | PFILLER0005_G             |                  1/1           | Pin VDD (588.408, 105.48)
IO_FILLER_S_S_712  | PFILLER0005_G             |                  1/1           | Pin VDD (588.413, 105.48)
IO_FILLER_S_S_713  | PFILLER0005_G             |                  1/1           | Pin VDD (588.418, 105.48)
IO_FILLER_S_S_714  | PFILLER0005_G             |                  1/1           | Pin VDD (588.423, 105.48)
IO_FILLER_S_S_715  | PFILLER0005_G             |                  1/1           | Pin VDD (588.428, 105.48)
IO_FILLER_S_S_716  | PFILLER0005_G             |                  1/1           | Pin VDD (588.433, 105.48)
IO_FILLER_S_S_717  | PFILLER0005_G             |                  1/1           | Pin VDD (588.438, 105.48)
IO_FILLER_S_S_718  | PFILLER0005_G             |                  1/1           | Pin VDD (588.442, 105.48)
IO_FILLER_S_S_719  | PFILLER0005_G             |                  1/1           | Pin VDD (588.447, 105.48)
IO_FILLER_S_S_720  | PFILLER0005_G             |                  1/1           | Pin VDD (588.452, 105.48)
IO_FILLER_S_S_721  | PFILLER0005_G             |                  1/1           | Pin VDD (588.457, 105.48)
IO_FILLER_S_S_722  | PFILLER0005_G             |                  1/1           | Pin VDD (588.462, 105.48)
IO_FILLER_S_S_723  | PFILLER0005_G             |                  1/1           | Pin VDD (588.467, 105.48)
IO_FILLER_S_S_724  | PFILLER0005_G             |                  1/1           | Pin VDD (588.472, 105.48)
IO_FILLER_S_S_725  | PFILLER0005_G             |                  1/1           | Pin VDD (588.477, 105.48)
IO_FILLER_S_S_726  | PFILLER0005_G             |                  1/1           | Pin VDD (588.482, 105.48)
IO_FILLER_S_S_727  | PFILLER0005_G             |                  1/1           | Pin VDD (588.487, 105.48)
IO_FILLER_S_S_728  | PFILLER0005_G             |                  1/1           | Pin VDD (588.492, 105.48)
IO_FILLER_S_S_729  | PFILLER0005_G             |                  1/1           | Pin VDD (588.497, 105.48)
IO_FILLER_S_S_730  | PFILLER0005_G             |                  1/1           | Pin VDD (588.503, 105.48)
IO_FILLER_S_S_731  | PFILLER0005_G             |                  1/1           | Pin VDD (588.508, 105.48)
IO_FILLER_S_S_732  | PFILLER0005_G             |                  1/1           | Pin VDD (588.513, 105.48)
IO_FILLER_S_S_733  | PFILLER0005_G             |                  1/1           | Pin VDD (588.518, 105.48)
IO_FILLER_S_S_734  | PFILLER0005_G             |                  1/1           | Pin VDD (588.523, 105.48)
IO_FILLER_S_S_735  | PFILLER0005_G             |                  1/1           | Pin VDD (588.528, 105.48)
IO_FILLER_S_S_736  | PFILLER0005_G             |                  1/1           | Pin VDD (588.533, 105.48)
IO_FILLER_S_S_737  | PFILLER0005_G             |                  1/1           | Pin VDD (588.538, 105.48)
IO_FILLER_S_S_738  | PFILLER0005_G             |                  1/1           | Pin VDD (588.543, 105.48)
IO_FILLER_S_S_739  | PFILLER0005_G             |                  1/1           | Pin VDD (588.548, 105.48)
IO_FILLER_S_S_740  | PFILLER0005_G             |                  1/1           | Pin VDD (588.553, 105.48)
IO_FILLER_S_S_741  | PFILLER0005_G             |                  1/1           | Pin VDD (588.558, 105.48)
IO_FILLER_S_S_742  | PFILLER0005_G             |                  1/1           | Pin VDD (588.562, 105.48)
IO_FILLER_S_S_743  | PFILLER0005_G             |                  1/1           | Pin VDD (588.567, 105.48)
IO_FILLER_S_S_744  | PFILLER0005_G             |                  1/1           | Pin VDD (588.572, 105.48)
IO_FILLER_S_S_745  | PFILLER0005_G             |                  1/1           | Pin VDD (588.577, 105.48)
IO_FILLER_S_S_746  | PFILLER0005_G             |                  1/1           | Pin VDD (588.582, 105.48)
IO_FILLER_S_S_747  | PFILLER0005_G             |                  1/1           | Pin VDD (588.587, 105.48)
IO_FILLER_S_S_748  | PFILLER0005_G             |                  1/1           | Pin VDD (588.592, 105.48)
IO_FILLER_S_S_749  | PFILLER0005_G             |                  1/1           | Pin VDD (588.597, 105.48)
IO_FILLER_S_S_750  | PFILLER0005_G             |                  1/1           | Pin VDD (588.602, 105.48)
IO_FILLER_S_S_751  | PFILLER0005_G             |                  1/1           | Pin VDD (588.607, 105.48)
IO_FILLER_S_S_752  | PFILLER0005_G             |                  1/1           | Pin VDD (588.612, 105.48)
IO_FILLER_S_S_753  | PFILLER0005_G             |                  1/1           | Pin VDD (588.617, 105.48)
IO_FILLER_S_S_754  | PFILLER0005_G             |                  1/1           | Pin VDD (588.622, 105.48)
IO_FILLER_S_S_755  | PFILLER0005_G             |                  1/1           | Pin VDD (588.628, 105.48)
IO_FILLER_S_S_756  | PFILLER0005_G             |                  1/1           | Pin VDD (588.633, 105.48)
IO_FILLER_S_S_757  | PFILLER0005_G             |                  1/1           | Pin VDD (588.638, 105.48)
IO_FILLER_S_S_758  | PFILLER0005_G             |                  1/1           | Pin VDD (588.643, 105.48)
IO_FILLER_S_S_759  | PFILLER0005_G             |                  1/1           | Pin VDD (588.648, 105.48)
IO_FILLER_S_S_760  | PFILLER0005_G             |                  1/1           | Pin VDD (588.653, 105.48)
IO_FILLER_S_S_761  | PFILLER0005_G             |                  1/1           | Pin VDD (588.658, 105.48)
I25/I1             | PDDW04DGZ_H_G             |                  1/1           | Pin VDD (553.325, 105.48)
I26/I1             | PDDW04DGZ_H_G             |                  1/1           | Pin VDD (598.66, 105.48)
IO_FILLER_W_W_8    | PFILLER20_G               |                  1/1           | Pin VDD (105.48, 460)
IO_FILLER_W_W_9    | PFILLER20_G               |                  1/1           | Pin VDD (105.48, 502.5)
IO_FILLER_W_W_32   | PFILLER1_G                |                  1/1           | Pin VDD (105.48, 470.5)
IO_FILLER_W_W_33   | PFILLER1_G                |                  1/1           | Pin VDD (105.48, 471.5)
IO_FILLER_W_W_34   | PFILLER1_G                |                  1/1           | Pin VDD (105.48, 513)
IO_FILLER_W_W_56   | PFILLER05_G               |                  1/1           | Pin VDD (105.48, 472.25)
I53/I1             | PDDW04DGZ_V_G             |                  1/1           | Pin VDD (105.48, 737.5)
Pcornerll/I1       | PCORNER_G                 |                  1/1           | Pin VDD (105.388, 772.532)
IO_FILLER_S_S_0    | PFILLER20_G               |                  1/1           | Pin VDD (120, 105.48)
IO_FILLER_S_S_15   | PFILLER5_G                |                  1/1           | Pin VDD (132.5, 105.48)
IO_FILLER_S_S_16   | PFILLER5_G                |                  1/1           | Pin VDD (177.835, 105.48)
IO_FILLER_S_S_33   | PFILLER0005_G             |                  1/1           | Pin VDD (135.018, 105.48)
IO_FILLER_S_S_58   | PFILLER0005_G             |                  1/1           | Pin VDD (135.143, 105.48)
IO_FILLER_S_S_39   | PFILLER0005_G             |                  1/1           | Pin VDD (135.048, 105.48)
IO_FILLER_S_S_41   | PFILLER0005_G             |                  1/1           | Pin VDD (135.058, 105.48)
IO_FILLER_S_S_364  | PFILLER0005_G             |                  1/1           | Pin VDD (316.673, 105.48)
I6/I1              | PDDW04DGZ_H_G             |                  1/1           | Pin VDD (270, 774.52)
IO_FILLER_S_S_306  | PFILLER0005_G             |                  1/1           | Pin VDD (316.382, 105.48)
IO_FILLER_S_S_292  | PFILLER0005_G             |                  1/1           | Pin VDD (271.312, 105.48)
IO_FILLER_S_S_327  | PFILLER0005_G             |                  1/1           | Pin VDD (316.488, 105.48)
IO_FILLER_S_S_355  | PFILLER0005_G             |                  1/1           | Pin VDD (316.627, 105.48)
I17/I1             | PDDW04DGZ_H_G             |                  1/1           | Pin VDD (737.5, 774.52)
I41/I1             | PDDW04DGZ_V_G             |                  1/1           | Pin VDD (774.52, 734.665)
Pcornerul/I1       | PCORNER_G                 |                  1/1           | Pin VDD (772.532, 774.611)
IO_FILLER_S_S_313  | PFILLER0005_G             |                  1/1           | Pin VDD (316.418, 105.48)
IO_FILLER_S_S_311  | PFILLER0005_G             |                  1/1           | Pin VDD (316.408, 105.48)
IO_FILLER_S_S_297  | PFILLER0005_G             |                  1/1           | Pin VDD (271.337, 105.48)
IO_FILLER_S_S_310  | PFILLER0005_G             |                  1/1           | Pin VDD (316.402, 105.48)
IO_FILLER_S_S_291  | PFILLER0005_G             |                  1/1           | Pin VDD (271.308, 105.48)
IO_FILLER_S_S_816  | PFILLER0005_G             |                  1/1           | Pin VDD (633.933, 105.48)
IO_FILLER_S_S_817  | PFILLER0005_G             |                  1/1           | Pin VDD (633.938, 105.48)
IO_FILLER_S_S_818  | PFILLER0005_G             |                  1/1           | Pin VDD (633.942, 105.48)
IO_FILLER_S_S_819  | PFILLER0005_G             |                  1/1           | Pin VDD (633.947, 105.48)
IO_FILLER_S_S_820  | PFILLER0005_G             |                  1/1           | Pin VDD (633.952, 105.48)
IO_FILLER_S_S_821  | PFILLER0005_G             |                  1/1           | Pin VDD (633.957, 105.48)
IO_FILLER_S_S_822  | PFILLER0005_G             |                  1/1           | Pin VDD (633.962, 105.48)
IO_FILLER_S_S_823  | PFILLER0005_G             |                  1/1           | Pin VDD (633.967, 105.48)
IO_FILLER_S_S_824  | PFILLER0005_G             |                  1/1           | Pin VDD (633.972, 105.48)
IO_FILLER_S_S_825  | PFILLER0005_G             |                  1/1           | Pin VDD (633.977, 105.48)
IO_FILLER_S_S_826  | PFILLER0005_G             |                  1/1           | Pin VDD (633.982, 105.48)
IO_FILLER_S_S_827  | PFILLER0005_G             |                  1/1           | Pin VDD (633.987, 105.48)
IO_FILLER_S_S_828  | PFILLER0005_G             |                  1/1           | Pin VDD (633.992, 105.48)
IO_FILLER_S_S_829  | PFILLER0005_G             |                  1/1           | Pin VDD (678.997, 105.48)
IO_FILLER_S_S_830  | PFILLER0005_G             |                  1/1           | Pin VDD (679.003, 105.48)
IO_FILLER_S_S_831  | PFILLER0005_G             |                  1/1           | Pin VDD (679.008, 105.48)
IO_FILLER_S_S_832  | PFILLER0005_G             |                  1/1           | Pin VDD (679.013, 105.48)
IO_FILLER_S_S_833  | PFILLER0005_G             |                  1/1           | Pin VDD (679.018, 105.48)
IO_FILLER_S_S_834  | PFILLER0005_G             |                  1/1           | Pin VDD (679.023, 105.48)
IO_FILLER_S_S_835  | PFILLER0005_G             |                  1/1           | Pin VDD (679.028, 105.48)
IO_FILLER_S_S_836  | PFILLER0005_G             |                  1/1           | Pin VDD (679.033, 105.48)
IO_FILLER_S_S_837  | PFILLER0005_G             |                  1/1           | Pin VDD (679.038, 105.48)
IO_FILLER_S_S_838  | PFILLER0005_G             |                  1/1           | Pin VDD (679.043, 105.48)
IO_FILLER_S_S_839  | PFILLER0005_G             |                  1/1           | Pin VDD (679.048, 105.48)
IO_FILLER_S_S_840  | PFILLER0005_G             |                  1/1           | Pin VDD (679.053, 105.48)
IO_FILLER_S_S_841  | PFILLER0005_G             |                  1/1           | Pin VDD (679.058, 105.48)
IO_FILLER_S_S_842  | PFILLER0005_G             |                  1/1           | Pin VDD (679.062, 105.48)
IO_FILLER_S_S_843  | PFILLER0005_G             |                  1/1           | Pin VDD (679.067, 105.48)
IO_FILLER_S_S_844  | PFILLER0005_G             |                  1/1           | Pin VDD (679.072, 105.48)
IO_FILLER_S_S_845  | PFILLER0005_G             |                  1/1           | Pin VDD (679.077, 105.48)
IO_FILLER_S_S_846  | PFILLER0005_G             |                  1/1           | Pin VDD (679.082, 105.48)
IO_FILLER_S_S_847  | PFILLER0005_G             |                  1/1           | Pin VDD (679.087, 105.48)
IO_FILLER_S_S_848  | PFILLER0005_G             |                  1/1           | Pin VDD (679.092, 105.48)
IO_FILLER_S_S_849  | PFILLER0005_G             |                  1/1           | Pin VDD (679.097, 105.48)
IO_FILLER_S_S_850  | PFILLER0005_G             |                  1/1           | Pin VDD (679.102, 105.48)
IO_FILLER_S_S_851  | PFILLER0005_G             |                  1/1           | Pin VDD (679.107, 105.48)
IO_FILLER_S_S_852  | PFILLER0005_G             |                  1/1           | Pin VDD (679.112, 105.48)
IO_FILLER_S_S_853  | PFILLER0005_G             |                  1/1           | Pin VDD (679.117, 105.48)
IO_FILLER_S_S_854  | PFILLER0005_G             |                  1/1           | Pin VDD (679.122, 105.48)
IO_FILLER_S_S_855  | PFILLER0005_G             |                  1/1           | Pin VDD (679.128, 105.48)
IO_FILLER_S_S_856  | PFILLER0005_G             |                  1/1           | Pin VDD (679.133, 105.48)
IO_FILLER_S_S_857  | PFILLER0005_G             |                  1/1           | Pin VDD (679.138, 105.48)
IO_FILLER_S_S_858  | PFILLER0005_G             |                  1/1           | Pin VDD (679.143, 105.48)
IO_FILLER_S_S_859  | PFILLER0005_G             |                  1/1           | Pin VDD (679.148, 105.48)
IO_FILLER_S_S_860  | PFILLER0005_G             |                  1/1           | Pin VDD (679.153, 105.48)
IO_FILLER_S_S_861  | PFILLER0005_G             |                  1/1           | Pin VDD (679.158, 105.48)
IO_FILLER_S_S_862  | PFILLER0005_G             |                  1/1           | Pin VDD (679.163, 105.48)
IO_FILLER_S_S_863  | PFILLER0005_G             |                  1/1           | Pin VDD (679.168, 105.48)
IO_FILLER_S_S_864  | PFILLER0005_G             |                  1/1           | Pin VDD (679.173, 105.48)
IO_FILLER_S_S_865  | PFILLER0005_G             |                  1/1           | Pin VDD (679.178, 105.48)
IO_FILLER_S_S_866  | PFILLER0005_G             |                  1/1           | Pin VDD (679.183, 105.48)
IO_FILLER_S_S_867  | PFILLER0005_G             |                  1/1           | Pin VDD (679.188, 105.48)
IO_FILLER_S_S_868  | PFILLER0005_G             |                  1/1           | Pin VDD (679.192, 105.48)
IO_FILLER_S_S_869  | PFILLER0005_G             |                  1/1           | Pin VDD (679.197, 105.48)
IO_FILLER_S_S_870  | PFILLER0005_G             |                  1/1           | Pin VDD (679.202, 105.48)
IO_FILLER_S_S_871  | PFILLER0005_G             |                  1/1           | Pin VDD (679.207, 105.48)
IO_FILLER_S_S_872  | PFILLER0005_G             |                  1/1           | Pin VDD (679.212, 105.48)
IO_FILLER_S_S_873  | PFILLER0005_G             |                  1/1           | Pin VDD (679.217, 105.48)
IO_FILLER_S_S_874  | PFILLER0005_G             |                  1/1           | Pin VDD (679.222, 105.48)
IO_FILLER_S_S_875  | PFILLER0005_G             |                  1/1           | Pin VDD (679.227, 105.48)
IO_FILLER_S_S_876  | PFILLER0005_G             |                  1/1           | Pin VDD (679.232, 105.48)
IO_FILLER_S_S_877  | PFILLER0005_G             |                  1/1           | Pin VDD (679.237, 105.48)
IO_FILLER_S_S_878  | PFILLER0005_G             |                  1/1           | Pin VDD (679.242, 105.48)
IO_FILLER_S_S_879  | PFILLER0005_G             |                  1/1           | Pin VDD (679.247, 105.48)
IO_FILLER_S_S_880  | PFILLER0005_G             |                  1/1           | Pin VDD (679.253, 105.48)
IO_FILLER_S_S_881  | PFILLER0005_G             |                  1/1           | Pin VDD (679.258, 105.48)
IO_FILLER_S_S_882  | PFILLER0005_G             |                  1/1           | Pin VDD (679.263, 105.48)
IO_FILLER_S_S_883  | PFILLER0005_G             |                  1/1           | Pin VDD (679.268, 105.48)
IO_FILLER_S_S_884  | PFILLER0005_G             |                  1/1           | Pin VDD (679.273, 105.48)
IO_FILLER_S_S_885  | PFILLER0005_G             |                  1/1           | Pin VDD (679.278, 105.48)
IO_FILLER_S_S_886  | PFILLER0005_G             |                  1/1           | Pin VDD (679.283, 105.48)
IO_FILLER_S_S_887  | PFILLER0005_G             |                  1/1           | Pin VDD (679.288, 105.48)
IO_FILLER_S_S_888  | PFILLER0005_G             |                  1/1           | Pin VDD (679.293, 105.48)
IO_FILLER_S_S_889  | PFILLER0005_G             |                  1/1           | Pin VDD (679.298, 105.48)
IO_FILLER_S_S_890  | PFILLER0005_G             |                  1/1           | Pin VDD (679.303, 105.48)
IO_FILLER_S_S_891  | PFILLER0005_G             |                  1/1           | Pin VDD (679.308, 105.48)
IO_FILLER_S_S_892  | PFILLER0005_G             |                  1/1           | Pin VDD (679.312, 105.48)
IO_FILLER_S_S_893  | PFILLER0005_G             |                  1/1           | Pin VDD (679.317, 105.48)
IO_FILLER_S_S_894  | PFILLER0005_G             |                  1/1           | Pin VDD (679.322, 105.48)
IO_FILLER_S_S_895  | PFILLER0005_G             |                  1/1           | Pin VDD (679.327, 105.48)
I27/I1             | PDDW04DGZ_H_G             |                  1/1           | Pin VDD (643.995, 105.48)
I28/I1             | PDDW04DGZ_H_G             |                  1/1           | Pin VDD (689.33, 105.48)
IO_FILLER_S_S_395  | PFILLER0005_G             |                  1/1           | Pin VDD (361.827, 105.48)
IO_FILLER_S_S_396  | PFILLER0005_G             |                  1/1           | Pin VDD (361.832, 105.48)
IO_FILLER_S_S_397  | PFILLER0005_G             |                  1/1           | Pin VDD (361.837, 105.48)
IO_FILLER_S_S_394  | PFILLER0005_G             |                  1/1           | Pin VDD (361.822, 105.48)
IO_FILLER_S_S_370  | PFILLER0005_G             |                  1/1           | Pin VDD (361.702, 105.48)
IO_FILLER_S_S_371  | PFILLER0005_G             |                  1/1           | Pin VDD (361.707, 105.48)
IO_FILLER_S_S_372  | PFILLER0005_G             |                  1/1           | Pin VDD (361.712, 105.48)
IO_FILLER_S_S_373  | PFILLER0005_G             |                  1/1           | Pin VDD (361.717, 105.48)
IO_FILLER_S_S_374  | PFILLER0005_G             |                  1/1           | Pin VDD (361.723, 105.48)
IO_FILLER_S_S_375  | PFILLER0005_G             |                  1/1           | Pin VDD (361.728, 105.48)
IO_FILLER_S_S_376  | PFILLER0005_G             |                  1/1           | Pin VDD (361.733, 105.48)
IO_FILLER_S_S_377  | PFILLER0005_G             |                  1/1           | Pin VDD (361.738, 105.48)
IO_FILLER_S_S_378  | PFILLER0005_G             |                  1/1           | Pin VDD (361.743, 105.48)
IO_FILLER_S_S_379  | PFILLER0005_G             |                  1/1           | Pin VDD (361.748, 105.48)
IO_FILLER_S_S_380  | PFILLER0005_G             |                  1/1           | Pin VDD (361.752, 105.48)
IO_FILLER_S_S_381  | PFILLER0005_G             |                  1/1           | Pin VDD (361.757, 105.48)
IO_FILLER_S_S_382  | PFILLER0005_G             |                  1/1           | Pin VDD (361.762, 105.48)
IO_FILLER_S_S_383  | PFILLER0005_G             |                  1/1           | Pin VDD (361.767, 105.48)
IO_FILLER_S_S_384  | PFILLER0005_G             |                  1/1           | Pin VDD (361.772, 105.48)
IO_FILLER_S_S_385  | PFILLER0005_G             |                  1/1           | Pin VDD (361.777, 105.48)
IO_FILLER_S_S_386  | PFILLER0005_G             |                  1/1           | Pin VDD (361.783, 105.48)
IO_FILLER_S_S_450  | PFILLER0005_G             |                  1/1           | Pin VDD (407.103, 105.48)
IO_FILLER_S_S_387  | PFILLER0005_G             |                  1/1           | Pin VDD (361.788, 105.48)
IO_FILLER_S_S_451  | PFILLER0005_G             |                  1/1           | Pin VDD (407.108, 105.48)
IO_FILLER_S_S_388  | PFILLER0005_G             |                  1/1           | Pin VDD (361.793, 105.48)
IO_FILLER_S_S_452  | PFILLER0005_G             |                  1/1           | Pin VDD (407.113, 105.48)
IO_FILLER_S_S_389  | PFILLER0005_G             |                  1/1           | Pin VDD (361.798, 105.48)
IO_FILLER_S_S_453  | PFILLER0005_G             |                  1/1           | Pin VDD (407.118, 105.48)
IO_FILLER_S_S_390  | PFILLER0005_G             |                  1/1           | Pin VDD (361.803, 105.48)
IO_FILLER_S_S_454  | PFILLER0005_G             |                  1/1           | Pin VDD (407.123, 105.48)
IO_FILLER_S_S_391  | PFILLER0005_G             |                  1/1           | Pin VDD (361.808, 105.48)
IO_FILLER_S_S_455  | PFILLER0005_G             |                  1/1           | Pin VDD (407.127, 105.48)
IO_FILLER_S_S_392  | PFILLER0005_G             |                  1/1           | Pin VDD (361.812, 105.48)
IO_FILLER_S_S_456  | PFILLER0005_G             |                  1/1           | Pin VDD (407.132, 105.48)
IO_FILLER_S_S_393  | PFILLER0005_G             |                  1/1           | Pin VDD (361.817, 105.48)
IO_FILLER_S_S_457  | PFILLER0005_G             |                  1/1           | Pin VDD (407.137, 105.48)
IO_FILLER_S_S_458  | PFILLER0005_G             |                  1/1           | Pin VDD (407.142, 105.48)
IO_FILLER_S_S_459  | PFILLER0005_G             |                  1/1           | Pin VDD (407.147, 105.48)
IO_FILLER_S_S_460  | PFILLER0005_G             |                  1/1           | Pin VDD (407.152, 105.48)
IO_FILLER_S_S_461  | PFILLER0005_G             |                  1/1           | Pin VDD (407.158, 105.48)
IO_FILLER_S_S_462  | PFILLER0005_G             |                  1/1           | Pin VDD (407.163, 105.48)
IO_FILLER_S_S_463  | PFILLER0005_G             |                  1/1           | Pin VDD (407.168, 105.48)
IO_FILLER_S_S_464  | PFILLER0005_G             |                  1/1           | Pin VDD (407.173, 105.48)
IO_FILLER_S_S_465  | PFILLER0005_G             |                  1/1           | Pin VDD (407.178, 105.48)
IO_FILLER_S_S_466  | PFILLER0005_G             |                  1/1           | Pin VDD (407.183, 105.48)
IO_FILLER_S_S_467  | PFILLER0005_G             |                  1/1           | Pin VDD (407.188, 105.48)
IO_FILLER_S_S_468  | PFILLER0005_G             |                  1/1           | Pin VDD (407.192, 105.48)
IO_FILLER_S_S_469  | PFILLER0005_G             |                  1/1           | Pin VDD (407.197, 105.48)
IO_FILLER_S_S_470  | PFILLER0005_G             |                  1/1           | Pin VDD (407.202, 105.48)
IO_FILLER_S_S_471  | PFILLER0005_G             |                  1/1           | Pin VDD (407.207, 105.48)
IO_FILLER_S_S_472  | PFILLER0005_G             |                  1/1           | Pin VDD (407.212, 105.48)
IO_FILLER_S_S_473  | PFILLER0005_G             |                  1/1           | Pin VDD (407.217, 105.48)
IO_FILLER_S_S_474  | PFILLER0005_G             |                  1/1           | Pin VDD (407.223, 105.48)
IO_FILLER_S_S_475  | PFILLER0005_G             |                  1/1           | Pin VDD (407.228, 105.48)
IO_FILLER_S_S_476  | PFILLER0005_G             |                  1/1           | Pin VDD (407.233, 105.48)
IO_FILLER_S_S_477  | PFILLER0005_G             |                  1/1           | Pin VDD (407.238, 105.48)
IO_FILLER_S_S_478  | PFILLER0005_G             |                  1/1           | Pin VDD (407.243, 105.48)
IO_FILLER_S_S_479  | PFILLER0005_G             |                  1/1           | Pin VDD (407.248, 105.48)
IO_FILLER_S_S_480  | PFILLER0005_G             |                  1/1           | Pin VDD (407.252, 105.48)
IO_FILLER_S_S_481  | PFILLER0005_G             |                  1/1           | Pin VDD (407.257, 105.48)
IO_FILLER_S_S_482  | PFILLER0005_G             |                  1/1           | Pin VDD (407.262, 105.48)
IO_FILLER_S_S_483  | PFILLER0005_G             |                  1/1           | Pin VDD (407.267, 105.48)
IO_FILLER_S_S_484  | PFILLER0005_G             |                  1/1           | Pin VDD (407.272, 105.48)
IO_FILLER_S_S_485  | PFILLER0005_G             |                  1/1           | Pin VDD (407.277, 105.48)
IO_FILLER_S_S_486  | PFILLER0005_G             |                  1/1           | Pin VDD (407.283, 105.48)
IO_FILLER_S_S_487  | PFILLER0005_G             |                  1/1           | Pin VDD (407.288, 105.48)
IO_FILLER_S_S_488  | PFILLER0005_G             |                  1/1           | Pin VDD (407.293, 105.48)
IO_FILLER_S_S_489  | PFILLER0005_G             |                  1/1           | Pin VDD (407.298, 105.48)
IO_FILLER_S_S_490  | PFILLER0005_G             |                  1/1           | Pin VDD (407.303, 105.48)
IO_FILLER_S_S_491  | PFILLER0005_G             |                  1/1           | Pin VDD (407.308, 105.48)
IO_FILLER_S_S_492  | PFILLER0005_G             |                  1/1           | Pin VDD (407.312, 105.48)
IO_FILLER_S_S_493  | PFILLER0005_G             |                  1/1           | Pin VDD (407.317, 105.48)
IO_FILLER_S_S_494  | PFILLER0005_G             |                  1/1           | Pin VDD (407.322, 105.48)
I7/I1              | PDDW04DGZ_H_G             |                  1/1           | Pin VDD (312.5, 774.52)
IO_FILLER_S_S_495  | PFILLER0005_G             |                  1/1           | Pin VDD (407.327, 105.48)
IO_FILLER_S_S_496  | PFILLER0005_G             |                  1/1           | Pin VDD (407.332, 105.48)
I21/I1             | PDDW04DGZ_H_G             |                  1/1           | Pin VDD (372.005, 105.48)
I22/I1             | PDDW04DGZ_H_G             |                  1/1           | Pin VDD (417.335, 105.48)
I8/I1              | PDDW04DGZ_H_G             |                  1/1           | Pin VDD (355, 774.52)
IO_FILLER_S_S_6    | PFILLER20_G               |                  1/1           | Pin VDD (392.005, 105.48)
IO_FILLER_S_S_7    | PFILLER20_G               |                  1/1           | Pin VDD (437.335, 105.48)
IO_FILLER_S_S_20   | PFILLER5_G                |                  1/1           | Pin VDD (359.175, 105.48)
IO_FILLER_S_S_21   | PFILLER5_G                |                  1/1           | Pin VDD (404.505, 105.48)
IO_FILLER_S_S_365  | PFILLER0005_G             |                  1/1           | Pin VDD (361.678, 105.48)
IO_FILLER_S_S_366  | PFILLER0005_G             |                  1/1           | Pin VDD (361.683, 105.48)
IO_FILLER_S_S_439  | PFILLER0005_G             |                  1/1           | Pin VDD (407.048, 105.48)
IO_FILLER_S_S_367  | PFILLER0005_G             |                  1/1           | Pin VDD (361.688, 105.48)
IO_FILLER_S_S_440  | PFILLER0005_G             |                  1/1           | Pin VDD (407.053, 105.48)
IO_FILLER_S_S_368  | PFILLER0005_G             |                  1/1           | Pin VDD (361.692, 105.48)
IO_FILLER_S_S_441  | PFILLER0005_G             |                  1/1           | Pin VDD (407.058, 105.48)
IO_FILLER_S_S_369  | PFILLER0005_G             |                  1/1           | Pin VDD (361.697, 105.48)
IO_FILLER_S_S_442  | PFILLER0005_G             |                  1/1           | Pin VDD (407.062, 105.48)
IO_FILLER_S_S_443  | PFILLER0005_G             |                  1/1           | Pin VDD (407.067, 105.48)
IO_FILLER_S_S_444  | PFILLER0005_G             |                  1/1           | Pin VDD (407.072, 105.48)
IO_FILLER_S_S_445  | PFILLER0005_G             |                  1/1           | Pin VDD (407.077, 105.48)
IO_FILLER_S_S_446  | PFILLER0005_G             |                  1/1           | Pin VDD (407.082, 105.48)
IO_FILLER_S_S_447  | PFILLER0005_G             |                  1/1           | Pin VDD (407.087, 105.48)
IO_FILLER_S_S_448  | PFILLER0005_G             |                  1/1           | Pin VDD (407.092, 105.48)
IO_FILLER_S_S_449  | PFILLER0005_G             |                  1/1           | Pin VDD (407.098, 105.48)
IO_FILLER_S_S_70   | PFILLER0005_G             |                  1/1           | Pin VDD (135.202, 105.48)
IO_FILLER_S_S_401  | PFILLER0005_G             |                  1/1           | Pin VDD (361.858, 105.48)
IO_FILLER_S_S_398  | PFILLER0005_G             |                  1/1           | Pin VDD (361.842, 105.48)
IO_FILLER_S_S_437  | PFILLER0005_G             |                  1/1           | Pin VDD (407.038, 105.48)
IO_FILLER_S_S_60   | PFILLER0005_G             |                  1/1           | Pin VDD (135.153, 105.48)
IO_FILLER_S_S_399  | PFILLER0005_G             |                  1/1           | Pin VDD (361.848, 105.48)
IO_FILLER_S_S_64   | PFILLER0005_G             |                  1/1           | Pin VDD (135.173, 105.48)
IO_FILLER_S_S_438  | PFILLER0005_G             |                  1/1           | Pin VDD (407.043, 105.48)
IO_FILLER_S_S_400  | PFILLER0005_G             |                  1/1           | Pin VDD (361.853, 105.48)
IO_FILLER_S_S_402  | PFILLER0005_G             |                  1/1           | Pin VDD (361.863, 105.48)
IO_FILLER_S_S_403  | PFILLER0005_G             |                  1/1           | Pin VDD (361.868, 105.48)
IO_FILLER_S_S_404  | PFILLER0005_G             |                  1/1           | Pin VDD (361.873, 105.48)
IO_FILLER_S_S_405  | PFILLER0005_G             |                  1/1           | Pin VDD (361.877, 105.48)
IO_FILLER_S_S_406  | PFILLER0005_G             |                  1/1           | Pin VDD (361.882, 105.48)
IO_FILLER_S_S_407  | PFILLER0005_G             |                  1/1           | Pin VDD (361.887, 105.48)
IO_FILLER_S_S_408  | PFILLER0005_G             |                  1/1           | Pin VDD (361.892, 105.48)
IO_FILLER_S_S_409  | PFILLER0005_G             |                  1/1           | Pin VDD (361.897, 105.48)
IO_FILLER_S_S_410  | PFILLER0005_G             |                  1/1           | Pin VDD (361.902, 105.48)
IO_FILLER_S_S_411  | PFILLER0005_G             |                  1/1           | Pin VDD (361.908, 105.48)
IO_FILLER_S_S_412  | PFILLER0005_G             |                  1/1           | Pin VDD (361.913, 105.48)
IO_FILLER_S_S_413  | PFILLER0005_G             |                  1/1           | Pin VDD (361.918, 105.48)
IO_FILLER_S_S_414  | PFILLER0005_G             |                  1/1           | Pin VDD (361.923, 105.48)
IO_FILLER_S_S_415  | PFILLER0005_G             |                  1/1           | Pin VDD (361.928, 105.48)
IO_FILLER_S_S_416  | PFILLER0005_G             |                  1/1           | Pin VDD (361.933, 105.48)
IO_FILLER_S_S_417  | PFILLER0005_G             |                  1/1           | Pin VDD (361.938, 105.48)
IO_FILLER_S_S_418  | PFILLER0005_G             |                  1/1           | Pin VDD (361.942, 105.48)
IO_FILLER_S_S_419  | PFILLER0005_G             |                  1/1           | Pin VDD (361.947, 105.48)
IO_FILLER_S_S_420  | PFILLER0005_G             |                  1/1           | Pin VDD (361.952, 105.48)
IO_FILLER_S_S_421  | PFILLER0005_G             |                  1/1           | Pin VDD (361.957, 105.48)
IO_FILLER_S_S_422  | PFILLER0005_G             |                  1/1           | Pin VDD (361.962, 105.48)
IO_FILLER_S_S_423  | PFILLER0005_G             |                  1/1           | Pin VDD (361.967, 105.48)
IO_FILLER_S_S_424  | PFILLER0005_G             |                  1/1           | Pin VDD (361.973, 105.48)
IO_FILLER_S_S_425  | PFILLER0005_G             |                  1/1           | Pin VDD (361.978, 105.48)
IO_FILLER_S_S_426  | PFILLER0005_G             |                  1/1           | Pin VDD (361.983, 105.48)
IO_FILLER_S_S_427  | PFILLER0005_G             |                  1/1           | Pin VDD (361.988, 105.48)
IO_FILLER_S_S_428  | PFILLER0005_G             |                  1/1           | Pin VDD (361.993, 105.48)
IO_FILLER_S_S_429  | PFILLER0005_G             |                  1/1           | Pin VDD (361.998, 105.48)
IO_FILLER_S_S_430  | PFILLER0005_G             |                  1/1           | Pin VDD (362.002, 105.48)
IO_FILLER_S_S_431  | PFILLER0005_G             |                  1/1           | Pin VDD (407.007, 105.48)
IO_FILLER_S_S_432  | PFILLER0005_G             |                  1/1           | Pin VDD (407.012, 105.48)
IO_FILLER_S_S_433  | PFILLER0005_G             |                  1/1           | Pin VDD (407.017, 105.48)
IO_FILLER_S_S_434  | PFILLER0005_G             |                  1/1           | Pin VDD (407.022, 105.48)
IO_FILLER_S_S_435  | PFILLER0005_G             |                  1/1           | Pin VDD (407.027, 105.48)
IO_FILLER_S_S_436  | PFILLER0005_G             |                  1/1           | Pin VDD (407.033, 105.48)
IO_FILLER_N_N_5    | PFILLER20_G               |                  1/1           | Pin VDD (332.5, 774.52)
IO_FILLER_N_N_24   | PFILLER1_G                |                  1/1           | Pin VDD (300.5, 774.52)
IO_FILLER_N_N_25   | PFILLER1_G                |                  1/1           | Pin VDD (301.5, 774.52)
IO_FILLER_N_N_26   | PFILLER1_G                |                  1/1           | Pin VDD (343, 774.52)
IO_FILLER_N_N_27   | PFILLER1_G                |                  1/1           | Pin VDD (344, 774.52)
IO_FILLER_N_N_52   | PFILLER05_G               |                  1/1           | Pin VDD (302.25, 774.52)
IO_FILLER_N_N_53   | PFILLER05_G               |                  1/1           | Pin VDD (344.75, 774.52)
IO_FILLER_N_N_4    | PFILLER20_G               |                  1/1           | Pin VDD (290, 774.52)
IO_FILLER_N_N_10   | PFILLER20_G               |                  1/1           | Pin VDD (545, 774.52)
IO_FILLER_N_N_11   | PFILLER20_G               |                  1/1           | Pin VDD (587.5, 774.52)
IO_FILLER_N_N_36   | PFILLER1_G                |                  1/1           | Pin VDD (555.5, 774.52)
IO_FILLER_N_N_37   | PFILLER1_G                |                  1/1           | Pin VDD (556.5, 774.52)
IO_FILLER_N_N_38   | PFILLER1_G                |                  1/1           | Pin VDD (598, 774.52)
IO_FILLER_N_N_39   | PFILLER1_G                |                  1/1           | Pin VDD (599, 774.52)
IO_FILLER_N_N_58   | PFILLER05_G               |                  1/1           | Pin VDD (557.25, 774.52)
IO_FILLER_N_N_59   | PFILLER05_G               |                  1/1           | Pin VDD (599.75, 774.52)
I13/I1             | PDDW04DGZ_H_G             |                  1/1           | Pin VDD (567.5, 774.52)
I14/I1             | PDDW04DGZ_H_G             |                  1/1           | Pin VDD (610, 774.52)
IO_FILLER_S_S_12   | PFILLER20_G               |                  1/1           | Pin VDD (663.995, 105.48)
IO_FILLER_S_S_13   | PFILLER20_G               |                  1/1           | Pin VDD (709.33, 105.48)
IO_FILLER_S_S_26   | PFILLER5_G                |                  1/1           | Pin VDD (631.16, 105.48)
IO_FILLER_S_S_27   | PFILLER5_G                |                  1/1           | Pin VDD (676.495, 105.48)
IO_FILLER_S_S_762  | PFILLER0005_G             |                  1/1           | Pin VDD (633.663, 105.48)
IO_FILLER_S_S_763  | PFILLER0005_G             |                  1/1           | Pin VDD (633.668, 105.48)
IO_FILLER_S_S_764  | PFILLER0005_G             |                  1/1           | Pin VDD (633.673, 105.48)
IO_FILLER_S_S_765  | PFILLER0005_G             |                  1/1           | Pin VDD (633.678, 105.48)
IO_FILLER_S_S_766  | PFILLER0005_G             |                  1/1           | Pin VDD (633.683, 105.48)
IO_FILLER_S_S_767  | PFILLER0005_G             |                  1/1           | Pin VDD (633.688, 105.48)
IO_FILLER_S_S_768  | PFILLER0005_G             |                  1/1           | Pin VDD (633.692, 105.48)
IO_FILLER_S_S_769  | PFILLER0005_G             |                  1/1           | Pin VDD (633.697, 105.48)
IO_FILLER_S_S_770  | PFILLER0005_G             |                  1/1           | Pin VDD (633.702, 105.48)
IO_FILLER_S_S_771  | PFILLER0005_G             |                  1/1           | Pin VDD (633.707, 105.48)
IO_FILLER_S_S_772  | PFILLER0005_G             |                  1/1           | Pin VDD (633.712, 105.48)
IO_FILLER_S_S_773  | PFILLER0005_G             |                  1/1           | Pin VDD (633.717, 105.48)
IO_FILLER_S_S_774  | PFILLER0005_G             |                  1/1           | Pin VDD (633.722, 105.48)
IO_FILLER_S_S_775  | PFILLER0005_G             |                  1/1           | Pin VDD (633.727, 105.48)
IO_FILLER_S_S_776  | PFILLER0005_G             |                  1/1           | Pin VDD (633.732, 105.48)
IO_FILLER_S_S_777  | PFILLER0005_G             |                  1/1           | Pin VDD (633.737, 105.48)
IO_FILLER_S_S_778  | PFILLER0005_G             |                  1/1           | Pin VDD (633.742, 105.48)
IO_FILLER_S_S_779  | PFILLER0005_G             |                  1/1           | Pin VDD (633.747, 105.48)
IO_FILLER_S_S_780  | PFILLER0005_G             |                  1/1           | Pin VDD (633.753, 105.48)
IO_FILLER_S_S_781  | PFILLER0005_G             |                  1/1           | Pin VDD (633.758, 105.48)
IO_FILLER_S_S_782  | PFILLER0005_G             |                  1/1           | Pin VDD (633.763, 105.48)
IO_FILLER_S_S_783  | PFILLER0005_G             |                  1/1           | Pin VDD (633.768, 105.48)
IO_FILLER_S_S_784  | PFILLER0005_G             |                  1/1           | Pin VDD (633.773, 105.48)
IO_FILLER_S_S_785  | PFILLER0005_G             |                  1/1           | Pin VDD (633.778, 105.48)
IO_FILLER_S_S_786  | PFILLER0005_G             |                  1/1           | Pin VDD (633.783, 105.48)
IO_FILLER_S_S_787  | PFILLER0005_G             |                  1/1           | Pin VDD (633.788, 105.48)
IO_FILLER_S_S_788  | PFILLER0005_G             |                  1/1           | Pin VDD (633.793, 105.48)
IO_FILLER_S_S_789  | PFILLER0005_G             |                  1/1           | Pin VDD (633.798, 105.48)
IO_FILLER_S_S_790  | PFILLER0005_G             |                  1/1           | Pin VDD (633.803, 105.48)
IO_FILLER_S_S_791  | PFILLER0005_G             |                  1/1           | Pin VDD (633.808, 105.48)
IO_FILLER_S_S_792  | PFILLER0005_G             |                  1/1           | Pin VDD (633.812, 105.48)
IO_FILLER_S_S_793  | PFILLER0005_G             |                  1/1           | Pin VDD (633.817, 105.48)
IO_FILLER_S_S_794  | PFILLER0005_G             |                  1/1           | Pin VDD (633.822, 105.48)
IO_FILLER_S_S_795  | PFILLER0005_G             |                  1/1           | Pin VDD (633.827, 105.48)
IO_FILLER_S_S_796  | PFILLER0005_G             |                  1/1           | Pin VDD (633.832, 105.48)
IO_FILLER_S_S_797  | PFILLER0005_G             |                  1/1           | Pin VDD (633.837, 105.48)
IO_FILLER_S_S_798  | PFILLER0005_G             |                  1/1           | Pin VDD (633.842, 105.48)
IO_FILLER_S_S_799  | PFILLER0005_G             |                  1/1           | Pin VDD (633.847, 105.48)
IO_FILLER_S_S_800  | PFILLER0005_G             |                  1/1           | Pin VDD (633.852, 105.48)
IO_FILLER_S_S_801  | PFILLER0005_G             |                  1/1           | Pin VDD (633.857, 105.48)
IO_FILLER_S_S_802  | PFILLER0005_G             |                  1/1           | Pin VDD (633.862, 105.48)
IO_FILLER_S_S_803  | PFILLER0005_G             |                  1/1           | Pin VDD (633.867, 105.48)
IO_FILLER_S_S_804  | PFILLER0005_G             |                  1/1           | Pin VDD (633.872, 105.48)
IO_FILLER_S_S_805  | PFILLER0005_G             |                  1/1           | Pin VDD (633.878, 105.48)
IO_FILLER_S_S_806  | PFILLER0005_G             |                  1/1           | Pin VDD (633.883, 105.48)
IO_FILLER_S_S_807  | PFILLER0005_G             |                  1/1           | Pin VDD (633.888, 105.48)
IO_FILLER_S_S_808  | PFILLER0005_G             |                  1/1           | Pin VDD (633.893, 105.48)
IO_FILLER_S_S_809  | PFILLER0005_G             |                  1/1           | Pin VDD (633.898, 105.48)
IO_FILLER_S_S_810  | PFILLER0005_G             |                  1/1           | Pin VDD (633.903, 105.48)
IO_FILLER_S_S_811  | PFILLER0005_G             |                  1/1           | Pin VDD (633.908, 105.48)
IO_FILLER_S_S_812  | PFILLER0005_G             |                  1/1           | Pin VDD (633.913, 105.48)
IO_FILLER_S_S_813  | PFILLER0005_G             |                  1/1           | Pin VDD (633.918, 105.48)
IO_FILLER_S_S_814  | PFILLER0005_G             |                  1/1           | Pin VDD (633.923, 105.48)
IO_FILLER_S_S_815  | PFILLER0005_G             |                  1/1           | Pin VDD (633.928, 105.48)
IO_FILLER_S_S_73   | PFILLER0005_G             |                  1/1           | Pin VDD (135.218, 105.48)
IO_FILLER_S_S_77   | PFILLER0005_G             |                  1/1           | Pin VDD (135.238, 105.48)
IO_FILLER_E_E_479  | PFILLER0005_G             |                  1/1           | Pin VDD (774.52, 407.248)
IO_FILLER_E_E_480  | PFILLER0005_G             |                  1/1           | Pin VDD (774.52, 407.252)
IO_FILLER_E_E_481  | PFILLER0005_G             |                  1/1           | Pin VDD (774.52, 407.257)
IO_FILLER_E_E_482  | PFILLER0005_G             |                  1/1           | Pin VDD (774.52, 407.262)
IO_FILLER_E_E_483  | PFILLER0005_G             |                  1/1           | Pin VDD (774.52, 407.267)
IO_FILLER_E_E_484  | PFILLER0005_G             |                  1/1           | Pin VDD (774.52, 407.272)
IO_FILLER_E_E_485  | PFILLER0005_G             |                  1/1           | Pin VDD (774.52, 407.277)
IO_FILLER_E_E_486  | PFILLER0005_G             |                  1/1           | Pin VDD (774.52, 407.283)
IO_FILLER_E_E_487  | PFILLER0005_G             |                  1/1           | Pin VDD (774.52, 407.288)
IO_FILLER_E_E_488  | PFILLER0005_G             |                  1/1           | Pin VDD (774.52, 407.293)
IO_FILLER_E_E_489  | PFILLER0005_G             |                  1/1           | Pin VDD (774.52, 407.298)
IO_FILLER_E_E_490  | PFILLER0005_G             |                  1/1           | Pin VDD (774.52, 407.303)
IO_FILLER_E_E_491  | PFILLER0005_G             |                  1/1           | Pin VDD (774.52, 407.308)
IO_FILLER_E_E_492  | PFILLER0005_G             |                  1/1           | Pin VDD (774.52, 407.312)
IO_FILLER_E_E_493  | PFILLER0005_G             |                  1/1           | Pin VDD (774.52, 407.317)
IO_FILLER_E_E_494  | PFILLER0005_G             |                  1/1           | Pin VDD (774.52, 407.322)
IO_FILLER_E_E_495  | PFILLER0005_G             |                  1/1           | Pin VDD (774.52, 407.327)
IO_FILLER_E_E_496  | PFILLER0005_G             |                  1/1           | Pin VDD (774.52, 407.332)
I33/I1             | PDDW04DGZ_V_G             |                  1/1           | Pin VDD (774.52, 372.005)
I34/I1             | PDDW04DGZ_V_G             |                  1/1           | Pin VDD (774.52, 417.335)
IO_FILLER_E_E_8    | PFILLER20_G               |                  1/1           | Pin VDD (774.52, 482.665)
IO_FILLER_E_E_9    | PFILLER20_G               |                  1/1           | Pin VDD (774.52, 527.995)
IO_FILLER_E_E_22   | PFILLER5_G                |                  1/1           | Pin VDD (774.52, 449.835)
IO_FILLER_E_E_23   | PFILLER5_G                |                  1/1           | Pin VDD (774.52, 495.165)
IO_FILLER_E_E_497  | PFILLER0005_G             |                  1/1           | Pin VDD (774.52, 452.337)
IO_FILLER_E_E_498  | PFILLER0005_G             |                  1/1           | Pin VDD (774.52, 452.342)
IO_FILLER_E_E_499  | PFILLER0005_G             |                  1/1           | Pin VDD (774.52, 452.348)
IO_FILLER_E_E_500  | PFILLER0005_G             |                  1/1           | Pin VDD (774.52, 452.353)
IO_FILLER_E_E_501  | PFILLER0005_G             |                  1/1           | Pin VDD (774.52, 452.358)
IO_FILLER_E_E_502  | PFILLER0005_G             |                  1/1           | Pin VDD (774.52, 452.363)
IO_FILLER_E_E_503  | PFILLER0005_G             |                  1/1           | Pin VDD (774.52, 452.368)
IO_FILLER_E_E_504  | PFILLER0005_G             |                  1/1           | Pin VDD (774.52, 452.373)
IO_FILLER_E_E_505  | PFILLER0005_G             |                  1/1           | Pin VDD (774.52, 452.377)
IO_FILLER_E_E_506  | PFILLER0005_G             |                  1/1           | Pin VDD (774.52, 452.382)
IO_FILLER_E_E_507  | PFILLER0005_G             |                  1/1           | Pin VDD (774.52, 452.387)
IO_FILLER_E_E_508  | PFILLER0005_G             |                  1/1           | Pin VDD (774.52, 452.392)
IO_FILLER_E_E_509  | PFILLER0005_G             |                  1/1           | Pin VDD (774.52, 452.397)
IO_FILLER_E_E_510  | PFILLER0005_G             |                  1/1           | Pin VDD (774.52, 452.402)
IO_FILLER_E_E_511  | PFILLER0005_G             |                  1/1           | Pin VDD (774.52, 452.408)
IO_FILLER_E_E_512  | PFILLER0005_G             |                  1/1           | Pin VDD (774.52, 452.413)
IO_FILLER_E_E_513  | PFILLER0005_G             |                  1/1           | Pin VDD (774.52, 452.418)
IO_FILLER_E_E_514  | PFILLER0005_G             |                  1/1           | Pin VDD (774.52, 452.423)
IO_FILLER_E_E_515  | PFILLER0005_G             |                  1/1           | Pin VDD (774.52, 452.428)
IO_FILLER_E_E_516  | PFILLER0005_G             |                  1/1           | Pin VDD (774.52, 452.433)
IO_FILLER_E_E_517  | PFILLER0005_G             |                  1/1           | Pin VDD (774.52, 452.438)
IO_FILLER_E_E_518  | PFILLER0005_G             |                  1/1           | Pin VDD (774.52, 452.442)
IO_FILLER_E_E_519  | PFILLER0005_G             |                  1/1           | Pin VDD (774.52, 452.447)
IO_FILLER_E_E_520  | PFILLER0005_G             |                  1/1           | Pin VDD (774.52, 452.452)
IO_FILLER_E_E_521  | PFILLER0005_G             |                  1/1           | Pin VDD (774.52, 452.457)
IO_FILLER_E_E_522  | PFILLER0005_G             |                  1/1           | Pin VDD (774.52, 452.462)
IO_FILLER_E_E_523  | PFILLER0005_G             |                  1/1           | Pin VDD (774.52, 452.467)
IO_FILLER_E_E_524  | PFILLER0005_G             |                  1/1           | Pin VDD (774.52, 452.473)
IO_FILLER_E_E_525  | PFILLER0005_G             |                  1/1           | Pin VDD (774.52, 452.478)
IO_FILLER_E_E_526  | PFILLER0005_G             |                  1/1           | Pin VDD (774.52, 452.483)
IO_FILLER_E_E_527  | PFILLER0005_G             |                  1/1           | Pin VDD (774.52, 452.488)
IO_FILLER_E_E_528  | PFILLER0005_G             |                  1/1           | Pin VDD (774.52, 452.493)
IO_FILLER_E_E_529  | PFILLER0005_G             |                  1/1           | Pin VDD (774.52, 452.498)
IO_FILLER_E_E_530  | PFILLER0005_G             |                  1/1           | Pin VDD (774.52, 452.502)
IO_FILLER_E_E_531  | PFILLER0005_G             |                  1/1           | Pin VDD (774.52, 452.507)
IO_FILLER_E_E_532  | PFILLER0005_G             |                  1/1           | Pin VDD (774.52, 452.512)
IO_FILLER_E_E_533  | PFILLER0005_G             |                  1/1           | Pin VDD (774.52, 452.517)
IO_FILLER_E_E_534  | PFILLER0005_G             |                  1/1           | Pin VDD (774.52, 452.522)
IO_FILLER_E_E_535  | PFILLER0005_G             |                  1/1           | Pin VDD (774.52, 452.527)
IO_FILLER_E_E_536  | PFILLER0005_G             |                  1/1           | Pin VDD (774.52, 452.533)
IO_FILLER_E_E_537  | PFILLER0005_G             |                  1/1           | Pin VDD (774.52, 452.538)
IO_FILLER_E_E_538  | PFILLER0005_G             |                  1/1           | Pin VDD (774.52, 452.543)
IO_FILLER_E_E_539  | PFILLER0005_G             |                  1/1           | Pin VDD (774.52, 452.548)
IO_FILLER_E_E_540  | PFILLER0005_G             |                  1/1           | Pin VDD (774.52, 452.553)
IO_FILLER_E_E_541  | PFILLER0005_G             |                  1/1           | Pin VDD (774.52, 452.558)
IO_FILLER_E_E_542  | PFILLER0005_G             |                  1/1           | Pin VDD (774.52, 452.562)
IO_FILLER_E_E_543  | PFILLER0005_G             |                  1/1           | Pin VDD (774.52, 452.567)
IO_FILLER_E_E_544  | PFILLER0005_G             |                  1/1           | Pin VDD (774.52, 452.572)
IO_FILLER_E_E_545  | PFILLER0005_G             |                  1/1           | Pin VDD (774.52, 452.577)
IO_FILLER_E_E_546  | PFILLER0005_G             |                  1/1           | Pin VDD (774.52, 452.582)
IO_FILLER_E_E_547  | PFILLER0005_G             |                  1/1           | Pin VDD (774.52, 452.587)
IO_FILLER_E_E_548  | PFILLER0005_G             |                  1/1           | Pin VDD (774.52, 452.592)
IO_FILLER_E_E_549  | PFILLER0005_G             |                  1/1           | Pin VDD (774.52, 452.598)
IO_FILLER_E_E_550  | PFILLER0005_G             |                  1/1           | Pin VDD (774.52, 452.603)
IO_FILLER_E_E_551  | PFILLER0005_G             |                  1/1           | Pin VDD (774.52, 452.608)
IO_FILLER_E_E_552  | PFILLER0005_G             |                  1/1           | Pin VDD (774.52, 452.613)
IO_FILLER_E_E_553  | PFILLER0005_G             |                  1/1           | Pin VDD (774.52, 452.618)
IO_FILLER_E_E_554  | PFILLER0005_G             |                  1/1           | Pin VDD (774.52, 452.623)
IO_FILLER_E_E_555  | PFILLER0005_G             |                  1/1           | Pin VDD (774.52, 452.627)
IO_FILLER_E_E_556  | PFILLER0005_G             |                  1/1           | Pin VDD (774.52, 452.632)
IO_FILLER_E_E_557  | PFILLER0005_G             |                  1/1           | Pin VDD (774.52, 452.637)
IO_FILLER_E_E_558  | PFILLER0005_G             |                  1/1           | Pin VDD (774.52, 452.642)
IO_FILLER_E_E_559  | PFILLER0005_G             |                  1/1           | Pin VDD (774.52, 452.647)
IO_FILLER_E_E_560  | PFILLER0005_G             |                  1/1           | Pin VDD (774.52, 452.652)
IO_FILLER_E_E_561  | PFILLER0005_G             |                  1/1           | Pin VDD (774.52, 452.658)
IO_FILLER_E_E_562  | PFILLER0005_G             |                  1/1           | Pin VDD (774.52, 452.663)
IO_FILLER_E_E_563  | PFILLER0005_G             |                  1/1           | Pin VDD (774.52, 497.668)
IO_FILLER_E_E_564  | PFILLER0005_G             |                  1/1           | Pin VDD (774.52, 497.673)
IO_FILLER_E_E_565  | PFILLER0005_G             |                  1/1           | Pin VDD (774.52, 497.678)
IO_FILLER_E_E_566  | PFILLER0005_G             |                  1/1           | Pin VDD (774.52, 497.683)
IO_FILLER_E_E_567  | PFILLER0005_G             |                  1/1           | Pin VDD (774.52, 497.688)
IO_FILLER_E_E_568  | PFILLER0005_G             |                  1/1           | Pin VDD (774.52, 497.692)
IO_FILLER_E_E_569  | PFILLER0005_G             |                  1/1           | Pin VDD (774.52, 497.697)
IO_FILLER_E_E_570  | PFILLER0005_G             |                  1/1           | Pin VDD (774.52, 497.702)
IO_FILLER_E_E_571  | PFILLER0005_G             |                  1/1           | Pin VDD (774.52, 497.707)
IO_FILLER_E_E_572  | PFILLER0005_G             |                  1/1           | Pin VDD (774.52, 497.712)
IO_FILLER_E_E_573  | PFILLER0005_G             |                  1/1           | Pin VDD (774.52, 497.717)
IO_FILLER_E_E_574  | PFILLER0005_G             |                  1/1           | Pin VDD (774.52, 497.723)
IO_FILLER_E_E_575  | PFILLER0005_G             |                  1/1           | Pin VDD (774.52, 497.728)
IO_FILLER_E_E_576  | PFILLER0005_G             |                  1/1           | Pin VDD (774.52, 497.733)
IO_FILLER_E_E_577  | PFILLER0005_G             |                  1/1           | Pin VDD (774.52, 497.738)
IO_FILLER_E_E_578  | PFILLER0005_G             |                  1/1           | Pin VDD (774.52, 497.743)
IO_FILLER_E_E_579  | PFILLER0005_G             |                  1/1           | Pin VDD (774.52, 497.748)
IO_FILLER_E_E_580  | PFILLER0005_G             |                  1/1           | Pin VDD (774.52, 497.752)
IO_FILLER_E_E_581  | PFILLER0005_G             |                  1/1           | Pin VDD (774.52, 497.757)
IO_FILLER_E_E_582  | PFILLER0005_G             |                  1/1           | Pin VDD (774.52, 497.762)
IO_FILLER_E_E_583  | PFILLER0005_G             |                  1/1           | Pin VDD (774.52, 497.767)
IO_FILLER_E_E_584  | PFILLER0005_G             |                  1/1           | Pin VDD (774.52, 497.772)
IO_FILLER_E_E_585  | PFILLER0005_G             |                  1/1           | Pin VDD (774.52, 497.777)
IO_FILLER_E_E_586  | PFILLER0005_G             |                  1/1           | Pin VDD (774.52, 497.783)
IO_FILLER_E_E_587  | PFILLER0005_G             |                  1/1           | Pin VDD (774.52, 497.788)
IO_FILLER_E_E_588  | PFILLER0005_G             |                  1/1           | Pin VDD (774.52, 497.793)
IO_FILLER_E_E_589  | PFILLER0005_G             |                  1/1           | Pin VDD (774.52, 497.798)
IO_FILLER_E_E_590  | PFILLER0005_G             |                  1/1           | Pin VDD (774.52, 497.803)
IO_FILLER_E_E_591  | PFILLER0005_G             |                  1/1           | Pin VDD (774.52, 497.808)
IO_FILLER_E_E_592  | PFILLER0005_G             |                  1/1           | Pin VDD (774.52, 497.812)
IO_FILLER_E_E_593  | PFILLER0005_G             |                  1/1           | Pin VDD (774.52, 497.817)
IO_FILLER_E_E_594  | PFILLER0005_G             |                  1/1           | Pin VDD (774.52, 497.822)
IO_FILLER_E_E_595  | PFILLER0005_G             |                  1/1           | Pin VDD (774.52, 497.827)
IO_FILLER_E_E_596  | PFILLER0005_G             |                  1/1           | Pin VDD (774.52, 497.832)
IO_FILLER_E_E_597  | PFILLER0005_G             |                  1/1           | Pin VDD (774.52, 497.837)
IO_FILLER_E_E_598  | PFILLER0005_G             |                  1/1           | Pin VDD (774.52, 497.842)
IO_FILLER_E_E_599  | PFILLER0005_G             |                  1/1           | Pin VDD (774.52, 497.848)
IO_FILLER_E_E_600  | PFILLER0005_G             |                  1/1           | Pin VDD (774.52, 497.853)
IO_FILLER_E_E_601  | PFILLER0005_G             |                  1/1           | Pin VDD (774.52, 497.858)
IO_FILLER_E_E_602  | PFILLER0005_G             |                  1/1           | Pin VDD (774.52, 497.863)
IO_FILLER_E_E_603  | PFILLER0005_G             |                  1/1           | Pin VDD (774.52, 497.868)
IO_FILLER_E_E_604  | PFILLER0005_G             |                  1/1           | Pin VDD (774.52, 497.873)
IO_FILLER_E_E_605  | PFILLER0005_G             |                  1/1           | Pin VDD (774.52, 497.877)
IO_FILLER_E_E_606  | PFILLER0005_G             |                  1/1           | Pin VDD (774.52, 497.882)
IO_FILLER_E_E_607  | PFILLER0005_G             |                  1/1           | Pin VDD (774.52, 497.887)
IO_FILLER_E_E_608  | PFILLER0005_G             |                  1/1           | Pin VDD (774.52, 497.892)
IO_FILLER_E_E_609  | PFILLER0005_G             |                  1/1           | Pin VDD (774.52, 497.897)
IO_FILLER_E_E_610  | PFILLER0005_G             |                  1/1           | Pin VDD (774.52, 497.902)
IO_FILLER_E_E_611  | PFILLER0005_G             |                  1/1           | Pin VDD (774.52, 497.908)
IO_FILLER_E_E_612  | PFILLER0005_G             |                  1/1           | Pin VDD (774.52, 497.913)
IO_FILLER_E_E_613  | PFILLER0005_G             |                  1/1           | Pin VDD (774.52, 497.918)
IO_FILLER_E_E_614  | PFILLER0005_G             |                  1/1           | Pin VDD (774.52, 497.923)
IO_FILLER_E_E_615  | PFILLER0005_G             |                  1/1           | Pin VDD (774.52, 497.928)
IO_FILLER_E_E_616  | PFILLER0005_G             |                  1/1           | Pin VDD (774.52, 497.933)
IO_FILLER_E_E_617  | PFILLER0005_G             |                  1/1           | Pin VDD (774.52, 497.938)
IO_FILLER_E_E_618  | PFILLER0005_G             |                  1/1           | Pin VDD (774.52, 497.942)
IO_FILLER_E_E_619  | PFILLER0005_G             |                  1/1           | Pin VDD (774.52, 497.947)
IO_FILLER_E_E_620  | PFILLER0005_G             |                  1/1           | Pin VDD (774.52, 497.952)
IO_FILLER_E_E_621  | PFILLER0005_G             |                  1/1           | Pin VDD (774.52, 497.957)
IO_FILLER_E_E_622  | PFILLER0005_G             |                  1/1           | Pin VDD (774.52, 497.962)
IO_FILLER_E_E_623  | PFILLER0005_G             |                  1/1           | Pin VDD (774.52, 497.967)
IO_FILLER_E_E_624  | PFILLER0005_G             |                  1/1           | Pin VDD (774.52, 497.973)
IO_FILLER_E_E_625  | PFILLER0005_G             |                  1/1           | Pin VDD (774.52, 497.978)
IO_FILLER_E_E_626  | PFILLER0005_G             |                  1/1           | Pin VDD (774.52, 497.983)
IO_FILLER_E_E_627  | PFILLER0005_G             |                  1/1           | Pin VDD (774.52, 497.988)
IO_FILLER_E_E_628  | PFILLER0005_G             |                  1/1           | Pin VDD (774.52, 497.993)
I35/I1             | PDDW04DGZ_V_G             |                  1/1           | Pin VDD (774.52, 462.665)
I36/I1             | PDDW04DGZ_V_G             |                  1/1           | Pin VDD (774.52, 507.995)
IO_FILLER_E_E_10   | PFILLER20_G               |                  1/1           | Pin VDD (774.52, 573.325)
IO_FILLER_E_E_11   | PFILLER20_G               |                  1/1           | Pin VDD (774.52, 618.66)
IO_FILLER_E_E_24   | PFILLER5_G                |                  1/1           | Pin VDD (774.52, 540.495)
IO_FILLER_E_E_25   | PFILLER5_G                |                  1/1           | Pin VDD (774.52, 585.825)
IO_FILLER_E_E_629  | PFILLER0005_G             |                  1/1           | Pin VDD (774.52, 542.997)
IO_FILLER_E_E_630  | PFILLER0005_G             |                  1/1           | Pin VDD (774.52, 543.003)
IO_FILLER_E_E_631  | PFILLER0005_G             |                  1/1           | Pin VDD (774.52, 543.008)
IO_FILLER_E_E_632  | PFILLER0005_G             |                  1/1           | Pin VDD (774.52, 543.013)
IO_FILLER_E_E_633  | PFILLER0005_G             |                  1/1           | Pin VDD (774.52, 543.018)
IO_FILLER_E_E_634  | PFILLER0005_G             |                  1/1           | Pin VDD (774.52, 543.023)
IO_FILLER_E_E_635  | PFILLER0005_G             |                  1/1           | Pin VDD (774.52, 543.028)
IO_FILLER_E_E_636  | PFILLER0005_G             |                  1/1           | Pin VDD (774.52, 543.033)
IO_FILLER_E_E_637  | PFILLER0005_G             |                  1/1           | Pin VDD (774.52, 543.038)
IO_FILLER_E_E_638  | PFILLER0005_G             |                  1/1           | Pin VDD (774.52, 543.043)
IO_FILLER_E_E_639  | PFILLER0005_G             |                  1/1           | Pin VDD (774.52, 543.048)
IO_FILLER_E_E_640  | PFILLER0005_G             |                  1/1           | Pin VDD (774.52, 543.053)
IO_FILLER_E_E_641  | PFILLER0005_G             |                  1/1           | Pin VDD (774.52, 543.058)
IO_FILLER_E_E_642  | PFILLER0005_G             |                  1/1           | Pin VDD (774.52, 543.062)
IO_FILLER_E_E_643  | PFILLER0005_G             |                  1/1           | Pin VDD (774.52, 543.067)
IO_FILLER_E_E_644  | PFILLER0005_G             |                  1/1           | Pin VDD (774.52, 543.072)
IO_FILLER_E_E_645  | PFILLER0005_G             |                  1/1           | Pin VDD (774.52, 543.077)
IO_FILLER_E_E_646  | PFILLER0005_G             |                  1/1           | Pin VDD (774.52, 543.082)
IO_FILLER_E_E_647  | PFILLER0005_G             |                  1/1           | Pin VDD (774.52, 543.087)
IO_FILLER_E_E_648  | PFILLER0005_G             |                  1/1           | Pin VDD (774.52, 543.092)
IO_FILLER_E_E_649  | PFILLER0005_G             |                  1/1           | Pin VDD (774.52, 543.097)
IO_FILLER_E_E_650  | PFILLER0005_G             |                  1/1           | Pin VDD (774.52, 543.102)
IO_FILLER_E_E_651  | PFILLER0005_G             |                  1/1           | Pin VDD (774.52, 543.107)
IO_FILLER_E_E_652  | PFILLER0005_G             |                  1/1           | Pin VDD (774.52, 543.112)
IO_FILLER_E_E_653  | PFILLER0005_G             |                  1/1           | Pin VDD (774.52, 543.117)
IO_FILLER_E_E_654  | PFILLER0005_G             |                  1/1           | Pin VDD (774.52, 543.122)
IO_FILLER_E_E_655  | PFILLER0005_G             |                  1/1           | Pin VDD (774.52, 543.128)
IO_FILLER_E_E_656  | PFILLER0005_G             |                  1/1           | Pin VDD (774.52, 543.133)
IO_FILLER_E_E_657  | PFILLER0005_G             |                  1/1           | Pin VDD (774.52, 543.138)
IO_FILLER_E_E_658  | PFILLER0005_G             |                  1/1           | Pin VDD (774.52, 543.143)
IO_FILLER_E_E_659  | PFILLER0005_G             |                  1/1           | Pin VDD (774.52, 543.148)
IO_FILLER_E_E_660  | PFILLER0005_G             |                  1/1           | Pin VDD (774.52, 543.153)
IO_FILLER_E_E_661  | PFILLER0005_G             |                  1/1           | Pin VDD (774.52, 543.158)
IO_FILLER_E_E_662  | PFILLER0005_G             |                  1/1           | Pin VDD (774.52, 543.163)
IO_FILLER_E_E_663  | PFILLER0005_G             |                  1/1           | Pin VDD (774.52, 543.168)
IO_FILLER_E_E_664  | PFILLER0005_G             |                  1/1           | Pin VDD (774.52, 543.173)
IO_FILLER_E_E_665  | PFILLER0005_G             |                  1/1           | Pin VDD (774.52, 543.178)
IO_FILLER_E_E_666  | PFILLER0005_G             |                  1/1           | Pin VDD (774.52, 543.183)
IO_FILLER_E_E_667  | PFILLER0005_G             |                  1/1           | Pin VDD (774.52, 543.188)
IO_FILLER_E_E_668  | PFILLER0005_G             |                  1/1           | Pin VDD (774.52, 543.192)
IO_FILLER_E_E_669  | PFILLER0005_G             |                  1/1           | Pin VDD (774.52, 543.197)
IO_FILLER_E_E_670  | PFILLER0005_G             |                  1/1           | Pin VDD (774.52, 543.202)
IO_FILLER_E_E_671  | PFILLER0005_G             |                  1/1           | Pin VDD (774.52, 543.207)
IO_FILLER_E_E_672  | PFILLER0005_G             |                  1/1           | Pin VDD (774.52, 543.212)
IO_FILLER_E_E_673  | PFILLER0005_G             |                  1/1           | Pin VDD (774.52, 543.217)
IO_FILLER_E_E_674  | PFILLER0005_G             |                  1/1           | Pin VDD (774.52, 543.222)
IO_FILLER_E_E_675  | PFILLER0005_G             |                  1/1           | Pin VDD (774.52, 543.227)
IO_FILLER_E_E_676  | PFILLER0005_G             |                  1/1           | Pin VDD (774.52, 543.232)
IO_FILLER_E_E_677  | PFILLER0005_G             |                  1/1           | Pin VDD (774.52, 543.237)
IO_FILLER_E_E_678  | PFILLER0005_G             |                  1/1           | Pin VDD (774.52, 543.242)
IO_FILLER_E_E_679  | PFILLER0005_G             |                  1/1           | Pin VDD (774.52, 543.247)
IO_FILLER_E_E_680  | PFILLER0005_G             |                  1/1           | Pin VDD (774.52, 543.253)
IO_FILLER_E_E_681  | PFILLER0005_G             |                  1/1           | Pin VDD (774.52, 543.258)
IO_FILLER_E_E_682  | PFILLER0005_G             |                  1/1           | Pin VDD (774.52, 543.263)
IO_FILLER_E_E_683  | PFILLER0005_G             |                  1/1           | Pin VDD (774.52, 543.268)
IO_FILLER_E_E_684  | PFILLER0005_G             |                  1/1           | Pin VDD (774.52, 543.273)
IO_FILLER_E_E_685  | PFILLER0005_G             |                  1/1           | Pin VDD (774.52, 543.278)
IO_FILLER_E_E_686  | PFILLER0005_G             |                  1/1           | Pin VDD (774.52, 543.283)
IO_FILLER_E_E_687  | PFILLER0005_G             |                  1/1           | Pin VDD (774.52, 543.288)
IO_FILLER_E_E_688  | PFILLER0005_G             |                  1/1           | Pin VDD (774.52, 543.293)
IO_FILLER_E_E_689  | PFILLER0005_G             |                  1/1           | Pin VDD (774.52, 543.298)
IO_FILLER_E_E_690  | PFILLER0005_G             |                  1/1           | Pin VDD (774.52, 543.303)
IO_FILLER_E_E_691  | PFILLER0005_G             |                  1/1           | Pin VDD (774.52, 543.308)
IO_FILLER_E_E_692  | PFILLER0005_G             |                  1/1           | Pin VDD (774.52, 543.312)
IO_FILLER_E_E_693  | PFILLER0005_G             |                  1/1           | Pin VDD (774.52, 543.317)
IO_FILLER_E_E_694  | PFILLER0005_G             |                  1/1           | Pin VDD (774.52, 543.322)
IO_FILLER_E_E_695  | PFILLER0005_G             |                  1/1           | Pin VDD (774.52, 588.327)
IO_FILLER_E_E_696  | PFILLER0005_G             |                  1/1           | Pin VDD (774.52, 588.332)
IO_FILLER_E_E_697  | PFILLER0005_G             |                  1/1           | Pin VDD (774.52, 588.337)
IO_FILLER_E_E_698  | PFILLER0005_G             |                  1/1           | Pin VDD (774.52, 588.342)
IO_FILLER_E_E_699  | PFILLER0005_G             |                  1/1           | Pin VDD (774.52, 588.347)
IO_FILLER_E_E_700  | PFILLER0005_G             |                  1/1           | Pin VDD (774.52, 588.352)
IO_FILLER_E_E_701  | PFILLER0005_G             |                  1/1           | Pin VDD (774.52, 588.357)
IO_FILLER_E_E_702  | PFILLER0005_G             |                  1/1           | Pin VDD (774.52, 588.362)
IO_FILLER_E_E_703  | PFILLER0005_G             |                  1/1           | Pin VDD (774.52, 588.367)
IO_FILLER_E_E_704  | PFILLER0005_G             |                  1/1           | Pin VDD (774.52, 588.372)
IO_FILLER_E_E_705  | PFILLER0005_G             |                  1/1           | Pin VDD (774.52, 588.378)
IO_FILLER_E_E_706  | PFILLER0005_G             |                  1/1           | Pin VDD (774.52, 588.383)
IO_FILLER_E_E_707  | PFILLER0005_G             |                  1/1           | Pin VDD (774.52, 588.388)
IO_FILLER_E_E_708  | PFILLER0005_G             |                  1/1           | Pin VDD (774.52, 588.393)
IO_FILLER_E_E_709  | PFILLER0005_G             |                  1/1           | Pin VDD (774.52, 588.398)
IO_FILLER_E_E_710  | PFILLER0005_G             |                  1/1           | Pin VDD (774.52, 588.403)
IO_FILLER_E_E_711  | PFILLER0005_G             |                  1/1           | Pin VDD (774.52, 588.408)
IO_FILLER_E_E_712  | PFILLER0005_G             |                  1/1           | Pin VDD (774.52, 588.413)
IO_FILLER_E_E_713  | PFILLER0005_G             |                  1/1           | Pin VDD (774.52, 588.418)
IO_FILLER_E_E_714  | PFILLER0005_G             |                  1/1           | Pin VDD (774.52, 588.423)
IO_FILLER_E_E_715  | PFILLER0005_G             |                  1/1           | Pin VDD (774.52, 588.428)
IO_FILLER_E_E_716  | PFILLER0005_G             |                  1/1           | Pin VDD (774.52, 588.433)
IO_FILLER_E_E_717  | PFILLER0005_G             |                  1/1           | Pin VDD (774.52, 588.438)
IO_FILLER_E_E_718  | PFILLER0005_G             |                  1/1           | Pin VDD (774.52, 588.442)
IO_FILLER_E_E_719  | PFILLER0005_G             |                  1/1           | Pin VDD (774.52, 588.447)
IO_FILLER_E_E_720  | PFILLER0005_G             |                  1/1           | Pin VDD (774.52, 588.452)
IO_FILLER_E_E_721  | PFILLER0005_G             |                  1/1           | Pin VDD (774.52, 588.457)
IO_FILLER_E_E_722  | PFILLER0005_G             |                  1/1           | Pin VDD (774.52, 588.462)
IO_FILLER_E_E_723  | PFILLER0005_G             |                  1/1           | Pin VDD (774.52, 588.467)
IO_FILLER_E_E_724  | PFILLER0005_G             |                  1/1           | Pin VDD (774.52, 588.472)
IO_FILLER_E_E_725  | PFILLER0005_G             |                  1/1           | Pin VDD (774.52, 588.477)
IO_FILLER_E_E_726  | PFILLER0005_G             |                  1/1           | Pin VDD (774.52, 588.482)
IO_FILLER_E_E_727  | PFILLER0005_G             |                  1/1           | Pin VDD (774.52, 588.487)
IO_FILLER_E_E_728  | PFILLER0005_G             |                  1/1           | Pin VDD (774.52, 588.492)
IO_FILLER_E_E_729  | PFILLER0005_G             |                  1/1           | Pin VDD (774.52, 588.497)
IO_FILLER_E_E_730  | PFILLER0005_G             |                  1/1           | Pin VDD (774.52, 588.503)
IO_FILLER_E_E_731  | PFILLER0005_G             |                  1/1           | Pin VDD (774.52, 588.508)
IO_FILLER_E_E_732  | PFILLER0005_G             |                  1/1           | Pin VDD (774.52, 588.513)
IO_FILLER_E_E_733  | PFILLER0005_G             |                  1/1           | Pin VDD (774.52, 588.518)
IO_FILLER_E_E_734  | PFILLER0005_G             |                  1/1           | Pin VDD (774.52, 588.523)
IO_FILLER_E_E_735  | PFILLER0005_G             |                  1/1           | Pin VDD (774.52, 588.528)
IO_FILLER_E_E_736  | PFILLER0005_G             |                  1/1           | Pin VDD (774.52, 588.533)
IO_FILLER_E_E_737  | PFILLER0005_G             |                  1/1           | Pin VDD (774.52, 588.538)
IO_FILLER_E_E_738  | PFILLER0005_G             |                  1/1           | Pin VDD (774.52, 588.543)
IO_FILLER_E_E_739  | PFILLER0005_G             |                  1/1           | Pin VDD (774.52, 588.548)
IO_FILLER_E_E_740  | PFILLER0005_G             |                  1/1           | Pin VDD (774.52, 588.553)
IO_FILLER_E_E_741  | PFILLER0005_G             |                  1/1           | Pin VDD (774.52, 588.558)
IO_FILLER_E_E_742  | PFILLER0005_G             |                  1/1           | Pin VDD (774.52, 588.562)
IO_FILLER_E_E_743  | PFILLER0005_G             |                  1/1           | Pin VDD (774.52, 588.567)
IO_FILLER_E_E_744  | PFILLER0005_G             |                  1/1           | Pin VDD (774.52, 588.572)
IO_FILLER_E_E_745  | PFILLER0005_G             |                  1/1           | Pin VDD (774.52, 588.577)
IO_FILLER_E_E_746  | PFILLER0005_G             |                  1/1           | Pin VDD (774.52, 588.582)
IO_FILLER_E_E_747  | PFILLER0005_G             |                  1/1           | Pin VDD (774.52, 588.587)
IO_FILLER_E_E_748  | PFILLER0005_G             |                  1/1           | Pin VDD (774.52, 588.592)
IO_FILLER_E_E_749  | PFILLER0005_G             |                  1/1           | Pin VDD (774.52, 588.597)
IO_FILLER_E_E_750  | PFILLER0005_G             |                  1/1           | Pin VDD (774.52, 588.602)
IO_FILLER_E_E_751  | PFILLER0005_G             |                  1/1           | Pin VDD (774.52, 588.607)
IO_FILLER_E_E_752  | PFILLER0005_G             |                  1/1           | Pin VDD (774.52, 588.612)
IO_FILLER_E_E_753  | PFILLER0005_G             |                  1/1           | Pin VDD (774.52, 588.617)
IO_FILLER_E_E_754  | PFILLER0005_G             |                  1/1           | Pin VDD (774.52, 588.622)
IO_FILLER_E_E_755  | PFILLER0005_G             |                  1/1           | Pin VDD (774.52, 588.628)
IO_FILLER_E_E_756  | PFILLER0005_G             |                  1/1           | Pin VDD (774.52, 588.633)
IO_FILLER_E_E_757  | PFILLER0005_G             |                  1/1           | Pin VDD (774.52, 588.638)
IO_FILLER_E_E_758  | PFILLER0005_G             |                  1/1           | Pin VDD (774.52, 588.643)
IO_FILLER_E_E_759  | PFILLER0005_G             |                  1/1           | Pin VDD (774.52, 588.648)
IO_FILLER_E_E_760  | PFILLER0005_G             |                  1/1           | Pin VDD (774.52, 588.653)
IO_FILLER_E_E_761  | PFILLER0005_G             |                  1/1           | Pin VDD (774.52, 588.658)
IO_FILLER_S_S_257  | PFILLER0005_G             |                  1/1           | Pin VDD (271.137, 105.48)
IO_FILLER_S_S_325  | PFILLER0005_G             |                  1/1           | Pin VDD (316.478, 105.48)
IO_FILLER_S_S_345  | PFILLER0005_G             |                  1/1           | Pin VDD (316.577, 105.48)
IO_FILLER_S_S_251  | PFILLER0005_G             |                  1/1           | Pin VDD (271.108, 105.48)
IO_FILLER_S_S_281  | PFILLER0005_G             |                  1/1           | Pin VDD (271.257, 105.48)
IO_FILLER_S_S_247  | PFILLER0005_G             |                  1/1           | Pin VDD (271.087, 105.48)
IO_FILLER_S_S_72   | PFILLER0005_G             |                  1/1           | Pin VDD (135.213, 105.48)
IO_FILLER_S_S_62   | PFILLER0005_G             |                  1/1           | Pin VDD (135.162, 105.48)
IO_FILLER_W_W_43   | PFILLER1_G                |                  1/1           | Pin VDD (105.48, 684)
IO_FILLER_W_W_60   | PFILLER05_G               |                  1/1           | Pin VDD (105.48, 642.25)
IO_FILLER_W_W_61   | PFILLER05_G               |                  1/1           | Pin VDD (105.48, 684.75)
I52/I1             | PDDW04DGZ_V_G             |                  1/1           | Pin VDD (105.48, 695)
IO_FILLER_W_W_47   | PFILLER1_G                |                  1/1           | Pin VDD (105.48, 769)
IO_FILLER_W_W_62   | PFILLER05_G               |                  1/1           | Pin VDD (105.48, 727.25)
IO_FILLER_S_S_205  | PFILLER0005_G             |                  1/1           | Pin VDD (225.877, 105.48)
IO_FILLER_S_S_209  | PFILLER0005_G             |                  1/1           | Pin VDD (225.898, 105.48)
IO_FILLER_S_S_208  | PFILLER0005_G             |                  1/1           | Pin VDD (225.893, 105.48)
IO_FILLER_S_S_207  | PFILLER0005_G             |                  1/1           | Pin VDD (225.887, 105.48)
IO_FILLER_S_S_206  | PFILLER0005_G             |                  1/1           | Pin VDD (225.882, 105.48)
I18/I1             | PDDW04DGZ_H_G             |                  1/1           | Pin VDD (236.005, 105.48)
PAD_G2/I1          | PVSS2DGZ_H_G              |                  1/1           | Pin VDD (190.67, 105.48)
IO_FILLER_S_S_230  | PFILLER0005_G             |                  1/1           | Pin VDD (226.002, 105.48)
IO_FILLER_S_S_229  | PFILLER0005_G             |                  1/1           | Pin VDD (225.998, 105.48)
IO_FILLER_S_S_228  | PFILLER0005_G             |                  1/1           | Pin VDD (225.993, 105.48)
IO_FILLER_S_S_227  | PFILLER0005_G             |                  1/1           | Pin VDD (225.988, 105.48)
IO_FILLER_S_S_226  | PFILLER0005_G             |                  1/1           | Pin VDD (225.982, 105.48)
IO_FILLER_S_S_225  | PFILLER0005_G             |                  1/1           | Pin VDD (225.977, 105.48)
IO_FILLER_S_S_224  | PFILLER0005_G             |                  1/1           | Pin VDD (225.972, 105.48)
IO_FILLER_S_S_223  | PFILLER0005_G             |                  1/1           | Pin VDD (225.968, 105.48)
IO_FILLER_S_S_222  | PFILLER0005_G             |                  1/1           | Pin VDD (225.963, 105.48)
IO_FILLER_S_S_221  | PFILLER0005_G             |                  1/1           | Pin VDD (225.958, 105.48)
IO_FILLER_S_S_220  | PFILLER0005_G             |                  1/1           | Pin VDD (225.952, 105.48)
IO_FILLER_S_S_219  | PFILLER0005_G             |                  1/1           | Pin VDD (225.947, 105.48)
IO_FILLER_S_S_218  | PFILLER0005_G             |                  1/1           | Pin VDD (225.942, 105.48)
IO_FILLER_S_S_217  | PFILLER0005_G             |                  1/1           | Pin VDD (225.938, 105.48)
IO_FILLER_S_S_216  | PFILLER0005_G             |                  1/1           | Pin VDD (225.933, 105.48)
IO_FILLER_S_S_215  | PFILLER0005_G             |                  1/1           | Pin VDD (225.928, 105.48)
IO_FILLER_S_S_214  | PFILLER0005_G             |                  1/1           | Pin VDD (225.923, 105.48)
IO_FILLER_S_S_213  | PFILLER0005_G             |                  1/1           | Pin VDD (225.917, 105.48)
IO_FILLER_S_S_212  | PFILLER0005_G             |                  1/1           | Pin VDD (225.912, 105.48)
IO_FILLER_S_S_211  | PFILLER0005_G             |                  1/1           | Pin VDD (225.907, 105.48)
IO_FILLER_S_S_210  | PFILLER0005_G             |                  1/1           | Pin VDD (225.903, 105.48)
I37/I1             | PDDW04DGZ_V_G             |                  1/1           | Pin VDD (774.52, 553.325)
I38/I1             | PDDW04DGZ_V_G             |                  1/1           | Pin VDD (774.52, 598.66)
IO_FILLER_E_E_12   | PFILLER20_G               |                  1/1           | Pin VDD (774.52, 663.995)
IO_FILLER_E_E_13   | PFILLER20_G               |                  1/1           | Pin VDD (774.52, 709.33)
IO_FILLER_E_E_26   | PFILLER5_G                |                  1/1           | Pin VDD (774.52, 631.16)
IO_FILLER_E_E_27   | PFILLER5_G                |                  1/1           | Pin VDD (774.52, 676.495)
IO_FILLER_E_E_762  | PFILLER0005_G             |                  1/1           | Pin VDD (774.52, 633.663)
IO_FILLER_E_E_763  | PFILLER0005_G             |                  1/1           | Pin VDD (774.52, 633.668)
IO_FILLER_E_E_764  | PFILLER0005_G             |                  1/1           | Pin VDD (774.52, 633.673)
IO_FILLER_E_E_765  | PFILLER0005_G             |                  1/1           | Pin VDD (774.52, 633.678)
IO_FILLER_E_E_766  | PFILLER0005_G             |                  1/1           | Pin VDD (774.52, 633.683)
IO_FILLER_E_E_767  | PFILLER0005_G             |                  1/1           | Pin VDD (774.52, 633.688)
IO_FILLER_E_E_768  | PFILLER0005_G             |                  1/1           | Pin VDD (774.52, 633.692)
IO_FILLER_E_E_769  | PFILLER0005_G             |                  1/1           | Pin VDD (774.52, 633.697)
IO_FILLER_E_E_770  | PFILLER0005_G             |                  1/1           | Pin VDD (774.52, 633.702)
IO_FILLER_E_E_771  | PFILLER0005_G             |                  1/1           | Pin VDD (774.52, 633.707)
IO_FILLER_E_E_772  | PFILLER0005_G             |                  1/1           | Pin VDD (774.52, 633.712)
IO_FILLER_E_E_773  | PFILLER0005_G             |                  1/1           | Pin VDD (774.52, 633.717)
IO_FILLER_E_E_774  | PFILLER0005_G             |                  1/1           | Pin VDD (774.52, 633.722)
IO_FILLER_E_E_775  | PFILLER0005_G             |                  1/1           | Pin VDD (774.52, 633.727)
IO_FILLER_E_E_776  | PFILLER0005_G             |                  1/1           | Pin VDD (774.52, 633.732)
IO_FILLER_E_E_777  | PFILLER0005_G             |                  1/1           | Pin VDD (774.52, 633.737)
IO_FILLER_E_E_778  | PFILLER0005_G             |                  1/1           | Pin VDD (774.52, 633.742)
IO_FILLER_E_E_779  | PFILLER0005_G             |                  1/1           | Pin VDD (774.52, 633.747)
IO_FILLER_E_E_780  | PFILLER0005_G             |                  1/1           | Pin VDD (774.52, 633.753)
IO_FILLER_E_E_781  | PFILLER0005_G             |                  1/1           | Pin VDD (774.52, 633.758)
IO_FILLER_E_E_782  | PFILLER0005_G             |                  1/1           | Pin VDD (774.52, 633.763)
IO_FILLER_E_E_783  | PFILLER0005_G             |                  1/1           | Pin VDD (774.52, 633.768)
IO_FILLER_E_E_784  | PFILLER0005_G             |                  1/1           | Pin VDD (774.52, 633.773)
IO_FILLER_E_E_785  | PFILLER0005_G             |                  1/1           | Pin VDD (774.52, 633.778)
IO_FILLER_E_E_786  | PFILLER0005_G             |                  1/1           | Pin VDD (774.52, 633.783)
IO_FILLER_E_E_787  | PFILLER0005_G             |                  1/1           | Pin VDD (774.52, 633.788)
IO_FILLER_E_E_788  | PFILLER0005_G             |                  1/1           | Pin VDD (774.52, 633.793)
IO_FILLER_E_E_789  | PFILLER0005_G             |                  1/1           | Pin VDD (774.52, 633.798)
IO_FILLER_E_E_790  | PFILLER0005_G             |                  1/1           | Pin VDD (774.52, 633.803)
IO_FILLER_E_E_791  | PFILLER0005_G             |                  1/1           | Pin VDD (774.52, 633.808)
IO_FILLER_E_E_792  | PFILLER0005_G             |                  1/1           | Pin VDD (774.52, 633.812)
IO_FILLER_E_E_793  | PFILLER0005_G             |                  1/1           | Pin VDD (774.52, 633.817)
IO_FILLER_E_E_794  | PFILLER0005_G             |                  1/1           | Pin VDD (774.52, 633.822)
IO_FILLER_E_E_795  | PFILLER0005_G             |                  1/1           | Pin VDD (774.52, 633.827)
IO_FILLER_E_E_796  | PFILLER0005_G             |                  1/1           | Pin VDD (774.52, 633.832)
IO_FILLER_E_E_797  | PFILLER0005_G             |                  1/1           | Pin VDD (774.52, 633.837)
IO_FILLER_E_E_798  | PFILLER0005_G             |                  1/1           | Pin VDD (774.52, 633.842)
IO_FILLER_E_E_799  | PFILLER0005_G             |                  1/1           | Pin VDD (774.52, 633.847)
IO_FILLER_E_E_800  | PFILLER0005_G             |                  1/1           | Pin VDD (774.52, 633.852)
IO_FILLER_E_E_801  | PFILLER0005_G             |                  1/1           | Pin VDD (774.52, 633.857)
IO_FILLER_E_E_802  | PFILLER0005_G             |                  1/1           | Pin VDD (774.52, 633.862)
IO_FILLER_E_E_803  | PFILLER0005_G             |                  1/1           | Pin VDD (774.52, 633.867)
IO_FILLER_E_E_804  | PFILLER0005_G             |                  1/1           | Pin VDD (774.52, 633.872)
IO_FILLER_E_E_805  | PFILLER0005_G             |                  1/1           | Pin VDD (774.52, 633.878)
IO_FILLER_E_E_806  | PFILLER0005_G             |                  1/1           | Pin VDD (774.52, 633.883)
IO_FILLER_E_E_807  | PFILLER0005_G             |                  1/1           | Pin VDD (774.52, 633.888)
IO_FILLER_E_E_808  | PFILLER0005_G             |                  1/1           | Pin VDD (774.52, 633.893)
IO_FILLER_E_E_809  | PFILLER0005_G             |                  1/1           | Pin VDD (774.52, 633.898)
IO_FILLER_E_E_810  | PFILLER0005_G             |                  1/1           | Pin VDD (774.52, 633.903)
IO_FILLER_E_E_811  | PFILLER0005_G             |                  1/1           | Pin VDD (774.52, 633.908)
IO_FILLER_E_E_812  | PFILLER0005_G             |                  1/1           | Pin VDD (774.52, 633.913)
IO_FILLER_E_E_813  | PFILLER0005_G             |                  1/1           | Pin VDD (774.52, 633.918)
IO_FILLER_E_E_814  | PFILLER0005_G             |                  1/1           | Pin VDD (774.52, 633.923)
IO_FILLER_E_E_815  | PFILLER0005_G             |                  1/1           | Pin VDD (774.52, 633.928)
IO_FILLER_E_E_816  | PFILLER0005_G             |                  1/1           | Pin VDD (774.52, 633.933)
IO_FILLER_E_E_817  | PFILLER0005_G             |                  1/1           | Pin VDD (774.52, 633.938)
IO_FILLER_E_E_818  | PFILLER0005_G             |                  1/1           | Pin VDD (774.52, 633.942)
IO_FILLER_E_E_819  | PFILLER0005_G             |                  1/1           | Pin VDD (774.52, 633.947)
IO_FILLER_E_E_820  | PFILLER0005_G             |                  1/1           | Pin VDD (774.52, 633.952)
IO_FILLER_E_E_821  | PFILLER0005_G             |                  1/1           | Pin VDD (774.52, 633.957)
IO_FILLER_E_E_822  | PFILLER0005_G             |                  1/1           | Pin VDD (774.52, 633.962)
IO_FILLER_E_E_823  | PFILLER0005_G             |                  1/1           | Pin VDD (774.52, 633.967)
IO_FILLER_E_E_824  | PFILLER0005_G             |                  1/1           | Pin VDD (774.52, 633.972)
IO_FILLER_E_E_825  | PFILLER0005_G             |                  1/1           | Pin VDD (774.52, 633.977)
IO_FILLER_E_E_826  | PFILLER0005_G             |                  1/1           | Pin VDD (774.52, 633.982)
IO_FILLER_E_E_827  | PFILLER0005_G             |                  1/1           | Pin VDD (774.52, 633.987)
IO_FILLER_E_E_828  | PFILLER0005_G             |                  1/1           | Pin VDD (774.52, 633.992)
IO_FILLER_E_E_829  | PFILLER0005_G             |                  1/1           | Pin VDD (774.52, 678.997)
IO_FILLER_E_E_830  | PFILLER0005_G             |                  1/1           | Pin VDD (774.52, 679.003)
IO_FILLER_E_E_831  | PFILLER0005_G             |                  1/1           | Pin VDD (774.52, 679.008)
IO_FILLER_E_E_832  | PFILLER0005_G             |                  1/1           | Pin VDD (774.52, 679.013)
IO_FILLER_E_E_833  | PFILLER0005_G             |                  1/1           | Pin VDD (774.52, 679.018)
IO_FILLER_E_E_834  | PFILLER0005_G             |                  1/1           | Pin VDD (774.52, 679.023)
IO_FILLER_E_E_835  | PFILLER0005_G             |                  1/1           | Pin VDD (774.52, 679.028)
IO_FILLER_E_E_836  | PFILLER0005_G             |                  1/1           | Pin VDD (774.52, 679.033)
IO_FILLER_E_E_837  | PFILLER0005_G             |                  1/1           | Pin VDD (774.52, 679.038)
IO_FILLER_E_E_838  | PFILLER0005_G             |                  1/1           | Pin VDD (774.52, 679.043)
IO_FILLER_E_E_839  | PFILLER0005_G             |                  1/1           | Pin VDD (774.52, 679.048)
IO_FILLER_E_E_840  | PFILLER0005_G             |                  1/1           | Pin VDD (774.52, 679.053)
IO_FILLER_E_E_841  | PFILLER0005_G             |                  1/1           | Pin VDD (774.52, 679.058)
IO_FILLER_E_E_842  | PFILLER0005_G             |                  1/1           | Pin VDD (774.52, 679.062)
IO_FILLER_E_E_843  | PFILLER0005_G             |                  1/1           | Pin VDD (774.52, 679.067)
IO_FILLER_E_E_844  | PFILLER0005_G             |                  1/1           | Pin VDD (774.52, 679.072)
IO_FILLER_E_E_845  | PFILLER0005_G             |                  1/1           | Pin VDD (774.52, 679.077)
IO_FILLER_E_E_846  | PFILLER0005_G             |                  1/1           | Pin VDD (774.52, 679.082)
IO_FILLER_E_E_847  | PFILLER0005_G             |                  1/1           | Pin VDD (774.52, 679.087)
IO_FILLER_E_E_848  | PFILLER0005_G             |                  1/1           | Pin VDD (774.52, 679.092)
IO_FILLER_E_E_849  | PFILLER0005_G             |                  1/1           | Pin VDD (774.52, 679.097)
IO_FILLER_E_E_850  | PFILLER0005_G             |                  1/1           | Pin VDD (774.52, 679.102)
IO_FILLER_E_E_851  | PFILLER0005_G             |                  1/1           | Pin VDD (774.52, 679.107)
IO_FILLER_E_E_852  | PFILLER0005_G             |                  1/1           | Pin VDD (774.52, 679.112)
IO_FILLER_E_E_853  | PFILLER0005_G             |                  1/1           | Pin VDD (774.52, 679.117)
IO_FILLER_E_E_854  | PFILLER0005_G             |                  1/1           | Pin VDD (774.52, 679.122)
IO_FILLER_E_E_855  | PFILLER0005_G             |                  1/1           | Pin VDD (774.52, 679.128)
IO_FILLER_E_E_856  | PFILLER0005_G             |                  1/1           | Pin VDD (774.52, 679.133)
IO_FILLER_E_E_857  | PFILLER0005_G             |                  1/1           | Pin VDD (774.52, 679.138)
IO_FILLER_E_E_858  | PFILLER0005_G             |                  1/1           | Pin VDD (774.52, 679.143)
IO_FILLER_E_E_859  | PFILLER0005_G             |                  1/1           | Pin VDD (774.52, 679.148)
IO_FILLER_E_E_860  | PFILLER0005_G             |                  1/1           | Pin VDD (774.52, 679.153)
IO_FILLER_E_E_861  | PFILLER0005_G             |                  1/1           | Pin VDD (774.52, 679.158)
IO_FILLER_E_E_862  | PFILLER0005_G             |                  1/1           | Pin VDD (774.52, 679.163)
IO_FILLER_E_E_863  | PFILLER0005_G             |                  1/1           | Pin VDD (774.52, 679.168)
IO_FILLER_E_E_864  | PFILLER0005_G             |                  1/1           | Pin VDD (774.52, 679.173)
IO_FILLER_E_E_865  | PFILLER0005_G             |                  1/1           | Pin VDD (774.52, 679.178)
IO_FILLER_E_E_866  | PFILLER0005_G             |                  1/1           | Pin VDD (774.52, 679.183)
IO_FILLER_E_E_867  | PFILLER0005_G             |                  1/1           | Pin VDD (774.52, 679.188)
IO_FILLER_E_E_868  | PFILLER0005_G             |                  1/1           | Pin VDD (774.52, 679.192)
IO_FILLER_E_E_869  | PFILLER0005_G             |                  1/1           | Pin VDD (774.52, 679.197)
IO_FILLER_E_E_870  | PFILLER0005_G             |                  1/1           | Pin VDD (774.52, 679.202)
IO_FILLER_E_E_871  | PFILLER0005_G             |                  1/1           | Pin VDD (774.52, 679.207)
IO_FILLER_E_E_872  | PFILLER0005_G             |                  1/1           | Pin VDD (774.52, 679.212)
IO_FILLER_E_E_873  | PFILLER0005_G             |                  1/1           | Pin VDD (774.52, 679.217)
IO_FILLER_E_E_874  | PFILLER0005_G             |                  1/1           | Pin VDD (774.52, 679.222)
IO_FILLER_E_E_875  | PFILLER0005_G             |                  1/1           | Pin VDD (774.52, 679.227)
IO_FILLER_E_E_876  | PFILLER0005_G             |                  1/1           | Pin VDD (774.52, 679.232)
IO_FILLER_E_E_877  | PFILLER0005_G             |                  1/1           | Pin VDD (774.52, 679.237)
IO_FILLER_E_E_878  | PFILLER0005_G             |                  1/1           | Pin VDD (774.52, 679.242)
IO_FILLER_E_E_879  | PFILLER0005_G             |                  1/1           | Pin VDD (774.52, 679.247)
IO_FILLER_E_E_880  | PFILLER0005_G             |                  1/1           | Pin VDD (774.52, 679.253)
IO_FILLER_E_E_881  | PFILLER0005_G             |                  1/1           | Pin VDD (774.52, 679.258)
IO_FILLER_E_E_882  | PFILLER0005_G             |                  1/1           | Pin VDD (774.52, 679.263)
IO_FILLER_E_E_883  | PFILLER0005_G             |                  1/1           | Pin VDD (774.52, 679.268)
IO_FILLER_E_E_884  | PFILLER0005_G             |                  1/1           | Pin VDD (774.52, 679.273)
IO_FILLER_E_E_885  | PFILLER0005_G             |                  1/1           | Pin VDD (774.52, 679.278)
IO_FILLER_E_E_886  | PFILLER0005_G             |                  1/1           | Pin VDD (774.52, 679.283)
IO_FILLER_E_E_887  | PFILLER0005_G             |                  1/1           | Pin VDD (774.52, 679.288)
IO_FILLER_E_E_888  | PFILLER0005_G             |                  1/1           | Pin VDD (774.52, 679.293)
IO_FILLER_E_E_889  | PFILLER0005_G             |                  1/1           | Pin VDD (774.52, 679.298)
IO_FILLER_E_E_890  | PFILLER0005_G             |                  1/1           | Pin VDD (774.52, 679.303)
IO_FILLER_E_E_891  | PFILLER0005_G             |                  1/1           | Pin VDD (774.52, 679.308)
IO_FILLER_E_E_892  | PFILLER0005_G             |                  1/1           | Pin VDD (774.52, 679.312)
IO_FILLER_E_E_893  | PFILLER0005_G             |                  1/1           | Pin VDD (774.52, 679.317)
IO_FILLER_E_E_894  | PFILLER0005_G             |                  1/1           | Pin VDD (774.52, 679.322)
IO_FILLER_E_E_895  | PFILLER0005_G             |                  1/1           | Pin VDD (774.52, 679.327)
I39/I1             | PDDW04DGZ_V_G             |                  1/1           | Pin VDD (774.52, 643.995)
I40/I1             | PDDW04DGZ_V_G             |                  1/1           | Pin VDD (774.52, 689.33)
IO_FILLER_N_N_14   | PFILLER20_G               |                  1/1           | Pin VDD (715, 774.52)
IO_FILLER_N_N_15   | PFILLER20_G               |                  1/1           | Pin VDD (757.5, 774.52)
IO_FILLER_E_E_14   | PFILLER20_G               |                  1/1           | Pin VDD (774.52, 754.665)
IO_FILLER_N_N_44   | PFILLER1_G                |                  1/1           | Pin VDD (725.5, 774.52)
IO_FILLER_N_N_45   | PFILLER1_G                |                  1/1           | Pin VDD (726.5, 774.52)
IO_FILLER_N_N_46   | PFILLER1_G                |                  1/1           | Pin VDD (768, 774.52)
IO_FILLER_N_N_47   | PFILLER1_G                |                  1/1           | Pin VDD (769, 774.52)
IO_FILLER_N_N_62   | PFILLER05_G               |                  1/1           | Pin VDD (727.25, 774.52)
IO_FILLER_N_N_63   | PFILLER05_G               |                  1/1           | Pin VDD (769.75, 774.52)
IO_FILLER_E_E_28   | PFILLER5_G                |                  1/1           | Pin VDD (774.52, 721.83)
IO_FILLER_E_E_29   | PFILLER5_G                |                  1/1           | Pin VDD (774.52, 767.165)
IO_FILLER_E_E_896  | PFILLER0005_G             |                  1/1           | Pin VDD (774.52, 724.332)
IO_FILLER_E_E_897  | PFILLER0005_G             |                  1/1           | Pin VDD (774.52, 724.337)
IO_FILLER_E_E_898  | PFILLER0005_G             |                  1/1           | Pin VDD (774.52, 724.342)
IO_FILLER_E_E_899  | PFILLER0005_G             |                  1/1           | Pin VDD (774.52, 724.347)
IO_FILLER_E_E_900  | PFILLER0005_G             |                  1/1           | Pin VDD (774.52, 724.352)
IO_FILLER_E_E_901  | PFILLER0005_G             |                  1/1           | Pin VDD (774.52, 724.357)
IO_FILLER_E_E_902  | PFILLER0005_G             |                  1/1           | Pin VDD (774.52, 724.362)
IO_FILLER_E_E_903  | PFILLER0005_G             |                  1/1           | Pin VDD (774.52, 724.367)
IO_FILLER_E_E_904  | PFILLER0005_G             |                  1/1           | Pin VDD (774.52, 724.372)
IO_FILLER_E_E_905  | PFILLER0005_G             |                  1/1           | Pin VDD (774.52, 724.378)
IO_FILLER_E_E_906  | PFILLER0005_G             |                  1/1           | Pin VDD (774.52, 724.383)
IO_FILLER_E_E_907  | PFILLER0005_G             |                  1/1           | Pin VDD (774.52, 724.388)
IO_FILLER_E_E_908  | PFILLER0005_G             |                  1/1           | Pin VDD (774.52, 724.393)
IO_FILLER_E_E_909  | PFILLER0005_G             |                  1/1           | Pin VDD (774.52, 724.398)
IO_FILLER_E_E_910  | PFILLER0005_G             |                  1/1           | Pin VDD (774.52, 724.403)
IO_FILLER_E_E_911  | PFILLER0005_G             |                  1/1           | Pin VDD (774.52, 724.408)
IO_FILLER_E_E_912  | PFILLER0005_G             |                  1/1           | Pin VDD (774.52, 724.413)
IO_FILLER_E_E_913  | PFILLER0005_G             |                  1/1           | Pin VDD (774.52, 724.418)
IO_FILLER_E_E_914  | PFILLER0005_G             |                  1/1           | Pin VDD (774.52, 724.423)
IO_FILLER_E_E_915  | PFILLER0005_G             |                  1/1           | Pin VDD (774.52, 724.428)
IO_FILLER_E_E_916  | PFILLER0005_G             |                  1/1           | Pin VDD (774.52, 724.433)
IO_FILLER_E_E_917  | PFILLER0005_G             |                  1/1           | Pin VDD (774.52, 724.438)
IO_FILLER_E_E_918  | PFILLER0005_G             |                  1/1           | Pin VDD (774.52, 724.442)
IO_FILLER_E_E_919  | PFILLER0005_G             |                  1/1           | Pin VDD (774.52, 724.447)
IO_FILLER_E_E_920  | PFILLER0005_G             |                  1/1           | Pin VDD (774.52, 724.452)
IO_FILLER_E_E_921  | PFILLER0005_G             |                  1/1           | Pin VDD (774.52, 724.457)
IO_FILLER_E_E_922  | PFILLER0005_G             |                  1/1           | Pin VDD (774.52, 724.462)
IO_FILLER_E_E_923  | PFILLER0005_G             |                  1/1           | Pin VDD (774.52, 724.467)
IO_FILLER_E_E_924  | PFILLER0005_G             |                  1/1           | Pin VDD (774.52, 724.472)
IO_FILLER_E_E_925  | PFILLER0005_G             |                  1/1           | Pin VDD (774.52, 724.477)
IO_FILLER_E_E_926  | PFILLER0005_G             |                  1/1           | Pin VDD (774.52, 724.482)
IO_FILLER_E_E_927  | PFILLER0005_G             |                  1/1           | Pin VDD (774.52, 724.487)
IO_FILLER_E_E_928  | PFILLER0005_G             |                  1/1           | Pin VDD (774.52, 724.492)
IO_FILLER_E_E_929  | PFILLER0005_G             |                  1/1           | Pin VDD (774.52, 724.497)
IO_FILLER_E_E_930  | PFILLER0005_G             |                  1/1           | Pin VDD (774.52, 724.503)
IO_FILLER_E_E_931  | PFILLER0005_G             |                  1/1           | Pin VDD (774.52, 724.508)
IO_FILLER_E_E_932  | PFILLER0005_G             |                  1/1           | Pin VDD (774.52, 724.513)
IO_FILLER_E_E_933  | PFILLER0005_G             |                  1/1           | Pin VDD (774.52, 724.518)
IO_FILLER_E_E_934  | PFILLER0005_G             |                  1/1           | Pin VDD (774.52, 724.523)
IO_FILLER_E_E_935  | PFILLER0005_G             |                  1/1           | Pin VDD (774.52, 724.528)
IO_FILLER_E_E_936  | PFILLER0005_G             |                  1/1           | Pin VDD (774.52, 724.533)
IO_FILLER_E_E_937  | PFILLER0005_G             |                  1/1           | Pin VDD (774.52, 724.538)
IO_FILLER_E_E_938  | PFILLER0005_G             |                  1/1           | Pin VDD (774.52, 724.543)
IO_FILLER_E_E_939  | PFILLER0005_G             |                  1/1           | Pin VDD (774.52, 724.548)
IO_FILLER_E_E_940  | PFILLER0005_G             |                  1/1           | Pin VDD (774.52, 724.553)
IO_FILLER_E_E_941  | PFILLER0005_G             |                  1/1           | Pin VDD (774.52, 724.558)
IO_FILLER_E_E_942  | PFILLER0005_G             |                  1/1           | Pin VDD (774.52, 724.562)
IO_FILLER_E_E_943  | PFILLER0005_G             |                  1/1           | Pin VDD (774.52, 724.567)
IO_FILLER_E_E_944  | PFILLER0005_G             |                  1/1           | Pin VDD (774.52, 724.572)
IO_FILLER_E_E_945  | PFILLER0005_G             |                  1/1           | Pin VDD (774.52, 724.577)
IO_FILLER_E_E_946  | PFILLER0005_G             |                  1/1           | Pin VDD (774.52, 724.582)
IO_FILLER_E_E_947  | PFILLER0005_G             |                  1/1           | Pin VDD (774.52, 724.587)
IO_FILLER_E_E_948  | PFILLER0005_G             |                  1/1           | Pin VDD (774.52, 724.592)
IO_FILLER_E_E_949  | PFILLER0005_G             |                  1/1           | Pin VDD (774.52, 724.597)
IO_FILLER_E_E_950  | PFILLER0005_G             |                  1/1           | Pin VDD (774.52, 724.602)
IO_FILLER_E_E_951  | PFILLER0005_G             |                  1/1           | Pin VDD (774.52, 724.607)
IO_FILLER_E_E_952  | PFILLER0005_G             |                  1/1           | Pin VDD (774.52, 724.612)
IO_FILLER_E_E_953  | PFILLER0005_G             |                  1/1           | Pin VDD (774.52, 724.617)
IO_FILLER_E_E_954  | PFILLER0005_G             |                  1/1           | Pin VDD (774.52, 724.622)
IO_FILLER_E_E_955  | PFILLER0005_G             |                  1/1           | Pin VDD (774.52, 724.628)
IO_FILLER_E_E_956  | PFILLER0005_G             |                  1/1           | Pin VDD (774.52, 724.633)
IO_FILLER_E_E_957  | PFILLER0005_G             |                  1/1           | Pin VDD (774.52, 724.638)
IO_FILLER_E_E_958  | PFILLER0005_G             |                  1/1           | Pin VDD (774.52, 724.643)
IO_FILLER_E_E_959  | PFILLER0005_G             |                  1/1           | Pin VDD (774.52, 724.648)
IO_FILLER_E_E_960  | PFILLER0005_G             |                  1/1           | Pin VDD (774.52, 724.653)
IO_FILLER_E_E_961  | PFILLER0005_G             |                  1/1           | Pin VDD (774.52, 724.658)
IO_FILLER_E_E_962  | PFILLER0005_G             |                  1/1           | Pin VDD (774.52, 724.663)
IO_FILLER_E_E_963  | PFILLER0005_G             |                  1/1           | Pin VDD (774.52, 769.668)
IO_FILLER_E_E_964  | PFILLER0005_G             |                  1/1           | Pin VDD (774.52, 769.673)
IO_FILLER_E_E_965  | PFILLER0005_G             |                  1/1           | Pin VDD (774.52, 769.678)
IO_FILLER_E_E_966  | PFILLER0005_G             |                  1/1           | Pin VDD (774.52, 769.683)
IO_FILLER_E_E_967  | PFILLER0005_G             |                  1/1           | Pin VDD (774.52, 769.688)
IO_FILLER_E_E_968  | PFILLER0005_G             |                  1/1           | Pin VDD (774.52, 769.692)
IO_FILLER_E_E_969  | PFILLER0005_G             |                  1/1           | Pin VDD (774.52, 769.697)
IO_FILLER_E_E_970  | PFILLER0005_G             |                  1/1           | Pin VDD (774.52, 769.702)
IO_FILLER_E_E_971  | PFILLER0005_G             |                  1/1           | Pin VDD (774.52, 769.707)
IO_FILLER_E_E_972  | PFILLER0005_G             |                  1/1           | Pin VDD (774.52, 769.712)
IO_FILLER_E_E_973  | PFILLER0005_G             |                  1/1           | Pin VDD (774.52, 769.717)
IO_FILLER_E_E_974  | PFILLER0005_G             |                  1/1           | Pin VDD (774.52, 769.722)
IO_FILLER_E_E_975  | PFILLER0005_G             |                  1/1           | Pin VDD (774.52, 769.727)
IO_FILLER_E_E_976  | PFILLER0005_G             |                  1/1           | Pin VDD (774.52, 769.732)
IO_FILLER_E_E_977  | PFILLER0005_G             |                  1/1           | Pin VDD (774.52, 769.737)
IO_FILLER_E_E_978  | PFILLER0005_G             |                  1/1           | Pin VDD (774.52, 769.742)
IO_FILLER_E_E_979  | PFILLER0005_G             |                  1/1           | Pin VDD (774.52, 769.747)
IO_FILLER_E_E_980  | PFILLER0005_G             |                  1/1           | Pin VDD (774.52, 769.753)
IO_FILLER_E_E_981  | PFILLER0005_G             |                  1/1           | Pin VDD (774.52, 769.758)
IO_FILLER_E_E_982  | PFILLER0005_G             |                  1/1           | Pin VDD (774.52, 769.763)
IO_FILLER_E_E_983  | PFILLER0005_G             |                  1/1           | Pin VDD (774.52, 769.768)
IO_FILLER_E_E_984  | PFILLER0005_G             |                  1/1           | Pin VDD (774.52, 769.773)
IO_FILLER_E_E_985  | PFILLER0005_G             |                  1/1           | Pin VDD (774.52, 769.778)
IO_FILLER_E_E_986  | PFILLER0005_G             |                  1/1           | Pin VDD (774.52, 769.783)
IO_FILLER_E_E_987  | PFILLER0005_G             |                  1/1           | Pin VDD (774.52, 769.788)
IO_FILLER_E_E_988  | PFILLER0005_G             |                  1/1           | Pin VDD (774.52, 769.793)
IO_FILLER_E_E_989  | PFILLER0005_G             |                  1/1           | Pin VDD (774.52, 769.798)
IO_FILLER_E_E_990  | PFILLER0005_G             |                  1/1           | Pin VDD (774.52, 769.803)
IO_FILLER_E_E_991  | PFILLER0005_G             |                  1/1           | Pin VDD (774.52, 769.808)
IO_FILLER_E_E_992  | PFILLER0005_G             |                  1/1           | Pin VDD (774.52, 769.812)
IO_FILLER_E_E_993  | PFILLER0005_G             |                  1/1           | Pin VDD (774.52, 769.817)
IO_FILLER_E_E_994  | PFILLER0005_G             |                  1/1           | Pin VDD (774.52, 769.822)
IO_FILLER_E_E_995  | PFILLER0005_G             |                  1/1           | Pin VDD (774.52, 769.827)
IO_FILLER_E_E_996  | PFILLER0005_G             |                  1/1           | Pin VDD (774.52, 769.832)
IO_FILLER_E_E_997  | PFILLER0005_G             |                  1/1           | Pin VDD (774.52, 769.837)
IO_FILLER_E_E_998  | PFILLER0005_G             |                  1/1           | Pin VDD (774.52, 769.842)
IO_FILLER_E_E_999  | PFILLER0005_G             |                  1/1           | Pin VDD (774.52, 769.847)
IO_FILLER_E_E_1000 | PFILLER0005_G             |                  1/1           | Pin VDD (774.52, 769.852)
IO_FILLER_E_E_1001 | PFILLER0005_G             |                  1/1           | Pin VDD (774.52, 769.857)
IO_FILLER_E_E_1002 | PFILLER0005_G             |                  1/1           | Pin VDD (774.52, 769.862)
IO_FILLER_E_E_1003 | PFILLER0005_G             |                  1/1           | Pin VDD (774.52, 769.867)
IO_FILLER_E_E_1004 | PFILLER0005_G             |                  1/1           | Pin VDD (774.52, 769.872)
IO_FILLER_E_E_1005 | PFILLER0005_G             |                  1/1           | Pin VDD (774.52, 769.878)
IO_FILLER_E_E_1006 | PFILLER0005_G             |                  1/1           | Pin VDD (774.52, 769.883)
IO_FILLER_E_E_1007 | PFILLER0005_G             |                  1/1           | Pin VDD (774.52, 769.888)
IO_FILLER_E_E_1008 | PFILLER0005_G             |                  1/1           | Pin VDD (774.52, 769.893)
IO_FILLER_E_E_1009 | PFILLER0005_G             |                  1/1           | Pin VDD (774.52, 769.898)
IO_FILLER_E_E_1010 | PFILLER0005_G             |                  1/1           | Pin VDD (774.52, 769.903)
IO_FILLER_E_E_1011 | PFILLER0005_G             |                  1/1           | Pin VDD (774.52, 769.908)
IO_FILLER_E_E_1012 | PFILLER0005_G             |                  1/1           | Pin VDD (774.52, 769.913)
IO_FILLER_E_E_1013 | PFILLER0005_G             |                  1/1           | Pin VDD (774.52, 769.918)
IO_FILLER_E_E_1014 | PFILLER0005_G             |                  1/1           | Pin VDD (774.52, 769.923)
IO_FILLER_E_E_1015 | PFILLER0005_G             |                  1/1           | Pin VDD (774.52, 769.928)
IO_FILLER_E_E_1016 | PFILLER0005_G             |                  1/1           | Pin VDD (774.52, 769.933)
IO_FILLER_E_E_1017 | PFILLER0005_G             |                  1/1           | Pin VDD (774.52, 769.938)
IO_FILLER_E_E_1018 | PFILLER0005_G             |                  1/1           | Pin VDD (774.52, 769.942)
IO_FILLER_E_E_1019 | PFILLER0005_G             |                  1/1           | Pin VDD (774.52, 769.947)
IO_FILLER_E_E_1020 | PFILLER0005_G             |                  1/1           | Pin VDD (774.52, 769.952)
IO_FILLER_E_E_1021 | PFILLER0005_G             |                  1/1           | Pin VDD (774.52, 769.957)
IO_FILLER_E_E_1022 | PFILLER0005_G             |                  1/1           | Pin VDD (774.52, 769.962)
IO_FILLER_E_E_1023 | PFILLER0005_G             |                  1/1           | Pin VDD (774.52, 769.967)
IO_FILLER_E_E_1024 | PFILLER0005_G             |                  1/1           | Pin VDD (774.52, 769.972)
IO_FILLER_E_E_1025 | PFILLER0005_G             |                  1/1           | Pin VDD (774.52, 769.977)
IO_FILLER_E_E_1026 | PFILLER0005_G             |                  1/1           | Pin VDD (774.52, 769.982)
IO_FILLER_E_E_1027 | PFILLER0005_G             |                  1/1           | Pin VDD (774.52, 769.987)
IO_FILLER_E_E_1028 | PFILLER0005_G             |                  1/1           | Pin VDD (774.52, 769.992)
IO_FILLER_E_E_1029 | PFILLER0005_G             |                  1/1           | Pin VDD (774.52, 769.997)
IO_FILLER_W_W_11   | PFILLER20_G               |                  1/1           | Pin VDD (105.48, 587.5)
IO_FILLER_W_W_36   | PFILLER1_G                |                  1/1           | Pin VDD (105.48, 555.5)
IO_FILLER_W_W_37   | PFILLER1_G                |                  1/1           | Pin VDD (105.48, 556.5)
IO_FILLER_W_W_38   | PFILLER1_G                |                  1/1           | Pin VDD (105.48, 598)
IO_FILLER_W_W_39   | PFILLER1_G                |                  1/1           | Pin VDD (105.48, 599)
IO_FILLER_W_W_58   | PFILLER05_G               |                  1/1           | Pin VDD (105.48, 557.25)
IO_FILLER_W_W_59   | PFILLER05_G               |                  1/1           | Pin VDD (105.48, 599.75)
I49/I1             | PDDW04DGZ_V_G             |                  1/1           | Pin VDD (105.48, 567.5)
I50/I1             | PDDW04DGZ_V_G             |                  1/1           | Pin VDD (105.48, 610)
IO_FILLER_W_W_12   | PFILLER20_G               |                  1/1           | Pin VDD (105.48, 630)
IO_FILLER_W_W_13   | PFILLER20_G               |                  1/1           | Pin VDD (105.48, 672.5)
IO_FILLER_W_W_40   | PFILLER1_G                |                  1/1           | Pin VDD (105.48, 640.5)
I51/I1             | PDDW04DGZ_V_G             |                  1/1           | Pin VDD (105.48, 652.5)
IO_FILLER_W_W_45   | PFILLER1_G                |                  1/1           | Pin VDD (105.48, 726.5)
IO_FILLER_W_W_46   | PFILLER1_G                |                  1/1           | Pin VDD (105.48, 768)
IO_FILLER_W_W_63   | PFILLER05_G               |                  1/1           | Pin VDD (105.48, 769.75)
IO_FILLER_S_S_32   | PFILLER0005_G             |                  1/1           | Pin VDD (135.012, 105.48)
IO_FILLER_S_S_57   | PFILLER0005_G             |                  1/1           | Pin VDD (135.137, 105.48)
IO_FILLER_S_S_40   | PFILLER0005_G             |                  1/1           | Pin VDD (135.053, 105.48)
IO_FILLER_S_S_42   | PFILLER0005_G             |                  1/1           | Pin VDD (135.062, 105.48)
IO_FILLER_S_S_43   | PFILLER0005_G             |                  1/1           | Pin VDD (135.067, 105.48)
IO_FILLER_S_S_44   | PFILLER0005_G             |                  1/1           | Pin VDD (135.072, 105.48)
IO_FILLER_S_S_45   | PFILLER0005_G             |                  1/1           | Pin VDD (135.077, 105.48)
IO_FILLER_S_S_46   | PFILLER0005_G             |                  1/1           | Pin VDD (135.083, 105.48)
IO_FILLER_S_S_47   | PFILLER0005_G             |                  1/1           | Pin VDD (135.088, 105.48)
IO_FILLER_S_S_48   | PFILLER0005_G             |                  1/1           | Pin VDD (135.093, 105.48)
IO_FILLER_S_S_49   | PFILLER0005_G             |                  1/1           | Pin VDD (135.097, 105.48)
IO_FILLER_S_S_50   | PFILLER0005_G             |                  1/1           | Pin VDD (135.102, 105.48)
IO_FILLER_S_S_51   | PFILLER0005_G             |                  1/1           | Pin VDD (135.107, 105.48)
IO_FILLER_S_S_52   | PFILLER0005_G             |                  1/1           | Pin VDD (135.113, 105.48)
IO_FILLER_S_S_53   | PFILLER0005_G             |                  1/1           | Pin VDD (135.118, 105.48)
IO_FILLER_S_S_54   | PFILLER0005_G             |                  1/1           | Pin VDD (135.123, 105.48)
IO_FILLER_S_S_55   | PFILLER0005_G             |                  1/1           | Pin VDD (135.127, 105.48)
IO_FILLER_S_S_56   | PFILLER0005_G             |                  1/1           | Pin VDD (135.132, 105.48)
IO_FILLER_N_N_12   | PFILLER20_G               |                  1/1           | Pin VDD (630, 774.52)
IO_FILLER_N_N_13   | PFILLER20_G               |                  1/1           | Pin VDD (672.5, 774.52)
IO_FILLER_N_N_40   | PFILLER1_G                |                  1/1           | Pin VDD (640.5, 774.52)
IO_FILLER_N_N_41   | PFILLER1_G                |                  1/1           | Pin VDD (641.5, 774.52)
IO_FILLER_N_N_42   | PFILLER1_G                |                  1/1           | Pin VDD (683, 774.52)
IO_FILLER_N_N_43   | PFILLER1_G                |                  1/1           | Pin VDD (684, 774.52)
IO_FILLER_N_N_60   | PFILLER05_G               |                  1/1           | Pin VDD (642.25, 774.52)
IO_FILLER_N_N_61   | PFILLER05_G               |                  1/1           | Pin VDD (684.75, 774.52)
I15/I1             | PDDW04DGZ_H_G             |                  1/1           | Pin VDD (652.5, 774.52)
I16/I1             | PDDW04DGZ_H_G             |                  1/1           | Pin VDD (695, 774.52)
IO_FILLER_S_S_14   | PFILLER20_G               |                  1/1           | Pin VDD (754.665, 105.48)
IO_FILLER_S_S_28   | PFILLER5_G                |                  1/1           | Pin VDD (721.83, 105.48)
IO_FILLER_S_S_29   | PFILLER5_G                |                  1/1           | Pin VDD (767.165, 105.48)
IO_FILLER_S_S_896  | PFILLER0005_G             |                  1/1           | Pin VDD (724.332, 105.48)
IO_FILLER_S_S_897  | PFILLER0005_G             |                  1/1           | Pin VDD (724.337, 105.48)
IO_FILLER_S_S_898  | PFILLER0005_G             |                  1/1           | Pin VDD (724.342, 105.48)
IO_FILLER_S_S_899  | PFILLER0005_G             |                  1/1           | Pin VDD (724.347, 105.48)
IO_FILLER_S_S_900  | PFILLER0005_G             |                  1/1           | Pin VDD (724.352, 105.48)
IO_FILLER_S_S_901  | PFILLER0005_G             |                  1/1           | Pin VDD (724.357, 105.48)
IO_FILLER_S_S_902  | PFILLER0005_G             |                  1/1           | Pin VDD (724.362, 105.48)
IO_FILLER_S_S_903  | PFILLER0005_G             |                  1/1           | Pin VDD (724.367, 105.48)
IO_FILLER_S_S_904  | PFILLER0005_G             |                  1/1           | Pin VDD (724.372, 105.48)
IO_FILLER_S_S_905  | PFILLER0005_G             |                  1/1           | Pin VDD (724.378, 105.48)
IO_FILLER_S_S_906  | PFILLER0005_G             |                  1/1           | Pin VDD (724.383, 105.48)
IO_FILLER_S_S_907  | PFILLER0005_G             |                  1/1           | Pin VDD (724.388, 105.48)
IO_FILLER_S_S_908  | PFILLER0005_G             |                  1/1           | Pin VDD (724.393, 105.48)
IO_FILLER_S_S_909  | PFILLER0005_G             |                  1/1           | Pin VDD (724.398, 105.48)
IO_FILLER_S_S_910  | PFILLER0005_G             |                  1/1           | Pin VDD (724.403, 105.48)
IO_FILLER_S_S_911  | PFILLER0005_G             |                  1/1           | Pin VDD (724.408, 105.48)
IO_FILLER_S_S_912  | PFILLER0005_G             |                  1/1           | Pin VDD (724.413, 105.48)
IO_FILLER_S_S_913  | PFILLER0005_G             |                  1/1           | Pin VDD (724.418, 105.48)
IO_FILLER_S_S_914  | PFILLER0005_G             |                  1/1           | Pin VDD (724.423, 105.48)
IO_FILLER_S_S_915  | PFILLER0005_G             |                  1/1           | Pin VDD (724.428, 105.48)
IO_FILLER_S_S_916  | PFILLER0005_G             |                  1/1           | Pin VDD (724.433, 105.48)
IO_FILLER_S_S_917  | PFILLER0005_G             |                  1/1           | Pin VDD (724.438, 105.48)
IO_FILLER_S_S_918  | PFILLER0005_G             |                  1/1           | Pin VDD (724.442, 105.48)
IO_FILLER_S_S_919  | PFILLER0005_G             |                  1/1           | Pin VDD (724.447, 105.48)
IO_FILLER_S_S_920  | PFILLER0005_G             |                  1/1           | Pin VDD (724.452, 105.48)
IO_FILLER_S_S_921  | PFILLER0005_G             |                  1/1           | Pin VDD (724.457, 105.48)
IO_FILLER_S_S_922  | PFILLER0005_G             |                  1/1           | Pin VDD (724.462, 105.48)
IO_FILLER_S_S_923  | PFILLER0005_G             |                  1/1           | Pin VDD (724.467, 105.48)
IO_FILLER_S_S_924  | PFILLER0005_G             |                  1/1           | Pin VDD (724.472, 105.48)
IO_FILLER_S_S_925  | PFILLER0005_G             |                  1/1           | Pin VDD (724.477, 105.48)
IO_FILLER_S_S_926  | PFILLER0005_G             |                  1/1           | Pin VDD (724.482, 105.48)
IO_FILLER_S_S_927  | PFILLER0005_G             |                  1/1           | Pin VDD (724.487, 105.48)
IO_FILLER_S_S_928  | PFILLER0005_G             |                  1/1           | Pin VDD (724.492, 105.48)
IO_FILLER_S_S_929  | PFILLER0005_G             |                  1/1           | Pin VDD (724.497, 105.48)
IO_FILLER_S_S_930  | PFILLER0005_G             |                  1/1           | Pin VDD (724.503, 105.48)
IO_FILLER_S_S_931  | PFILLER0005_G             |                  1/1           | Pin VDD (724.508, 105.48)
IO_FILLER_S_S_932  | PFILLER0005_G             |                  1/1           | Pin VDD (724.513, 105.48)
IO_FILLER_S_S_933  | PFILLER0005_G             |                  1/1           | Pin VDD (724.518, 105.48)
IO_FILLER_S_S_934  | PFILLER0005_G             |                  1/1           | Pin VDD (724.523, 105.48)
IO_FILLER_S_S_935  | PFILLER0005_G             |                  1/1           | Pin VDD (724.528, 105.48)
IO_FILLER_S_S_936  | PFILLER0005_G             |                  1/1           | Pin VDD (724.533, 105.48)
IO_FILLER_S_S_937  | PFILLER0005_G             |                  1/1           | Pin VDD (724.538, 105.48)
IO_FILLER_S_S_938  | PFILLER0005_G             |                  1/1           | Pin VDD (724.543, 105.48)
IO_FILLER_S_S_939  | PFILLER0005_G             |                  1/1           | Pin VDD (724.548, 105.48)
IO_FILLER_S_S_940  | PFILLER0005_G             |                  1/1           | Pin VDD (724.553, 105.48)
IO_FILLER_S_S_941  | PFILLER0005_G             |                  1/1           | Pin VDD (724.558, 105.48)
IO_FILLER_S_S_942  | PFILLER0005_G             |                  1/1           | Pin VDD (724.562, 105.48)
IO_FILLER_S_S_943  | PFILLER0005_G             |                  1/1           | Pin VDD (724.567, 105.48)
IO_FILLER_S_S_944  | PFILLER0005_G             |                  1/1           | Pin VDD (724.572, 105.48)
IO_FILLER_S_S_945  | PFILLER0005_G             |                  1/1           | Pin VDD (724.577, 105.48)
IO_FILLER_S_S_946  | PFILLER0005_G             |                  1/1           | Pin VDD (724.582, 105.48)
IO_FILLER_S_S_947  | PFILLER0005_G             |                  1/1           | Pin VDD (724.587, 105.48)
IO_FILLER_S_S_948  | PFILLER0005_G             |                  1/1           | Pin VDD (724.592, 105.48)
IO_FILLER_S_S_949  | PFILLER0005_G             |                  1/1           | Pin VDD (724.597, 105.48)
IO_FILLER_S_S_950  | PFILLER0005_G             |                  1/1           | Pin VDD (724.602, 105.48)
IO_FILLER_S_S_951  | PFILLER0005_G             |                  1/1           | Pin VDD (724.607, 105.48)
IO_FILLER_S_S_952  | PFILLER0005_G             |                  1/1           | Pin VDD (724.612, 105.48)
IO_FILLER_S_S_953  | PFILLER0005_G             |                  1/1           | Pin VDD (724.617, 105.48)
IO_FILLER_S_S_954  | PFILLER0005_G             |                  1/1           | Pin VDD (724.622, 105.48)
IO_FILLER_S_S_955  | PFILLER0005_G             |                  1/1           | Pin VDD (724.628, 105.48)
IO_FILLER_S_S_956  | PFILLER0005_G             |                  1/1           | Pin VDD (724.633, 105.48)
IO_FILLER_S_S_957  | PFILLER0005_G             |                  1/1           | Pin VDD (724.638, 105.48)
IO_FILLER_S_S_958  | PFILLER0005_G             |                  1/1           | Pin VDD (724.643, 105.48)
IO_FILLER_S_S_959  | PFILLER0005_G             |                  1/1           | Pin VDD (724.648, 105.48)
IO_FILLER_S_S_960  | PFILLER0005_G             |                  1/1           | Pin VDD (724.653, 105.48)
IO_FILLER_S_S_961  | PFILLER0005_G             |                  1/1           | Pin VDD (724.658, 105.48)
IO_FILLER_S_S_962  | PFILLER0005_G             |                  1/1           | Pin VDD (724.663, 105.48)
IO_FILLER_S_S_963  | PFILLER0005_G             |                  1/1           | Pin VDD (769.668, 105.48)
IO_FILLER_S_S_964  | PFILLER0005_G             |                  1/1           | Pin VDD (769.673, 105.48)
IO_FILLER_S_S_965  | PFILLER0005_G             |                  1/1           | Pin VDD (769.678, 105.48)
IO_FILLER_S_S_966  | PFILLER0005_G             |                  1/1           | Pin VDD (769.683, 105.48)
IO_FILLER_S_S_967  | PFILLER0005_G             |                  1/1           | Pin VDD (769.688, 105.48)
IO_FILLER_S_S_968  | PFILLER0005_G             |                  1/1           | Pin VDD (769.692, 105.48)
IO_FILLER_S_S_969  | PFILLER0005_G             |                  1/1           | Pin VDD (769.697, 105.48)
IO_FILLER_S_S_970  | PFILLER0005_G             |                  1/1           | Pin VDD (769.702, 105.48)
IO_FILLER_S_S_971  | PFILLER0005_G             |                  1/1           | Pin VDD (769.707, 105.48)
IO_FILLER_S_S_972  | PFILLER0005_G             |                  1/1           | Pin VDD (769.712, 105.48)
IO_FILLER_S_S_973  | PFILLER0005_G             |                  1/1           | Pin VDD (769.717, 105.48)
IO_FILLER_S_S_974  | PFILLER0005_G             |                  1/1           | Pin VDD (769.722, 105.48)
IO_FILLER_S_S_975  | PFILLER0005_G             |                  1/1           | Pin VDD (769.727, 105.48)
IO_FILLER_S_S_976  | PFILLER0005_G             |                  1/1           | Pin VDD (769.732, 105.48)
IO_FILLER_S_S_977  | PFILLER0005_G             |                  1/1           | Pin VDD (769.737, 105.48)
IO_FILLER_S_S_978  | PFILLER0005_G             |                  1/1           | Pin VDD (769.742, 105.48)
IO_FILLER_S_S_979  | PFILLER0005_G             |                  1/1           | Pin VDD (769.747, 105.48)
IO_FILLER_S_S_980  | PFILLER0005_G             |                  1/1           | Pin VDD (769.753, 105.48)
IO_FILLER_S_S_981  | PFILLER0005_G             |                  1/1           | Pin VDD (769.758, 105.48)
IO_FILLER_S_S_982  | PFILLER0005_G             |                  1/1           | Pin VDD (769.763, 105.48)
IO_FILLER_S_S_983  | PFILLER0005_G             |                  1/1           | Pin VDD (769.768, 105.48)
IO_FILLER_S_S_984  | PFILLER0005_G             |                  1/1           | Pin VDD (769.773, 105.48)
IO_FILLER_S_S_985  | PFILLER0005_G             |                  1/1           | Pin VDD (769.778, 105.48)
IO_FILLER_S_S_986  | PFILLER0005_G             |                  1/1           | Pin VDD (769.783, 105.48)
IO_FILLER_S_S_987  | PFILLER0005_G             |                  1/1           | Pin VDD (769.788, 105.48)
IO_FILLER_S_S_988  | PFILLER0005_G             |                  1/1           | Pin VDD (769.793, 105.48)
IO_FILLER_S_S_989  | PFILLER0005_G             |                  1/1           | Pin VDD (769.798, 105.48)
IO_FILLER_S_S_990  | PFILLER0005_G             |                  1/1           | Pin VDD (769.803, 105.48)
IO_FILLER_S_S_991  | PFILLER0005_G             |                  1/1           | Pin VDD (769.808, 105.48)
IO_FILLER_S_S_992  | PFILLER0005_G             |                  1/1           | Pin VDD (769.812, 105.48)
IO_FILLER_S_S_993  | PFILLER0005_G             |                  1/1           | Pin VDD (769.817, 105.48)
IO_FILLER_S_S_994  | PFILLER0005_G             |                  1/1           | Pin VDD (769.822, 105.48)
IO_FILLER_S_S_995  | PFILLER0005_G             |                  1/1           | Pin VDD (769.827, 105.48)
IO_FILLER_S_S_996  | PFILLER0005_G             |                  1/1           | Pin VDD (769.832, 105.48)
IO_FILLER_S_S_997  | PFILLER0005_G             |                  1/1           | Pin VDD (769.837, 105.48)
IO_FILLER_S_S_998  | PFILLER0005_G             |                  1/1           | Pin VDD (769.842, 105.48)
IO_FILLER_S_S_999  | PFILLER0005_G             |                  1/1           | Pin VDD (769.847, 105.48)
IO_FILLER_S_S_1000 | PFILLER0005_G             |                  1/1           | Pin VDD (769.852, 105.48)
IO_FILLER_S_S_1001 | PFILLER0005_G             |                  1/1           | Pin VDD (769.857, 105.48)
IO_FILLER_S_S_1002 | PFILLER0005_G             |                  1/1           | Pin VDD (769.862, 105.48)
IO_FILLER_S_S_1003 | PFILLER0005_G             |                  1/1           | Pin VDD (769.867, 105.48)
IO_FILLER_S_S_1004 | PFILLER0005_G             |                  1/1           | Pin VDD (769.872, 105.48)
IO_FILLER_S_S_1005 | PFILLER0005_G             |                  1/1           | Pin VDD (769.878, 105.48)
IO_FILLER_S_S_1006 | PFILLER0005_G             |                  1/1           | Pin VDD (769.883, 105.48)
IO_FILLER_S_S_1007 | PFILLER0005_G             |                  1/1           | Pin VDD (769.888, 105.48)
IO_FILLER_S_S_1008 | PFILLER0005_G             |                  1/1           | Pin VDD (769.893, 105.48)
IO_FILLER_S_S_1009 | PFILLER0005_G             |                  1/1           | Pin VDD (769.898, 105.48)
IO_FILLER_S_S_1010 | PFILLER0005_G             |                  1/1           | Pin VDD (769.903, 105.48)
IO_FILLER_S_S_1011 | PFILLER0005_G             |                  1/1           | Pin VDD (769.908, 105.48)
IO_FILLER_S_S_1012 | PFILLER0005_G             |                  1/1           | Pin VDD (769.913, 105.48)
IO_FILLER_S_S_1013 | PFILLER0005_G             |                  1/1           | Pin VDD (769.918, 105.48)
IO_FILLER_S_S_1014 | PFILLER0005_G             |                  1/1           | Pin VDD (769.923, 105.48)
IO_FILLER_S_S_1015 | PFILLER0005_G             |                  1/1           | Pin VDD (769.928, 105.48)
IO_FILLER_S_S_1016 | PFILLER0005_G             |                  1/1           | Pin VDD (769.933, 105.48)
IO_FILLER_S_S_1017 | PFILLER0005_G             |                  1/1           | Pin VDD (769.938, 105.48)
IO_FILLER_S_S_1018 | PFILLER0005_G             |                  1/1           | Pin VDD (769.942, 105.48)
IO_FILLER_S_S_1019 | PFILLER0005_G             |                  1/1           | Pin VDD (769.947, 105.48)
IO_FILLER_S_S_1020 | PFILLER0005_G             |                  1/1           | Pin VDD (769.952, 105.48)
IO_FILLER_S_S_1021 | PFILLER0005_G             |                  1/1           | Pin VDD (769.957, 105.48)
IO_FILLER_S_S_1022 | PFILLER0005_G             |                  1/1           | Pin VDD (769.962, 105.48)
IO_FILLER_S_S_1023 | PFILLER0005_G             |                  1/1           | Pin VDD (769.967, 105.48)
IO_FILLER_S_S_1024 | PFILLER0005_G             |                  1/1           | Pin VDD (769.972, 105.48)
IO_FILLER_S_S_1025 | PFILLER0005_G             |                  1/1           | Pin VDD (769.977, 105.48)
IO_FILLER_S_S_1026 | PFILLER0005_G             |                  1/1           | Pin VDD (769.982, 105.48)
IO_FILLER_S_S_1027 | PFILLER0005_G             |                  1/1           | Pin VDD (769.987, 105.48)
IO_FILLER_S_S_1028 | PFILLER0005_G             |                  1/1           | Pin VDD (769.992, 105.48)
IO_FILLER_S_S_1029 | PFILLER0005_G             |                  1/1           | Pin VDD (769.997, 105.48)
I29/I1             | PDDW04DGZ_H_G             |                  1/1           | Pin VDD (734.665, 105.48)
Pcornerur/I1       | PCORNER_G                 |                  1/1           | Pin VDD (774.611, 107.468)
IO_FILLER_E_E_0    | PFILLER20_G               |                  1/1           | Pin VDD (774.52, 120)
IO_FILLER_E_E_1    | PFILLER20_G               |                  1/1           | Pin VDD (774.52, 165.335)
IO_FILLER_E_E_15   | PFILLER5_G                |                  1/1           | Pin VDD (774.52, 132.5)
IO_FILLER_E_E_16   | PFILLER5_G                |                  1/1           | Pin VDD (774.52, 177.835)
IO_FILLER_E_E_30   | PFILLER0005_G             |                  1/1           | Pin VDD (774.52, 135.002)
IO_FILLER_E_E_31   | PFILLER0005_G             |                  1/1           | Pin VDD (774.52, 135.007)
IO_FILLER_E_E_32   | PFILLER0005_G             |                  1/1           | Pin VDD (774.52, 135.012)
IO_FILLER_E_E_33   | PFILLER0005_G             |                  1/1           | Pin VDD (774.52, 135.018)
IO_FILLER_E_E_34   | PFILLER0005_G             |                  1/1           | Pin VDD (774.52, 135.023)
IO_FILLER_E_E_35   | PFILLER0005_G             |                  1/1           | Pin VDD (774.52, 135.028)
IO_FILLER_E_E_36   | PFILLER0005_G             |                  1/1           | Pin VDD (774.52, 135.032)
IO_FILLER_E_E_37   | PFILLER0005_G             |                  1/1           | Pin VDD (774.52, 135.037)
IO_FILLER_E_E_38   | PFILLER0005_G             |                  1/1           | Pin VDD (774.52, 135.042)
IO_FILLER_E_E_39   | PFILLER0005_G             |                  1/1           | Pin VDD (774.52, 135.048)
IO_FILLER_E_E_40   | PFILLER0005_G             |                  1/1           | Pin VDD (774.52, 135.053)
IO_FILLER_E_E_41   | PFILLER0005_G             |                  1/1           | Pin VDD (774.52, 135.058)
IO_FILLER_E_E_42   | PFILLER0005_G             |                  1/1           | Pin VDD (774.52, 135.062)
IO_FILLER_E_E_43   | PFILLER0005_G             |                  1/1           | Pin VDD (774.52, 135.067)
IO_FILLER_E_E_44   | PFILLER0005_G             |                  1/1           | Pin VDD (774.52, 135.072)
IO_FILLER_E_E_45   | PFILLER0005_G             |                  1/1           | Pin VDD (774.52, 135.077)
IO_FILLER_E_E_46   | PFILLER0005_G             |                  1/1           | Pin VDD (774.52, 135.083)
IO_FILLER_E_E_47   | PFILLER0005_G             |                  1/1           | Pin VDD (774.52, 135.088)
IO_FILLER_E_E_48   | PFILLER0005_G             |                  1/1           | Pin VDD (774.52, 135.093)
IO_FILLER_E_E_49   | PFILLER0005_G             |                  1/1           | Pin VDD (774.52, 135.097)
IO_FILLER_E_E_50   | PFILLER0005_G             |                  1/1           | Pin VDD (774.52, 135.102)
IO_FILLER_E_E_51   | PFILLER0005_G             |                  1/1           | Pin VDD (774.52, 135.107)
IO_FILLER_E_E_52   | PFILLER0005_G             |                  1/1           | Pin VDD (774.52, 135.113)
IO_FILLER_E_E_53   | PFILLER0005_G             |                  1/1           | Pin VDD (774.52, 135.118)
IO_FILLER_E_E_54   | PFILLER0005_G             |                  1/1           | Pin VDD (774.52, 135.123)
IO_FILLER_E_E_55   | PFILLER0005_G             |                  1/1           | Pin VDD (774.52, 135.127)
IO_FILLER_E_E_56   | PFILLER0005_G             |                  1/1           | Pin VDD (774.52, 135.132)
IO_FILLER_E_E_57   | PFILLER0005_G             |                  1/1           | Pin VDD (774.52, 135.137)
IO_FILLER_E_E_58   | PFILLER0005_G             |                  1/1           | Pin VDD (774.52, 135.143)
IO_FILLER_E_E_59   | PFILLER0005_G             |                  1/1           | Pin VDD (774.52, 135.148)
IO_FILLER_E_E_60   | PFILLER0005_G             |                  1/1           | Pin VDD (774.52, 135.153)
IO_FILLER_E_E_61   | PFILLER0005_G             |                  1/1           | Pin VDD (774.52, 135.157)
IO_FILLER_E_E_62   | PFILLER0005_G             |                  1/1           | Pin VDD (774.52, 135.162)
IO_FILLER_E_E_63   | PFILLER0005_G             |                  1/1           | Pin VDD (774.52, 135.167)
IO_FILLER_E_E_64   | PFILLER0005_G             |                  1/1           | Pin VDD (774.52, 135.173)
IO_FILLER_E_E_65   | PFILLER0005_G             |                  1/1           | Pin VDD (774.52, 135.178)
IO_FILLER_E_E_66   | PFILLER0005_G             |                  1/1           | Pin VDD (774.52, 135.183)
IO_FILLER_E_E_67   | PFILLER0005_G             |                  1/1           | Pin VDD (774.52, 135.188)
IO_FILLER_E_E_68   | PFILLER0005_G             |                  1/1           | Pin VDD (774.52, 135.192)
IO_FILLER_E_E_69   | PFILLER0005_G             |                  1/1           | Pin VDD (774.52, 135.197)
IO_FILLER_E_E_70   | PFILLER0005_G             |                  1/1           | Pin VDD (774.52, 135.202)
IO_FILLER_E_E_71   | PFILLER0005_G             |                  1/1           | Pin VDD (774.52, 135.208)
IO_FILLER_E_E_72   | PFILLER0005_G             |                  1/1           | Pin VDD (774.52, 135.213)
IO_FILLER_E_E_73   | PFILLER0005_G             |                  1/1           | Pin VDD (774.52, 135.218)
IO_FILLER_E_E_74   | PFILLER0005_G             |                  1/1           | Pin VDD (774.52, 135.222)
IO_FILLER_E_E_75   | PFILLER0005_G             |                  1/1           | Pin VDD (774.52, 135.227)
IO_FILLER_E_E_76   | PFILLER0005_G             |                  1/1           | Pin VDD (774.52, 135.232)
IO_FILLER_E_E_77   | PFILLER0005_G             |                  1/1           | Pin VDD (774.52, 135.238)
IO_FILLER_E_E_78   | PFILLER0005_G             |                  1/1           | Pin VDD (774.52, 135.243)
IO_FILLER_E_E_79   | PFILLER0005_G             |                  1/1           | Pin VDD (774.52, 135.248)
IO_FILLER_E_E_80   | PFILLER0005_G             |                  1/1           | Pin VDD (774.52, 135.252)
IO_FILLER_E_E_81   | PFILLER0005_G             |                  1/1           | Pin VDD (774.52, 135.257)
IO_FILLER_E_E_82   | PFILLER0005_G             |                  1/1           | Pin VDD (774.52, 135.262)
IO_FILLER_E_E_83   | PFILLER0005_G             |                  1/1           | Pin VDD (774.52, 135.268)
IO_FILLER_E_E_84   | PFILLER0005_G             |                  1/1           | Pin VDD (774.52, 135.273)
IO_FILLER_E_E_85   | PFILLER0005_G             |                  1/1           | Pin VDD (774.52, 135.278)
IO_FILLER_E_E_86   | PFILLER0005_G             |                  1/1           | Pin VDD (774.52, 135.282)
IO_FILLER_E_E_87   | PFILLER0005_G             |                  1/1           | Pin VDD (774.52, 135.287)
IO_FILLER_E_E_88   | PFILLER0005_G             |                  1/1           | Pin VDD (774.52, 135.292)
IO_FILLER_E_E_89   | PFILLER0005_G             |                  1/1           | Pin VDD (774.52, 135.298)
IO_FILLER_E_E_90   | PFILLER0005_G             |                  1/1           | Pin VDD (774.52, 135.303)
IO_FILLER_E_E_91   | PFILLER0005_G             |                  1/1           | Pin VDD (774.52, 135.308)
IO_FILLER_E_E_92   | PFILLER0005_G             |                  1/1           | Pin VDD (774.52, 135.312)
IO_FILLER_E_E_93   | PFILLER0005_G             |                  1/1           | Pin VDD (774.52, 135.317)
IO_FILLER_E_E_94   | PFILLER0005_G             |                  1/1           | Pin VDD (774.52, 135.322)
IO_FILLER_E_E_95   | PFILLER0005_G             |                  1/1           | Pin VDD (774.52, 135.327)
IO_FILLER_E_E_96   | PFILLER0005_G             |                  1/1           | Pin VDD (774.52, 135.333)
PAD_I3/I1          | PVDD1DGZ_H_G              |                  1/15          | Pin VDD (774.52, 145.335)
                   |                           |                                | Pin VDD (808.45, 145.335)
                   |                           |                                | Pin VDD (808.45, 145.335)
                   |                           |                                | Pin VDD (808.45, 145.335)
                   |                           |                                | Pin VDD (808.45, 145.335)
                   |                           |                                | Pin VDD (808.45, 145.335)
IO_FILLER_E_E_2    | PFILLER20_G               |                  1/1           | Pin VDD (774.52, 210.67)
IO_FILLER_E_E_3    | PFILLER20_G               |                  1/1           | Pin VDD (774.52, 256.005)
IO_FILLER_E_E_17   | PFILLER5_G                |                  1/1           | Pin VDD (774.52, 223.17)
IO_FILLER_E_E_97   | PFILLER0005_G             |                  1/1           | Pin VDD (774.52, 180.338)
IO_FILLER_E_E_98   | PFILLER0005_G             |                  1/1           | Pin VDD (774.52, 180.343)
IO_FILLER_E_E_99   | PFILLER0005_G             |                  1/1           | Pin VDD (774.52, 180.347)
IO_FILLER_E_E_100  | PFILLER0005_G             |                  1/1           | Pin VDD (774.52, 180.352)
IO_FILLER_E_E_101  | PFILLER0005_G             |                  1/1           | Pin VDD (774.52, 180.357)
IO_FILLER_E_E_102  | PFILLER0005_G             |                  1/1           | Pin VDD (774.52, 180.363)
IO_FILLER_E_E_103  | PFILLER0005_G             |                  1/1           | Pin VDD (774.52, 180.368)
IO_FILLER_E_E_104  | PFILLER0005_G             |                  1/1           | Pin VDD (774.52, 180.373)
IO_FILLER_E_E_105  | PFILLER0005_G             |                  1/1           | Pin VDD (774.52, 180.377)
IO_FILLER_E_E_106  | PFILLER0005_G             |                  1/1           | Pin VDD (774.52, 180.382)
IO_FILLER_E_E_107  | PFILLER0005_G             |                  1/1           | Pin VDD (774.52, 180.387)
IO_FILLER_E_E_108  | PFILLER0005_G             |                  1/1           | Pin VDD (774.52, 180.393)
IO_FILLER_E_E_109  | PFILLER0005_G             |                  1/1           | Pin VDD (774.52, 180.398)
IO_FILLER_E_E_110  | PFILLER0005_G             |                  1/1           | Pin VDD (774.52, 180.403)
IO_FILLER_E_E_111  | PFILLER0005_G             |                  1/1           | Pin VDD (774.52, 180.407)
IO_FILLER_E_E_112  | PFILLER0005_G             |                  1/1           | Pin VDD (774.52, 180.412)
IO_FILLER_E_E_113  | PFILLER0005_G             |                  1/1           | Pin VDD (774.52, 180.417)
IO_FILLER_E_E_114  | PFILLER0005_G             |                  1/1           | Pin VDD (774.52, 180.423)
IO_FILLER_E_E_115  | PFILLER0005_G             |                  1/1           | Pin VDD (774.52, 180.428)
IO_FILLER_E_E_116  | PFILLER0005_G             |                  1/1           | Pin VDD (774.52, 180.433)
IO_FILLER_E_E_117  | PFILLER0005_G             |                  1/1           | Pin VDD (774.52, 180.438)
IO_FILLER_E_E_118  | PFILLER0005_G             |                  1/1           | Pin VDD (774.52, 180.442)
IO_FILLER_E_E_119  | PFILLER0005_G             |                  1/1           | Pin VDD (774.52, 180.447)
IO_FILLER_E_E_120  | PFILLER0005_G             |                  1/1           | Pin VDD (774.52, 180.452)
IO_FILLER_E_E_121  | PFILLER0005_G             |                  1/1           | Pin VDD (774.52, 180.458)
IO_FILLER_E_E_122  | PFILLER0005_G             |                  1/1           | Pin VDD (774.52, 180.463)
IO_FILLER_E_E_123  | PFILLER0005_G             |                  1/1           | Pin VDD (774.52, 180.468)
IO_FILLER_E_E_124  | PFILLER0005_G             |                  1/1           | Pin VDD (774.52, 180.472)
IO_FILLER_E_E_125  | PFILLER0005_G             |                  1/1           | Pin VDD (774.52, 180.477)
IO_FILLER_E_E_126  | PFILLER0005_G             |                  1/1           | Pin VDD (774.52, 180.482)
IO_FILLER_E_E_127  | PFILLER0005_G             |                  1/1           | Pin VDD (774.52, 180.488)
IO_FILLER_E_E_128  | PFILLER0005_G             |                  1/1           | Pin VDD (774.52, 180.493)
IO_FILLER_E_E_129  | PFILLER0005_G             |                  1/1           | Pin VDD (774.52, 180.498)
IO_FILLER_E_E_130  | PFILLER0005_G             |                  1/1           | Pin VDD (774.52, 180.502)
IO_FILLER_E_E_131  | PFILLER0005_G             |                  1/1           | Pin VDD (774.52, 180.507)
IO_FILLER_E_E_132  | PFILLER0005_G             |                  1/1           | Pin VDD (774.52, 180.512)
IO_FILLER_E_E_133  | PFILLER0005_G             |                  1/1           | Pin VDD (774.52, 180.518)
IO_FILLER_E_E_134  | PFILLER0005_G             |                  1/1           | Pin VDD (774.52, 180.523)
IO_FILLER_E_E_135  | PFILLER0005_G             |                  1/1           | Pin VDD (774.52, 180.528)
IO_FILLER_E_E_136  | PFILLER0005_G             |                  1/1           | Pin VDD (774.52, 180.532)
IO_FILLER_E_E_137  | PFILLER0005_G             |                  1/1           | Pin VDD (774.52, 180.537)
IO_FILLER_E_E_138  | PFILLER0005_G             |                  1/1           | Pin VDD (774.52, 180.542)
IO_FILLER_E_E_139  | PFILLER0005_G             |                  1/1           | Pin VDD (774.52, 180.548)
IO_FILLER_E_E_140  | PFILLER0005_G             |                  1/1           | Pin VDD (774.52, 180.553)
IO_FILLER_E_E_141  | PFILLER0005_G             |                  1/1           | Pin VDD (774.52, 180.558)
IO_FILLER_E_E_142  | PFILLER0005_G             |                  1/1           | Pin VDD (774.52, 180.562)
IO_FILLER_E_E_143  | PFILLER0005_G             |                  1/1           | Pin VDD (774.52, 180.567)
IO_FILLER_E_E_144  | PFILLER0005_G             |                  1/1           | Pin VDD (774.52, 180.572)
IO_FILLER_E_E_145  | PFILLER0005_G             |                  1/1           | Pin VDD (774.52, 180.577)
IO_FILLER_E_E_146  | PFILLER0005_G             |                  1/1           | Pin VDD (774.52, 180.583)
IO_FILLER_E_E_147  | PFILLER0005_G             |                  1/1           | Pin VDD (774.52, 180.588)
IO_FILLER_E_E_148  | PFILLER0005_G             |                  1/1           | Pin VDD (774.52, 180.593)
IO_FILLER_E_E_149  | PFILLER0005_G             |                  1/1           | Pin VDD (774.52, 180.597)
IO_FILLER_E_E_150  | PFILLER0005_G             |                  1/1           | Pin VDD (774.52, 180.602)
IO_FILLER_E_E_151  | PFILLER0005_G             |                  1/1           | Pin VDD (774.52, 180.607)
IO_FILLER_E_E_152  | PFILLER0005_G             |                  1/1           | Pin VDD (774.52, 180.613)
IO_FILLER_E_E_153  | PFILLER0005_G             |                  1/1           | Pin VDD (774.52, 180.618)
IO_FILLER_E_E_154  | PFILLER0005_G             |                  1/1           | Pin VDD (774.52, 180.623)
IO_FILLER_E_E_155  | PFILLER0005_G             |                  1/1           | Pin VDD (774.52, 180.627)
IO_FILLER_E_E_156  | PFILLER0005_G             |                  1/1           | Pin VDD (774.52, 180.632)
IO_FILLER_E_E_157  | PFILLER0005_G             |                  1/1           | Pin VDD (774.52, 180.637)
IO_FILLER_E_E_158  | PFILLER0005_G             |                  1/1           | Pin VDD (774.52, 180.643)
IO_FILLER_E_E_159  | PFILLER0005_G             |                  1/1           | Pin VDD (774.52, 180.648)
IO_FILLER_E_E_160  | PFILLER0005_G             |                  1/1           | Pin VDD (774.52, 180.653)
IO_FILLER_E_E_161  | PFILLER0005_G             |                  1/1           | Pin VDD (774.52, 180.657)
IO_FILLER_E_E_162  | PFILLER0005_G             |                  1/1           | Pin VDD (774.52, 180.662)
IO_FILLER_E_E_163  | PFILLER0005_G             |                  1/1           | Pin VDD (774.52, 180.667)
IO_FILLER_E_E_164  | PFILLER0005_G             |                  1/1           | Pin VDD (774.52, 225.673)
IO_FILLER_E_E_165  | PFILLER0005_G             |                  1/1           | Pin VDD (774.52, 225.678)
IO_FILLER_E_E_166  | PFILLER0005_G             |                  1/1           | Pin VDD (774.52, 225.683)
IO_FILLER_E_E_167  | PFILLER0005_G             |                  1/1           | Pin VDD (774.52, 225.688)
IO_FILLER_E_E_168  | PFILLER0005_G             |                  1/1           | Pin VDD (774.52, 225.692)
IO_FILLER_E_E_169  | PFILLER0005_G             |                  1/1           | Pin VDD (774.52, 225.697)
IO_FILLER_E_E_170  | PFILLER0005_G             |                  1/1           | Pin VDD (774.52, 225.702)
IO_FILLER_E_E_171  | PFILLER0005_G             |                  1/1           | Pin VDD (774.52, 225.708)
IO_FILLER_E_E_172  | PFILLER0005_G             |                  1/1           | Pin VDD (774.52, 225.713)
IO_FILLER_E_E_173  | PFILLER0005_G             |                  1/1           | Pin VDD (774.52, 225.718)
IO_FILLER_E_E_174  | PFILLER0005_G             |                  1/1           | Pin VDD (774.52, 225.722)
IO_FILLER_E_E_175  | PFILLER0005_G             |                  1/1           | Pin VDD (774.52, 225.727)
IO_FILLER_E_E_176  | PFILLER0005_G             |                  1/1           | Pin VDD (774.52, 225.732)
IO_FILLER_E_E_177  | PFILLER0005_G             |                  1/1           | Pin VDD (774.52, 225.738)
IO_FILLER_E_E_178  | PFILLER0005_G             |                  1/1           | Pin VDD (774.52, 225.743)
IO_FILLER_E_E_179  | PFILLER0005_G             |                  1/1           | Pin VDD (774.52, 225.748)
IO_FILLER_E_E_180  | PFILLER0005_G             |                  1/1           | Pin VDD (774.52, 225.752)
IO_FILLER_E_E_181  | PFILLER0005_G             |                  1/1           | Pin VDD (774.52, 225.757)
IO_FILLER_E_E_182  | PFILLER0005_G             |                  1/1           | Pin VDD (774.52, 225.762)
IO_FILLER_E_E_183  | PFILLER0005_G             |                  1/1           | Pin VDD (774.52, 225.768)
IO_FILLER_E_E_184  | PFILLER0005_G             |                  1/1           | Pin VDD (774.52, 225.773)
IO_FILLER_E_E_185  | PFILLER0005_G             |                  1/1           | Pin VDD (774.52, 225.778)
IO_FILLER_E_E_186  | PFILLER0005_G             |                  1/1           | Pin VDD (774.52, 225.782)
IO_FILLER_E_E_187  | PFILLER0005_G             |                  1/1           | Pin VDD (774.52, 225.787)
IO_FILLER_E_E_188  | PFILLER0005_G             |                  1/1           | Pin VDD (774.52, 225.792)
IO_FILLER_E_E_189  | PFILLER0005_G             |                  1/1           | Pin VDD (774.52, 225.798)
IO_FILLER_E_E_190  | PFILLER0005_G             |                  1/1           | Pin VDD (774.52, 225.803)
IO_FILLER_E_E_191  | PFILLER0005_G             |                  1/1           | Pin VDD (774.52, 225.808)
IO_FILLER_E_E_192  | PFILLER0005_G             |                  1/1           | Pin VDD (774.52, 225.812)
IO_FILLER_E_E_193  | PFILLER0005_G             |                  1/1           | Pin VDD (774.52, 225.817)
IO_FILLER_E_E_194  | PFILLER0005_G             |                  1/1           | Pin VDD (774.52, 225.822)
IO_FILLER_E_E_195  | PFILLER0005_G             |                  1/1           | Pin VDD (774.52, 225.827)
IO_FILLER_E_E_196  | PFILLER0005_G             |                  1/1           | Pin VDD (774.52, 225.833)
IO_FILLER_E_E_197  | PFILLER0005_G             |                  1/1           | Pin VDD (774.52, 225.838)
IO_FILLER_E_E_198  | PFILLER0005_G             |                  1/1           | Pin VDD (774.52, 225.843)
IO_FILLER_E_E_199  | PFILLER0005_G             |                  1/1           | Pin VDD (774.52, 225.847)
IO_FILLER_E_E_200  | PFILLER0005_G             |                  1/1           | Pin VDD (774.52, 225.852)
IO_FILLER_E_E_201  | PFILLER0005_G             |                  1/1           | Pin VDD (774.52, 225.857)
IO_FILLER_E_E_202  | PFILLER0005_G             |                  1/1           | Pin VDD (774.52, 225.863)
IO_FILLER_E_E_203  | PFILLER0005_G             |                  1/1           | Pin VDD (774.52, 225.868)
IO_FILLER_E_E_204  | PFILLER0005_G             |                  1/1           | Pin VDD (774.52, 225.873)
IO_FILLER_E_E_205  | PFILLER0005_G             |                  1/1           | Pin VDD (774.52, 225.877)
IO_FILLER_E_E_206  | PFILLER0005_G             |                  1/1           | Pin VDD (774.52, 225.882)
IO_FILLER_E_E_207  | PFILLER0005_G             |                  1/1           | Pin VDD (774.52, 225.887)
IO_FILLER_E_E_208  | PFILLER0005_G             |                  1/1           | Pin VDD (774.52, 225.893)
IO_FILLER_E_E_209  | PFILLER0005_G             |                  1/1           | Pin VDD (774.52, 225.898)
IO_FILLER_E_E_210  | PFILLER0005_G             |                  1/1           | Pin VDD (774.52, 225.903)
IO_FILLER_E_E_211  | PFILLER0005_G             |                  1/1           | Pin VDD (774.52, 225.907)
IO_FILLER_E_E_212  | PFILLER0005_G             |                  1/1           | Pin VDD (774.52, 225.912)
IO_FILLER_E_E_213  | PFILLER0005_G             |                  1/1           | Pin VDD (774.52, 225.917)
IO_FILLER_E_E_214  | PFILLER0005_G             |                  1/1           | Pin VDD (774.52, 225.923)
IO_FILLER_E_E_215  | PFILLER0005_G             |                  1/1           | Pin VDD (774.52, 225.928)
IO_FILLER_E_E_216  | PFILLER0005_G             |                  1/1           | Pin VDD (774.52, 225.933)
IO_FILLER_E_E_217  | PFILLER0005_G             |                  1/1           | Pin VDD (774.52, 225.938)
IO_FILLER_E_E_218  | PFILLER0005_G             |                  1/1           | Pin VDD (774.52, 225.942)
IO_FILLER_E_E_219  | PFILLER0005_G             |                  1/1           | Pin VDD (774.52, 225.947)
IO_FILLER_E_E_220  | PFILLER0005_G             |                  1/1           | Pin VDD (774.52, 225.952)
IO_FILLER_E_E_221  | PFILLER0005_G             |                  1/1           | Pin VDD (774.52, 225.958)
IO_FILLER_E_E_222  | PFILLER0005_G             |                  1/1           | Pin VDD (774.52, 225.963)
IO_FILLER_E_E_223  | PFILLER0005_G             |                  1/1           | Pin VDD (774.52, 225.968)
IO_FILLER_E_E_224  | PFILLER0005_G             |                  1/1           | Pin VDD (774.52, 225.972)
IO_FILLER_S_S_61   | PFILLER0005_G             |                  1/1           | Pin VDD (135.157, 105.48)
IO_FILLER_S_S_337  | PFILLER0005_G             |                  1/1           | Pin VDD (316.538, 105.48)
IO_FILLER_S_S_253  | PFILLER0005_G             |                  1/1           | Pin VDD (271.118, 105.48)
IO_FILLER_S_S_282  | PFILLER0005_G             |                  1/1           | Pin VDD (271.262, 105.48)
IO_FILLER_S_S_235  | PFILLER0005_G             |                  1/1           | Pin VDD (271.027, 105.48)
IO_FILLER_S_S_284  | PFILLER0005_G             |                  1/1           | Pin VDD (271.272, 105.48)
IO_FILLER_S_S_309  | PFILLER0005_G             |                  1/1           | Pin VDD (316.397, 105.48)
IO_FILLER_S_S_244  | PFILLER0005_G             |                  1/1           | Pin VDD (271.072, 105.48)
IO_FILLER_S_S_264  | PFILLER0005_G             |                  1/1           | Pin VDD (271.173, 105.48)
IO_FILLER_S_S_238  | PFILLER0005_G             |                  1/1           | Pin VDD (271.043, 105.48)
IO_FILLER_S_S_280  | PFILLER0005_G             |                  1/1           | Pin VDD (271.252, 105.48)
IO_FILLER_S_S_288  | PFILLER0005_G             |                  1/1           | Pin VDD (271.293, 105.48)
IO_FILLER_S_S_259  | PFILLER0005_G             |                  1/1           | Pin VDD (271.147, 105.48)
IO_FILLER_S_S_245  | PFILLER0005_G             |                  1/1           | Pin VDD (271.077, 105.48)
IO_FILLER_S_S_317  | PFILLER0005_G             |                  1/1           | Pin VDD (316.438, 105.48)
IO_FILLER_N_N_51   | PFILLER05_G               |                  1/1           | Pin VDD (259.75, 774.52)
IO_FILLER_S_S_4    | PFILLER20_G               |                  1/1           | Pin VDD (301.34, 105.48)
IO_FILLER_S_S_324  | PFILLER0005_G             |                  1/1           | Pin VDD (316.473, 105.48)
IO_FILLER_S_S_279  | PFILLER0005_G             |                  1/1           | Pin VDD (271.248, 105.48)
IO_FILLER_S_S_351  | PFILLER0005_G             |                  1/1           | Pin VDD (316.608, 105.48)
IO_FILLER_S_S_350  | PFILLER0005_G             |                  1/1           | Pin VDD (316.603, 105.48)
IO_FILLER_S_S_256  | PFILLER0005_G             |                  1/1           | Pin VDD (271.132, 105.48)
IO_FILLER_S_S_348  | PFILLER0005_G             |                  1/1           | Pin VDD (316.592, 105.48)
IO_FILLER_S_S_342  | PFILLER0005_G             |                  1/1           | Pin VDD (316.562, 105.48)
IO_FILLER_S_S_340  | PFILLER0005_G             |                  1/1           | Pin VDD (316.553, 105.48)
IO_FILLER_S_S_338  | PFILLER0005_G             |                  1/1           | Pin VDD (316.543, 105.48)
IO_FILLER_S_S_334  | PFILLER0005_G             |                  1/1           | Pin VDD (316.522, 105.48)
IO_FILLER_S_S_307  | PFILLER0005_G             |                  1/1           | Pin VDD (316.387, 105.48)
IO_FILLER_S_S_315  | PFILLER0005_G             |                  1/1           | Pin VDD (316.428, 105.48)
IO_FILLER_S_S_312  | PFILLER0005_G             |                  1/1           | Pin VDD (316.413, 105.48)
IO_FILLER_S_S_308  | PFILLER0005_G             |                  1/1           | Pin VDD (316.392, 105.48)
IO_FILLER_S_S_304  | PFILLER0005_G             |                  1/1           | Pin VDD (316.373, 105.48)
IO_FILLER_S_S_303  | PFILLER0005_G             |                  1/1           | Pin VDD (316.368, 105.48)
IO_FILLER_S_S_298  | PFILLER0005_G             |                  1/1           | Pin VDD (316.342, 105.48)
IO_FILLER_S_S_296  | PFILLER0005_G             |                  1/1           | Pin VDD (271.332, 105.48)
IO_FILLER_S_S_287  | PFILLER0005_G             |                  1/1           | Pin VDD (271.288, 105.48)
IO_FILLER_S_S_285  | PFILLER0005_G             |                  1/1           | Pin VDD (271.277, 105.48)
IO_FILLER_S_S_283  | PFILLER0005_G             |                  1/1           | Pin VDD (271.267, 105.48)
IO_FILLER_S_S_277  | PFILLER0005_G             |                  1/1           | Pin VDD (271.238, 105.48)
IO_FILLER_S_S_275  | PFILLER0005_G             |                  1/1           | Pin VDD (271.228, 105.48)
IO_FILLER_S_S_271  | PFILLER0005_G             |                  1/1           | Pin VDD (271.207, 105.48)
IO_FILLER_S_S_268  | PFILLER0005_G             |                  1/1           | Pin VDD (271.192, 105.48)
IO_FILLER_S_S_265  | PFILLER0005_G             |                  1/1           | Pin VDD (271.178, 105.48)
IO_FILLER_S_S_252  | PFILLER0005_G             |                  1/1           | Pin VDD (271.113, 105.48)
IO_FILLER_S_S_242  | PFILLER0005_G             |                  1/1           | Pin VDD (271.062, 105.48)
IO_FILLER_S_S_240  | PFILLER0005_G             |                  1/1           | Pin VDD (271.053, 105.48)
IO_FILLER_S_S_239  | PFILLER0005_G             |                  1/1           | Pin VDD (271.048, 105.48)
IO_FILLER_S_S_236  | PFILLER0005_G             |                  1/1           | Pin VDD (271.033, 105.48)
IO_FILLER_S_S_19   | PFILLER5_G                |                  1/1           | Pin VDD (313.84, 105.48)
IO_FILLER_N_N_50   | PFILLER05_G               |                  1/1           | Pin VDD (217.25, 774.52)
IO_FILLER_N_N_21   | PFILLER1_G                |                  1/1           | Pin VDD (216.5, 774.52)
IO_FILLER_N_N_20   | PFILLER1_G                |                  1/1           | Pin VDD (215.5, 774.52)
IO_FILLER_S_S_68   | PFILLER0005_G             |                  1/1           | Pin VDD (135.192, 105.48)
IO_FILLER_S_S_63   | PFILLER0005_G             |                  1/1           | Pin VDD (135.167, 105.48)
IO_FILLER_S_S_69   | PFILLER0005_G             |                  1/1           | Pin VDD (135.197, 105.48)
I46/I1             | PDDW04DGZ_V_G             |                  1/1           | Pin VDD (105.48, 440)
I45/I1             | PDDW04DGZ_V_G             |                  1/1           | Pin VDD (105.48, 397.5)
IO_FILLER_W_W_35   | PFILLER1_G                |                  1/1           | Pin VDD (105.48, 514)
IO_FILLER_W_W_57   | PFILLER05_G               |                  1/1           | Pin VDD (105.48, 514.75)
I47/I1             | PDDW04DGZ_V_G             |                  1/1           | Pin VDD (105.48, 482.5)
I48/I1             | PDDW04DGZ_V_G             |                  1/1           | Pin VDD (105.48, 525)
IO_FILLER_W_W_10   | PFILLER20_G               |                  1/1           | Pin VDD (105.48, 545)
IO_FILLER_S_S_1    | PFILLER20_G               |                  1/1           | Pin VDD (165.335, 105.48)
IO_FILLER_S_S_30   | PFILLER0005_G             |                  1/1           | Pin VDD (135.002, 105.48)
IO_FILLER_S_S_31   | PFILLER0005_G             |                  1/1           | Pin VDD (135.007, 105.48)
IO_FILLER_S_S_34   | PFILLER0005_G             |                  1/1           | Pin VDD (135.023, 105.48)
IO_FILLER_S_S_35   | PFILLER0005_G             |                  1/1           | Pin VDD (135.028, 105.48)
IO_FILLER_S_S_36   | PFILLER0005_G             |                  1/1           | Pin VDD (135.032, 105.48)
IO_FILLER_S_S_37   | PFILLER0005_G             |                  1/1           | Pin VDD (135.037, 105.48)
IO_FILLER_S_S_59   | PFILLER0005_G             |                  1/1           | Pin VDD (135.148, 105.48)
IO_FILLER_S_S_74   | PFILLER0005_G             |                  1/1           | Pin VDD (135.222, 105.48)
IO_FILLER_S_S_75   | PFILLER0005_G             |                  1/1           | Pin VDD (135.227, 105.48)
IO_FILLER_S_S_79   | PFILLER0005_G             |                  1/1           | Pin VDD (135.248, 105.48)
IO_FILLER_S_S_78   | PFILLER0005_G             |                  1/1           | Pin VDD (135.243, 105.48)
IO_FILLER_S_S_81   | PFILLER0005_G             |                  1/1           | Pin VDD (135.257, 105.48)
IO_FILLER_S_S_85   | PFILLER0005_G             |                  1/1           | Pin VDD (135.278, 105.48)
IO_FILLER_S_S_168  | PFILLER0005_G             |                  1/1           | Pin VDD (225.692, 105.48)
IO_FILLER_S_S_167  | PFILLER0005_G             |                  1/1           | Pin VDD (225.688, 105.48)
IO_FILLER_S_S_166  | PFILLER0005_G             |                  1/1           | Pin VDD (225.683, 105.48)
IO_FILLER_S_S_165  | PFILLER0005_G             |                  1/1           | Pin VDD (225.678, 105.48)
IO_FILLER_S_S_169  | PFILLER0005_G             |                  1/1           | Pin VDD (225.697, 105.48)
IO_FILLER_S_S_204  | PFILLER0005_G             |                  1/1           | Pin VDD (225.873, 105.48)
IO_FILLER_S_S_203  | PFILLER0005_G             |                  1/1           | Pin VDD (225.868, 105.48)
IO_FILLER_S_S_202  | PFILLER0005_G             |                  1/1           | Pin VDD (225.863, 105.48)
IO_FILLER_S_S_201  | PFILLER0005_G             |                  1/1           | Pin VDD (225.857, 105.48)
IO_FILLER_S_S_200  | PFILLER0005_G             |                  1/1           | Pin VDD (225.852, 105.48)
IO_FILLER_S_S_199  | PFILLER0005_G             |                  1/1           | Pin VDD (225.847, 105.48)
IO_FILLER_S_S_198  | PFILLER0005_G             |                  1/1           | Pin VDD (225.843, 105.48)
IO_FILLER_S_S_197  | PFILLER0005_G             |                  1/1           | Pin VDD (225.838, 105.48)
IO_FILLER_S_S_196  | PFILLER0005_G             |                  1/1           | Pin VDD (225.833, 105.48)
IO_FILLER_S_S_195  | PFILLER0005_G             |                  1/1           | Pin VDD (225.827, 105.48)
IO_FILLER_S_S_194  | PFILLER0005_G             |                  1/1           | Pin VDD (225.822, 105.48)
IO_FILLER_S_S_193  | PFILLER0005_G             |                  1/1           | Pin VDD (225.817, 105.48)
IO_FILLER_S_S_192  | PFILLER0005_G             |                  1/1           | Pin VDD (225.812, 105.48)
IO_FILLER_S_S_191  | PFILLER0005_G             |                  1/1           | Pin VDD (225.808, 105.48)
IO_FILLER_S_S_190  | PFILLER0005_G             |                  1/1           | Pin VDD (225.803, 105.48)
IO_FILLER_S_S_189  | PFILLER0005_G             |                  1/1           | Pin VDD (225.798, 105.48)
IO_FILLER_S_S_188  | PFILLER0005_G             |                  1/1           | Pin VDD (225.792, 105.48)
IO_FILLER_S_S_187  | PFILLER0005_G             |                  1/1           | Pin VDD (225.787, 105.48)
IO_FILLER_S_S_186  | PFILLER0005_G             |                  1/1           | Pin VDD (225.782, 105.48)
IO_FILLER_S_S_185  | PFILLER0005_G             |                  1/1           | Pin VDD (225.778, 105.48)
IO_FILLER_S_S_184  | PFILLER0005_G             |                  1/1           | Pin VDD (225.773, 105.48)
IO_FILLER_S_S_183  | PFILLER0005_G             |                  1/1           | Pin VDD (225.768, 105.48)
IO_FILLER_S_S_182  | PFILLER0005_G             |                  1/1           | Pin VDD (225.762, 105.48)
IO_FILLER_S_S_181  | PFILLER0005_G             |                  1/1           | Pin VDD (225.757, 105.48)
IO_FILLER_S_S_180  | PFILLER0005_G             |                  1/1           | Pin VDD (225.752, 105.48)
IO_FILLER_S_S_179  | PFILLER0005_G             |                  1/1           | Pin VDD (225.748, 105.48)
IO_FILLER_S_S_178  | PFILLER0005_G             |                  1/1           | Pin VDD (225.743, 105.48)
IO_FILLER_S_S_177  | PFILLER0005_G             |                  1/1           | Pin VDD (225.738, 105.48)
IO_FILLER_S_S_176  | PFILLER0005_G             |                  1/1           | Pin VDD (225.732, 105.48)
IO_FILLER_S_S_175  | PFILLER0005_G             |                  1/1           | Pin VDD (225.727, 105.48)
IO_FILLER_S_S_174  | PFILLER0005_G             |                  1/1           | Pin VDD (225.722, 105.48)
IO_FILLER_S_S_173  | PFILLER0005_G             |                  1/1           | Pin VDD (225.718, 105.48)
IO_FILLER_S_S_172  | PFILLER0005_G             |                  1/1           | Pin VDD (225.713, 105.48)
IO_FILLER_S_S_170  | PFILLER0005_G             |                  1/1           | Pin VDD (225.702, 105.48)
IO_FILLER_S_S_171  | PFILLER0005_G             |                  1/1           | Pin VDD (225.708, 105.48)
IO_FILLER_S_S_128  | PFILLER0005_G             |                  1/1           | Pin VDD (180.493, 105.48)
IO_FILLER_S_S_127  | PFILLER0005_G             |                  1/1           | Pin VDD (180.488, 105.48)
IO_FILLER_S_S_126  | PFILLER0005_G             |                  1/1           | Pin VDD (180.482, 105.48)
IO_FILLER_S_S_125  | PFILLER0005_G             |                  1/1           | Pin VDD (180.477, 105.48)
IO_FILLER_S_S_124  | PFILLER0005_G             |                  1/1           | Pin VDD (180.472, 105.48)
IO_FILLER_S_S_129  | PFILLER0005_G             |                  1/1           | Pin VDD (180.498, 105.48)
IO_FILLER_S_S_164  | PFILLER0005_G             |                  1/1           | Pin VDD (225.673, 105.48)
IO_FILLER_S_S_163  | PFILLER0005_G             |                  1/1           | Pin VDD (180.667, 105.48)
IO_FILLER_S_S_162  | PFILLER0005_G             |                  1/1           | Pin VDD (180.662, 105.48)
IO_FILLER_S_S_161  | PFILLER0005_G             |                  1/1           | Pin VDD (180.657, 105.48)
IO_FILLER_S_S_160  | PFILLER0005_G             |                  1/1           | Pin VDD (180.653, 105.48)
IO_FILLER_S_S_159  | PFILLER0005_G             |                  1/1           | Pin VDD (180.648, 105.48)
IO_FILLER_S_S_158  | PFILLER0005_G             |                  1/1           | Pin VDD (180.643, 105.48)
IO_FILLER_S_S_157  | PFILLER0005_G             |                  1/1           | Pin VDD (180.637, 105.48)
IO_FILLER_S_S_156  | PFILLER0005_G             |                  1/1           | Pin VDD (180.632, 105.48)
IO_FILLER_S_S_155  | PFILLER0005_G             |                  1/1           | Pin VDD (180.627, 105.48)
IO_FILLER_S_S_154  | PFILLER0005_G             |                  1/1           | Pin VDD (180.623, 105.48)
IO_FILLER_S_S_153  | PFILLER0005_G             |                  1/1           | Pin VDD (180.618, 105.48)
IO_FILLER_S_S_152  | PFILLER0005_G             |                  1/1           | Pin VDD (180.613, 105.48)
IO_FILLER_S_S_151  | PFILLER0005_G             |                  1/1           | Pin VDD (180.607, 105.48)
IO_FILLER_S_S_150  | PFILLER0005_G             |                  1/1           | Pin VDD (180.602, 105.48)
IO_FILLER_S_S_149  | PFILLER0005_G             |                  1/1           | Pin VDD (180.597, 105.48)
IO_FILLER_S_S_148  | PFILLER0005_G             |                  1/1           | Pin VDD (180.593, 105.48)
IO_FILLER_S_S_147  | PFILLER0005_G             |                  1/1           | Pin VDD (180.588, 105.48)
IO_FILLER_S_S_146  | PFILLER0005_G             |                  1/1           | Pin VDD (180.583, 105.48)
IO_FILLER_S_S_145  | PFILLER0005_G             |                  1/1           | Pin VDD (180.577, 105.48)
IO_FILLER_S_S_144  | PFILLER0005_G             |                  1/1           | Pin VDD (180.572, 105.48)
IO_FILLER_S_S_143  | PFILLER0005_G             |                  1/1           | Pin VDD (180.567, 105.48)
IO_FILLER_S_S_142  | PFILLER0005_G             |                  1/1           | Pin VDD (180.562, 105.48)
IO_FILLER_S_S_141  | PFILLER0005_G             |                  1/1           | Pin VDD (180.558, 105.48)
IO_FILLER_S_S_140  | PFILLER0005_G             |                  1/1           | Pin VDD (180.553, 105.48)
IO_FILLER_S_S_139  | PFILLER0005_G             |                  1/1           | Pin VDD (180.548, 105.48)
IO_FILLER_S_S_138  | PFILLER0005_G             |                  1/1           | Pin VDD (180.542, 105.48)
IO_FILLER_S_S_137  | PFILLER0005_G             |                  1/1           | Pin VDD (180.537, 105.48)
IO_FILLER_S_S_136  | PFILLER0005_G             |                  1/1           | Pin VDD (180.532, 105.48)
IO_FILLER_S_S_135  | PFILLER0005_G             |                  1/1           | Pin VDD (180.528, 105.48)
IO_FILLER_S_S_134  | PFILLER0005_G             |                  1/1           | Pin VDD (180.523, 105.48)
IO_FILLER_S_S_133  | PFILLER0005_G             |                  1/1           | Pin VDD (180.518, 105.48)
IO_FILLER_S_S_132  | PFILLER0005_G             |                  1/1           | Pin VDD (180.512, 105.48)
IO_FILLER_S_S_130  | PFILLER0005_G             |                  1/1           | Pin VDD (180.502, 105.48)
IO_FILLER_S_S_131  | PFILLER0005_G             |                  1/1           | Pin VDD (180.507, 105.48)
IO_FILLER_S_S_118  | PFILLER0005_G             |                  1/1           | Pin VDD (180.442, 105.48)
IO_FILLER_S_S_123  | PFILLER0005_G             |                  1/1           | Pin VDD (180.468, 105.48)
IO_FILLER_S_S_122  | PFILLER0005_G             |                  1/1           | Pin VDD (180.463, 105.48)
IO_FILLER_S_S_121  | PFILLER0005_G             |                  1/1           | Pin VDD (180.458, 105.48)
IO_FILLER_S_S_120  | PFILLER0005_G             |                  1/1           | Pin VDD (180.452, 105.48)
IO_FILLER_S_S_119  | PFILLER0005_G             |                  1/1           | Pin VDD (180.447, 105.48)
IO_FILLER_S_S_117  | PFILLER0005_G             |                  1/1           | Pin VDD (180.438, 105.48)
IO_FILLER_S_S_116  | PFILLER0005_G             |                  1/1           | Pin VDD (180.433, 105.48)
IO_FILLER_S_S_115  | PFILLER0005_G             |                  1/1           | Pin VDD (180.428, 105.48)
IO_FILLER_S_S_114  | PFILLER0005_G             |                  1/1           | Pin VDD (180.423, 105.48)
IO_FILLER_S_S_113  | PFILLER0005_G             |                  1/1           | Pin VDD (180.417, 105.48)
IO_FILLER_S_S_112  | PFILLER0005_G             |                  1/1           | Pin VDD (180.412, 105.48)
IO_FILLER_S_S_111  | PFILLER0005_G             |                  1/1           | Pin VDD (180.407, 105.48)
IO_FILLER_S_S_110  | PFILLER0005_G             |                  1/1           | Pin VDD (180.403, 105.48)
IO_FILLER_S_S_109  | PFILLER0005_G             |                  1/1           | Pin VDD (180.398, 105.48)
IO_FILLER_S_S_108  | PFILLER0005_G             |                  1/1           | Pin VDD (180.393, 105.48)
IO_FILLER_S_S_107  | PFILLER0005_G             |                  1/1           | Pin VDD (180.387, 105.48)
IO_FILLER_S_S_106  | PFILLER0005_G             |                  1/1           | Pin VDD (180.382, 105.48)
IO_FILLER_S_S_105  | PFILLER0005_G             |                  1/1           | Pin VDD (180.377, 105.48)
IO_FILLER_S_S_104  | PFILLER0005_G             |                  1/1           | Pin VDD (180.373, 105.48)
IO_FILLER_S_S_103  | PFILLER0005_G             |                  1/1           | Pin VDD (180.368, 105.48)
IO_FILLER_S_S_102  | PFILLER0005_G             |                  1/1           | Pin VDD (180.363, 105.48)
IO_FILLER_S_S_101  | PFILLER0005_G             |                  1/1           | Pin VDD (180.357, 105.48)
IO_FILLER_S_S_100  | PFILLER0005_G             |                  1/1           | Pin VDD (180.352, 105.48)
IO_FILLER_S_S_99   | PFILLER0005_G             |                  1/1           | Pin VDD (180.347, 105.48)
IO_FILLER_S_S_98   | PFILLER0005_G             |                  1/1           | Pin VDD (180.343, 105.48)
IO_FILLER_S_S_97   | PFILLER0005_G             |                  1/1           | Pin VDD (180.338, 105.48)
IO_FILLER_S_S_17   | PFILLER5_G                |                  1/1           | Pin VDD (223.17, 105.48)
IO_FILLER_S_S_3    | PFILLER20_G               |                  1/1           | Pin VDD (256.005, 105.48)
IO_FILLER_S_S_2    | PFILLER20_G               |                  1/1           | Pin VDD (210.67, 105.48)
PAD_I1/I1          | PVDD1DGZ_H_G              |                  1/15          | Pin VDD (142.5, 774.52)
                   |                           |                                | Pin VDD (142.5, 808.45)
                   |                           |                                | Pin VDD (142.5, 808.45)
                   |                           |                                | Pin VDD (142.5, 808.45)
                   |                           |                                | Pin VDD (142.5, 808.45)
                   |                           |                                | Pin VDD (142.5, 808.45)
PAD_G1/I1          | PVSS1DGZ_H_G              |                  1/1           | Pin VDD (185, 774.52)
IO_FILLER_N_N_49   | PFILLER05_G               |                  1/1           | Pin VDD (174.75, 774.52)
IO_FILLER_N_N_48   | PFILLER05_G               |                  1/1           | Pin VDD (132.25, 774.52)
IO_FILLER_N_N_19   | PFILLER1_G                |                  1/1           | Pin VDD (174, 774.52)
IO_FILLER_N_N_18   | PFILLER1_G                |                  1/1           | Pin VDD (173, 774.52)
IO_FILLER_N_N_17   | PFILLER1_G                |                  1/1           | Pin VDD (131.5, 774.52)
IO_FILLER_N_N_16   | PFILLER1_G                |                  1/1           | Pin VDD (130.5, 774.52)
IO_FILLER_N_N_1    | PFILLER20_G               |                  1/1           | Pin VDD (162.5, 774.52)
IO_FILLER_N_N_0    | PFILLER20_G               |                  1/1           | Pin VDD (120, 774.52)
IO_FILLER_S_S_328  | PFILLER0005_G             |                  1/1           | Pin VDD (316.493, 105.48)
IO_FILLER_S_S_347  | PFILLER0005_G             |                  1/1           | Pin VDD (316.587, 105.48)
IO_FILLER_S_S_352  | PFILLER0005_G             |                  1/1           | Pin VDD (316.613, 105.48)
IO_FILLER_S_S_273  | PFILLER0005_G             |                  1/1           | Pin VDD (271.217, 105.48)
IO_FILLER_S_S_289  | PFILLER0005_G             |                  1/1           | Pin VDD (271.298, 105.48)
IO_FILLER_S_S_262  | PFILLER0005_G             |                  1/1           | Pin VDD (271.163, 105.48)
IO_FILLER_W_W_26   | PFILLER1_G                |                  1/1           | Pin VDD (105.48, 343)
IO_FILLER_S_S_82   | PFILLER0005_G             |                  1/1           | Pin VDD (135.262, 105.48)
IO_FILLER_S_S_299  | PFILLER0005_G             |                  1/1           | Pin VDD (316.348, 105.48)
IO_FILLER_S_S_300  | PFILLER0005_G             |                  1/1           | Pin VDD (316.353, 105.48)
IO_FILLER_S_S_336  | PFILLER0005_G             |                  1/1           | Pin VDD (316.533, 105.48)
IO_FILLER_S_S_354  | PFILLER0005_G             |                  1/1           | Pin VDD (316.623, 105.48)
IO_FILLER_S_S_343  | PFILLER0005_G             |                  1/1           | Pin VDD (316.567, 105.48)
IO_FILLER_S_S_267  | PFILLER0005_G             |                  1/1           | Pin VDD (271.188, 105.48)
IO_FILLER_N_N_23   | PFILLER1_G                |                  1/1           | Pin VDD (259, 774.52)
IO_FILLER_S_S_341  | PFILLER0005_G             |                  1/1           | Pin VDD (316.558, 105.48)
IO_FILLER_S_S_322  | PFILLER0005_G             |                  1/1           | Pin VDD (316.462, 105.48)
IO_FILLER_S_S_250  | PFILLER0005_G             |                  1/1           | Pin VDD (271.103, 105.48)
I5/I1              | PDDW04DGZ_H_G             |                  1/1           | Pin VDD (227.5, 774.52)
IO_FILLER_S_S_278  | PFILLER0005_G             |                  1/1           | Pin VDD (271.243, 105.48)
IO_FILLER_S_S_254  | PFILLER0005_G             |                  1/1           | Pin VDD (271.123, 105.48)
IO_FILLER_S_S_301  | PFILLER0005_G             |                  1/1           | Pin VDD (316.358, 105.48)
IO_FILLER_S_S_357  | PFILLER0005_G             |                  1/1           | Pin VDD (316.637, 105.48)
IO_FILLER_S_S_331  | PFILLER0005_G             |                  1/1           | Pin VDD (316.507, 105.48)
IO_FILLER_S_S_323  | PFILLER0005_G             |                  1/1           | Pin VDD (316.467, 105.48)
IO_FILLER_S_S_248  | PFILLER0005_G             |                  1/1           | Pin VDD (271.092, 105.48)
IO_FILLER_S_S_335  | PFILLER0005_G             |                  1/1           | Pin VDD (316.527, 105.48)
IO_FILLER_S_S_266  | PFILLER0005_G             |                  1/1           | Pin VDD (271.183, 105.48)
IO_FILLER_S_S_261  | PFILLER0005_G             |                  1/1           | Pin VDD (271.158, 105.48)
IO_FILLER_S_S_290  | PFILLER0005_G             |                  1/1           | Pin VDD (271.303, 105.48)


* Disconnected Wire Segments

Layer           | Internal to Cell | Location (um)
------------------------------------------------------------------
M7              | no               |(808.45, 145.335)
M6              | no               |(808.45, 145.335)
M5              | no               |(808.45, 145.335)
M4              | no               |(808.45, 145.335)
M3              | no               |(808.45, 145.335)
M7              | no               |(142.5, 808.45)
M6              | no               |(142.5, 808.45)
M5              | no               |(142.5, 808.45)
M4              | no               |(142.5, 808.45)
M3              | no               |(142.5, 808.45)
M3              | no               |(773.708, 772.707)


* Weakly Connected Metal Segments

Layer      | Location (um)
------------------------------------------------------------------
M2         | (720.4, 182.285)
M2         | (720.45, 189.685)
M2         | (720.45, 197.885)
M3         | (773.708, 772.707)
M9         | (752.19, 613)
M9         | (752.19, 683)
M9         | (752.19, 333)
M9         | (752.19, 403)
M9         | (752.19, 473)
M9         | (752.19, 543)
M9         | (742.5, 184.9)
M9         | (759.47, 125)
M9         | (752.19, 193)
M9         | (752.19, 263)
M3         | (142.5, 808.45)
M4         | (142.5, 808.45)
M5         | (142.5, 808.45)
M6         | (142.5, 808.45)
M7         | (142.5, 808.45)
M3         | (808.45, 145.335)
M4         | (808.45, 145.335)
M5         | (808.45, 145.335)
M6         | (808.45, 145.335)
M7         | (808.45, 145.335)

Found 24 weakly connected metal segments



* Dropped Voltage Sources

