% Real_Part	Imag_Part
-0.00017340313074261195	-0.00026010469611391791
-0.00026010469611391791	-0.0006069109575991418
0.00017340313074261195	-0.00034680626148522389
0.00043350782685652988	0
0	-0.00026010469611391791
-0.00034680626148522389	-0.00069361252297044779
0.00043350782685652988	-0.00017340313074261195
0.00095371721908436575	0.00078031408834175378
-0.00017340313074261195	0.00026010469611391791
-0.00095371721908436575	-0.00086701565371305976
0.0006069109575991418	8.6701565371305974e-05
0.0016473297420548135	0.0018207328727974255
-0.00069361252297044779	0.00043350782685652988
-0.0023409422650252612	-0.0019941360035400373
0.0006069109575991418	-0.00026010469611391791
0.0026877485265104852	0.0028611516572530971
-0.0014739266113122016	0.00026010469611391791
-0.0043350782685652985	-0.0041616751378226865
0.0013005234805695896	-0.00095371721908436575
0.0052020939222783584	0.0047685860954218284
-0.0020808375689113433	0.00034680626148522389
-0.0070228267950757841	-0.0072829314911897021
0.0029478532226244031	-0.0013872250459408956
0.0097972768869575757	0.0091036643639871278
-0.003728167310966157	0.0010404187844556716
-0.01335204106718112	-0.013698847328666344
0.0059824080106201123	-0.0017340313074261195
0.020374867862256903	0.020634972558370823
-0.010837695671413248	0.00052020939222783581
-0.037368374675032873	-0.041096541985999033
0.03181947449126929	0.010750994106041941
0.16984836656238841	0.21545338994769533
0.22473045744242509	0.46810175143968097
0.11002428645618728	0.61141943899844975
-0.081932979275884152	0.61020561708325149
-0.21267893985581354	0.54162467887454846
-0.26261904150968579	0.45344918689193026
-0.29825338487729253	0.32096919500457471
-0.34160416756294554	0.13369381380255382
-0.3557365227184684	-0.062771933328825524
-0.32452395918479826	-0.22299642613499895
-0.2684280463895633	-0.34108395817071768
-0.19091684694761576	-0.41564730439004083
-0.072135702388926567	-0.42492437188477056
0.087135073198162508	-0.35530301489161187
0.25455579593015432	-0.22282302300425635
0.39978091792709186	-0.052281043918897499
0.50590363394157034	0.14002302807465913
0.5535027933304173	0.3351882517254689
0.52133651257766278	0.50434300576488689
0.40905798542182159	0.62416456910803175
0.24120375486297321	0.6887572353096546
0.051760834526669665	0.70306299359592017
-0.12571726978839365	0.67549189580784486
-0.25724354445666481	0.62121671588540728
-0.31550699638618246	0.5613059342138349
-0.2930512909550142	0.51388017795573049
-0.20478909740702472	0.48682928955988303
-0.080025544837715415	0.47867934241498028
0.045171515558450413	0.48102028468000552
0.13525444197923731	0.47919955180720814
0.16438616794399613	0.45587683072232682
0.12528376196153712	0.39804688661966575
0.03207957918738321	0.30163474592677347
-0.08462072780239463	0.17270951821964151
-0.18545464832922348	0.025923768046020486
-0.23210009049898608	-0.11748062107811959
-0.19880668939640458	-0.2353080484177244
-0.080459052664571942	-0.30987139463704755
0.10508229723002284	-0.33206699537210188
0.31992877622011906	-0.30388898662642744
0.51466049204407227	-0.23764899068274967
0.64011765713635205	-0.15259475505349851
0.65988561404100976	-0.069881461689272617
0.56009211229863654	-0.007803140883417538
0.35374238671492836	0.022455705431168246
0.078811722922517133	0.01872753812020209
-0.20964438506781785	-0.012311622282725448
-0.45162845401913282	-0.058610258191002837
-0.59572645566624338	-0.10629611914522112
-0.61098593117159317	-0.14435810634322443
-0.49350531009347359	-0.16716061803587792
-0.26782113543196417	-0.1755706698768946
0.018814239685573397	-0.1755706698768946
0.30683683984905186	-0.1755706698768946
0.53702949590986915	-0.18337381076031214
0.66292016882900551	-0.20270825983811336
0.65953880777952456	-0.23192668736824348
0.52775242841513947	-0.26443977438248323
0.29244437999741507	-0.29105715495147416
-0.003728167310966157	-0.30328207566882831
-0.30995809620241888	-0.29721296609283687
-0.57769253006901167	-0.27501736535778254
-0.76930298953959786	-0.24588563939302374
-0.8637209942289501	-0.22334323239648418
-0.85782528778370126	-0.22169590265442937
-0.7641875971826908	-0.25065422548844557
-0.60639074820691397	-0.31177882907521626
-0.41278615273278774	-0.39570594435464046
-0.21094490854838743	-0.48266761442206035
-0.023322721084881308	-0.54682677279682679
0.13456082945626688	-0.56156603890994883
0.25446909436478304	-0.50685735116065467
0.33388772824489932	-0.37585128588461142
0.37403055301181398	-0.17791161214191986
0.37871243754186451	0.061037902021399408
0.3525285647997301	0.30250176158048653
0.30111453653454567	0.50312918384968852
0.23123307484527303	0.62355765815043251
0.15155433626904286	0.63751661017521277
0.072742613346525709	0.53841672095581006
0.0058957064452488063	0.34186427225905947
-0.038322091894117241	0.083493607452567647
-0.051934237657412279	-0.18796899372499135
-0.031472668229784069	-0.42041589048546268
0.02089507725448474	-0.56902237353188112
0.097279156346605306	-0.60552373255320091
0.18562805145996608	-0.52454447049640118
0.27206951213515812	-0.34411851295871343
0.34394510982797077	-0.10230784713814105
0.39215118017441691	0.15146763470367153
0.41347976525575819	0.36622741212839643
0.41070531516387637	0.50035473375780681
0.39206447860904559	0.52965986285330824
0.3688284590895356	0.45093484149616236
0.3527019679304727	0.28238699841434356
0.35261526636510138	0.058003347233403696
0.37299013422735827	-0.1799924497108312
0.41217924177518861	-0.3904171488669908
0.46359327004037304	-0.54101776791694922
0.51674132961298358	-0.61393378439421764
0.55974530603715134	-0.60708436072988448
0.58202760833757705	-0.53243431294518995
0.57621860345769949	-0.4109654198599903
0.53989064756712235	-0.26660731351676586
0.47555808606161326	-0.12060187743148661
0.3904171488669908	0.012571726978839366
0.29443851600095511	0.1264108823113641
0.19915349565788981	0.22091558856608762
0.11531308194383695	0.29912040053100564
0.051153923569070524	0.36345296203651462
0.011444606629012389	0.41313295899427299
-0.0029478532226244031	0.44321840217811614
0.0051153923569070524	0.44677316635833969
0.029218427530130112	0.41738133569746694
0.060777797325285488	0.35408919297641361
0.090082926420786913	0.26374616185951277
0.10794344888727593	0.16239203194045609
0.10655622384133503	0.073002718042639636
0.081586173014398924	0.020981778819856047
0.032859893275724965	0.026964186830476158
-0.035634343367606756	0.10031371113460101
-0.11557318663995086	0.23426762963326875
-0.19559873147766627	0.40558992280696937
-0.26261904150968579	0.57769253006901167
-0.30414909132254137	0.70843849064894115
-0.31047830559464668	0.75985251891412553
-0.27666469509983738	0.7086118937796837
-0.20340187236108381	0.5531559870689321
-0.097712664173461833	0.31576710108229633
0.028524815007159664	0.039275809113201603
0.1597909849793169	-0.22178260421980067
0.27917904049560521	-0.41339306369038686
0.37168961074678869	-0.49515263983552843
0.42605149223459754	-0.45006782584244931
0.43662908320989691	-0.28888961581719153
0.40376918993417193	-0.048119368781074819
0.33406113137564192	0.21918155725866151
0.23808249850960619	0.45535662133009897
0.1290986308378746	0.6129800671751332
0.020634972558370823	0.6661281267477438
-0.075603765003778814	0.61636142822461415
-0.15129423157292893	0.49168457722067616
-0.20218805044588553	0.33822280651346459
-0.22889213258024776	0.20782365219502041
-0.2353080484177244	0.14297088129728355
-0.22819852005727731	0.16551328829382311
-0.21536668838232403	0.26998867456624681
-0.20426888801479687	0.42492437188477056
-0.20114763166142985	0.58133399581460654
-0.20973108663318915	0.68546257582554504
-0.23123307484527303	0.69387262766656166
-0.2638328634248841	0.58558237251780054
-0.30336877723419958	0.36917526535102085
-0.3438584082625995	0.081326068318284997
-0.37819222814963666	-0.22091558856608762
-0.39908730540412141	-0.47434426414641501
-0.40030112731931966	-0.62477148006563088
-0.3774986156266662	-0.6409846727900651
-0.32920584371484879	-0.52185672196989064
-0.25750364915277874	-0.2972996676582082
-0.16785423055884838	-0.020981778819856047
-0.068927744470188249	0.2424175767781715
0.027917904049560523	0.43220730337596031
0.11002428645618728	0.50581693237619907
0.16507978046696659	0.44738007731593882
0.18328710919494082	0.27059558552384594
0.15918407402171778	0.01335204106718112
0.092683973381926091	-0.27172270587367292
-0.0096238737562149637	-0.53104708789924904
-0.13482093415238078	-0.72161712858537963
-0.26513338690545368	-0.81993670371644056
-0.37992625945706276	-0.82539890233483282
-0.45891138551032251	-0.75759827821447157
-0.48570216921005605	-0.64974153089256692
-0.45093484149616236	-0.53833001939043879
-0.35400249141104229	-0.45414279941490071
-0.20400878331868297	-0.4152137965631843
-0.018207328727974256	-0.42466426718865669
0.1800791512762025	-0.47130970935841926
0.36588060586691123	-0.53494865834095784
0.51656792648224104	-0.59312540870510422
0.61618802509387161	-0.62711242233065612
0.65780477647209845	-0.62676561606917092
0.64462613853565986	-0.59199828835527724
0.58835682260968236	-0.53130719259536296
0.50703075429139732	-0.45856457924883731
0.42015578578934876	-0.38824960973270817
0.34498552861242648	-0.33180689067598795
0.29270448469352894	-0.29504542695855424
0.26643391038602326	-0.27753171075355043
0.26131851802911621	-0.27354343874647036
0.26626050725528067	-0.27475726066166861
0.26730092603973632	-0.27189610900441552
0.25082762861918817	-0.25793715697963526
0.20747684593353519	-0.22854532631876254
0.13404062006403902	-0.18233339197585646
0.03398701362555194	-0.11999496647388747
-0.083493607452567647	-0.04343748425102429
-0.20591621775685168	0.044824709296965186
-0.32079579187383211	0.14167035781671397
-0.41729463413209567	0.24319789086651325
-0.48856332086730914	0.34377170669722817
-0.53217420824907602	0.43550196286006992
-0.54899431193110948	0.5085046809027095
-0.54231829139751886	0.55228897141521904
-0.51552750769778533	0.55731766220675483
-0.47148311248916186	0.51760834526669663
-0.41200583864444601	0.43238070650670291
-0.33822280651346459	0.30727034767590838
-0.25178134583827255	0.15389527853406809
-0.15588941453760813	-0.011357905063641082
-0.055835808099121045	-0.17010847125850231
0.041009840420627726	-0.30510280854162575
0.1264975838767354	-0.40264206958434495
0.19334449077801233	-0.45396939628415806
0.23730218442126444	-0.45639704011455462
0.25871747106797705	-0.41200583864444601
0.26296584777117099	-0.3263446920575957
0.2594110835909475	-0.20660983027982213
0.25906427732946224	-0.060864498890656794
0.27189610900441552	0.10274135496499757
0.30319537410345698	0.27510406692315387
0.35200835540750225	0.44555934444314138
0.41035850890239117	0.60136205741537818
0.46385337473648697	0.72759953659599974
0.49532604296627103	0.80892560491428478
0.48847661930193786	0.83181481817230951
0.43203390024521765	0.7875970198329435
0.32339683883497128	0.67575200050395878
0.16967496343164579	0.50547012611471387
-0.012658428544210672	0.29565233791615336
-0.20036731757308809	0.072569210215783095
-0.36770133873970862	-0.13508103884849471
-0.49142447252456228	-0.30180814905751607
-0.55506342150710086	-0.41035850890239117
-0.55185546358836257	-0.45622363698381202
-0.4860489754715413	-0.4481603914042806
-0.37186301387753135	-0.40645693846068243
-0.2309729701491591	-0.35773065872200843
-0.088522298244103403	-0.32807872336502181
0.030865757272184928	-0.33588186424843935
0.10698973166819158	-0.38703578781750986
0.12684439013822063	-0.47261023283898884
0.086528162240563367	-0.57058300170856457
-0.008843559667873209	-0.65130215906925049
-0.14591873451990794	-0.68485566486794591
-0.30527621167236835	-0.64870111210811132
-0.46428688256334349	-0.53477525521021529
-0.60014823550017993	-0.3525285647997301
-0.69352582140507646	-0.12771140579193369
-0.73132770390696589	0.10204774244202713
-0.70930550630265421	0.29539223322003944
-0.63326823347201888	0.41564730439004083
-0.51821525622429576	0.43905672704029347
-0.38694908625213859	0.3599848994216624
-0.26556689473231021	0.19178386260132882
-0.17921213562248944	-0.03554764180223545
-0.14635224234676447	-0.28204019215285836
-0.17505046048466677	-0.50590363394157034
-0.25967118828706137	-0.67133022067002213
-0.3817469923298602	-0.75439032029573327
-0.51240625134441831	-0.74684728410842971
-0.61800875796666899	-0.65563723733781576
-0.66760205335905598	-0.49992122593095023
-0.64011765713635205	-0.30562301793385355
-0.52948645972256558	-0.1000536064384871
-0.34749987400819432	0.092944078078040004
-0.12216250560817012	0.25637652880295175
0.10768334419116202	0.381400186068375
0.29981401305397604	0.46628101856688353
0.41850845604729392	0.51396687952110176
0.44191787869754656	0.53026677381090737
0.36726783091285209	0.52072960162006365
0.21120501324450136	0.49021065060936397
0.0065026174028479482	0.44235138652440309
-0.20548270992999515	0.38009966258780536
-0.38374112833340024	0.30718364611053706
-0.49662656644684061	0.22811181849190601
-0.52809923467662467	0.14851978148104714
-0.48032667215703512	0.074476644653951832
-0.37151620761604609	0.010490889409928024
-0.23001925293007475	-0.041443348247484253
-0.086961670067419894	-0.083146801191082434
0.031992877622011903	-0.12016836960463008
0.11219182559046993	-0.16091810532914388
0.15242135192275591	-0.21397946333638315
0.16351915229028308	-0.28585506102919578
0.16325904759416915	-0.37810552658426533
0.16950156030090319	-0.48596227390616997
0.19421150643172538	-0.59806739793126862
0.23886281259794795	-0.69786089967364173
0.29374490347798465	-0.76644183788234477
0.34099725660534641	-0.78629649635237386
0.3598114962909198	-0.74572016375860273
0.33371432511415672	-0.64159158374766423
0.25620312567220915	-0.48119368781074817
0.13404062006403902	-0.2815199827606305
-0.01248502541346806	-0.067280414728133439
-0.15424208479555332	0.13291349971421207
-0.2601046961139179	0.29123055808221676
-0.30484270384551182	0.38460814398711329
-0.27562427631538167	0.39900060383875008
-0.17609087926912242	0.33163348754524535
-0.025230155523050038	0.19074344381687314
0.14687245173899233	-0.0051153923569070524
0.30570971949922487	-0.23010595449544605
0.42162971240066094	-0.45500981506861377
0.47633840014995504	-0.65078194967702263
0.46732143735133919	-0.7932326215820783
0.40775746194125201	-0.86554172710174748
0.32278992787737215	-0.86094654413706828
0.2422441736474289	-0.78308853843363557
0.1929976845165271	-0.6459266620162295
0.19230407199355665	-0.47078949996619146
0.24293778617039935	-0.284207731287141
0.33345422041804279	-0.11305884124418299
0.44113756460920478	0.018380731858716866
0.53789651156358231	0.093117481208782618
0.59746048697366949	0.10395517688019586
0.60118865428463564	0.054361881487808843
0.54283850078974671	-0.041616751378226867
0.42891264389185063	-0.16195852411359957
0.27666469509983738	-0.28021945928006092
0.1088971661063603	-0.37012898257010518
-0.051153923569070524	-0.41027180733701984
-0.18493443893699565	-0.38824960973270817
-0.28204019215285836	-0.30284856784197178
-0.34117065973608901	-0.1640393616825109
-0.36839495126267907	0.0080632455795314559
-0.37394385144644265	0.18753548589813482
-0.3684816528280504	0.34697966461596652
-0.3598114962909198	0.46246614969054606
-0.35157484758064572	0.51760834526669663
-0.34290469104351512	0.50581693237619907
-0.33050636719541837	0.43090677989539067
-0.31065170872538933	0.30544961480311095
-0.28195349058748703	0.14799957208881931
-0.2466659534813655	-0.020634972558370823
-0.21068480385227351	-0.18129297319140078
-0.18242009354122776	-0.31880165587029208
-0.16958826186627449	-0.42397065466568623
-0.17730470118432071	-0.49411222105107272
-0.20530930679925255	-0.53130719259536296
-0.24787977539656378	-0.5414512757438058
-0.29435181443558378	-0.53174070042221955
-0.33154678597987403	-0.50954509968716521
-0.34671955991985259	-0.48136709094149077
-0.3307664718915323	-0.45284227593433107
-0.2801327577146896	-0.42839243449962283
-0.19845988313491938	-0.41174573394833208
-0.095458423473807882	-0.40611013219919717
0.01421905672089418	-0.41399997464798605
0.11427266315938127	-0.43654238164452558
0.18944292033630356	-0.47200332188138971
0.22767831066504948	-0.5152674030016714
0.22230281361202853	-0.55757776690286875
0.17227601039278498	-0.58688289599837018
0.082279785537369365	-0.5900041523517372
-0.038322091894117241	-0.55471661524561566
-0.17583077457300852	-0.47269693440436017
-0.31437987603635548	-0.34255788478202992
-0.43671578477526818	-0.17140899473907192
-0.52619180023845591	0.024970050826936121
-0.56858886570502454	0.22395014335408334
-0.55402300272264515	0.39934741010023533
-0.47954635806869333	0.52558488928085678
-0.35044772723081874	0.58298132555666138
-0.18077276379917295	0.56113253108309225
0.0079765440141601491	0.4614257309060904
0.18961632346704616	0.29695286139672294
0.33744249242512286	0.090343031116900827
0.42960625641482109	-0.13013904962233028
0.45344918689193026	-0.33614196894455328
0.40905798542182159	-0.5035626916765451
0.30943788681019102	-0.61714174231295593
0.17851852309951899	-0.67150362380076478
0.045865128081420861	-0.67167702693150733
-0.06008418480231504	-0.63023367868402314
-0.11912795082017441	-0.56390698117497406
-0.12433004474245277	-0.48943033652102225
-0.084187219975538102	-0.42015578578934876
-0.020721674123742127	-0.3640598729941138
0.035981149629091977	-0.32357024196571388
0.05635601749134888	-0.29695286139672294
0.019074344381687314	-0.2803061608454322
-0.081672874579770224	-0.27042218239310334
-0.23314050928344177	-0.26600040255916674
-0.40593672906845457	-0.26834134482419197
-0.56000541073326526	-0.28021945928006092
-0.65433671385724623	-0.30397568819179877
-0.65745797021061325	-0.3392632252979203
-0.55584373559544265	-0.38166029076448887
-0.35859767437572149	-0.42206322022751747
-0.096845648519748778	-0.4483337945350232
0.18215998884511386	-0.44746677888131015
0.42527117814625581	-0.40992500107553465
0.58540896938705789	-0.33319411572192886
0.63170760529533532	-0.22351663552722681
0.5567107512491557	-0.096325439127520937
0.3774986156266662	0.02627057430750571
0.13109276684141463	0.12051517586611531
-0.13438742632552425	0.16629360238216487
-0.37073589352770436	0.15268145661886981
-0.54067096165546402	0.082019680841255452
-0.62511828632711608	-0.029738636922357949
-0.62581189885008648	-0.15588941453760813
-0.56260645769440443	-0.2643530728171119
-0.46662782482836873	-0.32504416857702612
-0.37090929665844696	-0.3176745355204651
-0.30180814905751607	-0.23678197502903661
-0.27215621370052945	-0.094591407820094814
-0.27883223423412001	0.081672874579770224
-0.30527621167236835	0.25507600532238217
-0.32773191710353661	0.38755599720973771
-0.32270322631200082	0.44911410862336493
-0.27475726066166861	0.42509777501551321
-0.18146637632214341	0.32053568717771819
-0.054275179922437543	0.15918407402171778
0.084100518410166789	-0.021328585081341271
0.20548270992999515	-0.17834511996877639
0.28377422346028447	-0.27371684187721296
0.3018948506228874	-0.28264710311045749
0.2556829162799813	-0.19958700348474634
0.15484899575315247	-0.039189107547830303
0.020288166296885599	0.16664040864365007
-0.1219024009120562	0.37680500310369575
-0.2465792519159942	0.55003473071556508
-0.33614196894455328	0.65485692324947398
-0.38400123302951417	0.67618550833081525
-0.39475222713555608	0.61792205640129771
-0.381400186068375	0.501828660369119
-0.36093861664074678	0.36119872133686071
-0.34819348653116478	0.23279370302195654
-0.35131474288453179	0.14834637835030451
-0.3690018622202782	0.12753800266119109
-0.39128416452070386	0.17444354952706762
-0.40246866645360235	0.2776184123189217
-0.38590866746768288	0.41365316838650079
-0.32955264997633399	0.55402300272264515
-0.22984584979933215	0.67167702693150733
-0.093897795297124373	0.7465004778469444
0.061558111413627242	0.7684359738858848
0.21389276177101182	0.73809042600592778
0.3396100315594055	0.66404728917883249
0.41989568109323483	0.55879158881806701
0.44486573192017093	0.43454824564098554
0.41564730439004083	0.30024752088083256
0.3442052145240847	0.16057129906765866
0.24952710513861859	0.017253611508889887
0.15294156131498374	-0.12814491361879024
0.073522927434867463	-0.27146260117755899
0.023842930477109142	-0.40342238367268668
0.00754303618730362	-0.50954509968716521
0.019594553773915151	-0.57249043614673334
0.048812981304045266	-0.57656540971918468
0.081326068318284997	-0.51240625134441831
0.10508229723002284	-0.3820937985913454
0.11279873654806907	-0.20106093009605855
0.10369507218408194	0.0024276438303965672
0.083146801191082434	0.19213066886281405
0.060604394194542874	0.3305930687607897
0.046038531212163475	0.38755599720973771
0.046732143735133923	0.34784668026967958
0.064505964636251648	0.21545338994769533
0.094938214081580041	0.014565862982379404
0.12831831674953284	-0.21501988212083881
0.15207454566127068	-0.42579138753848361
0.15441548792629595	-0.57266383927747599
0.12762470422656239	-0.62243053780060553
0.071095283604470899	-0.56173944204069137
-0.008670156537130597	-0.39926070853486401
-0.098406276696432274	-0.1642127648132535
-0.18129297319140078	0.10057381583071492
-0.24051014234000276	0.34784668026967958
-0.26348605716339885	0.53581567399467089
-0.24493192217393939	0.63690969921761365
-0.1886626062479618	0.64228519627063463
-0.10716313479893419	0.56277986082514708
-0.018987642816316007	0.42449086405791403
0.054621986183922763	0.26209883211745794
0.0943313031239809	0.11054449584841512
0.087048371632791194	-0.0024276438303965672
0.028264710311045747	-0.061558111413627242
-0.077164393180462323	-0.066066592812935157
-0.21571349464380926	-0.02843811344178836
-0.36787474187045127	0.029825338487729256
-0.51240625134441831	0.084013816844795489
-0.62980017085716655	0.1117583177636134
-0.70609754838391581	0.097972768869575746
-0.73479576652181811	0.037194971544290266
-0.71754215501292828	-0.06580648811682123
-0.66309357195974805	-0.19811307687343416
-0.58471535686408749	-0.34099725660534641
-0.49749358210055367	-0.47356395005807322
-0.4150403934324417	-0.57630530502307076
-0.34741317244282305	-0.63335493503739015
-0.29972731148860476	-0.63508896634481626
-0.27198281056978685	-0.57907975511495258
-0.2597578898524327	-0.47018258900859228
-0.25585631941072395	-0.32001547778549033
-0.25178134583827255	-0.14574533138916534
-0.2393830219901758	0.032252982318125824
-0.21233213359432834	0.1929109829511558
-0.16646700551290747	0.31776123708583637
-0.10040041269997231	0.39371180835110042
-0.015432878636092464	0.41573400595541216
0.085054235629251157	0.38755599720973771
0.19585883617378019	0.32131600126605991
0.30917778211407709	0.2350479437216105
0.41564730439004083	0.14877988617716106
0.50451640889562943	0.080285649533829329
0.56442719056720192	0.041096541985999033
0.58471535686408749	0.034160416756294554
0.55749106533749737	0.053061358007239254
0.47954635806869333	0.084273921540909402
0.35400249141104229	0.11106470524064295
0.19109025007835836	0.11800083047034743
0.007629737752674926	0.095285020343065269
-0.17435684796169632	0.041356646682112946
-0.33050636719541837	-0.036241254325205897
-0.43853651764806562	-0.12311622282725448
-0.48266761442206035	-0.2019279457497716
-0.45674384637603987	-0.25785045541426399
-0.36614071056302511	-0.28230029684897223
-0.22759160909967818	-0.27571097788075299
-0.066760205335905598	-0.24753296913507855
0.086268057544449439	-0.2132858508134127
0.20244815514199946	-0.19030993599001661
0.25889087419871964	-0.19213066886281405
0.24337129399725588	-0.22481715900779639
0.15666972862594988	-0.28412102972176967
0.012311622282725448	-0.35634343367606758
-0.16655370707827877	-0.42154301083528967
-0.35148814601527439	-0.45891138551032251
-0.51422698421721569	-0.45206196184598935
-0.6324879193836771	-0.39379850991647175
-0.6926588057513634	-0.28767579390199322
-0.69239870105524948	-0.14851978148104714
-0.63907723835189634	0.0012138219151982836
-0.54752038531979719	0.13586135293683646
-0.43636897851378298	0.23244689676047131
-0.32400374979257041	0.27553757475001039
-0.22551077153076685	0.25932438202557617
-0.15068732061532977	0.1886626062479618
-0.10369507218408194	0.07707769161509101
-0.084013816844795489	-0.056095912795234966
-0.088088790417246876	-0.18978972659778878
-0.11106470524064295	-0.30475600228014049
-0.14825967678493321	-0.38651557842528206
-0.19568543304303759	-0.42639829849608279
-0.24970050826936122	-0.42162971240066094
-0.30675013828368053	-0.37481086710015571
-0.36189233385983116	-0.29253108156278634
-0.40931809011793552	-0.18406742328328257
-0.44174447556680396	-0.06008418480231504
-0.45188855871524675	0.068234131947217808
-0.43324772216041596	0.19022323442464531
-0.3819203954606028	0.29695286139672294
-0.2974730707889508	0.3820937985913454
-0.18372061702179734	0.44304499904737354
-0.048119368781074819	0.48136709094149077
0.099186590784774029	0.50200206349986154
0.24718616287359332	0.51205944508293311
0.38521505494471242	0.51830195778966714
0.50416960263414423	0.52471787362714373
0.59720038227755556	0.52991996754942217
0.65997231560638103	0.52731892058828289
0.69083807287856602	0.50547012611471387
0.6902311619209669	0.45136834932301889
0.66075262969472282	0.35434929767252754
0.60699765916451309	0.21077150541764483
0.53546886773318569	0.027657799353446606
0.45457630724175724	-0.17695789492283548
0.37403055301181398	-0.37567788275386876
0.30371558349568484	-0.53694279434449788
0.25160794270752995	-0.63179430686070659
0.22273632143888505	-0.64107137435543637
0.21744752595123537	-0.56104582951772097
0.23131977641064433	-0.40576332593771197
0.2553361100184961	-0.20522260523388125
0.27839872640726349	0.0011271203498269776
0.28975663147090458	0.17270951821964151
0.28230029684897223	0.2776184123189217
0.25507600532238217	0.30007411775008996
0.21406616490175445	0.24458511591245416
0.1712355916083293	0.13473423258700948
0.14167035781671397	0.0071962299258183961
0.13924271398631741	-0.097799365738833133
0.17201590569667105	-0.1464389439121358
0.23920961885943318	-0.12077528056222922
0.32972605310707664	-0.023236019519510001
0.42362384840420098	0.12320292439262578
0.49601965548924148	0.28108647493377398
0.52263703605823242	0.40775746194125201
0.4860489754715413	0.46654112326299746
0.38070657354540455	0.43628227694841165
0.21475977742472491	0.31715432612823724
0.0089302612332445158	0.1307459605799294
-0.20747684593353519	-0.08470742936776593
-0.40333568210731541	-0.28342741719879921
-0.55272247924207563	-0.42319034057734445
-0.64081126965932245	-0.47512457823475673
-0.66716854553219951	-0.43038657050316287
-0.64453943697028859	-0.30163474592677347
-0.59537964940475807	-0.11973486177777355
-0.54517944305477195	0.074216539957837918
-0.5156142092631566	0.23877611103257665
-0.51830195778966714	0.34134406286683161
-0.55185546358836257	0.36536039647468338
-0.60257587933057655	0.31264584472892937
-0.64852770897736867	0.20140773635754378
-0.66595472361700114	0.060864498890656794
-0.6363894898253859	-0.077164393180462323
-0.55237567298059032	-0.18606155928682261
-0.42050259205083396	-0.25022071766158904
-0.26036480081003183	-0.26799453856270677
-0.10022700956922971	-0.25048082235770297
0.029825338487729256	-0.21744752595123537
0.10464878940316631	-0.19100354851298706
0.11097800367527165	-0.18970302503241748
0.050286907915357462	-0.22342993396185548
-0.061124603586770708	-0.29157736434370202
-0.19559873147766627	-0.38391453146414284
-0.32096919500457471	-0.48405483946800126
-0.40689044628753895	-0.57370425806193159
-0.43203390024521765	-0.63795011800206936
-0.38807620660196551	-0.66838236744739776
-0.28091307180303138	-0.66474090170180289
-0.12953213866473112	-0.63370174129887535
0.039102405982458996	-0.58627598504077094
0.19490511895469584	-0.53356143329501693
0.31117191811761713	-0.48353463007577341
0.368655055958793	-0.43827641295195169
0.35877107750646414	-0.39397191304721435
0.2840343281563984	-0.34247118321665859
0.15666972862594988	-0.27484396222703994
-0.003814868876337463	-0.18502114050236695
-0.17479035578855284	-0.072395807085040481
-0.33388772824489932	0.05626931592597758
-0.46229274655980346	0.18805569529036265
-0.54734698218905464	0.30640333202219533
-0.58410844590648836	0.39544583965852653
-0.57569839406547163	0.44486573192017093
-0.53252101451056133	0.4525821712382172
-0.47052939527007753	0.42639829849608279
-0.40784416350662328	0.38218050015671673
-0.36206573699057376	0.33952332999403417
-0.34654615678910999	0.31663411673600944
-0.36744123404359469	0.32443725761942693
-0.42197651866214619	0.36267264794817289
-0.49836059775426672	0.4191153670048931
-0.57734572380752647	0.47209002344676104
-0.63647619139075717	0.49575955079312756
-0.6544234154226175	0.46732143735133919
-0.61636142822461415	0.37420395614255658
-0.51786844996281056	0.21926825882403281
-0.36726783091285209	0.021935496038940412
-0.18510784206773825	-0.18493443893699565
-0.0011271203498269776	-0.36189233385983116
0.15190114253052805	-0.47269693440436017
0.24458511591245416	-0.49298510070124579
0.25767705228352134	-0.41807494822043739
0.18632166398293654	-0.26469987907859716
0.042223662335826008	-0.068580938208703021
-0.14825967678493321	0.12354973065411101
-0.34923390531562049	0.26495998377471108
-0.52203012510063329	0.32053568717771819
-0.6328347256451623	0.27588438101149559
-0.65910529995266798	0.14149695468597134
-0.59373231966270335	-0.049506593827015714
-0.44599285226999791	-0.24900689574639076
-0.23886281259794795	-0.40541651967622672
-0.003901570441708769	-0.47651180328069764
0.22499056213853899	-0.44087745991309085
0.41781484352432346	-0.30319537410345698
0.55324268863430337	-0.093811093731753059
0.62095661118929335	0.13837569833260432
0.62208373153912033	0.33752919399049414
0.56668143126685588	0.45448960567638591
0.47087620153156273	0.45847787768346598
0.3530487741919579	0.34515893174316908
0.23105967171453043	0.13707517485203474
0.11999496647388747	-0.12129548995445706
0.031299265099041455	-0.37437735927329918
-0.026964186830476158	-0.56806865631279679
-0.050026803219243549	-0.662226556306035
-0.035981149629091977	-0.63890383522115368
0.014045653590151568	-0.50564352924545641
0.095371721908436569	-0.29183746903981589
0.19871998783103328	-0.040836437289885112
0.3103916040292754	0.20071412383457332
0.41261274960204514	0.3932783005242439
0.48544206451394217	0.51266635604053223
0.51058551847162092	0.55358949489578868
0.47434426414641501	0.52818593624199595
0.37194971544290262	0.46047201368700602
0.20964438506781785	0.37897254223797844
0.0051153923569070524	0.30865757272184929
-0.21441297116323968	0.26539349160156761
-0.41599411065152608	0.25273506305735693
-0.56746174535519756	0.26331265403265625
-0.64280540566286248	0.28195349058748703
-0.62780603485362652	0.29149066277833069
-0.52272373762360369	0.27813862171114956
-0.34264458634740119	0.2351346452869818
-0.11487957411698041	0.16473297420548136
0.12658428544210673	0.07707769161509101
0.34749987400819432	-0.012918533240324589
0.51994928753172187	-0.089389313897816458
0.62676561606917092	-0.13915601242094608
0.66404728917883249	-0.15450218949166725
0.64072456809395117	-0.13438742632552425
0.5754382893693577	-0.084013816844795489
0.49159787565530488	-0.012658428544210672
0.41165903238296075	0.068234131947217808
0.3528753710612153	0.14730595956584885
0.32417715292331306	0.21484647899009621
0.32530427327313999	0.26305254933654232
0.3482801880965361	0.28637527042142363
0.38009966258780536	0.2816933858913731
0.40732395411439548	0.24753296913507855
0.4191153670048931	0.18458763267551043
0.41009840420627724	0.09597863286603571
0.38070657354540455	-0.012311622282725448
0.33700898459826634	-0.1308326621453007
0.28819600329422107	-0.24727286443896462
0.24449841434708283	-0.34732647087745172
0.21380606020564052	-0.41738133569746694
0.20036731757308809	-0.44642636009685444
0.20357527549182641	-0.42882594232647936
0.21822784003957713	-0.36579390430153991
0.23608836250606616	-0.26660731351676586
0.24770637226582118	-0.14695915330436363
0.24475851904319676	-0.027137589961218771
0.22178260421980067	0.071528791431327426
0.17730470118432071	0.13031245275307288
0.11375245376715344	0.13672836859054951
0.037108269978918959	0.08687496850204858
-0.044217798339366045	-0.01335204106718112
-0.12155559465057098	-0.14921339400401759
-0.18649506711367914	-0.29938050522711951
-0.23322721084881307	-0.43905672704029347
-0.25854406793723439	-0.54474593522791548
-0.26279244464042839	-0.59772059166978342
-0.24987391140010382	-0.58774991165208323
-0.2262910856191086	-0.51448708891332962
-0.20002051131160289	-0.38798950503659424
-0.17955894188397467	-0.22724480283819296
-0.17244941352352758	-0.057049630014319327
-0.18363391545642604	0.095805229735293096
-0.21493318055546751	0.20678323341056476
-0.26443977438248323	0.25767705228352134
-0.32695160301519482	0.23998993294777493
-0.39492563026629873	0.15597611610297946
-0.45986510272940689	0.018640836554830783
-0.51388017795573049	-0.15034051435384455
-0.55150865732687726	-0.32469736231554086
-0.57075640483930723	-0.4777256251958959
-0.57370425806193159	-0.58705629912911272
-0.5655543109170289	-0.63838362582892594
-0.55367619646115995	-0.62745922859214132
-0.54561295088162853	-0.56017881386400792
-0.54691347436219806	-0.45102154306153369
-0.55957190290640879	-0.3195819699586338
-0.581160592683864	-0.18710197807127829
-0.60500352316097306	-0.072395807085040481
-0.62147682058152121	0.011271203498269777
-0.62000289397020902	0.057916645668032389
-0.59182488522453458	0.068494236643331721
-0.53234761137981867	0.050373609480728769
-0.44200458026291783	0.014479161417008097
-0.32721170771130875	-0.026617380568990934
-0.19898009252714721	-0.060691095759914181
-0.071268686735213513	-0.077771304138061464
0.04153004981285556	-0.070835178908356985
0.12762470422656239	-0.036327955890577204
0.17973234501471727	0.026357275872877017
0.19646574713137935	0.11531308194383695
0.18189988414899994	0.22525066683465292
0.14479161417008096	0.34836688966190738
0.096065334431407023	0.47417086101567235
0.046645442169762616	0.59017755548247974
0.0051153923569070524	0.6831216335605198
-0.024276438303965673	0.74077817453243822
-0.041876856074340787	0.75404351403424807
-0.052020939222783585	0.71884267849349781
-0.061904917675112463	0.63795011800206936
-0.079418633880116274	0.52046949692394973
-0.11080460054452904	0.38105337980688975
-0.15909737245634648	0.23730218442126444
-0.22316982926574158	0.10603601444910721
-0.297819877050436	8.6701565371305974e-05
-0.37446406083867051	-0.074996854046179673
-0.44295829748200222	-0.12164229621594227
-0.49359201165884492	-0.14930009556938889
-0.51856206248578107	-0.17218930882741365
-0.51379347639035922	-0.20487579897239602
-0.47963305963406466	-0.25828396324112052
-0.42076269674694788	-0.33596856581381063
-0.34533233487391168	-0.43264081120281683
-0.2640062665556267	-0.53460185207947264
-0.18788229215962005	-0.62269064249671946
-0.12771140579193369	-0.67635891146155791
-0.09207706242432695	-0.6785264505958406
-0.08670156537130598	-0.61991619240483775
-0.11349234907103951	-0.5014818541076338
-0.17010847125850231	-0.33484144546398364
-0.25022071766158904	-0.14045653590151569
-0.34342490043574297	0.056095912795234966
-0.43593547068692645	0.22880543101487646
-0.51240625134441831	0.35599662741458232
-0.55757776690286875	0.42319034057734445
-0.55801127472972523	0.42561798440774101
-0.50503661828785729	0.36787474187045127
-0.39631285531223959	0.26357275872877017
-0.23782239381349229	0.13178637936438509
-0.044391201470108659	-0.0052020939222783584
0.16195852411359957	-0.12519706039616582
0.35391578984567096	-0.20912417567559
0.50312918384968852	-0.24302448773577065
0.58506216312557269	-0.22013527447774586
0.58384834121037443	-0.14167035781671397
0.49601965548924148	-0.016906805247404663
0.33215369693747321	0.13759538424426257
0.11591999290143609	0.30024752088083256
-0.1190412492548031	0.44746677888131015
-0.33492814702935497	0.55766446846824003
-0.49653986488146928	0.61506090474404462
-0.57786593319975432	0.61324017187124713
-0.56754844692056894	0.5570575575106409
-0.47096290309693406	0.46220604499443213
-0.30926448367944842	0.3523551616689875
-0.11531308194383695	0.25464249749552564
0.072916016477268322	0.1929109829511558
0.22013527447774586	0.18224669041048516
0.30033422244620389	0.22464375587705379
0.30180814905751607	0.30761715393739358
0.22897883414561906	0.40628353532993977
0.10040041269997231	0.48925693339027959
-0.055749106533749739	0.52575829241159944
-0.20825716002187694	0.49393881792033012
-0.32972605310707664	0.38712248938288119
-0.4019484570613745	0.21658051029752232
-0.41885526230877917	0.0098839784523288808
-0.38642887685991073	-0.19473171582395321
-0.32010217935086166	-0.35738385246052323
-0.2396431266862897	-0.44564604600851271
-0.1639526601171396	-0.44287159591663089
-0.10716313479893419	-0.3525285647997301
-0.076037272830635341	-0.197506165915835
-0.069968163254643917	-0.014999370809235933
-0.08306009962571112	0.15294156131498374
-0.10724983636430549	0.26929506204327636
-0.13534114354460863	0.31143202281373106
-0.1639526601171396	0.27597108257686692
-0.19377799860486886	0.17955894188397467
-0.22845862475339124	0.054188478357066236
-0.27232961683127205	-0.061471409848255935
-0.32660479675370963	-0.13204648406049899
-0.38755599720973771	-0.13516774041386601
-0.44512583661628485	-0.066586802205162984
-0.48440164572948646	0.058436855060260223
-0.48899682869416566	0.20938428037170392
-0.44555934444314138	0.3486269943580213
-0.34836688966190738	0.44113756460920478
-0.20253485670737076	0.46359327004037304
-0.024449841434708283	0.4104452104677625
0.1598776865446882	0.29504542695855424
0.31966867152400513	0.14600543608527927
0.42535787971162708	-0.00052020939222783581
0.45535662133009897	-0.10976418176007337
0.40073463514617619	-0.15710323645280641
0.26764773230122152	-0.13438742632552425
0.076557482222863169	-0.051327326699813138
-0.14245067190505573	0.067107011597390825
-0.3552163133262406	0.18727538120202089
-0.53070028163776384	0.27588438101149559
-0.64679367766994256	0.30787725863350751
-0.69404603079730431	0.27276312465812858
-0.67670571772304311	0.17617758083449375
-0.60968540769102364	0.038148688763374627
-0.51396687952110176	-0.11271203498269776
-0.41105212142536163	-0.2467526550467368
-0.31724102769360857	-0.3399568378208907
-0.24068354547074539	-0.38044646884929062
-0.18016585284157383	-0.36969547474324865
-0.12745130109581979	-0.32148940439680257
-0.070488372646871758	-0.25724354445666481
0.0017340313074261195	-0.19958700348474634
0.095111617212322655	-0.16594679612067964
0.20782365219502041	-0.16447286950936743
0.32998615780319052	-0.19221737042818535
0.44547264287777011	-0.23660857189829401
0.53581567399467089	-0.27935244362634787
0.58514886469094407	-0.30241506001511526
0.58376163964500316	-0.29279118625890027
0.53139389416073435	-0.24631914721988027
0.43714929260212471	-0.16872124621256143
0.3180213417819503	-0.073002718042639636
0.19525192521618107	0.024883349261564814
0.089996224855415599	0.11063119741378642
0.018900941250944703	0.17635098396523635
-0.008496753406387985	0.22308312770037028
0.0084100518410166799	0.25984459141780403
0.062425127067340304	0.30050762557694649
0.14054323746688699	0.35790406185275103
0.22741820596893558	0.43870992077880822
0.30831076646036404	0.53885022878266664
0.37229652170438787	0.64254530096674856
0.41295955586353034	0.72421817554651879
0.42856583763036543	0.75482382812258986
0.42041589048546268	0.70956561099876814
0.39111076138996126	0.57613190189232821
0.34325149730500037	0.36041840724851892
0.27805192014577823	0.088088790417246876
0.19559873147766627	-0.19889339096177591
0.095805229735293096	-0.44989442271170671
-0.019594553773915151	-0.6172284438783272
-0.14557192825842272	-0.66760205335905598
-0.27310993091961383	-0.59052436174396494
-0.38911662538642122	-0.40264206958434495
-0.47876604398035161	-0.14505171886619489
-0.5280125331112534	0.12545716509227975
-0.52705881589216896	0.34888709905413523
-0.47365065162344455	0.47607829545384112
-0.37446406083867051	0.48041337372240639
-0.24536543000079591	0.36431997769022773
-0.108810464540989	0.15840375993337602
0.010490889409928024	-0.086181355979078139
0.090429732682272126	-0.3109118134215032
0.11696041168589176	-0.46472039039020002
0.087308476328905121	-0.51682803117835496
0.011097800367527165	-0.46454698725945742
-0.091123345205242581	-0.33371432511415672
-0.19230407199355665	-0.1712355916083293
-0.2641796696863693	-0.031992877622011903
-0.28368752189491314	0.036501359021319818
-0.23834260320572012	0.007716439318046232
-0.12918533240324589	-0.11618009759755001
0.029478532226244032	-0.30380228506105611
0.21311244768267007	-0.50278237758820332
0.39171767234756039	-0.6530361903766766
0.53668268964838395	-0.70375660611889057
0.62615870511157179	-0.62719912389602739
0.64930802306571045	-0.42735201571516712
0.60829818264508273	-0.13950281868243131
0.51639452335149838	0.17782491057654856
0.39475222713555608	0.45795766829123813
0.26721422447436499	0.64306551035897641
0.15562930984149423	0.69950822941569657
0.075170257176922273	0.62659221293842826
0.032513087014239737	0.45665714481066855
0.026010469611391793	0.24631914721988027
0.047945965650332205	0.060777797325285488
0.087655282590390335	-0.04335078268565299
0.13482093415238078	-0.034160416756294554
0.18207328727974254	0.08678826693667728
0.22611768248836597	0.284207731287141
0.26730092603973632	0.49853400088500938
0.30770385550276491	0.66231325787140638
0.34880039748876396	0.71814906597052741
0.38920332695179249	0.63534907104093019
0.42379725153494358	0.41902866543952177
0.4439120147010866	0.1101976895869299
0.43897002547492214	-0.22386344178871204
0.39978091792709186	-0.50651054489916947
0.32079579187383211	-0.670723309712423
0.20253485670737076	-0.67705252398452831
0.052887954876496647	-0.52315724545046027
-0.11418596159400997	-0.24493192217393939
-0.28099977336840265	0.091990360858955636
-0.42882594232647936	0.40888458229107899
-0.54223158983214759	0.6328347256451623
-0.61124603586770709	0.71476770492104647
-0.63370174129887535	0.63977085087486674
-0.61445399378644538	0.43012646580704894
-0.56347347334811748	0.13707517485203474
-0.49350531009347359	-0.17244941352352758
-0.41634091691301128	-0.43385463311801509
-0.34065045034386116	-0.60066844489240778
-0.27024877926236074	-0.65485692324947398
-0.20409548488405427	-0.60925189986416706
-0.1378554889403765	-0.50122174941151987
-0.06571978655144993	-0.38027306571854802
0.016733402116662053	-0.29296458938964287
0.11089130210990034	-0.26912165891253376
0.21415286646712575	-0.31377296507875629
0.3197553730893764	-0.4063702368953111
0.41824835135117999	-0.50781106837973911
0.4996611212348363	-0.57214362988524814
0.55523682463784341	-0.56043891856012185
0.57959996450718043	-0.45284227593433107
0.5708431064046785	-0.2553361100184961
0.53122049102999169	0.0015606281766835076
0.465847510740027	0.26981527143550421
0.38114008137226107	0.49688667114295454
0.28351411876417054	0.63916393991726761
0.17825841840340509	0.67323765510819089
0.069361252297044776	0.60196896837297742
-0.040316227897657278	0.45318908219581633
-0.14860648304641844	0.27180940743904425
-0.25334197401495606	0.1075099410604194
-0.35148814601527439	0.0013872250459408956
-0.43905672704029347	-0.02453654300007959
-0.51119242942922005	0.027397694657332688
-0.56338677178274621	0.13213318562587031
-0.59182488522453458	0.24909359731176206
-0.59468603688178767	0.33414783294101325
-0.57231703301599068	0.35226846010361618
-0.52705881589216896	0.28706888294439409
-0.46289965751740259	0.14565862982379404
-0.38495495024859855	-0.04335078268565299
-0.29929380366174824	-0.23756228911737837
-0.21215873046358572	-0.39232458330515951
-0.12987894492621635	-0.47226342657750364
-0.058696959756374144	-0.46099222307923388
-0.0042483767031939925	-0.36544709804005465
0.028264710311045747	-0.21406616490175445
0.035027432410007615	-0.049246489130901794
0.014999370809235933	0.083406905887196348
-0.029651935356986642	0.14695915330436363
-0.092683973381926091	0.12250931186965534
-0.1638659585517683	0.013525444197923732
-0.23053946232230257	-0.15493569731852377
-0.27969924988783307	-0.34264458634740119
-0.30050762557694649	-0.50373609480728776
-0.28741568920587929	-0.59806739793126862
-0.2421574720820576	-0.599888130804066
-0.17409674326558239	-0.50382279637265903
-0.099186590784774029	-0.32530427327313999
-0.036934866848176345	-0.09589193130066441
-0.0058090048798775003	0.14409800164711054
-0.01872753812020209	0.35452270080327014
-0.079505335445487574	0.50364939324191638
-0.18085946536454425	0.57448457215027338
-0.30579642106459615	0.5665947297014845
-0.43108018302613332	0.49480583357404317
-0.5326077160759326	0.38469484555248462
-0.59156478052842065	0.26626050725528067
-0.59945462297720953	0.16776752899347705
-0.56043891856012185	0.11071789897915772
-0.4904707553054779	0.10603601444910721
-0.41391327308261472	0.15320166601109766
-0.35643013524143885	0.24181066582057237
-0.33874301590569245	0.35417589454178489
-0.36969547474324865	0.46862196083190877
-0.44339180530885874	0.56338677178274621
-0.53954384130563704	0.61991619240483775
-0.6278927364189979	0.62520498789248735
-0.67540519424247358	0.57361755649656032
-0.65520372951095929	0.46801504987430964
-0.5531559870689321	0.31914846213177728
-0.37299013422735827	0.14444480790859576
-0.13568794980609386	-0.034854029279265002
0.12415664161171015	-0.19637904556600802
0.36622741212839643	-0.32036228404697559
0.5535027933304173	-0.3932783005242439
0.66057922656398016	-0.4106186135985051
0.67895995842269707	-0.3773252124959236
0.61800875796666899	-0.30735704924127966
0.50200206349986154	-0.22039537917385979
0.36301945420965809	-0.1378554889403765
0.23236019519510001	-0.077858005703432764
0.13317360441032597	-0.050720415742213996
0.074563346219323132	-0.056962928448948028
0.051500729830555751	-0.086528162240563367
0.047078949996619143	-0.1219891024774275
0.039535913809315523	-0.14245067190505573
0.0089302612332445158	-0.12996564649158765
-0.055922509664492352	-0.074650047784694445
-0.15311496444572634	0.021935496038940412
-0.26790783699733545	0.14583203295453664
-0.37602468901535402	0.27354343874647036
-0.45084813993079104	0.377151809365181
-0.46974908118173575	0.43038657050316287
-0.42093609987769048	0.41573400595541216
-0.30640333202219533	0.32859893275724966
-0.14175705938208527	0.17938553875323207
0.047339054692733064	-0.008670156537130597
0.23210009049898608	-0.20366197705719774
0.38694908625213859	-0.37229652170438787
0.49541274453164236	-0.4863957817330265
0.5531559870689321	-0.52913965346108038
0.56772185005131148	-0.49758028366592499
0.55523682463784341	-0.40264206958434495
0.53425504581798744	-0.26565359629768148
0.52064290005469238	-0.11297213967881169
0.52255033449286115	0.029651935356986642
0.53850342252118144	0.14253737347042703
0.5580979762950965	0.21510658368621013
0.56494739995942977	0.24623244565450897
0.54197148513603366	0.24267768147428542
0.47607829545384112	0.21562679307843796
0.36249924481743029	0.17669779022672158
0.20574281462610908	0.13482093415238078
0.019507852208543845	0.094678109385466128
-0.17643768553060765	0.056789525318205414
-0.36041840724851892	0.019507852208543845
-0.51257965447516096	-0.018900941250944703
-0.61887577362038204	-0.057223033145061941
-0.67237063945447784	-0.090776538943757354
-0.67358446136967609	-0.11123810837138556
-0.62962676772642401	-0.10898386767173161
-0.55150865732687726	-0.0755170634384075
-0.45223536497673195	-0.0071095283604470901
-0.3442052145240847	0.093290884339525232
-0.23808249850960619	0.21562679307843796
-0.14132355155522874	0.3438584082625995
-0.058090048798775003	0.45943159490255037
0.010664292540670636	0.54535284618551461
0.067280414728133439	0.59026425704785102
0.11704711325126306	0.59147807896304938
0.16664040864365007	0.55541022776858606
0.22360333709259811	0.49645316331609801
0.29400500817409858	0.43307431902967336
0.38053317041466189	0.38365442676802891
0.48076017998389164	0.36189233385983116
0.58627598504077094	0.3732502389234722
0.68303493199514842	0.41399997464798605
0.75352330464202022	0.47252353127361757
0.78022738677638248	0.53252101451056133
0.75022864515791055	0.57751912693826912
0.65927870308341063	0.59537964940475807
0.51448708891332962	0.5815073989453492
0.3350148485947263	0.54015075226323617
0.14956020026550282	0.48292771911817428
-0.0092770674947297398	0.42544458127699841
-0.1118450193289847	0.38313421737580111
-0.1378554889403765	0.36631411369376776
-0.082106382406626752	0.37741191406129493
0.04343748425102429	0.41001170264090597
0.21137841637524396	0.45041463210393451
0.38460814398711329	0.48128038937611944
0.52385085797343067	0.48648248329839783
0.59668017288532771	0.45570342759158422
0.58497546156020142	0.38816290816733684
0.48847661930193786	0.29331139565112813
0.32513087014239739	0.18918281564018963
0.12667098700747803	0.098406276696432274
-0.069014446035559548	0.042917274858796456
-0.22681129501133643	0.038061987198003321
-0.3220963153544017	0.088782402940217317
-0.34611264896225347	0.18718867963664959
-0.30692354141442313	0.31403306977487022
-0.2265511903152225	0.44165777400143263
-0.13490763571775211	0.54015075226323617
-0.061818216109741156	0.5825478177298048
-0.029825338487729256	0.55116185106539206
-0.049246489130901794	0.44053065365160565
-0.11600669446680739	0.25906427732946224
-0.21389276177101182	0.027484396222703995
-0.31862825273954948	-0.22516396526928162
-0.40437610089177106	-0.46645442169762613
-0.44954761645022145	-0.66638823144385773
-0.44139766930531871	-0.80250968907680809
-0.37819222814963666	-0.86233376918300919
-0.26808124012807805	-0.84508015767411937
-0.12667098700747803	-0.76063283300246731
0.027397694657332688	-0.62693901919991346
0.17600417770375112	-0.46671452639374006
0.30501610697625442	-0.30328207566882831
0.40628353532993977	-0.15701653488743511
0.47729211736903937	-0.042657170162682542
0.52064290005469238	0.032339683883497131
0.54197148513603366	0.068320833512589108
0.54838740097351024	0.072309105519669181
0.54717357905831199	0.05635601749134888
0.54413902427031624	0.034854029279265002
0.54335871018197457	0.021675391342826495
0.54665336966608413	0.027397694657332688
0.55306928550356083	0.057223033145061941
0.55905169351418094	0.10933067393321683
0.55827137942583915	0.17531056518078067
0.54231829139751886	0.24120375486297321
0.50217546663060419	0.29027684086313238
0.43047327206853414	0.30605652576071007
0.32348354040034261	0.27631788883835212
0.18380731858716867	0.19611894086989412
0.021588689777455188	0.069708058558530003
-0.14522512199693752	-0.089215910767073844
-0.29348479878187073	-0.2594110835909475
-0.39865379757726488	-0.4150403934324417
-0.4396636379978926	-0.53035347537627864
-0.40411599619565713	-0.58384834121037443
-0.29183746903981589	-0.56303996552126101
-0.11583329133606478	-0.465847510740027
0.09970680017700187	-0.30232835844974393
0.32365694353108521	-0.09216376398969825
0.52419766423491587	0.13759538424426257
0.67523179111173093	0.35773065872200843
0.76097963926395251	0.54093106635157795
0.77901356486118423	0.66560791735551594
0.73843723226741298	0.71927618632035439
0.65624414829541489	0.69890131845809744
0.55116185106539206	0.61081252804085062
0.43827641295195169	0.46879536396265142
0.32452395918479826	0.29201087217055854
0.20834386158724824	0.10178763774591321
0.081932979275884152	-0.080545754229943256
-0.063725650547909893	-0.23582825780995226
-0.23244689676047131	-0.34923390531562049
-0.41824835135117999	-0.41105212142536163
-0.60248917776520516	-0.41738133569746694
-0.75655785943001597	-0.36986887787399131
-0.84716099524303068	-0.27623118727298085
-0.84560036706634711	-0.14851978148104714
-0.73626969313313029	-0.0026010469611391792
-0.52428436580028726	0.14401130008173924
-0.23695537815977924	0.27441045440018341
0.07915852918400236	0.37446406083867051
0.36744123404359469	0.43472164877172814
0.57309734710433247	0.45136834932301889
0.65650425299152881	0.42735201571516712
0.60300938715743302	0.37108269978918956
0.42752541884590978	0.29556563635078209
0.17201590569667105	0.21562679307843796
-0.10352166905333933	0.14557192825842272
-0.33492814702935497	0.097539261042719219
-0.46931557335487922	0.079592037010858888
-0.4773788189344107	0.094851512516208741
-0.36067851194463285	0.14193046251282787
-0.1509474253114437	0.21545338994769533
0.097452559477347919	0.30718364611053706
0.32079579187383211	0.40706384941828155
0.46211934342906086	0.50416960263414423
0.48440164572948646	0.58740310539059792
0.37966615476094884	0.64610006514697216
0.16993506812775971	0.67089671284316565
-0.098492978261803588	0.6544234154226175
-0.36674762152062429	0.59234509461676244
-0.57743242537289774	0.48474845199097172
-0.68832372748279813	0.33683558146752368
-0.68138760225309369	0.15892396932560385
-0.56494739995942977	-0.033900312060180633
-0.37021568413547651	-0.22412354648482594
-0.1420171640781992	-0.39431871930869955
0.072916016477268322	-0.52991996754942217
0.23704207972515054	-0.62173692527763513
0.32989945623781924	-0.66786215805516991
0.35088123505767527	-0.67306425197744824
0.31654741517063811	-0.64766069332365561
0.25360207871106999	-0.60404980594188873
0.18978972659778878	-0.55402300272264515
0.14617883921602187	-0.50512331985322856
0.13169967779901379	-0.45908478864106511
0.14193046251282787	-0.41174573394833208
0.16239203194045609	-0.35469610393401274
0.17435684796169632	-0.27857212953800609
0.16161171785211434	-0.17669779022672158
0.11713381481663437	-0.048119368781074819
0.0449981124277078	0.10040041269997231
-0.03962261537468683	0.2551627068877535
-0.11496627568235172	0.39813358818503702
-0.15840375993337602	0.51127913099459132
-0.15294156131498374	0.58098718955312134
-0.091903659293584336	0.60170886367686349
0.019074344381687314	0.57786593319975432
0.16343245072491175	0.52307054388508889
0.31741443082435117	0.45639704011455462
0.45639704011455462	0.3978734834889231
0.55991870916789399	0.36258594638280156
0.61662153292072808	0.35669023993755278
0.62503158476174481	0.37515767336164096
0.59329881183584676	0.40290217428045888
0.53581567399467089	0.41885526230877917
0.46862196083190877	0.4017750539306319
0.40524311654548412	0.33648877520603848
0.35330887888807183	0.21944166195477541
0.31359956194801369	0.060691095759914181
0.28073966867228872	-0.11696041168589176
0.24545213156616721	-0.28230029684897223
0.19776627061194893	-0.40264206958434495
0.13013904962233028	-0.45154175245376149
0.03962261537468683	-0.41443348247484257
-0.071268686735213513	-0.29331139565112813
-0.19490511895469584	-0.10577590975299329
-0.31992877622011906	0.11782742733960481
-0.43333442372578723	0.34151746599757421
-0.52272373762360369	0.53174070042221955
-0.57812603789586825	0.66370048291734718
-0.59338551340121803	0.72681922250765796
-0.56720164065908363	0.72543199746171705
-0.5035626916765451	0.67687912085378577
-0.41174573394833208	0.60561043411857218
-0.30518951010699702	0.53676939121375533
-0.19993380974623157	0.48882342556342306
-0.11305884124418299	0.46983578274710708
-0.059563975410087205	0.47547138449624193
-0.050200206349986155	0.49142447252456228
-0.088608999809474703	0.49775368679666759
-0.16967496343164579	0.47547138449624193
-0.27952584675709047	0.41209254020981728
-0.39665966157372484	0.30562301793385355
-0.49601965548924148	0.16542658672845179
-0.55324268863430337	0.010490889409928024
-0.55020813384630773	-0.13577465137146516
-0.47876604398035161	-0.25152124114215862
-0.3438584082625995	-0.32166280752754517
-0.16334574915954045	-0.34238448165128726
0.034593924583151081	-0.32114259813531731
0.21675391342826494	-0.27493066379241127
0.35166154914601705	-0.22490386057316769
0.4153871996939269	-0.19039663755538791
0.39717987096595264	-0.18354721389105474
0.30102783496917435	-0.20591621775685168
0.14565862982379404	-0.24839998478879161
-0.039449212243944216	-0.29374490347798465
-0.22004857291237456	-0.3220963153544017
-0.36371306673262854	-0.31689422143212331
-0.44633965853148316	-0.27050888395847461
-0.45587683072232682	-0.18675517180979306
-0.39440542087407088	-0.08089256049142847
-0.2772716060574365	0.024449841434708283
-0.12883852614176067	0.10516899879539415
0.022022197604311719	0.14245067190505573
0.14791287052344798	0.12866512301101807
0.22724480283819296	0.069881461689272617
0.24744626756970725	-0.015259475505349852
0.20695663654130736	-0.099966904873115783
0.1146194694208665	-0.15649632549520728
-0.01248502541346806	-0.1638659585517683
-0.15164103783441416	-0.11418596159400997
-0.27857212953800609	-0.015519580201463769
-0.37090929665844696	0.10933067393321683
-0.41148562925221815	0.22845862475339124
-0.3905905519977334	0.30909108054870582
-0.30787725863350751	0.32643139362296697
-0.17262281665427021	0.27111579491607379
-0.0021675391342826492	0.15207454566127068
0.18016585284157383	-0.0040749735724513805
0.34914720375024916	-0.1596175818485743
0.48136709094149077	-0.27501736535778254
0.55957190290640879	-0.31906176056640601
0.57561169250010036	-0.2769247997959513
0.53208750668370475	-0.15484899575315247
0.44148437087069003	0.020981778819856047
0.32365694353108521	0.21025129602541698
0.20140773635754378	0.36856835439342167
0.095285020343065269	0.45813107142198078
0.019247747512429927	0.4575241604643816
-0.021935496038940412	0.36648751682451036
-0.033553505798695413	0.20669653184519343
-0.02843811344178836	0.016126491159062912
-0.022975914823396084	-0.15996438811005953
-0.031385966664412762	-0.2801327577146896
-0.060951200456028101	-0.31672081830138071
-0.10915727080247423	-0.26175202585597274
-0.16334574915954045	-0.12814491361879024
-0.20409548488405427	0.054015075226323622
-0.21042469915615961	0.24562553469690981
-0.16620690081679354	0.40827767133347981
-0.065459681855336016	0.51292646073664616
0.083493607452567647	0.54630656340459893
0.25889087419871964	0.51214614664830438
0.42856583763036543	0.42873924076110803
0.55679745281452697	0.3219229122236591
0.61254655934827673	0.21710071968975017
0.57665211128455607	0.13221988719124161
0.44668646479296836	0.073089419608010936
0.23816920007497752	0.033293401102581492
-0.018294030293345559	-0.0023409422650252612
-0.28325401406805661	-0.051414028265184444
-0.51665462804761231	-0.12675768857284933
-0.68580938208703024	-0.2307128654530452
-0.77173063336999448	-0.3525285647997301
-0.77164393180462321	-0.46974908118173575
-0.69768749654289919	-0.55358949489578868
-0.57205692831987687	-0.57604520032695694
-0.42162971240066094	-0.51838865935503842
-0.27102909335070247	-0.37758531719203753
-0.1377687873750052	-0.16889464934330403
-0.029998741618471866	0.075863869699892728
0.052627850180382726	0.31420647290561282
0.11557318663995086	0.501828660369119
0.16499307890159526	0.60188226680760604
0.20374867862256904	0.59329881183584676
0.22941234197247562	0.47521127980012806
0.23426762963326875	0.26695411977825112
0.20825716002187694	0.003901570441708769
0.14314428442802615	-0.26981527143550421
0.037368374675032873	-0.51084562316773474
-0.10144083148442799	-0.68502906799868846
-0.2553361100184961	-0.77303115685056412
-0.39839369288115095	-0.77277105215445019
-0.50174195880374772	-0.69803430280438439
-0.54006405069786489	-0.57309734710433247
-0.49784038836203892	-0.42657170162682539
-0.37446406083867051	-0.28464123911399752
-0.18493443893699565	-0.16594679612067964
0.041616751378226867	-0.07924523074937366
0.26808124012807805	-0.023496124215623918
0.45631033854918335	0.0091903659293584329
0.57517818467324378	0.029478532226244032
0.60734446542599829	0.04690554686587653
0.55228897141521904	0.067020310032019512
0.42622489536534014	0.089736120159301686
0.25828396324112052	0.11097800367527165
0.083406905887196348	0.12415664161171015
-0.065112875593850789	0.12398323848096754
-0.16204522567897087	0.10855035984487509
-0.19568543304303759	0.081065963622171083
-0.16880794777793273	0.049679996957758321
-0.097019051650491378	0.02453654300007959
-0.003901570441708769	0.015866386462948995
0.084880832498508543	0.03017214474921448
0.14756606426196275	0.068320833512589108
0.17088878534684407	0.12450344787319538
0.15146763470367153	0.18744878433276352
0.095285020343065269	0.24276438303965672
0.014739266113122016	0.27675139666520865
-0.0754303618730362	0.27987265301857567
-0.16282553976731262	0.24918029887713336
-0.24016333607851756	0.18935621877093226
-0.3064900335875666	0.11115140680601426
-0.36562050117079731	0.029218427530130112
-0.4237105499695723	-0.041790154508969481
-0.48552876607931345	-0.09051643424764344
-0.55194216515373384	-0.1118450193289847
-0.61774865327055506	-0.10768334419116202
-0.67254404258522049	-0.086614863805934666
-0.70254278420369232	-0.061124603586770708
-0.69499974801638864	-0.044564604600851272
-0.64176498687840677	-0.047425756258104371
-0.54292520235511799	-0.075256958742293587
-0.40758405881050941	-0.12693109170359196
-0.25342867558032733	-0.19585883617378019
-0.1030014596611115	-0.27120249648144507
0.020634972558370823	-0.34143076443220294
0.099099889219402729	-0.39674636313909611
0.12311622282725448	-0.43125358615687592
0.093984496862495673	-0.44417211939720053
0.023149317954138694	-0.43940353330177867
-0.070921880473728285	-0.42414405779642883
-0.16707391647050662	-0.40585002750308324
-0.24718616287359332	-0.3905905519977334
-0.30016081931546129	-0.38105337980688975
-0.32435055605405566	-0.37567788275386876
-0.32712500614593742	-0.36943537004713478
-0.32183621065828777	-0.3553897164569832
-0.32348354040034261	-0.3268649014498235
-0.3438584082625995	-0.279959354583947
-0.38781610190585164	-0.21484647899009621
-0.45154175245376149	-0.13664166702517822
-0.52289714075434635	-0.054795389314665377
-0.58445525216797356	0.018380731858716866
-0.61844226579352546	0.070228267950757844
-0.6119396483906776	0.090429732682272126
-0.56009211229863654	0.073522927434867463
-0.4685352592665375	0.019681255339286455
-0.35192165384213092	-0.064592666201622947
-0.23149317954138696	-0.16742072273199182
-0.12935873553398852	-0.27354343874647036
-0.063899053678652507	-0.36631411369376776
-0.044391201470108659	-0.43090677989539067
-0.06944795386241609	-0.45605023385306942
-0.12658428544210673	-0.43619557538304038
-0.19533862678155237	-0.37220982013901655
-0.25195474896901515	-0.27094239178533119
-0.27475726066166861	-0.14470491260470966
-0.24970050826936122	-0.0093637690601010449
-0.17288292135038411	0.11800083047034743
-0.052107640788154892	0.22056878230460239
0.095371721908436569	0.28516144850622532
0.24631914721988027	0.30293526940734306
0.37628479371146795	0.27120249648144507
0.46454698725945742	0.1929976845165271
0.49784038836203892	0.076470780657491869
0.47209002344676104	-0.065979891247563843
0.39284479269738737	-0.21935496038940411
0.27258972152738598	-0.36874175752416433
0.12805821205341891	-0.50052813688854936
-0.023582825780995225	-0.60430991063800266
-0.16750742429736315	-0.67332435667356216
-0.2930512909550142	-0.70505712959946021
-0.39423201774332828	-0.70054864820015228
-0.46879536396265142	-0.66378718448271856
-0.51630782178612711	-0.60101525115389298
-0.53659598808301268	-0.51968918283560805
-0.52887954876496646	-0.42769882197665238
-0.49107766626307703	-0.33293401102581494
-0.42110950300843314	-0.24259097990891412
-0.31836814804343555	-0.16282553976731262
-0.18528124519848085	-0.098753082957917501
-0.029131725964758808	-0.053321462703353174
0.1376820858096339	-0.027657799353446606
0.29886029583489171	-0.020808375689113433
0.43680248634063951	-0.029738636922357949
0.53572897242929962	-0.050026803219243549
0.58514886469094407	-0.076297377526749255
0.58246111616443352	-0.10265465339962628
0.53399494112187351	-0.12380983535022493
0.45405609784952938	-0.13525444197923731
0.36215243855594503	-0.13395391849866772
0.27857212953800609	-0.11808753203571874
0.21996187134700326	-0.08678826693667728
0.19533862678155237	-0.040056123201543357
0.20400878331868297	0.020981778819856047
0.23582825780995226	0.0943313031239809
0.27389024500795556	0.17652438709597895
0.29920710209637691	0.26218553368282926
0.29591244261226729	0.34411851295871343
0.25559621471461003	0.41321966055964426
0.18059936066843035	0.45986510272940689
0.083580309017938961	0.47555808606161326
-0.015172773939978545	0.45500981506861377
-0.092423868685812163	0.39804688661966575
-0.12831831674953284	0.31082511185613193
-0.11123810837138556	0.206002919322223
-0.041616751378226867	0.10083392052682885
0.068667639774074335	0.014912669243864628
0.19828648000417676	-0.034073715190923247
0.32252982318125822	-0.034420521452408474
0.41885526230877917	0.016646700551290746
0.47287033753510277	0.11071789897915772
0.4818005987683473	0.22984584979933215
0.45457630724175724	0.34897380061950656
0.40879788072570766	0.44079075834771958
0.36544709804005465	0.48171389720297597
0.34255788478202992	0.4568305479414112
0.34975411470784828	0.3638864698633712
0.38504165181396982	0.21475977742472491
0.43593547068692645	0.032773191710353658
0.48240750972594643	-0.1508607237460724
0.50347599011117383	-0.30354218036494224
0.48370803320651601	-0.3975266772274379
0.41859515761266525	-0.41547390125929823
0.31698092299749464	-0.35374238671492836
0.19915349565788981	-0.22282302300425635
0.091990360858955636	-0.044911410862336493
0.021935496038940412	0.151034126876815
0.007716439318046232	0.33475474389861237
0.054361881487808843	0.48032667215703512
0.1508607237460724	0.57092980797004989
0.27276312465812858	0.60101525115389298
0.38729589251362379	0.57647870815381341
0.4619459402983182	0.51240625134441831
0.47261023283898884	0.42943285328407849
0.41001170264090597	0.34888709905413523
0.28290720780657141	0.2889763173825628
0.11600669446680739	0.26140521959448754
-0.055749106533749739	0.27007537613161808
-0.19551202991229497	0.310565007160018
-0.27310993091961383	0.37212311857364522
-0.27215621370052945	0.4398370411286352
-0.19369129703949756	0.49801379149278152
-0.055835808099121045	0.53278111920667526
0.11123810837138556	0.53512206147170049
0.27198281056978685	0.50200206349986154
0.3936251067857291	0.43697588947138211
0.45336248532655893	0.34975411470784828
0.44209128182828916	0.25420898966866912
0.36579390430153991	0.16594679612067964
0.2424175767781715	0.099446695480887956
0.097539261042719219	0.065026174028479475
-0.041876856074340787	0.066846906901276912
-0.15302826288035504	0.10152753304979929
-0.22108899169683024	0.15866386462948992
-0.24172396425520107	0.2221294104812859
-0.22013527447774586	0.27328333405035643
-0.1683744399510762	0.29417841130484118
-0.10274135496499757	0.27137589961218772
-0.039535913809315523	0.19889339096177591
0.00754303618730362	0.080025544837715415
0.029998741618471866	-0.072742613346525709
0.024883349261564814	-0.23981652981703233
-0.0047685860954218284	-0.39691976626983877
-0.051500729830555751	-0.52003598909709325
-0.10473549096853761	-0.58870362887116756
-0.15250805348812721	-0.59043766017859367
-0.18363391545642604	-0.52246363292748976
-0.19013653285927401	-0.39206447860904559
-0.16898135090867533	-0.21588689777455186
-0.12268271500039796	-0.016733402116662053
-0.06034428949842896	0.17938553875323207
0.0043350782685652985	0.34793338183505085
0.05470868774929407	0.4685352592665375
0.075083555611550973	0.5280125331112534
0.054275179922437543	0.52116310944692024
-0.010664292540670636	0.45102154306153369
-0.11340564750566821	0.32790532023427921
-0.23738888598663577	0.16707391647050662
-0.35894448063720674	-0.013438742632552425
-0.45171515558450415	-0.19525192521618107
-0.49237818974364661	-0.36223914012131636
-0.4660209138707696	-0.50156855567300507
-0.37047578883159044	-0.60500352316097306
-0.2178810337780919	-0.66907597997036816
-0.032513087014239737	-0.6948263448856461
0.15380857696869679	-0.68632959147925809
0.30865757272184929	-0.64974153089256692
0.40645693846068243	-0.59130467583230673
0.43437484251024294	-0.51656792648224104
0.39527243652778393	-0.42934615171870716
0.30744375080665098	-0.33198029380673055
0.19984710818086027	-0.22551077153076685
0.10568920818762198	-0.11063119741378642
0.053928373660952315	0.011097800367527165
0.06225172393659769	0.13603475606757906
0.13256669345272684	0.25854406793723439
0.25030741922696037	0.37082259509307564
0.38720919094825246	0.46420018099797217
0.50798447151048165	0.53052687850702129
0.57795263476512559	0.56408038430571672
0.5708431064046785	0.56303996552126101
0.47477777197327153	0.53000666911479344
0.29521883008929684	0.47209002344676104
0.054361881487808843	0.39978091792709186
-0.21389276177101182	0.32461066075016959
-0.46948897648562182	0.25681003662980828
-0.67375786450041875	0.20357527549182641
-0.79618047480470278	0.16742072273199182
-0.81924309119347016	0.14626554078139317
-0.7412116823592948	0.13395391849866772
-0.57587179719621429	0.12259601343502664
-0.34940730844636309	0.10490889409928023
-0.096498842258263551	0.076470780657491869
0.14574533138916534	0.037108269978918959
0.34255788478202992	-0.008670156537130597
0.46680122795911139	-0.052714551745754033
0.50278237758820332	-0.085054235629251157
0.44824709296965187	-0.096585543823634851
0.31429317447098415	-0.081672874579770224
0.12389653691559624	-0.03962261537468683
-0.091383449901356495	0.024276438303965673
-0.29608584574300989	0.099880203307744483
-0.45648374167992595	0.17383663856946849
-0.54569965244699981	0.23227349362972871
-0.5485608041042529	0.26365946029414145
-0.46394007630185824	0.26071160707151708
-0.30527621167236835	0.2221294104812859
-0.098406276696432274	0.15224794879201328
0.12311622282725448	0.060257587933057653
0.32443725761942693	-0.04153004981285556
0.47547138449624193	-0.13967622181317393
0.55679745281452697	-0.2222161120466572
0.56286656239051835	-0.27961254832246174
0.50269567602283205	-0.30579642106459615
0.39796018505429442	-0.29868689270414905
0.27779181544966436	-0.2594110835909475
0.17218930882741365	-0.19204396729744272
0.10638282071059244	-0.10239454870351236
0.095545125039179182	0.0027744500918817912
0.14245067190505573	0.11618009759755001
0.23730218442126444	0.2308862685837878
0.36093861664074678	0.3396100315594055
0.48925693339027959	0.43610887381766905
0.59824080106201127	0.51448708891332962
0.66881587527425423	0.57032289701245065
0.68936414626725384	0.60084184802315044
0.65754467177598452	0.60517692629171571
0.57873294885346738	0.58480205842945876
0.46420018099797217	0.54318530705123191
0.32816542493039313	0.4862223786022839
0.18536794676385218	0.42093609987769048
0.048899682869416566	0.35512961176086927
-0.070575074212243058	0.29591244261226729
-0.16473297420548136	0.24926700044250469
-0.22741820596893558	0.21831454160494845
-0.25412228810329779	0.20392208175331164
-0.24285108460502802	0.20426888801479687
-0.19464501425858191	0.21501988212083881
-0.11505297724772302	0.23036605919155997
-0.014999370809235933	0.24415160808559763
0.089476015463187758	0.25048082235770297
0.17860522466489032	0.24519202687005329
0.23183998580287218	0.22594427935762337
0.23175328423750086	0.19282428138578447
0.16898135090867533	0.14799957208881931
0.045084813993079106	0.095458423473807882
-0.12537046352690845	0.040142824766914664
-0.31654741517063811	-0.011964816021240225
-0.49515263983552843	-0.055228897141521904
-0.62719912389602739	-0.084100518410166789
-0.68485566486794591	-0.093724392166381759
-0.65338299663816179	-0.080112246403086715
-0.53555556929855697	-0.040402929463028585
-0.35174825071138832	0.026530679003619627
-0.13664166702517822	0.11921465238554571
0.067193713162762125	0.23270700145658524
0.21883475099717628	0.35781736028737976
0.28758909233662189	0.4818005987683473
0.2597578898524327	0.58835682260968236
0.1422772687743131	0.65997231560638103
-0.039275809113201603	0.68052058659938064
-0.24631914721988027	0.63855702895966848
-0.43567536599081252	0.53061358007239257
-0.56954258292410898	0.36353966360188594
-0.62355765815043251	0.15502239888389507
-0.59225839305139105	-0.067540519424247353
-0.48934363495565092	-0.27120249648144507
-0.3436850051318569	-0.42258342961974532
-0.19221737042818535	-0.49480583357404317
-0.071008582039099599	-0.47287033753510277
-0.0065026174028479482	-0.35799076341812236
-0.010317486279185412	-0.16872124621256143
-0.076644183788234482	0.061818216109741156
-0.18519454363310955	0.29097045338610283
-0.30692354141442313	0.47495117510401413
-0.4111388229907329	0.57691221598067
-0.47304374066584537	0.57465797528101603
-0.47911285024183681	0.46524059978242788
-0.42891264389185063	0.26556689473231021
-0.33432123607175585	0.0091903659293584329
-0.21441297116323968	-0.26036480081003183
-0.090169627986158213	-0.49844729931963805
0.021155181950598657	-0.66820896431665511
0.1101976895869299	-0.74676058254305833
0.17652438709597895	-0.72924686633805458
0.22724480283819296	-0.62841294581122564
0.27337003561572776	-0.47044269370470621
0.32513087014239739	-0.28906301894793412
0.38764269877510898	-0.1175673226434909
0.45925819177180777	0.017687119335746418
0.53096038633387777	0.10126742835368538
0.58931053982876669	0.1305725574491868
0.6204364017970655	0.11401255846326735
0.61471409848255931	0.067193713162762125
0.57006279231633683	0.008670156537130597
0.49350531009347359	-0.044824709296965186
0.39995432105783446	-0.081586173014398924
0.30891767741796317	-0.095718528169921796
0.23990323138240363	-0.08678826693667728
0.20799705532576304	-0.05817675036414631
0.21987516978163196	-0.014305758286265485
0.27215621370052945	0.041009840420627726
0.35244186323435878	0.10525570036076545
0.44209128182828916	0.17626428239986505
0.52090300475080631	0.25134783801141602
0.57162342049302028	0.32521757170776872
0.58367493807963178	0.38955013321327775
0.55506342150710086	0.43281421433355943
0.49289839913587447	0.44261149122051702
0.4104452104677625	0.40862447759496506
0.32426385448868433	0.32521757170776872
0.25030741922696037	0.19473171582395321
0.19976040661548897	0.028264710311045747
0.17773820901117723	-0.15484899575315247
0.18189988414899994	-0.3305930687607897
0.20366197705719774	-0.47451766727715761
0.23045276075693127	-0.56676813283222716
0.24848668635416293	-0.59650676975458505
0.24571223626228114	-0.56425378743645926
0.21363265707489792	-0.48154049407223337
0.14938679713476019	-0.36856835439342167
0.055749106533749739	-0.24961380670398989
-0.059563975410087205	-0.14713255643510623
-0.18458763267551043	-0.077251094745833623
-0.30536291323773962	-0.046385337473648695
-0.40775746194125201	-0.05063371417684269
-0.47937295493795073	-0.077164393180462323
-0.5110190262984774	-0.10803015045264724
-0.49775368679666759	-0.12476355256930929
-0.4396636379978926	-0.11340564750566821
-0.34203767538980206	-0.067540519424247353
-0.21406616490175445	0.010577590975299329
-0.068234131947217808	0.11080460054452904
0.082019680841255452	0.2175342275166067
0.22351663552722681	0.31342615881727109
0.34541903643928301	0.38330762050654371
0.44061735521697698	0.41712123100135307
0.50668394802991212	0.41139892768684683
0.54543954775088588	0.36934866848176345
0.5623463529982905	0.29955390835786216
0.56486069839405839	0.21389276177101182
0.56121923264846352	0.12493695570005191
0.5580979762950965	0.043870992077880824
0.55948520134103741	-0.021241883515969964
0.56564101248240017	-0.066239995943677771
0.57335745180044639	-0.091036643639871268
0.57656540971918468	-0.099099889219402729
0.56772185005131148	-0.096325439127520937
0.53902363191340918	-0.089996224855415599
0.48448834729485779	-0.087568581025019035
0.40073463514617619	-0.095111617212322655
0.288456107990335	-0.11626679916292131
0.15250805348812721	-0.15042721591921587
0.0022542406996539552	-0.19282428138578447
-0.14990700652698802	-0.23409422650252612
-0.2891497205133054	-0.26192542898671534
-0.40038782888469099	-0.26296584777117099
-0.47000918587784968	-0.22611768248836597
-0.48778300677896741	-0.14609213765065057
-0.44859389923113713	-0.026357275872877017
-0.35382908828029969	0.11947475708165964
-0.21155181950598659	0.26868815108567723
-0.035721044932978063	0.39258468800127344
0.15554260827612293	0.46246614969054606
0.34221107852054466	0.45570342759158422
0.50564352924545641	0.36275934951354422
0.63110069433773619	0.19065674225150184
0.70947890943339675	-0.035721044932978063
0.73835053070204171	-0.27718490449206518
0.7213570238892657	-0.48708939425599695
0.66664833613997165	-0.62121671588540728
0.5842818490372309	-0.64766069332365561
0.48353463007577341	-0.55497671994172959
0.37151620761604609	-0.35634343367606758
0.25195474896901515	-0.087915387286504262
0.12606407604987888	0.19767956904657763
-0.0056356017491348883	0.44235138652440309
-0.14175705938208527	0.59537964940475807
-0.27805192014577823	0.62407786754266037
-0.40628353532993977	0.52142321414303416
-0.51509399987092874	0.30727034767590838
-0.59217169148601978	0.023669527346366532
-0.62745922859214132	-0.27510406692315387
-0.61618802509387161	-0.53555556929855697
-0.56147933734457744	-0.7167618409245865
-0.47486447353864281	-0.79912832802732714
-0.37463746396941311	-0.7875970198329435
-0.28247369997971489	-0.70835178908356977
-0.21805443690883453	-0.60040834019629385
-0.19421150643172538	-0.5035626916765451
-0.21293904455192747	-0.44729337575056755
-0.2640062665556267	-0.44269819278588829
-0.32677819988445223	-0.47997986589554986
-0.37489756866552704	-0.5319141035529622
-0.38296081424505851	-0.5623463529982905
-0.33319411572192886	-0.53728960060598308
-0.22143579795831544	-0.43593547068692645
-0.059477273844715899	-0.25750364915277874
0.12597737448450758	-0.022975914823396084
0.29877359426952038	0.23010595449544605
0.42136960770454701	0.45657044324529727
0.46315976221351651	0.61601462196312895
0.40888458229107899	0.68286152886440588
0.26296584777117099	0.65390320603038965
0.049853400088500935	0.5482139978427677
-0.19065674225150184	0.4022952633228597
-0.41174573394833208	0.25967118828706137
-0.56928247822799505	0.15901067089097515
-0.63170760529533532	0.1233763275233684
-0.58688289599837018	0.15424208479555332
-0.44495243348554225	0.23149317954138696
-0.2353080484177244	0.31966867152400513
-0.00052020939222783581	0.37879913910723578
0.21363265707489792	0.37663159997295315
0.36752793560896602	0.29860019113877778
0.43550196286006992	0.15320166601109766
0.41027180733701984	-0.029478532226244032
0.30284856784197178	-0.20539600836462385
0.13811559363649042	-0.32851223119187833
-0.051500729830555751	-0.3640598729941138
-0.23435433119864005	-0.29825338487729253
-0.38504165181396982	-0.14349109068951138
-0.48899682869416566	0.064419263070880334
-0.54205818670140493	0.27475726066166861
-0.5485608041042529	0.43489505190247074
-0.51665462804761231	0.50434300576488689
-0.45422950098027198	0.46524059978242788
-0.36570720273616858	0.32738511084205135
-0.25212815209975775	0.1264108823113641
-0.11253863185195516	-0.085747848152221612
0.052020939222783585	-0.25342867558032733
0.23478783902549658	-0.33224039850284448
0.42084939831231921	-0.29964060992323344
0.58714300069448411	-0.16109150845988651
0.70618424994928719	0.051327326699813138
0.75196267646533665	0.28758909233662189
0.70679116090688632	0.49185798035141881
0.56789525318205414	0.61644812978998542
0.35088123505767527	0.63326823347201888
0.089042507636331231	0.54015075226323617
-0.17201590569667105	0.360158302552405
-0.38304751581042978	0.13542784510997993
-0.50243557132671812	-0.084013816844795489
-0.50538342454934249	-0.25256165992661428
-0.39111076138996126	-0.3397834346901481
-0.18320040762956952	-0.33674887990215241
0.074129838392466604	-0.25663663349906568
0.3261712889268531	-0.13013904962233028
0.51899557031263754	0.0032079579187383211
0.61202634995604888	0.10508229723002284
0.58688289599837018	0.14747936269659145
0.45102154306153369	0.11886784612406048
0.23548145154846703	0.025837066480649179
-0.011964816021240225	-0.1101976895869299
-0.23894951416331928	-0.25915097889483357
-0.39934741010023533	-0.38989693947476295
-0.46411347943260089	-0.47763892363052463
-0.42639829849608279	-0.50937169655642256
-0.3018948506228874	-0.48535536294857085
-0.12415664161171015	-0.41859515761266525
0.063552247417167279	-0.33041966563004704
0.21831454160494845	-0.24553883313153851
0.30622992889145267	-0.18640836554830784
0.30926448367944842	-0.16906805247404666
0.22672459344596513	-0.20028061600771679
0.074650047784694445	-0.27683809823057998
-0.11930135395091702	-0.38703578781750986
-0.32183621065828777	-0.51301316230201743
-0.50061483845392074	-0.63430865225647448
-0.62971346929179528	-0.73063409138399549
-0.6926588057513634	-0.78525607756791815
-0.68407535077960413	-0.78699010887534437
-0.6087316904719392	-0.73167451016845109
-0.47997986589554986	-0.62303744875820477
-0.3175011323897225	-0.47209002344676104
-0.14392459851636791	-0.29634595043912382
0.018033925597231642	-0.11722051638200567
0.14860648304641844	0.042743871728053842
0.23340061397955569	0.16343245072491175
0.26617380568990934	0.23001925293007475
0.24987391140010382	0.23643516876755138
0.19672585182749325	0.18614826085219394
0.12589067291913628	0.092510570251183477
0.059824080106201119	-0.023409422650252611
0.019247747512429927	-0.13646826389443562
0.017600417770375111	-0.22169590265442937
0.057136331579690634	-0.25880417263334832
0.12675768857284933	-0.23626176563680878
0.20383538018794034	-0.15276815818424114
0.2594110835909475	-0.017947224031860335
0.26600040255916674	0.14999370809235935
0.20548270992999515	0.32773191710353661
0.076297377526749255	0.49090426313233443
-0.10369507218408194	0.61861566892426811
-0.29912040053100564	0.69621356993158701
-0.46454698725945742	0.7167618409245865
-0.55515012307247213	0.68138760225309369
-0.53902363191340918	0.59815409949663989
-0.40680374472216763	0.47945965650332201
-0.17695789492283548	0.3396100315594055
0.10655622384133503	0.19265087825504187
0.38304751581042978	0.050807117307585303
0.58905043513265276	-0.075863869699892728
0.67384456606579002	-0.17964564344934597
0.612633260913648	-0.25490260219163957
0.41469358717095645	-0.297819877050436
0.12216250560817012	-0.306316630456824
-0.19924019722326114	-0.28082637023766005
-0.47564478762698459	-0.22429694961556856
-0.64332561505509034	-0.14375119538562531
-0.66396058761346111	-0.049506593827015714
-0.53512206147170049	0.044564604600851272
-0.29071034868998891	0.12320292439262578
0.007456334621932314	0.17158239786981452
0.28481464224474012	0.17808501527266246
0.4734772484927019	0.13690177172129214
0.52879284719959518	0.049593295392387014
0.44061735521697698	-0.074303241523209218
0.2352213468523531	-0.21814113847420583
-0.03181947449126929	-0.36111201977148938
-0.29019013929776111	-0.48128038937611944
-0.47287033753510277	-0.56000541073326526
-0.5326077160759326	-0.58540896938705789
-0.4529289774997024	-0.55436980898413035
-0.2510877333153021	-0.47373735318881582
0.027917904049560523	-0.35851097281035021
0.32409045135794173	-0.22923893884173299
0.57821273946123952	-0.10733653792967679
0.74658717941231578	-0.011357905063641082
0.81083303935245343	0.046472039039020002
0.77996728208026855	0.062078320805855076
0.68572268052165897	0.039449212243944216
0.57171012205839156	-0.011271203498269777
0.47989316433017859	-0.076730885353605782
0.43897002547492214	-0.14409800164711054
0.45709065263752507	-0.20374867862256904
0.52081630318543504	-0.25134783801141602
0.60075514645777905	-0.28767579390199322
0.66109943595620801	-0.31732772925897984
0.67098341440853693	-0.34585254426613954
0.61324017187124713	-0.37723851093055227
0.48969044121713612	-0.41183243551370335
0.32062238874308951	-0.44555934444314138
0.13863580302871825	-0.47078949996619146
-0.020201464731514292	-0.47876604398035161
-0.1264975838767354	-0.46237944812517473
-0.16516648203233789	-0.41894196387415045
-0.13889590772483218	-0.35192165384213092
-0.066413399074420371	-0.26998867456624681
0.023149317954138694	-0.18519454363310955
0.098926486088660115	-0.10941737549858814
0.13655496545980692	-0.050547012611471383
0.12467685100393799	-0.0096238737562149637
0.067800624120361266	0.019941360035400375
-0.015259475505349852	0.050893818872956603
-0.096585543823634851	0.09805947043494706
-0.14730595956584885	0.17296962291575541
-0.14505171886619489	0.27909233893023394
-0.080198947968458029	0.40836437289885114
0.041703452943598174	0.54093106635157795
0.20019391444234549	0.64852770897736867
0.3645800823863416	0.70054864820015228
0.50044143532317809	0.67228393788910656
0.57647870815381341	0.55263577767670424
0.57101650953542116	0.34871369592339263
0.47633840014995504	0.087481879459647721
0.29990071461934736	-0.18900941250944703
0.063118739590310752	-0.43125358615687592
-0.20270825983811336	-0.59312540870510422
-0.46116562620997648	-0.64211179313989208
-0.67731262868064224	-0.56754844692056894
-0.8219308397199806	-0.38348102363728631
-0.87637942277316083	-0.12658428544210673
-0.8346759698295626	0.15259475505349851
-0.7040167108150045	0.40012772418857706
-0.5032158854150599	0.57145001736227763
-0.2597578898524327	0.64046446339783725
-0.0058957064452488063	0.60526362785708698
0.22620438405373727	0.48760960364822481
0.40871117916033634	0.32643139362296697
0.52177002040451936	0.16802763368959098
0.55627724342229912	0.054015075226323622
0.51405358108647314	0.011271203498269777
0.40784416350662328	0.046038531212163475
0.25863076950260572	0.14271077660116963
0.092597271816554777	0.26851474795493457
-0.062771933328825524	0.38244060485283066
-0.18233339197585646	0.44555934444314138
-0.24701275974285072	0.43055997363390547
-0.24623244565450897	0.32825212649576441
-0.17912543405711814	0.14956020026550282
-0.054621986183922763	-0.077337796311204923
0.10959077862933075	-0.31403306977487022
0.28949652677479065	-0.52003598909709325
0.4575241604643816	-0.66231325787140638
0.58618928347539967	-0.72118362075852305
0.65199577159222089	-0.69378592610119039
0.63959744774412419	-0.59373231966270335
0.54448583053180155	-0.44651306166222576
0.37463746396941311	-0.28377422346028447
0.1508607237460724	-0.13612145763295039
-0.096065334431407023	-0.027571097788075299
-0.32946594841096272	0.029045024399387501
-0.51318656543276009	0.032599788579611044
-0.61774865327055506	-0.0066760205335905601
-0.62615870511157179	-0.070661775777614372
-0.53780980999821093	-0.13750868267889127
-0.36934866848176345	-0.18580145459070871
-0.15172773939978546	-0.19871998783103328
0.0754303618730362	-0.16655370707827877
0.27198281056978685	-0.088175491982618176
0.40498301184937019	0.029131725964758808
0.45579012915695549	0.17088878534684407
0.42293023588123052	0.31776123708583637
0.3220963153544017	0.44876730236187973
0.18163977945288601	0.54405232270494497
0.03554764180223545	0.58835682260968236
-0.084794130933137243	0.57361755649656032
-0.15857716306411862	0.5000079274963215
-0.17895203092637552	0.37706510779980967
-0.15458889105703855	0.2221294104812859
-0.10516899879539415	0.058436855060260223
-0.055835808099121045	-0.08834889511336079
-0.029305129095501418	-0.19412480486635408
-0.039102405982458996	-0.24007663451314623
-0.085921251282964226	-0.21571349464380926
-0.15745004271429164	-0.12042847430074399
-0.23218679206435741	0.035374238671492836
-0.28620186729068103	0.23183998580287218
-0.29981401305397604	0.44243808808977436
-0.26426637125174063	0.63795011800206936
-0.1845009311101391	0.79028476835945394
-0.078291513530289292	0.87724643842687389
0.027744500918817912	0.88522298244103403
0.10525570036076545	0.81256707065987954
0.13178637936438509	0.66976959249333867
0.097019051650491378	0.47876604398035161
0.0058090048798775003	0.26964186830476156
-0.12259601343502664	0.075863869699892728
-0.25880417263334832	-0.071008582039099599
-0.37021568413547651	-0.14704585486973493
-0.4284791360649941	-0.14071664059762959
-0.41590740908615476	-0.055575703403007132
-0.32972605310707664	0.089822821724672985
-0.18224669041048516	0.26461317751322583
0.0020808375689113433	0.43151369085298985
0.19213066886281405	0.55393630115727388
0.35634343367606758	0.6030960887228044
0.46914217022413662	0.56468729526331585
0.51518070143630013	0.44113756460920478
0.49168457722067616	0.25169464427290122
0.40793086507199461	0.028091307180303136
0.28264710311045749	-0.19256417668967057
0.14036983433614436	-0.37611139058072529
0.0066760205335905601	-0.49836059775426672
-0.095631826604550482	-0.55064164167316421
-0.14990700652698802	-0.54023745382860755
-0.14773946739270538	-0.48752290208285348
-0.090256329551529513	-0.41937547170100697
0.012918533240324589	-0.36189233385983116
0.14453150947396706	-0.33241380163358708
0.28212689371822963	-0.33492814702935497
0.40160165079988924	-0.35929128689869194
0.48067347841852032	-0.38478154711785589
0.50269567602283205	-0.3863421752945394
0.45986510272940689	-0.34290469104351512
0.3552163133262406	-0.24475851904319676
0.20253485670737076	-0.097279156346605306
0.024449841434708283	0.078811722922517133
-0.15164103783441416	0.25221485366512908
-0.29929380366174824	0.38807620660196551
-0.39804688661966575	0.45769756359512426
-0.43810300982120909	0.44529923974702745
-0.42267013118511665	0.35348228201881443
-0.36709442778210949	0.20227475201125683
-0.29513212852392551	0.024796647696193507
-0.23296710615269914	-0.14141025312060004
-0.20262155827274206	-0.26313925090191365
-0.21554009151306666	-0.32010217935086166
-0.26981527143550421	-0.30935118524481969
-0.34940730844636309	-0.24527872843542459
-0.42839243449962283	-0.15554260827612293
-0.47729211736903937	-0.073176121173382236
-0.47113630622767666	-0.027657799353446606
-0.39631285531223959	-0.037541777805775486
-0.25559621471461003	-0.10629611914522112
-0.068494236643331721	-0.22108899169683024
0.13239329032198421	-0.35738385246052323
0.30796396019887884	-0.48518195981782825
0.42214992179288879	-0.57708561911141254
0.44989442271170671	-0.61523430787478717
0.38330762050654371	-0.59468603688178767
0.23418092806789745	-0.5244577689310298
0.031125861968298845	-0.42449086405791403
-0.18658176867905046	-0.32001547778549033
-0.37775872032278013	-0.2352213468523531
-0.50807117307585303	-0.18744878433276352
-0.55723096064138344	-0.18380731858716867
-0.52203012510063329	-0.21978846821626064
-0.41625421534763996	-0.2816933858913731
-0.26556689473231021	-0.34992751783859088
-0.10118072678831407	-0.40385589149954321
0.047599159388846977	-0.42631159693071147
0.1596175818485743	-0.40663034159142503
0.22516396526928162	-0.34281798947814385
0.24623244565450897	-0.24068354547074539
0.23331391241418437	-0.1131455428095543
0.20088752696531595	0.022455705431168246
0.16265213663656999	0.14739266113122015
0.12719119639970586	0.2437181002587411
0.097019051650491378	0.29738636922357947
0.069274550731673476	0.29938050522711951
0.038495495024859855	0.24761967070044985
0.0006069109575991418	0.14765276582733408
-0.043870992077880824	0.012571726978839366
-0.08834889511336079	-0.13820229520186172
-0.12086198212760053	-0.28117317649914525
-0.12762470422656239	-0.39232458330515951
-0.097625962608090533	-0.45076143836541976
-0.026790783699733547	-0.44261149122051702
0.078378215095660606	-0.3638864698633712
0.20054072070383072	-0.2220427089159146
0.31437987603635548	-0.03554764180223545
0.39180437391293171	0.16967496343164579
0.40879788072570766	0.36449338082097033
0.35174825071138832	0.52229022979674722
0.221869305785172	0.62390446441191783
0.036414657455948511	0.66170634691380714
-0.17444354952706762	0.64037776183246597
-0.37377044831570005	0.5754382893693577
-0.52575829241159944	0.48899682869416566
-0.60457001533411658	0.40489631028399892
-0.60006153393480866	0.34273128791277252
-0.52012269066246453	0.31394636820949895
-0.38920332695179249	0.31932186526251988
-0.2421574720820576	0.35001421940396221
-0.11565988820532216	0.3905905519977334
-0.039882720070800751	0.4235371468388297
-0.030779055706813621	0.43376793155264376
-0.086354759109820753	0.41261274960204514
-0.18805569529036265	0.35894448063720674
-0.30492940541088309	0.27943914519171914
-0.40246866645360235	0.18545464832922348
-0.45032793053856324	0.089476015463187758
-0.4306466751992768	0.0013872250459408956
-0.34229778008591599	-0.074216539957837918
-0.20036731757308809	-0.13854910146334695
-0.032859893275724965	-0.1972460612197211
0.12684439013822063	-0.25776375384889266
0.24787977539656378	-0.32539097483851132
0.30874427428722057	-0.40030112731931966
0.30250176158048653	-0.47590489232309852
0.23738888598663577	-0.53893693034803791
0.13369381380255382	-0.57266383927747599
0.018207328727974256	-0.56069902325623577
-0.082886696494968506	-0.49194468191679008
-0.15025381278847325	-0.3642332761248564
-0.1754839683115233	-0.18658176867905046
-0.16221862880971347	0.021415286646712575
-0.12406994004633885	0.23305380771807047
-0.080285649533829329	0.41876856074340785
-0.049940101653872242	0.55272247924207563
-0.047425756258104371	0.61748854857444113
-0.078811722922517133	0.6076912716874836
-0.14115014842448612	0.53078698320313522
-0.22403684491945464	0.40506971341474152
-0.31273254629430064	0.25524940845312477
-0.39232458330515951	0.10777004575653333
-0.45093484149616236	-0.014825967678493321
-0.48240750972594643	-0.097886067304204447
-0.48691599112525435	-0.13672836859054951
-0.46957567805099315	-0.13586135293683646
-0.43827641295195169	-0.10664292540670635
-0.40134154610377537	-0.063378844286424665
-0.36544709804005465	-0.019594553773915151
-0.33432123607175585	0.015259475505349852
-0.30900437898333449	0.036934866848176345
-0.28828270485959234	0.046211934342906082
-0.27016207769698941	0.046645442169762616
-0.25290846618809953	0.042223662335826008
-0.23608836250606616	0.034854029279265002
-0.22108899169683024	0.023062616388767387
-0.21051140072153091	0.0026010469611391792
-0.20713003967204996	-0.031992877622011903
-0.21363265707489792	-0.084880832498508543
-0.23183998580287218	-0.15606281766835076
-0.26235893681357186	-0.23912291729406188
-0.30432249445328396	-0.32140270283143124
-0.3555631195877258	-0.3863421752945394
-0.41243934647130254	-0.41720793256672434
-0.47000918587784968	-0.40108144140766144
-0.52168331883914809	-0.33362762354878539
-0.55965860447178006	-0.22091558856608762
-0.57561169250010036	-0.079592037010858888
-0.56225965143291923	0.066153294378306457
-0.51474719360944354	0.19004983129390268
-0.43316102059504463	0.26938176360864768
-0.32365694353108521	0.29157736434370202
-0.19889339096177591	0.25715684289129354
-0.077251094745833623	0.18103286849528688
0.020028061600771679	0.088782402940217317
0.07334952430412485	0.011097800367527165
0.068580938208703021	-0.023929632042480449
0.0017340313074261195	0.0019074344381687315
-0.1190412492548031	0.091556853032099109
-0.27345673718109903	0.2306261638876739
-0.43203390024521765	0.3902437457362482
-0.5616527404753201	0.53304122390278907
-0.6321411131221919	0.62182362684300641
-0.62347095658506124	0.62815284111511183
-0.53018007224553598	0.5393704381748945
-0.3638864698633712	0.36267264794817289
-0.151034126876815	0.12415664161171015
0.071442089865956127	-0.13629486076369299
0.2641796696863693	-0.37281673109661567
0.39336500208961522	-0.54266509765900406
0.43766950199435256	-0.61506090474404462
0.3932783005242439	-0.57699891754604127
0.27389024500795556	-0.43532855972932727
0.10811685201801854	-0.21475977742472491
-0.067020310032019512	0.047685860954218284
-0.21311244768267007	0.3103916040292754
-0.29860019113877778	0.53503535990632911
-0.30440919601865529	0.69309231357821999
-0.22733150440356426	0.7706035130201675
-0.079592037010858888	0.76869607858199873
0.11418596159400997	0.70158906698460799
0.3224431216158869	0.59286530400899029
0.51301316230201743	0.46940227492025055
0.65858509056044012	0.35599662741458232
0.7412116823592948	0.27120249648144507
0.75447702186110455	0.22481715900779639
0.7033230982920341	0.2177943322127206
0.60231577463446262	0.24311118930114195
0.47235012814287497	0.28854280955570627
0.33640207364066715	0.3399568378208907
0.21571349464380926	0.38408793459488544
0.12710449483433456	0.41087871829461903
0.08080585892605717	0.41452018404021385
0.080112246403086715	0.39423201774332828
0.12112208682371445	0.35339558045344316
0.19412480486635408	0.29877359426952038
0.28559495633308185	0.23877611103257665
0.38044646884929062	0.18233339197585646
0.46437358412871482	0.13716187641740604
0.52541148615011424	0.10898386767173161
0.55558363089932872	0.10083392052682885
0.55194216515373384	0.1118450193289847
0.51639452335149838	0.1379421905057478
0.45509651663398504	0.17140899473907192
0.37741191406129493	0.201754542619029
0.29400500817409858	0.21701401812437884
0.21527998681695273	0.20496250053776732
0.14973360339624542	0.15554260827612293
0.10265465339962628	0.062771933328825524
0.075083555611550973	-0.073176121173382236
0.06407245680939512	-0.24441171278171153
0.062945336459568138	-0.4354152612946986
0.062685231763454224	-0.6236443597158039
0.053494865834095788	-0.78291513530289292
0.027224291526590075	-0.88678361061771749
-0.020721674123742127	-0.91340099118670848
-0.089909523290044299	-0.8502822515963977
-0.17401004170021109	-0.69768749654289919
-0.26079830863688835	-0.47044269370470621
-0.33388772824489932	-0.19672585182749325
-0.37550447962312616	0.085314340325365084
-0.36995557943936258	0.33449463920249844
-0.30744375080665098	0.51370677482498794
-0.18753548589813482	0.59720038227755556
-0.02046156942762821	0.57639200658844214
0.17296962291575541	0.46151243247146168
0.36379976829799987	0.28039286241080352
0.52012269066246453	0.072829314911897022
0.61324017187124713	-0.1175673226434909
0.62373106128117517	-0.25238825679587168
0.54613316027385628	-0.30718364611053706
0.390763955128476	-0.27588438101149559
0.18294030293345562	-0.17201590569667105
-0.042310363901197315	-0.02436313986933698
-0.2467526550467368	0.1305725574491868
-0.39743997566206657	0.25698343976055088
-0.4734772484927019	0.32920584371484879
-0.47018258900859228	0.33692228303289501
-0.39978091792709186	0.28724228607513669
-0.28750239077125062	0.20132103479217248
-0.16507978046696659	0.10777004575653333
-0.062858634894196824	0.033553505798695413
-0.0017340313074261195	-0.003728167310966157
0.010924397236784553	-0.0012138219151982836
-0.017513716205003808	0.028698218137902277
-0.068060728816475194	0.062425127067340304
-0.11618009759755001	0.072395807085040481
-0.13976292337854523	0.035981149629091977
-0.12545716509227975	-0.056529420622091493
-0.073089419608010936	-0.1975928674812063
0.0040749735724513805	-0.36293275264428682
0.083233502756453734	-0.51752164370132536
0.13915601242094608	-0.6243379722387743
0.15129423157292893	-0.65459681855336005
0.11063119741378642	-0.59659347131995644
0.023062616388767387	-0.45951829646792164
-0.091643554597470409	-0.27276312465812858
-0.20435558958016817	-0.07924523074937366
-0.28429443285251227	0.075170257176922273
-0.3066634367183092	0.15294156131498374
-0.26001799454854663	0.13490763571775211
-0.14903999087327496	0.025230155523050038
0.0061558111413627242	-0.14921339400401759
0.17435684796169632	-0.34541903643928301
0.32157610596217384	-0.51474719360944354
0.41859515761266525	-0.61462739691718804
0.44781358514279535	-0.61896247518575331
0.40706384941828155	-0.52437106736565853
0.30900437898333449	-0.35027432410007614
0.17782491057654856	-0.13386721693329642
0.042657170162682542	0.079418633880116274
-0.069274550731673476	0.24614574408913767
-0.13846239989797565	0.3353616548562115
-0.15692983332206381	0.33406113137564192
-0.12875182457638937	0.24961380670398989
-0.06788732568573258	0.10594931288373589
0.0059824080106201123	-0.063205441155682052
0.07178889612744134	-0.22308312770037028
0.11201842245972732	-0.34533233487391168
0.11583329133606478	-0.41330636212501559
0.080285649533829329	-0.4242307593618001
0.0099706800177001877	-0.38720919094825246
-0.084447324671652016	-0.31923516369714861
-0.1886626062479618	-0.24033673920926016
-0.28689547981365149	-0.16776752899347705
-0.36449338082097033	-0.1132322443749256
-0.40966489637942072	-0.081326068318284997
-0.41478028873632777	-0.070661775777614372
-0.37775872032278013	-0.076210675961377955
-0.30293526940734306	-0.091556853032099109
-0.20080082539994462	-0.11115140680601426
-0.087221774763533808	-0.13178637936438509
0.019161045947058621	-0.15242135192275591
0.099533397046259256	-0.17374993700409716
0.13906931085557478	-0.19655244869675065
0.13013904962233028	-0.22082888700071632
0.074823450915437059	-0.24519202687005329
-0.014565862982379404	-0.26695411977825112
-0.11808753203571874	-0.28230029684897223
-0.21163852107135789	-0.28732898764050802
-0.27310993091961383	-0.27865883110337741
-0.28810930172884974	-0.25290846618809953
-0.25394888497255519	-0.20765024906427781
-0.18146637632214341	-0.14097674529374352
-0.092944078078040004	-0.052281043918897499
-0.016733402116662053	0.057049630014319327
0.019854658470029068	0.18268019823734169
-0.0021675391342826492	0.31672081830138071
-0.087221774763533808	0.44703327105445362
-0.22308312770037028	0.55792457316435395
-0.38200709702597413	0.63188100842607797
-0.52705881589216896	0.65277608568056267
-0.6200895955355803	0.60933860142953833
-0.63127409746847885	0.49853400088500938
-0.54674007123145552	0.32790532023427921
-0.37238322326975914	0.11591999290143609
-0.13395391849866772	-0.11045779428304381
0.12849171988027544	-0.31932186526251988
0.3688284590895356	-0.47989316433017859
0.54457253209717282	-0.56746174535519756
0.62546509258860128	-0.56876226883576719
0.59997483236943738	-0.48379473477188734
0.47651180328069764	-0.32608458736148177
0.28099977336840265	-0.11956145864703094
0.050893818872956603	0.10612271601447851
-0.17340313074261196	0.32114259813531731
-0.35625673211069625	0.50044143532317809
-0.47304374066584537	0.62719912389602739
-0.51362007325961656	0.69456624018953217
-0.48249421129131775	0.70471032333797501
-0.39631285531223959	0.66664833613997165
-0.27909233893023394	0.59321211027047549
-0.15666972862594988	0.49758028366592499
-0.052454447049640113	0.39102405982458993
0.016386595855176829	0.2816933858913731
0.040142824766914664	0.17392334013483979
0.017340313074261194	0.069881461689272617
-0.046472039039020002	-0.03034554787995709
-0.14019643120540176	-0.12675768857284933
-0.24961380670398989	-0.21935496038940411
-0.35920458533332067	-0.30761715393739358
-0.45440290411101458	-0.38972353634402035
-0.52324394701583155	-0.46298635908277391
-0.5580979762950965	-0.5234173501465742
-0.55627724342229912	-0.56616122187462803
-0.52107640788154885	-0.58540896938705789
-0.46099222307923388	-0.57517818467324378
-0.38772940034048031	-0.53044017694164991
-0.31377296507875629	-0.448854003927251
-0.24944040357324729	-0.33232710006821581
-0.20045401913845942	-0.18788229215962005
-0.16612019925142224	-0.02817800874567444
-0.13967622181317393	0.13013904962233028
-0.10985088332544467	0.2686014495203059
-0.064592666201622947	0.37064919196233304
0.0056356017491348883	0.42561798440774101
0.10360837061871064	0.4313402877222472
0.22377674022334071	0.39544583965852653
0.35226846010361618	0.33397442981027059
0.46992248431247835	0.26756103073585025
0.55653734811841304	0.21614700247066579
0.59650676975458505	0.19369129703949756
0.58324143025277531	0.20374867862256904
0.52185672196989064	0.23773569224812097
0.42882594232647936	0.27666469509983738
0.32790532023427921	0.29608584574300989
0.24501862373931069	0.2728498262234999
0.20062742226920202	0.19213066886281405
0.20504920210313862	0.053061358007239254
0.25464249749552564	-0.12918533240324589
0.33267390632970101	-0.32539097483851132
0.41269945116741641	-0.49810049305815279
0.465847510740027	-0.61037902021399404
0.46792834830893831	-0.63482886164870234
0.40680374472216763	-0.56069902325623577
0.28628856885605231	-0.39778678192355182
0.12563056822302235	-0.17531056518078067
-0.044044395208623438	0.064419263070880334
-0.18701527650590699	0.27449715596555474
-0.27189610900441552	0.41417337777872865
-0.27883223423412001	0.457350757333639
-0.20504920210313862	0.39804688661966575
-0.065893189682192543	0.2509143301845595
0.10820355358338986	0.047425756258104371
0.27857212953800609	-0.17192920413129975
0.40628353532993977	-0.36666091995525296
0.46107892464460515	-0.50477651359174336
0.42726531414979585	-0.56902237353188112
0.30692354141442313	-0.55844478255658181
0.11817423360109004	-0.48708939425599695
-0.10863706141024639	-0.37845233284575058
-0.33796270181735066	-0.25880417263334832
-0.53616248025615609	-0.1509474253114437
-0.67765943494212744	-0.06944795386241609
-0.74875471854659836	-0.017947224031860335
-0.74832121071974189	0.0090169627986158209
-0.68641629304462937	0.023669527346366532
-0.58072708485700741	0.039796018505429444
-0.45180185714987542	0.069014446035559548
-0.31897505900103468	0.11722051638200567
-0.1974194643504637	0.18328710919494082
-0.097019051650491378	0.2595844867216901
-0.022195600735054329	0.33432123607175585
0.026443977438248324	0.39423201774332828
0.05098052043832791	0.42778552354202365
0.054882090880036684	0.42743871728053845
0.042397065466568622	0.39093735825921866
0.018640836554830783	0.32200961378903037
-0.010057381583071493	0.22958574510321822
-0.03589444806372067	0.1263241807459928
-0.049506593827015714	0.027137589961218771
-0.041269945116741646	-0.052974656441867947
-0.0032946594841096271	-0.10066051739608624
0.068320833512589108	-0.10629611914522112
0.17210260726204235	-0.06571978655144993
0.29929380366174824	0.018640836554830783
0.43515515659858467	0.13707517485203474
0.56052562012549312	0.27354343874647036
0.65546383420707321	0.40741065567976675
0.70375660611889057	0.51691473274372624
0.69647367462770093	0.58263451929517618
0.63508896634481626	0.59147807896304938
0.53208750668370475	0.53980394600175097
0.40879788072570766	0.43489505190247074
0.29105715495147416	0.29461191913169771
0.20400878331868297	0.14418470321248184
0.16612019925142224	0.011444606629012389
0.18458763267551043	-0.078638319791774519
0.25299516775347081	-0.10941737549858814
0.35192165384213092	-0.076297377526749255
0.4529289774997024	0.012311622282725448
0.5244577689310298	0.13664166702517822
0.53919703504415184	0.26998867456624681
0.48067347841852032	0.38452144242174197
0.34723976931208045	0.4570039510721538
0.15380857696869679	0.47373735318881582
-0.070921880473728285	0.43307431902967336
-0.28975663147090458	0.34472542391631256
-0.46463368882482869	0.22733150440356426
-0.56451389213257319	0.10352166905333933
-0.57223033145061941	-0.0052887954876496644
-0.48856332086730914	-0.083580309017938961
-0.33232710006821581	-0.12424334317708147
-0.13664166702517822	-0.12883852614176067
0.057569839406547169	-0.10542910349150807
0.20955768350244655	-0.065459681855336016
0.28689547981365149	-0.019854658470029068
0.27163600430830159	0.023669527346366532
0.16369255542102568	0.062338425501968997
-0.019247747512429927	0.09814617200031836
-0.24527872843542459	0.13525444197923731
-0.47451766727715761	0.17756480588043463
-0.66656163457460027	0.22577087622688075
-0.78742361670220085	0.27597108257686692
-0.81525481918639009	0.3197553730893764
-0.74355262462432004	0.34637275365836734
-0.58176750364146312	0.34507223017779776
-0.35296207262658663	0.30952458837556235
-0.090082926420786913	0.24025003764388886
0.17010847125850231	0.14626554078139317
0.39197777704367431	0.043264081120281683
0.54647996653534159	-0.048899682869416566
0.61488750161330197	-0.11115140680601426
0.59078446644007887	-0.12953213866473112
0.48076017998389164	-0.099273292350145342
0.30293526940734306	-0.026443977438248324
0.084187219975538102	0.072222403954297881
-0.14349109068951138	0.17322972761186933
-0.34802008340042218	0.2512611364460447
-0.50139515254226241	0.28524815007159665
-0.58376163964500316	0.26270574307505712
-0.58627598504077094	0.18268019823734169
-0.51205944508293311	0.056009211229863659
-0.37524437492701224	-0.097452559477347919
-0.19863328626566198	-0.25360207871106999
-0.0091036643639871278	-0.38981023790939168
0.16646700551290747	-0.48977714278250745
0.3066634367183092	-0.54691347436219806
0.39865379757726488	-0.56512080309017232
0.44009714582474913	-0.55593043716081392
0.43836311451732302	-0.53460185207947264
0.40810426820273721	-0.51483389517481493
0.36744123404359469	-0.5042563041995155
0.33336751885267146	-0.50217546663060419
0.31819474491269295	-0.49957441966946503
0.3268649014498235	-0.48232080816057515
0.35669023993755278	-0.4357620675561838
0.39874049914263615	-0.35070783192693267
0.44079075834771958	-0.22767831066504948
0.47104960466230533	-0.078291513530289292
0.48136709094149077	0.075950571265264027
0.46896876709339402	0.20825716002187694
0.43688918790601078	0.2930512909550142
0.39258468800127344	0.31342615881727109
0.34559243957002561	0.26617380568990934
0.30484270384551182	0.16447286950936743
0.27649129196909478	0.03554764180223545
0.26287914620579972	-0.085140937194622471
0.26235893681357186	-0.16204522567897087
0.27146260117755899	-0.16872124621256143
0.28559495633308185	-0.094938214081580041
0.30146134279603087	0.049419892261644408
0.31715432612823724	0.23600166094069486
0.33189359224135928	0.42362384840420098
0.34481212548168388	0.56772185005131148
0.35313547575732923	0.63058048494550833
0.35114133975378919	0.59061106330933633
0.33024626249930444	0.44729337575056755
0.28039286241080352	0.2219560073505433
0.1931710876472697	-0.047685860954218284
0.065199577159222089	-0.31620060890915291
-0.098579679827174888	-0.54101776791694922
-0.28386092502565574	-0.69187849166302162
-0.46766824361282444	-0.75699136725687244
-0.62156352214689248	-0.74433293871266182
-0.71832246910126996	-0.67826634589972667
-0.73757021661369992	-0.59121797426693545
-0.67237063945447784	-0.51466049204407227
-0.53200080511833348	-0.47070279840082013
-0.34203767538980206	-0.46610761543614093
-0.13993632650928783	-0.49116436782844836
0.032686490144982351	-0.52385085797343067
0.13941611711706001	-0.53668268964838395
0.15710323645280641	-0.50599033550694161
0.082193083971998065	-0.4194621732663783
-0.067800624120361266	-0.28056626554154612
-0.25759035071815006	-0.10837695671413247
-0.44148437087069003	0.066413399074420371
-0.57431116901953072	0.21007789289467438
-0.62156352214689248	0.29426511287021245
-0.56711493909371236	0.30414909132254137
-0.41764144039358087	0.24302448773577065
-0.20114763166142985	0.13204648406049899
0.039275809113201603	0.0051153923569070524
0.2551627068877535	-0.09979350174237317
0.40342238367268668	-0.14990700652698802
0.45570342759158422	-0.12580397135376498
0.40394259306491453	-0.026790783699733547
0.26131851802911621	0.1290986308378746
0.058957064452488064	0.30943788681019102
-0.16178512098285694	0.47564478762698459
-0.35842427124497889	0.59217169148601978
-0.49619305861998408	0.63543577260630146
-0.55428310741875908	0.5988477120196104
-0.52879284719959518	0.49402551948570145
-0.43194719867984638	0.34732647087745172
-0.28810930172884974	0.19282428138578447
-0.12736459953044849	0.063725650547909893
0.020808375689113433	-0.015172773939978545
0.13308690284495467	-0.032946594841096272
0.19594553773915149	0.0060691095759914182
0.2063497255837082	0.084794130933137243
0.17062868065073017	0.17947224031860337
0.10152753304979929	0.26617380568990934
0.015172773939978545	0.32729840927668002
-0.072482508650411795	0.355909925849211
-0.14808627365419061	0.35617003054532492
-0.20253485670737076	0.34117065973608901
-0.23175328423750086	0.32781861866890788
-0.23591495937532356	0.33050636719541837
-0.21892145256254758	0.35617003054532492
-0.18770888902887745	0.4019484570613745
-0.15042721591921587	0.45579012915695549
-0.11565988820532216	0.4991409118426085
-0.090343031116900827	0.51353337169424529
-0.079071827618631046	0.4858755723407987
-0.082713293364225893	0.41408667621335732
-0.09814617200031836	0.30796396019887884
-0.11843433829720396	0.18840250155184787
-0.13404062006403902	0.082106382406626752
-0.13456082945626688	0.015172773939978545
-0.1118450193289847	0.0065026174028479482
-0.061558111413627242	0.061818216109741156
0.014999370809235933	0.17158239786981452
0.11097800367527165	0.31281924785967197
0.21458637429398228	0.45396939628415806
0.31177882907521626	0.56217294986754796
0.38972353634402035	0.61133273743307837
0.43949023486715	0.58818341947893971
0.45856457924883731	0.49549944609701363
0.45102154306153369	0.35131474288453179
0.42674510475756799	0.1845009311101391
0.39848039444652228	0.027744500918817912
0.37801882501889406	-0.090082926420786913
0.37342364205421485	-0.1508607237460724
0.3861687721637968	-0.1507740221807011
0.4109654198599903	-0.10066051739608624
0.43714929260212471	-0.022282302300425636
0.45180185714987542	0.056962928448948028
0.44365191000497267	0.1118450193289847
0.40689044628753895	0.12528376196153712
0.34316479573962905	0.09207706242432695
0.26166532429060141	0.019161045947058621
0.17687119335746418	-0.076644183788234482
0.10473549096853761	-0.17392334013483979
0.058610258191002837	-0.25264836149198561
0.045171515558450413	-0.29938050522711951
0.062078320805855076	-0.31047830559464668
0.097972768869575746	-0.29209757373592982
0.13508103884849471	-0.25785045541426399
0.15380857696869679	-0.22421024805019724
0.13742198111351997	-0.20556941149536645
0.076730885353605782	-0.20973108663318915
-0.027224291526590075	-0.23582825780995226
-0.16343245072491175	-0.27389024500795556
-0.31221233690207278	-0.30796396019887884
-0.45032793053856324	-0.32018888091623299
-0.55575703403007126	-0.29556563635078209
-0.61271996247901928	-0.22585757779225207
-0.6148008000479307	-0.11167161619824209
-0.56581441561314283	0.037368374675032873
-0.47833253615349508	0.20478909740702472
-0.36995557943936258	0.37073589352770436
-0.2594110835909475	0.51622112022075572
-0.16195852411359957	0.62650551137305699
-0.08670156537130598	0.69352582140507646
-0.035287537106121529	0.71598152683624472
-0.0031212563533670151	0.69898802002346871
0.018467433424088173	0.65216917472296354
0.038235390328745934	0.58688289599837018
0.06225172393659769	0.51414028265184442
0.091556853032099109	0.44304499904737354
0.1219024009120562	0.37992625945706276
0.14470491260470966	0.32755851397279395
0.15008040965773065	0.28585506102919578
0.12944543709935982	0.25247495836124301
0.078464916661031905	0.22299642613499895
-0.0010404187844556716	0.19221737042818535
-0.10109402522294277	0.15493569731852377
-0.20938428037170392	0.10690303010282026
-0.31143202281373106	0.045951829646792168
-0.39449212243944221	-0.027137589961218771
-0.44963431801559278	-0.10785674732190463
-0.47425756258104368	-0.18779559059424875
-0.47130970935841926	-0.25602972254146655
-0.4486806007965084	-0.30085443183843175
-0.41677442473986781	-0.31281924785967197
-0.38556186120619768	-0.28715558450976536
-0.36163222916371723	-0.22568417466150945
-0.34715306774670912	-0.1380288920711191
-0.33900312060180637	-0.040402929463028585
-0.33102657658764623	0.047252353127361757
-0.31559369795155373	0.10542910349150807
-0.28620186729068103	0.11956145864703094
-0.239729828251661	0.083667010583310261
-0.17747810431506333	0.0022542406996539552
-0.10516899879539415	-0.1101976895869299
-0.031385966664412762	-0.23218679206435741
0.034680626148522388	-0.34004353938626203
0.086181355979078139	-0.41365316838650079
0.12008166803925878	-0.44131096773994738
0.13828899676723302	-0.42275683275048792
0.14687245173899233	-0.36891516065490693
0.15441548792629595	-0.29955390835786216
0.16889464934330403	-0.23773569224812097
0.19533862678155237	-0.20426888801479687
0.23383412180641222	-0.21189862576747179
0.27857212953800609	-0.26253233994431446
0.31906176056640601	-0.34602594739688214
0.34264458634740119	-0.44321840217811614
0.33804940338272199	-0.53052687850702129
0.29842678800803518	-0.5857557756485432
0.22351663552722681	-0.59373231966270335
0.12094868369297183	-0.54986132758482253
0.0046818845300505224	-0.46064541681774862
-0.1074232394950481	-0.34160416756294554
-0.1975928674812063	-0.21285234298655617
-0.25204145053438648	-0.0942446015586096
-0.2638328634248841	8.6701565371305974e-05
-0.23435433119864005	0.064419263070880334
-0.17244941352352758	0.10230784713814105
-0.091730256162841722	0.12476355256930929
-0.0071095283604470901	0.14635224234676447
0.069187849166302162	0.18068606223380165
0.13013904962233028	0.23591495937532356
0.175397266746152	0.31221233690207278
0.21068480385227351	0.40142824766914664
0.24527872843542459	0.48899682869416566
0.2886295111210776	0.55714425907601217
0.34671955991985259	0.58965734609025189
0.4194621732663783	0.57561169250010036
0.49983452436557896	0.51188604195219045
0.57491807997712996	0.40402929463028586
0.62806613954974044	0.26487328220933976
0.64323891348971907	0.11123810837138556
0.608384884210454	-0.038842301286345075
0.51899557031263754	-0.17019517282387361
0.37940605006483497	-0.2726764230927573
0.20253485670737076	-0.34229778008591599
0.0082366487102740679	-0.38044646884929062
-0.18033925597231643	-0.39223788173978824
-0.34030364408237596	-0.38339432207191504
-0.4529289774997024	-0.35877107750646414
-0.50599033550694161	-0.32053568717771819
-0.49532604296627103	-0.2682546432588207
-0.42535787971162708	-0.19941360035400374
-0.30822406489499271	-0.11167161619824209
-0.16126491159062911	-0.0047685860954218284
-0.0052020939222783584	0.11748062107811959
0.13898260929020348	0.2468393566121081
0.25212815209975775	0.37134280448530349
0.31949526839326253	0.4772054158036681
0.33276060789507234	0.55124855263076333
0.29105715495147416	0.58436855060260229
0.20114763166142985	0.57387766119267425
0.076817586918977096	0.52454447049640118
-0.063812352113281193	0.44790028670816667
-0.20045401913845942	0.36085191507537545
-0.3151601901246972	0.28143328119525918
-0.39501233183167	0.22551077153076685
-0.435241858163956	0.20322846923034121
-0.43931683173640734	0.21666721186289362
-0.41850845604729392	0.25967118828706137
-0.38850971442882209	0.31897505900103468
-0.36562050117079731	0.37836563128037926
-0.36232584168668769	0.42197651866214619
-0.38304751581042978	0.43870992077880822
-0.42327704214271578	0.42440416249254276
-0.46966237961636448	0.38322091894117238
-0.50442970733025816	0.32556437796925392
-0.50911159186030863	0.26539349160156761
-0.47104960466230533	0.21562679307843796
-0.38694908625213859	0.18493443893699565
-0.26591370099379541	0.17470365422318154
-0.12779810735730501	0.17869192623026162
0.00069361252297044779	0.18502114050236695
0.092510570251183477	0.18025255440694513
0.12684439013822063	0.15346177070721156
0.094851512516208741	0.10066051739608624
0.0031212563533670151	0.027050888395847465
-0.12779810735730501	-0.053754970530209702
-0.26669401508213719	-0.12294281969651187
-0.37949275163020624	-0.16169841941748564
-0.43697588947138211	-0.15718993801817774
-0.42214992179288879	-0.10681632853744896
-0.33440793763712712	-0.021068480385227351
-0.19048333912075924	0.078291513530289292
-0.020808375689113433	0.16265213663656999
0.13750868267889127	0.20374867862256904
0.24848668635416293	0.18155307788751471
0.28550825476771058	0.089736120159301686
0.23678197502903661	-0.060604394194542874
0.10768334419116202	-0.24319789086651325
-0.08080585892605717	-0.42197651866214619
-0.29651935356986642	-0.55939849977566614
-0.50330258698043118	-0.62659221293842826
-0.66794885962054118	-0.61020561708325149
-0.76644183788234477	-0.51700143430909751
-0.78707681044071565	-0.37203641700827395
-0.73184791329919374	-0.213372552378784
-0.61445399378644538	-0.082019680841255452
-0.45674384637603987	-0.011791412890497613
-0.2845545375486262	-0.020721674123742127
-0.12311622282725448	-0.10646952227596373
0.0066760205335905601	-0.2466659534813655
0.089736120159301686	-0.40515641498011279
0.11860774142794657	-0.5414512757438058
0.092770674947297391	-0.62191032840837779
0.018467433424088173	-0.62815284111511183
-0.09216376398969825	-0.5623463529982905
-0.22238951517739983	-0.44625295696611184
-0.35278866949584403	-0.31559369795155373
-0.46289965751740259	-0.20981778819856045
-0.53408164268724478	-0.16109150845988651
-0.55176876202299119	-0.18519454363310955
-0.50807117307585303	-0.27675139666520865
-0.40342238367268668	-0.40992500107553465
-0.24718616287359332	-0.54517944305477195
-0.0566161221874628	-0.63933734304801026
0.14591873451990794	-0.65685105925301401
0.33588186424843935	-0.58003347233403701
0.49177127878604748	-0.41356646682112952
0.59763389010441204	-0.18476103580625303
0.64601336358160077	0.063378844286424665
0.63821022269818328	0.28195349058748703
0.58298132555666138	0.42804562823813758
0.49411222105107272	0.47503787666938541
0.38694908625213859	0.41885526230877917
0.27475726066166861	0.27805192014577823
0.16750742429736315	0.089389313897816458
0.070661775777614372	-0.10126742835368538
-0.014132355155522873	-0.24987391140010382
-0.087308476328905121	-0.32435055605405566
-0.14956020026550282	-0.31143202281373106
-0.20106093009605855	-0.21857464630106235
-0.24033673920926016	-0.071528791431327426
-0.26548019316693888	0.093117481208782618
-0.27519076848852514	0.23608836250606616
-0.27007537613161808	0.32469736231554086
-0.25386218340718392	0.33908982216717765
-0.23244689676047131	0.27614448570760952
-0.21267893985581354	0.14851978148104714
-0.20045401913845942	-0.019161045947058621
-0.19776627061194893	-0.19611894086989412
-0.20201464731514293	-0.35200835540750225
-0.20522260523388125	-0.46185923873294693
-0.19637904556600802	-0.51049881690624954
-0.16473297420548136	-0.49289839913587447
-0.10343496748796803	-0.41426007934409992
-0.013698847328666344	-0.28698218137902276
0.0942446015586096	-0.12831831674953284
0.2016678410536577	0.042743871728053842
0.2845545375486262	0.20756354749890651
0.31966867152400513	0.35027432410007614
0.28984333303627585	0.45865128081420858
0.19030993599001661	0.52506467988862893
0.030692354141442314	0.54717357905831199
-0.16507978046696659	0.52809923467662467
-0.36267264794817289	0.47625169858458372
-0.52454447049640118	0.40489631028399892
-0.61774865327055506	0.32972605310707664
-0.62182362684300641	0.26678071664750846
-0.53321462703353173	0.22880543101487646
-0.36666091995525296	0.22290972456962765
-0.15242135192275591	0.24857338791953423
0.070401671081500444	0.29695286139672294
0.26131851802911621	0.3525285647997301
0.38738259407899511	0.39596604905075439
0.42934615171870716	0.40827767133347981
0.38521505494471242	0.37533107649238356
0.26964186830476156	0.29131725964758809
0.11071789897915772	0.16074470219840128
-0.056442719056720186	-0.0020808375689113433
-0.19646574713137935	-0.17609087926912242
-0.28065296710691745	-0.33718238772900894
-0.29149066277833069	-0.46307306064814518
-0.22499056213853899	-0.53772310843283966
-0.090429732682272126	-0.55332939019967475
0.091730256162841722	-0.51205944508293311
0.29374490347798465	-0.4242307593618001
0.48483515355634299	-0.30544961480311095
0.63586928043315805	-0.17383663856946849
0.72326445832743447	-0.046298635908277389
0.73254152582216414	0.063118739590310752
0.66023242030249496	0.14427140477785313
0.5149205967401862	0.19057004068613054
0.31628731047452419	0.19863328626566198
0.092597271816554777	0.16724731960124922
-0.12354973065411101	0.097452559477347919
-0.30033422244620389	-0.0067627220989618661
-0.41278615273278774	-0.13742198111351997
-0.44790028670816667	-0.2818667890221157
-0.40767076037588068	-0.42223662335826007
-0.30995809620241888	-0.5372028990406118
-0.18510784206773825	-0.60457001533411658
-0.069968163254643917	-0.60630404664154269
0.00069361252297044779	-0.5322609098144474
0.0024276438303965672	-0.38460814398711329
-0.072049000823555268	-0.17869192623026162
-0.20964438506781785	0.057916645668032389
-0.37949275163020624	0.28940982520941932
-0.53893693034803791	0.47928625337257941
-0.64375912288194681	0.59702697914681291
-0.65936540464878191	0.62581189885008648
-0.57040959857782203	0.56598781874388537
-0.38573526433694028	0.43550196286006992
-0.13820229520186172	0.26591370099379541
0.1219891024774275	0.095458423473807882
0.33882971747106372	-0.039796018505429444
0.46376667317111564	-0.11435936472475258
0.46784164674356704	-0.11964816021240224
0.34888709905413523	-0.065459681855336016
0.13256669345272684	0.02262910856191086
-0.13395391849866772	0.10993758489081598
-0.39275809113201604	0.16195852411359957
-0.59009085391710847	0.15285485974961244
-0.68927744470188246	0.072916016477268322
-0.67974027251103886	-0.068667639774074335
-0.57855954572272472	-0.24527872843542459
-0.42518447658088449	-0.41920206857026437
-0.27033548082773201	-0.54986132758482253
-0.16221862880971347	-0.60335619341891822
-0.13282679814884074	-0.56061232169086439
-0.19013653285927401	-0.42206322022751747
-0.31524689169006853	-0.20747684593353519
-0.46879536396265142	0.047945965650332205
-0.60118865428463564	0.30137464123065955
-0.66725524709757078	0.51075892160236347
-0.63847032739429721	0.64349901818583288
-0.5110190262984774	0.68242802103754929
-0.30718364611053706	0.6285863489419683
-0.069621356993158703	0.4996611212348363
0.15016711122310195	0.32573778109999657
0.30527621167236835	0.1421905672089418
0.36631411369376776	-0.01682010368203336
0.32842552962650701	-0.12528376196153712
0.21276564142118487	-0.16889464934330403
0.059563975410087205	-0.14704585486973493
-0.082886696494968506	-0.07170219456207004
-0.17166909943518582	0.036067851194463284
-0.18103286849528688	0.15016711122310195
-0.10898386767173161	0.24501862373931069
0.021848794473569105	0.29955390835786216
0.17149569630444322	0.30059432714231782
0.29331139565112813	0.24501862373931069
0.34775997870430825	0.13976292337854523
0.31299265099041457	0.0006069109575991418
0.19100354851298706	-0.15060061904995847
0.007456334621932314	-0.28923642207867672
-0.19533862678155237	-0.39215118017441691
-0.36960877317787738	-0.44183117713217523
-0.47495117510401413	-0.42969295798019241
-0.48873672399805179	-0.3572971508951519
-0.41209254020981728	-0.23721548285589314
-0.26886155421641983	-0.090863240509128654
-0.098926486088660115	0.054968792445407991
0.05254114861501142	0.17279621978501281
0.14713255643510623	0.23981652981703233
0.16334574915954045	0.2423308752128002
0.10178763774591321	0.17895203092637552
-0.015519580201463769	0.060951200456028101
-0.15155433626904286	-0.089389313897816458
-0.26409296812099797	-0.24337129399725588
-0.3175011323897225	-0.37151620761604609
-0.29140396121295936	-0.44920081018873625
-0.18632166398293654	-0.461599134036833
-0.023236019519510001	-0.4063702368953111
0.16230533037508479	-0.2932246940857568
0.32868563432262093	-0.14141025312060004
0.43870992077880822	0.025056752392307428
0.46818845300505224	0.18311370606419822
0.41157233081758948	0.31472668229784068
0.28204019215285836	0.41070531516387637
0.10759664262579072	0.47096290309693406
-0.076123974396006641	0.5032158854150599
-0.23444103276401135	0.51864876405115234
-0.34099725660534641	0.52783912998051075
-0.38304751581042978	0.53676939121375533
-0.36206573699057376	0.54483263679328675
-0.29166406590907329	0.54526614462014322
-0.19221737042818535	0.52697211432679769
-0.08470742936776593	0.47902614867646548
0.014479161417008097	0.39457882400481348
0.096672245389006164	0.27501736535778254
0.16195852411359957	0.13039915431844418
0.21675391342826494	-0.021328585081341271
0.27007537613161808	-0.15797025210651949
0.32877233588799226	-0.25811056011037786
0.39440542087407088	-0.30640333202219533
0.461599134036833	-0.29695286139672294
0.51847536092040969	-0.2351346452869818
0.54942781975796595	-0.13603475606757906
0.5397172444363797	-0.02046156942762821
0.47945965650332201	0.090343031116900827
0.36761463717433734	0.17973234501471727
0.21311244768267007	0.23990323138240363
0.034073715190923247	0.27258972152738598
-0.14470491260470966	0.28758909233662189
-0.29669275670060902	0.29860019113877778
-0.39865379757726488	0.31741443082435117
-0.43489505190247074	0.34958071157710568
-0.40056123201543359	0.39154426921681779
-0.30206825375363	0.43090677989539067
-0.15562930984149423	0.44989442271170671
0.015606281766835076	0.43142698928761852
0.18649506711367914	0.36536039647468338
0.33388772824489932	0.25299516775347081
0.44087745991309085	0.10976418176007337
0.49870740401575198	-0.0377151809365181
0.50729085898751125	-0.15692983332206381
0.47408415945030108	-0.2177076306473493
0.41148562925221815	-0.20097422853068725
0.33414783294101325	-0.10516899879539415
0.25594302097609523	0.051500729830555751
0.18814239685573397	0.23400752493715482
0.1380288920711191	0.39856709601189355
0.10915727080247423	0.50278237758820332
0.10274135496499757	0.51734824057058271
0.11826093516646134	0.43359452842190116
0.15493569731852377	0.26773443386659285
0.21163852107135789	0.057309734710433248
0.28689547981365149	-0.14713255643510623
0.3773252124959236	-0.29461191913169771
0.4773788189344107	-0.34715306774670912
0.57769253006901167	-0.29001673616701851
0.6661281267477438	-0.13629486076369299
0.72872665694582672	0.0755170634384075
0.75230948272682197	0.29027684086313238
0.72690592407302923	0.45032793053856324
0.64904791836959652	0.50989190594865041
0.5234173501465742	0.44685986792371096
0.36249924481743029	0.26964186830476156
0.18536794676385218	0.014912669243864628
0.013785548894037649	-0.26045150237540315
-0.13230658875661291	-0.49367871322421619
-0.23860270790183405	-0.63179430686070659
-0.30033422244620389	-0.64505964636251645
-0.32278992787737215	-0.53347473172964566
-0.31949526839326253	-0.32773191710353661
-0.30926448367944842	-0.080372351099200642
-0.3107384102907606	0.1466990486082497
-0.33709568616363761	0.29842678800803518
-0.39249798643590217	0.33987013625551943
-0.47009588744322101	0.26504668534008236
-0.55358949489578868	0.097365857911976605
-0.62121671588540728	-0.11661360542440653
-0.65164896533073569	-0.3194085668278912
-0.62971346929179528	-0.4575241604643816
-0.55090174636927813	-0.49419892261644405
-0.4235371468388297	-0.41842175448192265
-0.26764773230122152	-0.2464925503506229
-0.11037109271767251	-0.016906805247404663
0.019854658470029068	0.21978846821626064
0.10031371113460101	0.41478028873632777
0.1189545476894318	0.53234761137981867
0.078031408834175378	0.55870488725269574
-0.0069361252297044781	0.50338928854580245
-0.11106470524064295	0.39605275061612571
-0.20556941149536645	0.27683809823057998
-0.26478658064396843	0.18562805145996608
-0.27198281056978685	0.15155433626904286
-0.22290972456962765	0.18554134989459478
-0.12667098700747803	0.27848542797263481
-0.0024276438303965672	0.40411599619565713
0.12528376196153712	0.52688541276142642
0.23227349362972871	0.61150614056382102
0.30059432714231782	0.63179430686070659
0.32157610596217384	0.57691221598067
0.29721296609283687	0.45362259002267286
0.23868940946720535	0.28368752189491314
0.16256543507119869	0.097625962608090533
0.086181355979078139	-0.073002718042639636
0.023409422650252611	-0.20331517079571251
-0.01855413498945948	-0.28004605614931827
-0.03936251067857291	-0.30328207566882831
-0.045344918689193027	-0.28490134381011145
-0.046038531212163475	-0.2437181002587411
-0.051240625134441831	-0.19932689878863244
-0.068060728816475194	-0.16664040864365007
-0.098666381392546201	-0.15250805348812721
-0.13993632650928783	-0.15441548792629595
-0.18458763267551043	-0.16273883820194132
-0.22351663552722681	-0.16473297420548136
-0.24822658165804901	-0.14903999087327496
-0.25290846618809953	-0.1101976895869299
-0.23634846720218008	-0.050720415742213996
-0.20218805044588553	0.019334449077801231
-0.15814365523726209	0.084273921540909402
-0.1145327678554952	0.12788480892267631
-0.082019680841255452	0.1376820858096339
-0.06944795386241609	0.10863706141024639
-0.082539890233483293	0.044651306166222579
-0.12285611813114057	-0.042136960770454701
-0.18744878433276352	-0.13473423258700948
-0.26912165891253376	-0.21527998681695273
-0.3574705540258945	-0.26990197300087548
-0.44035725052086305	-0.29183746903981589
-0.50590363394157034	-0.28351411876417054
-0.5436188148780885	-0.25498930375701084
-0.54665336966608413	-0.22091558856608762
-0.51275305760590351	-0.19594553773915149
-0.44564604600851271	-0.19048333912075924
-0.35452270080327014	-0.20773695062964911
-0.25299516775347081	-0.2425042783435428
-0.15753674427966297	-0.28290720780657141
-0.084447324671652016	-0.31411977134024155
-0.047339054692733064	-0.32278992787737215
-0.054015075226323622	-0.3018948506228874
-0.10490889409928023	-0.25377548184181259
-0.19213066886281405	-0.19013653285927401
-0.30085443183843175	-0.12970554179547375
-0.41139892768684683	-0.093550989035639145
-0.50304248228431725	-0.099186590784774029
-0.5574043637721261	-0.15502239888389507
-0.56208624830217657	-0.25715684289129354
-0.51292646073664616	-0.38842301286345077
-0.41495369186707037	-0.52168331883914809
-0.28099977336840265	-0.62546509258860128
-0.12918533240324589	-0.67098341440853693
0.020201464731514292	-0.63968414930949546
0.14895328930790366	-0.52775242841513947
0.24354469712799848	-0.34819348653116478
0.2972996676582082	-0.12857842144564677
0.31117191811761713	0.0942446015586096
0.29279118625890027	0.28160668432600178
0.25412228810329779	0.40160165079988924
0.2089507725448474	0.4355886644254412
0.17036857595461624	0.3820937985913454
0.14843307991567584	0.25715684289129354
0.14895328930790366	0.090689837378386054
0.17322972761186933	-0.080025544837715415
0.21814113847420583	-0.21822784003957713
0.27735830762280783	-0.29443851600095511
0.34307809417425772	-0.29235767843204374
0.40767076037588068	-0.21103161011375873
0.46480709195557135	-0.063725650547909893
0.510325413775507	0.12519706039616582
0.54249169452826151	0.32547767640388264
0.56191284517143403	0.50729085898751125
0.5711899126661637	0.6459266620162295
0.57353085493118905	0.72577880372320236
0.57231703301599068	0.74129838392466607
0.56954258292410898	0.69682048088918613
0.5659011171785141	0.60396310437651746
0.56052562012549312	0.47945965650332201
0.55133525419613472	0.34134406286683161
0.53529546460244304	0.20678323341056476
0.50945839812179394	0.089736120159301686
0.47182991875064711	8.6701565371305974e-05
0.42223662335826007	-0.057223033145061941
0.36275934951354422	-0.082019680841255452
0.2974730707889508	-0.078118110399546678
0.23192668736824348	-0.052454447049640113
0.17270951821964151	-0.013872250459408956
0.12580397135376498	0.028524815007159664
0.09589193130066441	0.066760205335905598
0.085487743456107684	0.095198318777693955
0.094157899993238287	0.11097800367527165
0.11886784612406048	0.11435936472475258
0.15363517383795419	0.10794344888727593
0.19004983129390268	0.095024915646951341
0.21866134786643365	0.078464916661031905
0.22984584979933215	0.059130467583230671
0.21493318055546751	0.03554764180223545
0.1683744399510762	0.0040749735724513805
0.088262193547989476	-0.040142824766914664
-0.022022197604311719	-0.10083392052682885
-0.15346177070721156	-0.17834511996877639
-0.29201087217055854	-0.26808124012807805
-0.4194621732663783	-0.3599848994216624
-0.51648122491686965	-0.4398370411286352
-0.5655543109170289	-0.49177127878604748
-0.55471661524561566	-0.50156855567300507
-0.48015326902629246	-0.46073211838311995
-0.34836688966190738	-0.36934866848176345
-0.1754839683115233	-0.23782239381349229
0.01421905672089418	-0.085314340325365084
0.19256417668967057	0.063465545851795979
0.33224039850284448	0.18294030293345562
0.41191913707907468	0.25212815209975775
0.42032918892009136	0.2597578898524327
0.35903118220257801	0.20643642714907953
0.24111705329760191	0.10534240192613675
0.088955806070959931	-0.020548270992999516
-0.070835178908356985	-0.14340438912414008
-0.21276564142118487	-0.23695537815977924
-0.31741443082435117	-0.2818667890221157
-0.37481086710015571	-0.27068228708921727
-0.38504165181396982	-0.20869066784873347
-0.35686364306829538	-0.11288543811344037
-0.30388898662642744	-0.0080632455795314559
-0.239729828251661	0.078898424487888433
-0.17479035578855284	0.12493695570005191
-0.1132322443749256	0.11574658977069348
-0.053754970530209702	0.04907308600015918
0.0091903659293584329	-0.065893189682192543
0.081065963622171083	-0.21025129602541698
0.16429946637862483	-0.3596380931601772
0.25481590062626824	-0.48951703808639352
0.34177757069368814	-0.5796866660725517
0.40862447759496506	-0.61766195170518379
0.43740939729823863	-0.60049504176166513
0.41295955586353034	-0.53356143329501693
0.32781861866890788	-0.42917274858796456
0.18588815615608001	-0.30293526940734306
0.0028611516572530971	-0.17088878534684407
-0.19542532834692367	-0.046818845300505223
-0.3774986156266662	0.058783661321745451
-0.51205944508293311	0.13950281868243131
-0.57387766119267425	0.19221737042818535
-0.54882090880036682	0.21640710716677972
-0.43662908320989691	0.21293904455192747
-0.2509143301845595	0.18406742328328257
-0.017080208378147277	0.1334337091064399
0.23244689676047131	0.066326697509049071
0.46315976221351651	-0.0098839784523288808
0.64358571975120427	-0.085661146586850298
0.75014194359253927	-0.15042721591921587
0.7699099004971971	-0.19386470017024016
0.70219597794220712	-0.20808375689113434
0.55818467786046788	-0.19013653285927401
0.35937798846406327	-0.14314428442802615
0.13508103884849471	-0.076904288484348396
-0.081499471449027611	-0.0065893189682192542
-0.25785045541426399	0.049679996957758321
-0.36674762152062429	0.075343660307664886
-0.39050385043236213	0.058870362887116758
-0.32469736231554086	-0.0024276438303965672
-0.1799057481454599	-0.10135412991905668
0.019161045947058621	-0.22126239482757284
0.23669527346366531	-0.3392632252979203
0.43186049711447505	-0.4306466751992768
0.56581441561314283	-0.47477777197327153
0.60951200456028098	-0.45969169959866429
0.55003473071556508	-0.38495495024859855
0.3934517036549865	-0.26235893681357186
0.16447286950936743	-0.11305884124418299
-0.097452559477347919	0.036848165282805039
-0.34663285835448127	0.16247873350582739
-0.53980394600175097	0.24588563939302374
-0.64514634792788772	0.28021945928006092
-0.64826760428125474	0.27137589961218772
-0.55436980898413035	0.23548145154846703
-0.38590866746768288	0.19533862678155237
-0.17635098396523635	0.17392334013483979
0.037541777805775486	0.1884892031172192
0.22473045744242509	0.24527872843542459
0.36536039647468338	0.33778929868660806
0.45344918689193026	0.44729337575056755
0.49575955079312756	0.54743368375442591
0.50685735116065467	0.60959870612565226
0.50226216819597547	0.61037902021399404
0.49281169757050314	0.5365092865176414
0.48058677685314899	0.38876981912493597
0.45882468394495124	0.18233339197585646
0.4148669903016991	-0.05626931592597758
0.33579516268306803	-0.29400500817409858
0.21458637429398228	-0.49784038836203892
0.055489001837635825	-0.64081126965932245
-0.12485025413468061	-0.70661775777614366
-0.29938050522711951	-0.69205189479376428
-0.43619557538304038	-0.60673755446839917
-0.5064238433337982	-0.47018258900859228
-0.49177127878604748	-0.30761715393739358
-0.3902437457362482	-0.14548522669305142
-0.21848794473569105	-0.0068494236643331721
-0.008843559667873209	0.091556853032099109
0.19672585182749325	0.14167035781671397
0.35617003054532492	0.14340438912414008
0.43610887381766905	0.10404187844556717
0.4192887701356357	0.036067851194463284
0.30770385550276491	-0.045431620254564327
0.12181569934668489	-0.12528376196153712
-0.10404187844556717	-0.19030993599001661
-0.32963935154170532	-0.23140647797601566
-0.51700143430909751	-0.24441171278171153
-0.63795011800206936	-0.2307128654530452
-0.67930676468418227	-0.19646574713137935
-0.64367242131657554	-0.15172773939978546
-0.54778049001591111	-0.10811685201801854
-0.41816164978580872	-0.076904288484348396
-0.28481464224474012	-0.066153294378306457
-0.17531056518078067	-0.078985126053259747
-0.1101976895869299	-0.11288543811344037
-0.09970680017700187	-0.1597042834139456
-0.14349109068951138	-0.20782365219502041
-0.23036605919155997	-0.24475851904319676
-0.34169086912831687	-0.26036480081003183
-0.45396939628415806	-0.24970050826936122
-0.54257839609363279	-0.21458637429398228
-0.58592917877928574	-0.16369255542102568
-0.56884897040113847	-0.11011098802155858
-0.48561546764468477	-0.068667639774074335
-0.34186427225905947	-0.051240625134441831
-0.15406868166481072	-0.063725650547909893
0.051760834526669665	-0.10369507218408194
0.24423830965096893	-0.16117821002525781
0.39154426921681779	-0.22030867760848849
0.46784164674356704	-0.26374616185951277
0.45856457924883731	-0.27779181544966436
0.364406679255599	-0.25637652880295175
0.20244815514199946	-0.20366197705719774
0.003641465745594851	-0.1334337091064399
-0.19265087825504187	-0.066153294378306457
-0.34619935052762474	-0.024103035173223059
-0.42440416249254276	-0.025056752392307428
-0.40897128385645026	-0.077337796311204923
-0.29990071461934736	-0.17687119335746418
-0.11600669446680739	-0.30657673515293793
0.10950407706395944	-0.4398370411286352
0.33588186424843935	-0.54595975714311373
0.5237641564080594	-0.59720038227755556
0.64297880879360514	-0.57500478154250123
0.67904665998806835	-0.47451766727715761
0.63526236947555892	-0.30579642106459615
0.53061358007239257	-0.091903659293584336
0.39483892870092741	0.13655496545980692
0.26131851802911621	0.34732647087745172
0.15935747715246038	0.51405358108647314
0.10863706141024639	0.62069650649317942
0.11565988820532216	0.66422069230957503
0.17427014639632502	0.65398990759576092
0.2684280463895633	0.60812477951434007
0.37689170466906707	0.54864750566962417
0.47893944711109421	0.49627976018535541
0.55818467786046788	0.465847510740027
0.60526362785708698	0.46367997160574437
0.61835556422815419	0.48752290208285348
0.60127535585000691	0.52853274250348126
0.56139263577920617	0.57457127371564465
0.5067706495952834	0.61376038126347499
0.44356520843960134	0.63734320704447023
0.37515767336164096	0.64107137435543637
0.30232835844974393	0.62529168945785873
0.22395014335408334	0.59321211027047549
0.13880920615946085	0.54960122288870861
0.046558740604391309	0.49801379149278152
-0.050807117307585303	0.44061735521697698
-0.14921339400401759	0.3773252124959236
-0.2424175767781715	0.30744375080665098
-0.32278992787737215	0.23114637327990173
-0.38226720172208806	0.1509474253114437
-0.41321966055964426	0.072742613346525709
-0.40905798542182159	0.0056356017491348883
-0.36562050117079731	-0.040316227897657278
-0.28178008745674443	-0.056009211229863659
-0.16039789593691606	-0.036414657455948511
-0.0092770674947297398	0.017080208378147277
0.15892396932560385	0.095805229735293096
0.32695160301519482	0.18519454363310955
0.47469107040790021	0.26643391038602326
0.58176750364146312	0.32088249343920339
0.63049378338013706	0.33380102667952799
0.60925189986416706	0.2972996676582082
0.51535410456704267	0.21293904455192747
0.35634343367606758	0.091470151466727809
0.14964690183087412	-0.049679996957758321
-0.079938843272344101	-0.18944292033630356
-0.30466930071476916	-0.30813736332962144
-0.49827389618889545	-0.390763955128476
-0.64089797122469372	-0.43029986893779154
-0.72222403954297876	-0.42821903136888018
-0.74268560897060698	-0.3936251067857291
-0.7128602704828777	-0.34082385347460376
-0.65008833715405223	-0.28576835946382451
-0.57431116901953072	-0.2424175767781715
-0.50373609480728776	-0.22022197604311716
-0.45093484149616236	-0.22264961987351373
-0.42136960770454701	-0.24753296913507855
-0.41243934647130254	-0.28819600329422107
-0.41599411065152608	-0.33605526737918195
-0.42093609987769048	-0.38339432207191504
-0.41599411065152608	-0.42440416249254276
-0.3932783005242439	-0.45709065263752507
-0.34880039748876396	-0.48232080816057515
-0.28334071563342794	-0.50338928854580245
-0.20132103479217248	-0.52402426110417333
-0.10898386767173161	-0.54726028062368326
-0.013091936371067201	-0.57344415336581767
0.080719157360685856	-0.60023493706555131
0.16820103682033358	-0.62225713466986299
0.24640584878525157	-0.63205441155682052
0.31299265099041457	-0.62113001432003601
0.36510029177856945	-0.5818542052068344
0.39900060383875008	-0.50841797933733823
0.40983829951016332	-0.39882720070800748
0.39284479269738737	-0.25481590062626824
0.34455202078556996	-0.083146801191082434
0.2638328634248841	0.10490889409928023
0.15337506914184026	0.29365820191261333
0.020114763166142986	0.46446028569408609
-0.12545716509227975	0.59806739793126862
-0.26972856987013288	0.67705252398452831
-0.39804688661966575	0.68901734000576853
-0.49619305861998408	0.62962676772642401
-0.55306928550356083	0.50477651359174336
-0.56156603890994883	0.33067977032616097
-0.52012269066246453	0.13291349971421207
-0.43238070650670291	-0.057309734710433248
-0.30701024297979446	-0.20825716002187694
-0.15649632549520728	-0.29348479878187073
0.0042483767031939925	-0.29738636922357947
0.15927077558708908	-0.21874804943180498
0.2933980972164994	-0.07178889612744134
0.39414531617795695	0.11591999290143609
0.45240876810747455	0.30909108054870582
0.46376667317111564	0.47104960466230533
0.42839243449962283	0.57171012205839156
0.35062113036156134	0.59329881183584676
0.23860270790183405	0.53451515051410137
0.10282805653036889	0.41027180733701984
-0.044824709296965186	0.24770637226582118
-0.19265087825504187	0.079592037010858888
-0.32946594841096272	-0.062945336459568138
-0.44538594131239878	-0.15745004271429164
-0.53165399885684828	-0.19507852208543844
-0.58133399581460654	-0.18181318258362864
-0.58931053982876669	-0.13577465137146516
-0.55254907611133297	-0.082193083971998065
-0.47087620153156273	-0.045778426516049554
-0.34758657557356565	-0.045084813993079106
-0.19004983129390268	-0.086961670067419894
-0.0095371721908436569	-0.16516648203233789
0.17947224031860337	-0.26279244464042839
0.36067851194463285	-0.35608332897995365
0.51812855465892449	-0.42136960770454701
0.63873043209041114	-0.44070405678234825
0.71372728613659076	-0.4060234306338259
0.74025796514021036	-0.32122929970068864
0.72092351606240912	-0.20071412383457332
0.6625733625675202	-0.06571978655144993
0.57379095962730298	0.060777797325285488
0.46281295595203131	0.15927077558708908
0.33588186424843935	0.21727412282049277
0.19655244869675065	0.23157988110675826
0.046992248431247836	0.20686993497593606
-0.11037109271767251	0.15406868166481072
-0.26972856987013288	0.086268057544449439
-0.4198089795278635	0.015692983332206381
-0.54379221800883104	-0.04872627973867396
-0.62121671588540728	-0.10248125026888366
-0.63196770999144924	-0.14513842043156619
-0.56191284517143403	-0.17877862779563292
-0.40897128385645026	-0.20643642714907953
-0.18649506711367914	-0.23001925293007475
0.076210675961377955	-0.24996061296547512
0.33718238772900894	-0.26469987907859716
0.55003473071556508	-0.27232961683127205
0.67297755041207696	-0.27094239178533119
0.6795668693802962	-0.25984459141780403
0.56581441561314283	-0.24025003764388886
0.35339558045344316	-0.21441297116323968
0.086007952848335525	-0.18519454363310955
-0.17912543405711814	-0.15502239888389507
-0.38443474085637069	-0.12467685100393799
-0.48492185512171432	-0.093724392166381759
-0.45934489333717904	-0.059910781671572426
-0.31637401203989551	-0.020634972558370823
-0.092944078078040004	0.026357275872877017
0.15476229418778117	0.082106382406626752
0.3642332761248564	0.14513842043156619
0.48275431598743168	0.21215873046358572
0.48023997059166379	0.27787851701503563
0.35677694150292411	0.33631537207529588
0.14323098599339748	0.38183369389523153
-0.10707643323356288	0.40975159794479205
-0.33146008441450275	0.41703452943598174
-0.47486447353864281	0.4021218601921171
-0.50330258698043118	0.36501359021319812
-0.41287285429815906	0.30761715393739358
-0.23045276075693127	0.23331391241418437
-0.0068494236643331721	0.14747936269659145
0.19681255339286455	0.057656540971918475
0.32478406388091219	-0.026530679003619627
0.34134406286683161	-0.093637690601010445
0.2394697235555471	-0.13152627466827116
0.042223662335826008	-0.12987894492621635
-0.20374867862256904	-0.082019680841255452
-0.44061735521697698	0.012224920717354142
-0.61532100944015855	0.14539852512768012
-0.69291891044747733	0.3018948506228874
-0.66552121579014467	0.45951829646792164
-0.55272247924207563	0.59260519931287636
-0.39622615374686831	0.67644561302692918
-0.24718616287359332	0.69257210418599213
-0.15207454566127068	0.63240121781830583
-0.13950281868243131	0.50009462906169289
-0.21259223829044224	0.31255914316355804
-0.34836688966190738	0.097279156346605306
-0.50364939324191638	-0.11253863185195516
-0.62711242233065612	-0.28377422346028447
-0.67306425197744824	-0.38929002851716382
-0.61384708282884626	-0.41304625742890166
-0.44711997261982489	-0.35313547575732923
-0.19681255339286455	-0.22160920108905807
0.092857376512668705	-0.042397065466568622
0.36822154813193647	0.15363517383795419
0.5793398598110665	0.33354092198341406
0.69144498383616515	0.4683618561357949
0.69239870105524948	0.53798321312895359
0.59425252905493109	0.53356143329501693
0.42865253919573676	0.45856457924883731
0.23842930477109142	0.32738511084205135
0.066413399074420371	0.16213192724434217
-0.054795389314665377	-0.010924397236784553
-0.10907056923710291	-0.16577339298993701
-0.098492978261803588	-0.28039286241080352
-0.039969421636172051	-0.34039034564774723
0.041356646682112946	-0.34030364408237596
0.12016836960463008	-0.284207731287141
0.17895203092637552	-0.18493443893699565
0.21155181950598659	-0.061471409848255935
0.22447035274631116	0.063899053678652507
0.23262029989121394	0.16898135090867533
0.25360207871106999	0.23608836250606616
0.30094113340380302	0.25429569123404044
0.37836563128037926	0.22169590265442937
0.47781232676126723	0.14574533138916534
0.58003347233403701	0.04153004981285556
0.65962550934489583	-0.070488372646871758
0.69127158070542249	-0.16863454464719013
0.65685105925301401	-0.23444103276401135
0.55064164167316421	-0.25637652880295175
0.38131348450300367	-0.23218679206435741
0.171148890042958	-0.16924145560478926
-0.049159787565530487	-0.083320204321825034
-0.24709946130822202	0.0051153923569070524
-0.39483892870092741	0.075170257176922273
-0.47512457823475673	0.11054449584841512
-0.48370803320651601	0.10256795183425496
-0.42951955484944981	0.052281043918897499
-0.33137338284913143	-0.03034554787995709
-0.21259223829044224	-0.128925227707132
-0.095198318777693955	-0.22421024805019724
0.0043350782685652985	-0.29903369896563431
0.078291513530289292	-0.34195097382443074
0.12710449483433456	-0.34958071157710568
0.15745004271429164	-0.3266914983190809
0.17869192623026162	-0.28342741719879921
0.19871998783103328	-0.23236019519510001
0.22074218543534502	-0.1843275279793965
0.24207077051668627	-0.14539852512768012
0.25498930375701084	-0.11505297724772302
0.24926700044250469	-0.086614863805934666
0.21536668838232403	-0.050026803219243549
0.14834637835030451	0.0048552876607931344
0.049853400088500935	0.084100518410166789
-0.070661775777614372	0.18701527650590699
-0.19698595652360718	0.30492940541088309
-0.30961128994093362	0.42293023588123052
-0.38920332695179249	0.52298384231971762
-0.42093609987769048	0.58801001634819716
-0.39743997566206657	0.60708436072988448
-0.32088249343920339	0.57795263476512559
-0.20236145357662813	0.50798447151048165
-0.060604394194542874	0.41269945116741641
0.082279785537369365	0.31134532124835973
0.20418218644942557	0.22282302300425635
0.28680877824828016	0.16031119437154476
0.31854155117417815	0.12857842144564677
0.29582574104689596	0.1233763275233684
0.22351663552722681	0.13326030597569727
0.11305884124418299	0.14418470321248184
-0.019074344381687314	0.14435810634322443
-0.15458889105703855	0.12840501831490414
-0.27640459040372345	0.099880203307744483
-0.37038908726621911	0.070314969516129144
-0.42717861258442452	0.05635601749134888
-0.44287159591663089	0.073696330565610077
-0.41894196387415045	0.13152627466827116
-0.36180563229445983	0.22785171379579211
-0.28125987806451658	0.34775997870430825
-0.1887493078133331	0.465847510740027
-0.095805229735293096	0.55142195576150599
-0.012658428544210672	0.57656540971918468
0.053321462703353174	0.5237641564080594
0.09814617200031836	0.39206447860904559
0.12146889308519968	0.19828648000417676
0.1264975838767354	-0.024796647696193507
0.11826093516646134	-0.23548145154846703
0.10282805653036889	-0.39319159895887257
0.085834549717592912	-0.46801504987430964
0.070661775777614372	-0.44876730236187973
0.057916645668032389	-0.34637275365836734
0.045171515558450413	-0.19143705633984359
0.027484396222703995	-0.027224291526590075
-0.00086701565371305976	0.10100732365757147
-0.04525821712382172	0.15710323645280641
-0.10829025514876116	0.12320292439262578
-0.18892271094407573	0.0045084813993079105
-0.28212689371822963	-0.17201590569667105
-0.37905924380334971	-0.364406679255599
-0.46879536396265142	-0.52601839710771336
-0.54023745382860755	-0.6175752501398124
-0.58471535686408749	-0.61705504074758466
-0.59772059166978342	-0.52480457519251511
-0.5796866660725517	-0.3638864698633712
-0.53659598808301268	-0.17340313074261196
-0.47824583458812375	0.00095371721908436575
-0.41651432004375388	0.11852103986257527
-0.36327955890577202	0.15372187540332549
-0.32781861866890788	0.10222114557276975
-0.31490008542858328	-0.018987642816316007
-0.32478406388091219	-0.17591747613837982
-0.35296207262658663	-0.32712500614593742
-0.39163097078218906	-0.43385463311801509
-0.4313402877222472	-0.46966237961636448
-0.46281295595203131	-0.42691850788831059
-0.47885274554572288	-0.31741443082435117
-0.47529798136549933	-0.16906805247404666
-0.45145505088839022	-0.018380731858716866
-0.40966489637942072	0.098492978261803588
-0.35469610393401274	0.15458889105703855
-0.29244437999741507	0.1378554889403765
-0.22949904353784692	0.052974656441867947
-0.17244941352352758	-0.080979262056799783
-0.12771140579193369	-0.23608836250606616
-0.10135412991905668	-0.38270070954894458
-0.098666381392546201	-0.49610635705461276
-0.12346302908873971	-0.5613059342138349
-0.17756480588043463	-0.57483137841175858
-0.2594110835909475	-0.54353211331271711
-0.36397317142874247	-0.48102028468000552
-0.48136709094149077	-0.40316227897657275
-0.59789399480052596	-0.32322343570422868
-0.69716728715067133	-0.24935370200787599
-0.76245356587526469	-0.18302700449882692
-0.7797938789495259	-0.12068857899685792
-0.74043136827095302	-0.05635601749134888
-0.64367242131657554	0.015519580201463769
-0.49792708992741019	0.097452559477347919
-0.31992877622011906	0.18666847024442176
-0.13282679814884074	0.27536417161926779
0.038148688763374627	0.35226846010361618
0.16950156030090319	0.40454950402251366
0.24415160808559763	0.42067599518157661
0.25481590062626824	0.39258468800127344
0.20522260523388125	0.31715432612823724
0.10959077862933075	0.19767956904657763
-0.010317486279185412	0.042917274858796456
-0.12979224336084505	-0.1336071122371825
-0.22525066683465292	-0.3153335932554398
-0.27909233893023394	-0.48379473477188734
-0.28264710311045749	-0.62121671588540728
-0.23764899068274967	-0.71199325482916465
-0.15476229418778117	-0.74528665593174614
-0.051327326699813138	-0.71606822840161599
0.053148059572610561	-0.62676561606917092
0.14080334216300089	-0.48743620051748221
0.19828648000417676	-0.31568039951692506
0.21926825882403281	-0.13395391849866772
0.20426888801479687	0.032859893275724965
0.1597909849793169	0.16195852411359957
0.095805229735293096	0.23617506407143748
0.023236019519510001	0.24761967070044985
-0.048206070346446118	0.19915349565788981
-0.11115140680601426	0.10421528157630978
-0.16126491159062911	-0.015172773939978545
-0.19672585182749325	-0.13308690284495467
-0.21666721186289362	-0.22490386057316769
-0.22065548386997369	-0.27206951213515812
-0.20765024906427781	-0.26626050725528067
-0.17652438709597895	-0.21120501324450136
-0.12675768857284933	-0.12155559465057098
-0.059563975410087205	-0.019941360035400375
0.021068480385227351	0.068147430381846494
0.10829025514876116	0.11956145864703094
0.19195726573207142	0.11860774142794657
0.26071160707151708	0.060430991063800267
0.30328207566882831	-0.048639578173302653
0.31108521655224586	-0.19213066886281405
0.279959354583947	-0.34715306774670912
0.21094490854838743	-0.48847661930193786
0.11071789897915772	-0.59347221496658942
-0.0101440831484428	-0.6455798557547443
-0.13820229520186172	-0.63690969921761365
-0.25967118828706137	-0.56850216413965327
-0.36232584168668769	-0.44937421331947885
-0.43671578477526818	-0.29461191913169771
-0.4772054158036681	-0.12294281969651187
-0.48171389720297597	0.046038531212163475
-0.45093484149616236	0.19386470017024016
-0.38781610190585164	0.30484270384551182
-0.29625924887375249	0.36718112934748082
-0.18120627162602948	0.37368374675032873
-0.048466175042560039	0.32270322631200082
0.095545125039179182	0.21840124317031975
0.24311118930114195	0.070488372646871758
0.38547515964082635	-0.10594931288373589
0.51344667012887402	-0.29192417060518722
0.61792205640129771	-0.46628101856688353
0.69109817757467995	-0.60855828734119666
0.72707932720377189	-0.70176247011535053
0.72283095050057788	-0.73566278217553116
0.67783283807287009	-0.7082650875181985
0.59399242435881727	-0.62685231763454219
0.47486447353864281	-0.5067706495952834
0.32513087014239739	-0.36917526535102085
0.15068732061532977	-0.23738888598663577
-0.041269945116741646	-0.13265339501809814
-0.24155056112445844	-0.070835178908356985
-0.43792960669046649	-0.059910781671572426
-0.61523430787478717	-0.098579679827174888
-0.75612435160315938	-0.17713129805357811
-0.84360623106280708	-0.27952584675709047
-0.86346088953283617	-0.38660227999065333
-0.80857879865279947	-0.47937295493795073
-0.68130090068772231	-0.54249169452826151
-0.49575955079312756	-0.56581441561314283
-0.27657799353446605	-0.54595975714311373
-0.05635601749134888	-0.48535536294857085
0.13031245275307288	-0.39145756765144646
0.25325527244958473	-0.27493066379241127
0.2933980972164994	-0.14721925800047755
0.24727286443896462	-0.019334449077801231
0.12823161518416154	0.099533397046259256
-0.035721044932978063	0.20270825983811336
-0.20747684593353519	0.28628856885605231
-0.34932060688099176	0.34897380061950656
-0.43125358615687592	0.39171767234756039
-0.43740939729823863	0.41686112630523914
-0.37030238570084784	0.4279589266727663
-0.24918029887713336	0.42873924076110803
-0.10586261131836459	0.42249672805437399
0.023496124215623918	0.41148562925221815
0.1075099410604194	0.39683306470446744
0.12745130109581979	0.37758531719203753
0.081759576145141538	0.35174825071138832
-0.013785548894037649	0.31628731047452419
-0.12979224336084505	0.26868815108567723
-0.2306261638876739	0.20782365219502041
-0.28351411876417054	0.13473423258700948
-0.26634720882065194	0.053321462703353174
-0.17340313074261196	-0.03017214474921448
-0.016039789593691605	-0.10837695671413247
0.17912543405711814	-0.17383663856946849
0.37689170466906707	-0.22152249952368677
0.54093106635157795	-0.24978720983473252
0.64219849470526336	-0.26140521959448754
0.66422069230957503	-0.26348605716339885
0.60578383724931484	-0.26530679003619628
0.48041337372240639	-0.27657799353446605
0.31212563533670151	-0.30414909132254137
0.12996564649158765	-0.35001421940396221
-0.038408793459488548	-0.40992500107553465
-0.17140899473907192	-0.47339054692733062
-0.25672333506443701	-0.52549818771548551
-0.29175076747444462	-0.55029483541167901
-0.28204019215285836	-0.53442844894872998
-0.23886281259794795	-0.47113630622767666
-0.1756573714422659	-0.36258594638280156
-0.10568920818762198	-0.22065548386997369
-0.040229526332285971	-0.064939472463108175
0.012571726978839366	0.08080585892605717
0.047078949996619143	0.19325778921264103
0.060170886367686346	0.25524940845312477
0.050720415742213996	0.2594110835909475
0.019854658470029068	0.21025129602541698
-0.029218427530130112	0.12398323848096754
-0.090169627986158213	0.024883349261564814
-0.15372187540332549	-0.059563975410087205
-0.20799705532576304	-0.10525570036076545
-0.24077024703611669	-0.096238737562149637
-0.24051014234000276	-0.028264710311045747
-0.19950030191937504	0.090169627986158213
-0.11531308194383695	0.24016333607851756
0.007456334621932314	0.39674636313909611
0.15736334114892034	0.53468855364484391
0.31698092299749464	0.63413524912573194
0.46593421230539828	0.68494236643331718
0.58358823651426051	0.6880636227866842
0.6523425778537062	0.65425001229187485
0.66040582343323762	0.60101525115389298
0.6034428949842896	0.54682677279682679
0.48492185512171432	0.50633714176842692
0.31611390734378159	0.48674258799451176
0.11409926002863865	0.48535536294857085
-0.10031371113460101	0.49159787565530488
-0.30449589758402656	0.48934363495565092
-0.47677190797681157	0.46255285125591739
-0.59824080106201127	0.39986761949246313
-0.65494362481484536	0.29851348957340645
-0.63951074617875281	0.16559998985919441
-0.55228897141521904	0.017340313074261194
-0.40203515862674583	-0.12485025413468061
-0.20522260523388125	-0.23860270790183405
0.014912669243864628	-0.3059698241953388
0.23149317954138696	-0.31715432612823724
0.41746803726283827	-0.27293652778887123
0.54986132758482253	-0.18337381076031214
0.61384708282884626	-0.06571978655144993
0.60552373255320091	0.060517692629171567
0.533301328598903	0.17687119335746418
0.41651432004375388	0.27016207769698941
0.28212689371822963	0.33362762354878539
0.16005108967543083	0.36744123404359469
0.076730885353605782	0.37628479371146795
0.050460311046100076	0.36709442778210949
0.086961670067419894	0.34585254426613954
0.17782491057654856	0.31654741517063811
0.30241506001511526	0.28073966867228872
0.43151369085298985	0.23868940946720535
0.53356143329501693	0.19135035477447229
0.58081378642237869	0.1421905672089418
0.55575703403007126	0.098406276696432274
0.45422950098027198	0.070488372646871758
0.28689547981365149	0.070054864820015231
0.077337796311204923	0.10655622384133503
-0.14305758286265485	0.18398072171791127
-0.34021694251700463	0.29773317548506473
-0.48440164572948646	0.43394133468338641
-0.55541022776858606	0.57066970327393596
-0.54561295088162853	0.68216791634143537
-0.46099222307923388	0.74346592305894876
-0.31914846213177728	0.73644309626387294
-0.14522512199693752	0.65425001229187485
0.033553505798695413	0.5035626916765451
0.19221737042818535	0.30388898662642744
0.31264584472892937	0.084013816844795489
0.38512835337934115	-0.12354973065411101
0.40905798542182159	-0.28949652677479065
0.39093735825921866	-0.3931048973935013
0.34169086912831687	-0.42674510475756799
0.27354343874647036	-0.39665966157372484
0.1973327627850924	-0.32096919500457471
0.12103538525834313	-0.22525066683465292
0.049419892261644408	-0.13707517485203474
-0.015259475505349852	-0.080025544837715415
-0.07178889612744134	-0.069187849166302162
-0.11852103986257527	-0.10846365827950377
-0.15259475505349851	-0.19100354851298706
-0.17002176969313101	-0.30102783496917435
-0.16724731960124922	-0.41807494822043739
-0.14271077660116963	-0.52064290005469238
-0.09814617200031836	-0.59078446644007887
-0.039535913809315523	-0.61662153292072808
0.023582825780995225	-0.59416582748955982
0.079678738576230188	-0.52749232371902555
0.11826093516646134	-0.42700520945368192
0.1333470075410686	-0.30813736332962144
0.12545716509227975	-0.18814239685573397
0.10282805653036889	-0.084013816844795489
0.079071827618631046	-0.0097972768869575757
0.069968163254643917	0.025403558653792652
0.088522298244103403	0.018207328727974256
0.13984962494391653	-0.027917904049560523
0.21831454160494845	-0.10360837061871064
0.30657673515293793	-0.19473171582395321
0.37845233284575058	-0.28498804537548272
0.40532981811085544	-0.35955139159480587
0.36336626047114334	-0.40784416350662328
0.24189736738594367	-0.42605149223459754
0.048292771911817425	-0.41850845604729392
-0.19030993599001661	-0.39683306470446744
-0.43108018302613332	-0.3774986156266662
-0.6243379722387743	-0.3776720187574088
-0.72456498180800399	-0.41009840420627724
-0.70228267950757839	-0.47876604398035161
-0.55254907611133297	-0.57621860345769949
-0.29842678800803518	-0.6838152460834902
0.011704711325126306	-0.77441838189650491
0.31446657760172675	-0.81889628493198496
0.54509274148940068	-0.79271241218985056
0.6526893841151914	-0.68277482729903449
0.61271996247901928	-0.49185798035141881
0.43342112529115856	-0.24051014234000276
0.15510910044926637	0.03589444806372067
-0.15935747715246038	0.29374490347798465
-0.43844981608269429	0.48960373965176485
-0.6190491767511247	0.59043766017859367
-0.66031912186786634	0.58029357703015083
-0.55341609176504603	0.46454698725945742
-0.32252982318125822	0.26851474795493457
-0.017860522466489032	0.032339683883497131
0.29721296609283687	-0.1973327627850924
0.5623463529982905	-0.37819222814963666
0.73470906495644683	-0.48058677685314899
0.79800120767750016	-0.49411222105107272
0.76444770187880473	-0.42891264389185063
0.66916268153573955	-0.31212563533670151
0.55887829038343828	-0.18111957006065818
0.47703201267292544	-0.074043136827095304
0.45223536497673195	-0.021328585081341271
0.48960373965176485	-0.038408793459488548
0.57075640483930723	-0.12311622282725448
0.65953880777952456	-0.25663663349906568
0.71303367361362036	-0.40862447759496506
0.69508644958176002	-0.54439912896643017
0.58714300069448411	-0.63300812877590495
0.39483892870092741	-0.65338299663816179
0.14713255643510623	-0.59910781671572433
-0.10985088332544467	-0.47867934241498028
-0.32513087014239739	-0.31325275568652849
-0.45518321819935637	-0.13143957310289986
-0.47477777197327153	0.036848165282805039
-0.38356772520265764	0.16586009455530834
-0.20496250053776732	0.23842930477109142
0.018987642816316007	0.24822658165804901
0.23860270790183405	0.19950030191937504
0.40767076037588068	0.10534240192613675
0.49428562418181538	-0.015692983332206381
0.48682928955988303	-0.14297088129728355
0.39501233183167	-0.25707014132592221
0.2465792519159942	-0.34212437695517339
0.07924523074937366	-0.38712248938288119
-0.068147430381846494	-0.38625547372916813
-0.16343245072491175	-0.33908982216717765
-0.18727538120202089	-0.24978720983473252
-0.13525444197923731	-0.12693109170359196
-0.017166909943518584	0.017513716205003808
0.14687245173899233	0.1685478430818188
0.33050636719541837	0.30935118524481969
0.5064238433337982	0.42284353431585925
0.65000163558868085	0.49324520539735967
0.7422521011437504	0.50841797933733823
0.77103702084702408	0.46229274655980346
0.73219471956067894	0.35617003054532492
0.6289331552034535	0.19984710818086027
0.47217672501213231	0.01101109880215586
0.27926574206097654	-0.18692857494053569
0.072655911781154409	-0.36804814500119387
-0.12285611813114057	-0.50859138246808089
-0.28325401406805661	-0.59043766017859367
-0.38920332695179249	-0.60552373255320091
-0.42917274858796456	-0.5567107512491557
-0.40238196488823103	-0.45839117611809466
-0.31897505900103468	-0.33328081728730014
-0.19793967374269153	-0.20817045845650564
-0.063032038024939438	-0.10855035984487509
0.062598530198082911	-0.053408164268724481
0.16204522567897087	-0.051500729830555751
0.22776501223042078	-0.099359993915516642
0.26313925090191365	-0.18259349667197039
0.28039286241080352	-0.27969924988783307
0.29634595043912382	-0.36709442778210949
0.32625799049222437	-0.42518447658088449
0.37862573597649318	-0.44269819278588829
0.45145505088839022	-0.41920206857026437
0.5326077160759326	-0.36518699334394078
0.60318279028817567	-0.29816668331192125
0.64271870409749121	-0.23808249850960619
0.63630278826001452	-0.20054072070383072
0.57977336763792309	-0.19247747512429927
0.48232080816057515	-0.20964438506781785
0.36510029177856945	-0.23738888598663577
0.25654993193369435	-0.25464249749552564
0.1844142295447678	-0.24042344077463146
0.16872124621256143	-0.1800791512762025
0.21519328525158143	-0.071095283604470899
0.31316605412115717	0.074996854046179673
0.43732269573286731	0.23383412180641222
0.5535027933304173	0.37359704518495745
0.62728582546139877	0.46237944812517473
0.63300812877590495	0.4773788189344107
0.56043891856012185	0.4107920167292477
0.41772814195895219	0.27380354344258429
0.22967244666858952	0.094851512516208741
0.03173277292589799	-0.086441460675192053
-0.13811559363649042	-0.22767831066504948
-0.24831328322342031	-0.29452521756632638
-0.28117317649914525	-0.2686014495203059
-0.23617506407143748	-0.15224794879201328
-0.13031245275307288	0.031385966664412762
0.0067627220989618661	0.24363139869336978
0.13941611711706001	0.43888332390955082
0.23383412180641222	0.5750914831078725
0.26495998377471108	0.62286404562746212
0.22074218543534502	0.57205692831987687
0.10421528157630978	0.43255410963744551
-0.068234131947217808	0.23183998580287218
-0.27016207769698941	0.0079765440141601491
-0.47018258900859228	-0.19932689878863244
-0.63690969921761365	-0.3574705540258945
-0.74372602775506269	-0.44703327105445362
-0.77242424589296488	-0.46472039039020002
-0.71580812370550206	-0.42171641396603227
-0.57821273946123952	-0.33969673312477683
-0.37602468901535402	-0.24501862373931069
-0.13560124824072253	-0.16169841941748564
0.10959077862933075	-0.10759664262579072
0.32322343570422868	-0.091123345205242581
0.47209002344676104	-0.11158491463287079
0.53182740198759082	-0.16135161315600041
0.49246489130901794	-0.22915223727636169
0.36111201977148938	-0.30319537410345698
0.16256543507119869	-0.37368374675032873
-0.06407245680939512	-0.43411473781412901
-0.27241631839664338	-0.48154049407223337
-0.41842175448192265	-0.51587431395927053
-0.47000918587784968	-0.53850342252118144
-0.41495369186707037	-0.55159535889224864
-0.26478658064396843	-0.55766446846824003
-0.05280125331112534	-0.55896499194880966
0.17236271195815628	-0.5577511700336113
0.35816416654886496	-0.55645064655304177
0.46021190899089209	-0.55619054185692784
0.45344918689193026	-0.55714425907601217
0.33830950807883592	-0.55731766220675483
0.14149695468597134	-0.55254907611133297
-0.090776538943757354	-0.53702949590986915
-0.30371558349568484	-0.50468981202637209
-0.44755348044668142	-0.45119494619227629
-0.48995054591325005	-0.37671830153832447
-0.4238839531003149	-0.28663537511753756
-0.2687748526510485	-0.19221737042818535
-0.065546383420707316	-0.10872376297561769
0.13482093415238078	-0.052974656441867947
0.284207731287141	-0.038408793459488548
0.35027432410007614	-0.072135702388926567
0.32417715292331306	-0.15146763470367153
0.22169590265442937	-0.26391956499025537
0.078811722922517133	-0.38894322225567862
-0.059390572279344592	-0.50200206349986154
-0.1511208284421863	-0.58003347233403701
-0.16958826186627449	-0.60639074820691397
-0.11028439115230119	-0.57491807997712996
0.0079765440141601491	-0.49090426313233443
0.14860648304641844	-0.36926196691639213
0.26764773230122152	-0.22993255136470345
0.3261712889268531	-0.092423868685812163
0.30050762557694649	0.028958322834016195
0.18987642816316008	0.12883852614176067
0.016473297420548136	0.21085820698301613
-0.1800791512762025	0.28490134381011145
-0.35244186323435878	0.36301945420965809
-0.45743745889901033	0.45336248532655893
-0.46645442169762613	0.55593043716081392
-0.37177631231216002	0.66040582343323762
-0.18822909842110527	0.74771429976214276
0.051674132961298358	0.79418633880116274
0.30536291323773962	0.77831995233821372
0.53087368476850649	0.68797692122131293
0.6958667636701017	0.52489127675788638
0.7833486431297495	0.3066634367183092
0.79357942784356361	0.064332561505509034
0.74199199644763647	-0.16369255542102568
0.65329629507279052	-0.34004353938626203
0.55471661524561566	-0.43723599416749603
0.46914217022413662	-0.4442588209625718
0.41087871829461903	-0.36926196691639213
0.38426133772562809	-0.23790909537886359
0.38452144242174197	-0.087655282590390335
0.40160165079988924	0.04153004981285556
0.4237105499695723	0.11661360542440653
0.44105086304383351	0.11921465238554571
0.44798698827353794	0.049333190696273101
0.44321840217811614	-0.074476644653951832
0.42925945015333589	-0.22013527447774586
0.41018510577164857	-0.34940730844636309
0.38963683477864902	-0.42761212041128105
0.36995557943936258	-0.43108018302613332
0.35140144444990312	-0.35313547575732923
0.33276060789507234	-0.2046156942762821
0.31221233690207278	-0.011618009759755001
0.28802260016347847	0.19065674225150184
0.2594110835909475	0.36510029177856945
0.2263777871844799	0.48058677685314899
0.18900941250944703	0.51743494213595409
0.1466990486082497	0.47096290309693406
0.097625962608090533	0.35131474288453179
0.039015704417087689	0.18051265910305903
-0.031299265099041455	-0.011878114455868918
-0.1145327678554952	-0.19499182052006714
-0.2090374741102187	-0.34082385347460376
-0.30987139463704755	-0.42925945015333589
-0.40871117916033634	-0.44946091488485018
-0.49515263983552843	-0.40090803827691884
-0.55844478255658181	-0.29253108156278634
-0.59009085391710847	-0.14019643120540176
-0.58549567095242927	0.035200835540750222
-0.54509274148940068	0.21094490854838743
-0.47365065162344455	0.36484018708245552
-0.37905924380334971	0.47859264084960895
-0.26998867456624681	0.53902363191340918
-0.15363517383795419	0.54015075226323617
-0.034160416756294554	0.48405483946800126
0.087221774763533808	0.38087997667614715
0.21103161011375873	0.24753296913507855
0.33752919399049414	0.10525570036076545
0.46437358412871482	-0.023322721084881308
0.58471535686408749	-0.1176540242088622
0.6873700102637138	-0.16247873350582739
0.75777168134521422	-0.15051391748458717
0.78178801495306594	-0.083320204321825034
0.74910152480808356	0.028871621268644888
0.6576313733413558	0.16872124621256143
0.51552750769778533	0.3153335932554398
0.34169086912831687	0.44746677888131015
0.16282553976731262	0.54778049001591111
0.008843559667873209	0.60474341846485913
-0.093204182774153918	0.61445399378644538
-0.12502365726542322	0.58012017389940829
-0.081586173014398924	0.51093232473310612
0.027224291526590075	0.42015578578934876
0.17825841840340509	0.32218301691977302
0.34021694251700463	0.2307995670184165
0.47980646276480726	0.15675643019132121
0.56928247822799505	0.1075099410604194
0.59217169148601978	0.08670156537130598
0.54674007123145552	0.094678109385466128
0.44625295696611184	0.12927203396861719
0.31542029482081113	0.18606155928682261
0.18493443893699565	0.25906427732946224
0.08453402623702333	0.34073715190923248
0.036588060586691118	0.42284353431585925
0.051934237657412279	0.49723347740443974
0.12762470422656239	0.55610384029155646
0.24839998478879161	0.59329881183584676
0.39015704417087688	0.60526362785708698
0.52532478458474285	0.59217169148601978
0.62780603485362652	0.55818467786046788
0.67826634589972667	0.51093232473310612
0.66673503770534293	0.46021190899089209
0.59355891653196069	0.41599411065152608
0.4683618561357949	0.38651557842528206
0.30770385550276491	0.37611139058072529
0.13152627466827116	0.38400123302951417
-0.039882720070800751	0.40480960871862759
-0.1886626062479618	0.42943285328407849
-0.30128793966528827	0.44772688357742407
-0.36960877317787738	0.45119494619227629
-0.39119746295533253	0.43584876912155512
-0.3688284590895356	0.40359578680342933
-0.30995809620241888	0.36215243855594503
-0.22568417466150945	0.32374364509645648
-0.12935873553398852	0.30163474592677347
-0.035200835540750222	0.30683683984905186
0.042830573293425149	0.34463872235094123
0.093030779643411304	0.41183243551370335
0.10707643323356288	0.49662656644684061
0.081846277710512838	0.58055368172626476
0.019594553773915151	0.64211179313989208
-0.072309105519669181	0.6611861375215794
-0.18233339197585646	0.6243379722387743
-0.29677945826598034	0.52827263780736733
-0.4019484570613745	0.38183369389523153
-0.48630908016765523	0.2047023958416534
-0.54240499296289013	0.024016333607851756
-0.56737504378982628	-0.13143957310289986
-0.56286656239051835	-0.23678197502903661
-0.53408164268724478	-0.27614448570760952
-0.48821651460582394	-0.2466659534813655
-0.43316102059504463	-0.15849046149874732
-0.37585128588461142	-0.032773191710353658
-0.32166280752754517	0.1030014596611115
-0.27432375283481208	0.22065548386997369
-0.23643516876755138	0.29686615983135167
-0.20947098193707522	0.3178479386512077
-0.19438490956246798	0.28143328119525918
-0.19100354851298706	0.19637904556600802
-0.19793967374269153	0.080025544837715415
-0.21181192420210049	-0.046298635908277389
-0.2263777871844799	-0.16161171785211434
-0.23331391241418437	-0.24918029887713336
-0.22264961987351373	-0.29955390835786216
-0.18510784206773825	-0.31125861968298846
-0.11435936472475258	-0.28932312364404805
-0.0093637690601010449	-0.24293778617039935
0.12398323848096754	-0.18328710919494082
0.27215621370052945	-0.12068857899685792
0.41573400595541216	-0.062771933328825524
0.53252101451056133	-0.014305758286265485
0.60196896837297742	0.02280251169265347
0.60933860142953833	0.048119368781074819
0.54951452132333722	0.061644812978998549
0.42882594232647936	0.063292142721053365
0.26469987907859716	0.052974656441867947
0.082539890233483293	0.030952458837556231
-0.089302612332445158	-0.0013005234805695896
-0.22473045744242509	-0.039969421636172051
-0.30484270384551182	-0.078464916661031905
-0.32148940439680257	-0.10820355358338986
-0.27796521858040696	-0.11990826490851617
-0.18753548589813482	-0.10534240192613675
-0.069187849166302162	-0.059910781671572426
0.0566161221874628	0.016386595855176829
0.17314302604649803	0.11774072577423352
0.27033548082773201	0.23374742024104089
0.34567914113539694	0.35027432410007614
0.40342238367268668	0.45249546967284587
0.45119494619227629	0.52723221902291162
0.49662656644684061	0.56503410152480105
0.54370551644345977	0.56217294986754796
0.59087116800545025	0.52055619848932111
0.63144750059922139	0.44659976322759709
0.65572393890318703	0.34992751783859088
0.65459681855336005	0.24111705329760191
0.62338425501968997	0.12935873553398852
0.56434048900183054	0.021935496038940412
0.48760960364822481	-0.07707769161509101
0.40940479168330679	-0.16594679612067964
0.34871369592339263	-0.24449841434708283
0.3219229122236591	-0.31351286038264242
0.33830950807883592	-0.372903432661987
0.39657296000835351	-0.42188981709677487
0.48370803320651601	-0.45821777298735206
0.5772590222421552	-0.47919955180720814
0.65008833715405223	-0.48171389720297597
0.67627220989618664	-0.46333316534425911
0.63769001330595543	-0.42258342961974532
0.52861944406885253	-0.35972479472554847
0.35816416654886496	-0.27640459040372345
0.14860648304641844	-0.17600417770375112
-0.068407535077960407	-0.063378844286424665
-0.25837066480649179	0.055228897141521904
-0.39085065669384733	0.17279621978501281
-0.44573274757388404	0.28143328119525918
-0.41686112630523914	0.37299013422735827
-0.31333945725189977	0.4398370411286352
-0.15692983332206381	0.47564478762698459
0.022542406996539553	0.47677190797681157
0.1930843860818984	0.44313170061274482
0.32660479675370963	0.37862573597649318
0.40350908523805801	0.29114385651684543
0.41530049812855563	0.19117695164372966
0.36475348551708425	0.09051643424764344
0.26357275872877017	8.6701565371305974e-05
0.1290119292725033	-0.072482508650411795
-0.019767956904657762	-0.12380983535022493
-0.16542658672845179	-0.1553692051453803
-0.29469862069706898	-0.17262281665427021
-0.39934741010023533	-0.18285360136808429
-0.47590489232309852	-0.1929109829511558
-0.52419766423491587	-0.2062630240183369
-0.54561295088162853	-0.22117569326220154
-0.54205818670140493	-0.23105967171453043
-0.51500729830555747	-0.22507726370391032
-0.46558740604391308	-0.19169716103595752
-0.3951857349624126	-0.12233590873891273
-0.3064900335875666	-0.015606281766835076
-0.20392208175331164	0.12077528056222922
-0.0943313031239809	0.26964186830476156
0.013698847328666344	0.4061968337645685
0.11071789897915772	0.50295578071894598
0.18788229215962005	0.53529546460244304
0.23868940946720535	0.48786970834433874
0.26019139767928923	0.35937798846406327
0.25351537714569866	0.16473297420548136
0.22369003865796941	-0.066500100639791684
0.17886532936100422	-0.29513212852392551
0.12927203396861719	-0.47937295493795073
0.085140937194622471	-0.58341483338351785
0.055055494010779291	-0.58488875999483014
0.045171515558450413	-0.47963305963406466
0.058350153494888923	-0.28299390937194269
0.093811093731753059	-0.026357275872877017
0.14782616895807668	0.24866008948490553
0.21423956803249705	0.4991409118426085
0.28507474694085405	0.68971095252873904
0.35200835540750225	0.79860811863509928
0.40611013219919717	0.82201754128535198
0.43931683173640734	0.77259764902370753
0.44469232878942833	0.67540519424247358
0.41720793256672434	0.56121923264846352
0.35426259610715621	0.45873798237957991
0.25663663349906568	0.38850971442882209
0.12918533240324589	0.35920458533332067
-0.019421150643172538	0.36744123404359469
-0.17626428239986505	0.40012772418857706
-0.32573778109999657	0.4398370411286352
-0.45084813993079104	0.47026929057396361
-0.53590237556004228	0.48058677685314899
-0.56876226883576719	0.46818845300505224
-0.54275179922437544	0.43740939729823863
-0.45856457924883731	0.39700646783521004
-0.32417715292331306	0.355909925849211
-0.15432878636092465	0.31949526839326253
0.031559369795155376	0.28698218137902276
0.21215873046358572	0.25160794270752995
0.36744123404359469	0.20348857392645511
0.48171389720297597	0.13378051536792512
0.54535284618551461	0.039449212243944216
0.55601713872618519	-0.07326282273875355
0.51847536092040969	-0.1885759046825905
0.44304499904737354	-0.28308061093731401
0.34359830356648557	-0.33137338284913143
0.2351346452869818	-0.31290594942504324
0.13117946840678593	-0.21874804943180498
0.042397065466568622	-0.055922509664492352
-0.025230155523050038	0.15181444096515676
-0.069621356993158703	0.36761463717433734
-0.092770674947297391	0.54838740097351024
-0.099013187654031429	0.65485692324947398
-0.0943313031239809	0.66040582343323762
-0.084880832498508543	0.55783787159898268
-0.075863869699892728	0.36163222916371723
-0.070575074212243058	0.10551580505687937
-0.06944795386241609	-0.16507978046696659
-0.070401671081500444	-0.40298887584583015
-0.068667639774074335	-0.57040959857782203
-0.057743242537289775	-0.64610006514697216
-0.030518951010699704	-0.63040708181476568
0.019247747512429927	-0.54327200861660319
0.094851512516208741	-0.41859515761266525
0.19542532834692367	-0.29504542695855424
0.314813383863212	-0.20582951619148038
0.44122426617457611	-0.16984836656238841
0.55896499194880966	-0.18814239685573397
0.6501750387194235	-0.2437181002587411
0.69872791532735479	-0.30718364611053706
0.69395932923193304	-0.34463872235094123
0.6335283381681327	-0.32790532023427921
0.52523808301937158	-0.24207077051668627
0.38677568312139593	-0.09060313581301474
0.24285108460502802	0.10499559566465154
0.12086198212760053	0.30969799150630495
0.0449981124277078	0.48318782381428821
0.030865757272184928	0.58905043513265276
0.081586173014398924	0.60326949185354695
0.18597485772145131	0.51968918283560805
0.32088249343920339	0.35088123505767527
0.45509651663398504	0.12493695570005191
0.5567107512491557	-0.12077528056222922
0.60006153393480866	-0.3481067849657935
0.57197022675450548	-0.52593169554234198
0.47529798136549933	-0.63647619139075717
0.32833882806113573	-0.67748603181138489
0.16135161315600041	-0.66092603282546547
0.0098839784523288808	-0.60847158577582527
-0.093464287470267846	-0.54535284618551461
-0.12597737448450758	-0.49411222105107272
-0.080112246403086715	-0.46931557335487922
0.035374238671492836	-0.47521127980012806
0.19767956904657763	-0.50564352924545641
0.37550447962312616	-0.54743368375442591
0.53607577869078482	-0.58462865529871622
0.65216917472296354	-0.60318279028817567
0.70731137029911417	-0.59503284314327287
0.69855451219661224	-0.55983200760252272
0.63474216008333106	-0.50468981202637209
0.53364813486038831	-0.44209128182828916
0.41547390125929823	-0.38564856277156895
0.29790657861580733	-0.34706636618133779
0.19204396729744272	-0.33267390632970101
0.10057381583071492	-0.34229778008591599
0.01872753812020209	-0.36908856378564953
-0.06199161924048377	-0.40168835236526057
-0.14973360339624542	-0.42717861258442452
-0.24831328322342031	-0.43385463311801509
-0.35460940236864141	-0.41434678090947125
-0.45882468394495124	-0.36640081525913903
-0.54604645870848501	-0.2928778878242716
-0.60058174332703651	-0.20071412383457332
-0.61046572177936531	-0.098579679827174888
-0.57127661423153508	0.0047685860954218284
-0.48838991773656654	0.10222114557276975
-0.37576458431924009	0.1888360093787044
-0.25386218340718392	0.26140521959448754
-0.14496501730082359	0.3178479386512077
-0.068407535077960407	0.35625673211069625
-0.036761463717433732	0.37420395614255658
-0.053061358007239254	0.36934866848176345
-0.11123810837138556	0.34030364408237596
-0.19767956904657763	0.28854280955570627
-0.29521883008929684	0.21944166195477541
-0.38738259407899511	0.14357779225488268
-0.461599134036833	0.0754303618730362
-0.51179934038681918	0.031472668229784069
-0.53833001939043879	0.026443977438248324
-0.54656666810071286	0.070401671081500444
-0.5443124274010589	0.16464627264011003
-0.53911033347878057	0.30007411775008996
-0.53546886773318569	0.45726405576826773
-0.53382153799113086	0.60942530299490971
-0.53035347537627864	0.72699262563840061
-0.51873546561652362	0.78343534469512077
-0.49229148817827534	0.76089293769858124
-0.44599285226999791	0.65451011698798878
-0.37827892971500798	0.47391075631955848
-0.29218427530130114	0.24207077051668627
-0.19481841738932451	-0.008843559667873209
-0.096065334431407023	-0.24328459243188455
-0.0067627220989618661	-0.42821903136888018
0.063725650547909893	-0.53928373660952311
0.10846365827950377	-0.56468729526331585
0.12415664161171015	-0.5067706495952834
0.11141151150212818	-0.38009966258780536
0.074043136827095304	-0.20869066784873347
0.018207328727974256	-0.02046156942762821
-0.048466175042560039	0.15666972862594988
-0.11774072577423352	0.29990071461934736
-0.18146637632214341	0.39423201774332828
-0.23253359832584261	0.43411473781412901
-0.26504668534008236	0.42301693744660185
-0.27441045440018341	0.37177631231216002
-0.25837066480649179	0.29634595043912382
-0.21675391342826494	0.21536668838232403
-0.15190114253052805	0.14626554078139317
-0.069014446035559548	0.10343496748796803
0.024709946130822204	0.095198318777693955
0.12025507117000138	0.12242261030428403
0.20825716002187694	0.17834511996877639
0.28021945928006092	0.24874679105027683
0.32946594841096272	0.31429317447098415
0.35218175853824485	0.35443599923789881
0.34715306774670912	0.35140144444990312
0.31585380264766766	0.29521883008929684
0.26149192115985881	0.18623496241756524
0.18796899372499135	0.037541777805775486
0.099446695480887956	-0.12684439013822063
-0.00043350782685652988	-0.27545087318463907
-0.10829025514876116	-0.37628479371146795
-0.21996187134700326	-0.40333568210731541
-0.32989945623781924	-0.3440318113933421
-0.43047327206853414	-0.20253485670737076
-0.51257965447516096	-0.0012138219151982836
-0.5659011171785141	0.22351663552722681
-0.58072708485700741	0.42778552354202365
-0.55055494010779293	0.56997609075096545
-0.47417086101567235	0.62000289397020902
-0.3572971508951519	0.56607452030925676
-0.21267893985581354	0.41807494822043739
-0.058783661321745451	0.20478909740702472
0.082886696494968506	-0.03181947449126929
0.19213066886281405	-0.2466659534813655
0.25377548184181259	-0.40125484453840404
0.26131851802911621	-0.4727836359697315
0.21857464630106235	-0.45873798237957991
0.13932941555168871	-0.37602468901535402
0.044477903035479965	-0.25663663349906568
-0.041616751378226867	-0.13820229520186172
-0.097192454781233992	-0.055142195576150597
-0.10681632853744896	-0.029651935356986642
-0.065459681855336016	-0.066760205335905598
0.021415286646712575	-0.15389527853406809
0.13898260929020348	-0.26469987907859716
0.26669401508213719	-0.36640081525913903
0.38313421737580111	-0.4283057329342515
0.47070279840082013	-0.42951955484944981
0.51890886874726627	-0.36414657455948507
0.52619180023845591	-0.24181066582057237
0.49905421027723718	-0.085227638759993771
0.44954761645022145	0.076297377526749255
0.39137086608607519	0.21354595550952662
0.33605526737918195	0.30423579288791264
0.28984333303627585	0.33752919399049414
0.25308186931884213	0.31576710108229633
0.22117569326220154	0.25299516775347081
0.18701527650590699	0.17158239786981452
0.14427140477785313	0.096412140692892237
0.090429732682272126	0.050200206349986155
0.02800460561493183	0.049159787565530487
-0.035027432410007615	0.099966904873115783
-0.088175491982618176	0.19880668939640458
-0.12086198212760053	0.33258720476432974
-0.12693109170359196	0.48119368781074817
-0.10646952227596373	0.6204364017970655
-0.067453817858876053	0.7259522068539449
-0.023496124215623918	0.77693272729227281
0.0087568581025019038	0.75941901108726906
0.014739266113122016	0.66976959249333867
-0.013872250459408956	0.51587431395927053
-0.075863869699892728	0.31698092299749464
-0.1598776865446882	0.10144083148442799
-0.2465792519159942	-0.097452559477347919
-0.31299265099041457	-0.24718616287359332
-0.33856961277494985	-0.3224431216158869
-0.310565007160018	-0.31169212750984499
-0.22845862475339124	-0.22056878230460239
-0.10464878940316631	-0.071875597692812654
0.037281673109661566	0.097712664173461833
0.16759412586273445	0.24536543000079591
0.25724354445666481	0.33085317345690357
0.2845545375486262	0.32677819988445223
0.24068354547074539	0.22585757779225207
0.13213318562587031	0.043697588947138211
-0.020114763166142986	-0.18285360136808429
-0.1845009311101391	-0.40368248836880061
-0.32591118423073917	-0.56668143126685588
-0.41235264490593121	-0.62962676772642401
-0.42180311553140354	-0.57110321110079243
-0.34628605209299607	-0.39683306470446744
-0.1930843860818984	-0.13898260929020348
0.016559998985919443	0.14973360339624542
0.25256165992661428	0.40801756663736594
0.48136709094149077	0.57977336763792309
0.67211053475836391	0.62693901919991346
0.8017293749884663	0.53772310843283966
0.85765188465295872	0.32963935154170532
0.8385775402712714	0.045084813993079106
0.75352330464202022	-0.25837066480649179
0.61852896735889684	-0.52142321414303416
0.45353588845730153	-0.69560665897398788
0.27900563736486261	-0.75343660307664895
0.1132322443749256	-0.69326571670896253
-0.029131725964758808	-0.53806991469432486
-0.13759538424426257	-0.32903244058410619
-0.2060896208875943	-0.11479287255160911
-0.23192668736824348	0.059390572279344592
-0.21562679307843796	0.16048459750228736
-0.16074470219840128	0.17331642917724063
-0.073176121173382236	0.10196104087665582
0.038929002851716382	-0.033553505798695413
0.16551328829382311	-0.20340187236108381
0.29495872539318291	-0.37507097179626964
0.41478028873632777	-0.51977588440097933
0.51275305760590351	-0.61705504074758466
0.5786462472880961	-0.65667765612227147
0.60465671689948786	-0.63803681956744063
0.58688289599837018	-0.56841546257428199
0.52549818771548551	-0.45986510272940689
0.42466426718865669	-0.32677819988445223
0.29253108156278634	-0.18389402015253997
0.14028313277077306	-0.044911410862336493
-0.018640836554830783	0.078204811964917992
-0.17002176969313101	0.1757440730076372
-0.29955390835786216	0.24068354547074539
-0.39449212243944221	0.26981527143550421
-0.44495243348554225	0.26426637125174063
-0.44547264287777011	0.22984584979933215
-0.39605275061612571	0.17678449179209288
-0.30284856784197178	0.11808753203571874
-0.17791161214191986	0.066846906901276912
-0.038582196590231162	0.033466804233324106
0.094591407820094814	0.022975914823396084
0.20071412383457332	0.033466804233324106
0.26175202585597274	0.056095912795234966
0.26548019316693888	0.077511199441947537
0.20791035376039171	0.082366487102740679
0.094851512516208741	0.057916645668032389
-0.058610258191002837	-0.0028611516572530971
-0.23010595449544605	-0.098926486088660115
-0.3931048973935013	-0.22074218543534502
-0.52142321414303416	-0.35200835540750225
-0.59347221496658942	-0.47287033753510277
-0.59589985879698593	-0.56416708587108799
-0.52601839710771336	-0.61081252804085062
-0.39206447860904559	-0.60483012003023051
-0.21207202889821442	-0.54561295088162853
-0.010664292540670636	-0.43975033956326393
0.18484773737162433	-0.29886029583489171
0.34897380061950656	-0.13655496545980692
0.46229274655980346	0.033206699537210185
0.51370677482498794	0.19819977843880546
0.50208876506523292	0.3481067849657935
0.4355886644254412	0.47451766727715761
0.32998615780319052	0.57075640483930723
0.20582951619148038	0.63127409746847885
0.085054235629251157	0.65216917472296354
-0.011964816021240225	0.6321411131221919
-0.069794760123901303	0.57379095962730298
-0.07933193231474496	0.48457504886022906
-0.039189107547830303	0.37758531719203753
0.044564604600851272	0.27007537613161808
0.159530880283203	0.18120627162602948
0.288456107990335	0.12823161518416154
0.41165903238296075	0.12276941656576926
0.50937169655642256	0.16768082742810575
0.56451389213257319	0.25542281158386737
0.56486069839405839	0.36908856378564953
0.50503661828785729	0.48483515355634299
0.38807620660196551	0.57734572380752647
0.22481715900779639	0.62494488319637342
0.03398701362555194	0.6148008000479307
-0.16109150845988651	0.54552624931625715
-0.3351882517254689	0.42769882197665238
-0.46541400291317048	0.2816933858913731
-0.53460185207947264	0.13291349971421207
-0.53451515051410137	0.0064159158374766422
-0.46758154204745311	-0.078378215095660606
-0.34680626148522392	-0.11141151150212818
-0.19360459547412623	-0.093290884339525232
-0.034073715190923247	-0.034073715190923247
0.10568920818762198	0.049940101653872242
0.2046156942762821	0.14036983433614436
0.25013401609621772	0.22126239482757284
0.24068354547074539	0.28256040154508616
0.18562805145996608	0.32166280752754517
0.10291475809574019	0.34229778008591599
0.015259475505349852	0.3530487741919579
-0.05470868774929407	0.36319285734040074
-0.089822821724672985	0.38009966258780536
-0.081759576145141538	0.40645693846068243
-0.032773191710353658	0.43914342860566474
0.044738007731593879	0.47000918587784968
0.13152627466827116	0.48717609582136828
0.20513590366850992	0.47841923771886635
0.24527872843542459	0.43350782685652989
0.23790909537886359	0.34689296305059519
0.17825841840340509	0.21935496038940411
0.071962299258183954	0.058003347233403696
-0.066153294378306457	-0.12363643221948231
-0.21475977742472491	-0.30796396019887884
-0.35018762253470481	-0.47495117510401413
-0.45032793053856324	-0.60500352316097306
-0.49888080714649458	-0.68138760225309369
-0.48786970834433874	-0.69309231357821999
-0.41868185917803652	-0.63682299765224237
-0.30180814905751607	-0.51856206248578107
-0.15467559262240985	-0.35365568514955709
0.0011271203498269776	-0.16568669142456571
0.14340438912414008	0.016473297420548136
0.25273506305735693	0.16273883820194132
0.31490008542858328	0.24701275974285072
0.32331013726959995	0.25230155523050041
0.27926574206097654	0.17513716205003807
0.19239077355892795	0.027224291526590075
0.078638319791774519	-0.16516648203233789
-0.042050259205083394	-0.36553379960542598
-0.14877988617716106	-0.5329545223374178
-0.22290972456962765	-0.63058048494550833
-0.2510877333153021	-0.6331815319066475
-0.22733150440356426	-0.53321462703353173
-0.15424208479555332	-0.34333819887037165
-0.041963557639712094	-0.0944180046893522
0.093290884339525232	0.16984836656238841
0.23270700145658524	0.4021218601921171
0.35833756967960761	0.56061232169086439
0.45657044324529727	0.61835556422815419
0.52081630318543504	0.56841546257428199
0.55211556828447639	0.42475096875402796
0.5580979762950965	0.21900815412791888
0.55055494010779293	-0.0068494236643331721
0.54197148513603366	-0.21051140072153091
0.54197148513603366	-0.35842427124497889
0.55462991368024428	-0.43255410963744551
0.57717232067678381	-0.43342112529115856
0.60075514645777905	-0.37801882501889406
0.61289336560976193	-0.29391830660872725
0.60066844489240778	-0.21111831167913003
0.55462991368024428	-0.15294156131498374
0.47148311248916186	-0.1306592590145581
0.35564982115309712	-0.14054323746688699
0.21857464630106235	-0.16620690081679354
0.076730885353605782	-0.18398072171791127
-0.052367745484268806	-0.17097548691221537
-0.15302826288035504	-0.11236522872121255
-0.21493318055546751	-0.0072829314911897021
-0.23444103276401135	0.13048585588381548
-0.21449967272861098	0.27510406692315387
-0.16308564446342655	0.39553254122389786
-0.090689837378386054	0.46376667317111564
-0.007629737752674926	0.46272625438665999
0.077424497876576237	0.39111076138996126
0.15892396932560385	0.26478658064396843
0.23340061397955569	0.11288543811344037
0.29816668331192125	-0.029651935356986642
0.34984081627321961	-0.13031245275307288
0.38270070954894458	-0.16776752899347705
0.38937673008253515	-0.13681507015592081
0.36154552759834591	-0.048986384434787873
0.29261778312815767	0.071008582039099599
0.18077276379917295	0.19273757982041317
0.031125861968298845	0.28836940642496367
-0.14305758286265485	0.34073715190923248
-0.32148940439680257	0.34775997870430825
-0.47954635806869333	0.32235642005051562
-0.59286530400899029	0.28793589859810714
-0.64245859940137728	0.27033548082773201
-0.61870237048963939	0.28932312364404805
-0.52419766423491587	0.35122804131916052
-0.37385714988107138	0.44547264287777011
-0.1929109829511558	0.54647996653534159
-0.011964816021240225	0.61930928144723862
0.13820229520186172	0.63014697711865186
0.23262029989121394	0.55549692933395733
0.25672333506443701	0.390763955128476
0.2087773694141048	0.15363517383795419
0.099880203307744483	-0.11834763673183266
-0.048379473477188732	-0.37507097179626964
-0.20808375689113434	-0.56546760935165752
-0.35027432410007614	-0.64939472463108172
-0.44928751175410758	-0.60743116699136968
-0.48717609582136828	-0.44625295696611184
-0.45587683072232682	-0.19689925495823588
-0.35773065872200843	0.091816957728213022
-0.20522260523388125	0.36518699334394078
-0.017947224031860335	0.57491807997712996
0.1800791512762025	0.69075137131319464
0.3638864698633712	0.70618424994928719
0.51084562316773474	0.63916393991726761
0.60422320907263138	0.52549818771548551
0.63456875695258841	0.40879788072570766
0.60170886367686349	0.32859893275724966
0.51388017795573049	0.30943788681019102
0.38746929564436638	0.35504291019549794
0.2437181002587411	0.44781358514279535
0.10568920818762198	0.55454321211487301
-0.0055489001837635823	0.63664959452149972
-0.075170257176922273	0.66161964534843587
-0.097019051650491378	0.612633260913648
-0.075343660307664886	0.49428562418181538
-0.023496124215623918	0.33189359224135928
0.038582196590231162	0.16516648203233789
0.088608999809474703	0.037541777805775486
0.10655622384133503	-0.015866386462948995
0.079071827618631046	0.021415286646712575
0.0026877485265104852	0.14193046251282787
-0.11539978350920825	0.314813383863212
-0.25880417263334832	0.49315850383198839
-0.40550322124159804	0.62511828632711608
-0.5329545223374178	0.66734194866294205
-0.62251723936597692	0.59607326192772858
-0.66318027352511943	0.41417337777872865
-0.65329629507279052	0.1509474253114437
-0.60006153393480866	-0.14383789695099661
-0.51700143430909751	-0.41131222612147555
-0.42006908422397743	-0.59728708384292684
-0.32322343570422868	-0.66439409544031769
-0.23600166094069486	-0.60066844489240778
-0.16178512098285694	-0.42128290613917574
-0.098319575131060974	-0.1638659585517683
-0.040229526332285971	0.12068857899685792
0.018640836554830783	0.38087997667614715
0.081586173014398924	0.57604520032695694
0.14747936269659145	0.68468226173720326
0.20999119132930308	0.70739807186448544
0.25967118828706137	0.66370048291734718
0.28628856885605231	0.58436855060260229
0.28221359528360096	0.50191536193449027
0.24519202687005329	0.44070405678234825
0.1799924497108312	0.41105212142536163
0.097539261042719219	0.40775746194125201
0.01335204106718112	0.41304625742890166
-0.05626931592597758	0.40463620558788499
-0.097712664173461833	0.36397317142874247
-0.1030014596611115	0.28429443285251227
-0.07161549299669874	0.17392334013483979
-0.010057381583071493	0.055142195576150597
0.069621356993158703	-0.041009840420627726
0.15363517383795419	-0.083927115279424189
0.22915223727636169	-0.053061358007239254
0.28758909233662189	0.054621986183922763
0.32565107953462524	0.22160920108905807
0.34567914113539694	0.41261274960204514
0.35452270080327014	0.58168080207609174
0.36093861664074678	0.68338173825663373
0.372903432661987	0.68450885860646071
0.39561924278926913	0.57275054084284727
0.42951955484944981	0.36119872133686071
0.47122300779304799	0.085921251282964226
0.51362007325961656	-0.2016678410536577
0.54838740097351024	-0.44668646479296836
0.56789525318205414	-0.60292268559206175
0.56650802813611323	-0.64384582444731819
0.54197148513603366	-0.56754844692056894
0.49567284922775623	-0.39691976626983877
0.43168709398373245	-0.17270951821964151
0.355909925849211	0.05626931592597758
0.27484396222703994	0.24519202687005329
0.19464501425858191	0.36379976829799987
0.12008166803925878	0.40238196488823103
0.054621986183922763	0.37229652170438787
0.00052020939222783581	0.30146134279603087
-0.04118324355137034	0.22516396526928162
-0.070228267950757844	0.17669779022672158
-0.087395177894276421	0.17756480588043463
-0.0944180046893522	0.23305380771807047
-0.093637690601010445	0.3309398750222749
-0.088002088851875562	0.44607955383536924
-0.08089256049142847	0.54812729627739631
-0.075170257176922273	0.60994551238713757
-0.072655911781154409	0.61540771100552982
-0.073783032130981377	0.56373357804423141
-0.077771304138061464	0.46914217022413662
-0.082799994929597207	0.35721044932978063
-0.087221774763533808	0.25759035071815006
-0.089736120159301686	0.19655244869675065
-0.091123345205242581	0.18952962190167486
-0.093550989035639145	0.23790909537886359
-0.10126742835368538	0.32816542493039313
-0.1190412492548031	0.43619557538304038
-0.15068732061532977	0.53304122390278907
-0.19811307687343416	0.59225839305139105
-0.2601046961139179	0.59607326192772858
-0.33189359224135928	0.53867682565192399
-0.40593672906845457	0.42683180632293932
-0.47365065162344455	0.27770511388429303
-0.52723221902291162	0.11366575220178213
-0.56139263577920617	-0.042743871728053842
-0.57517818467324378	-0.17427014639632502
-0.57179682362376294	-0.27102909335070247
-0.55818467786046788	-0.33206699537210188
-0.54344541174734584	-0.36327955890577202
-0.53590237556004228	-0.37446406083867051
-0.54084436478620668	-0.37619809214609662
-0.55931179821029486	-0.37593798744998269
-0.58705629912911272	-0.37628479371146795
-0.61558111413627237	-0.37481086710015571
-0.63361503973350408	-0.36492688864782685
-0.62971346929179528	-0.33848291120957852
-0.5945993353164164	-0.28784919703273582
-0.5237641564080594	-0.20817045845650564
-0.41790154508969479	-0.099186590784774029
-0.28334071563342794	0.035027432410007615
-0.13091936371067203	0.18614826085219394
0.025750364915277876	0.34264458634740119
0.17244941352352758	0.49177127878604748
0.29547893478541076	0.62060980492780815
0.38400123302951417	0.71693524405532905
0.43047327206853414	0.7709503192816527
0.43142698928761852	0.77571890537707455
0.38764269877510898	0.72855325381508407
0.30397568819179877	0.63162090372996404
0.18918281564018963	0.49185798035141881
0.055315598706893211	0.32096919500457471
-0.083667010583310261	0.13404062006403902
-0.2132858508134127	-0.052020939222783585
-0.32062238874308951	-0.22108899169683024
-0.39631285531223959	-0.36033170568314765
-0.43662908320989691	-0.46229274655980346
-0.44417211939720053	-0.52593169554234198
-0.42752541884590978	-0.55636394498767039
-0.39969421636172053	-0.56260645769440443
-0.37429065770792791	-0.55506342150710086
-0.36232584168668769	-0.541798082005291
-0.3683082496973078	-0.52601839710771336
-0.38894322225567862	-0.50494991672248601
-0.41287285429815906	-0.47052939527007753
-0.42345044527345838	-0.41165903238296075
-0.40324898054194408	-0.31880165587029208
-0.33917652373254897	-0.18744878433276352
-0.22750490753430688	-0.021935496038940412
-0.076297377526749255	0.16360585385565438
0.094851512516208741	0.34628605209299607
0.25863076950260572	0.49844729931963805
0.38642887685991073	0.59338551340121803
0.45509651663398504	0.61141943899844975
0.45405609784952938	0.54509274148940068
0.38859641599419337	0.40151494923451797
0.27909233893023394	0.20253485670737076
0.15684313175669251	-0.018987642816316007
0.056095912795234966	-0.22525066683465292
0.0045951829646792165	-0.38087997667614715
0.015866386462948995	-0.46012520742552082
0.084794130933137243	-0.45128164775764762
0.1886626062479618	-0.35868437594109281
0.29235767843204374	-0.20149443792291508
0.35842427124497889	-0.0093637690601010449
0.35790406185275103	0.18406742328328257
0.27900563736486261	0.34715306774670912
0.13239329032198421	0.45639704011455462
-0.050373609480728769	0.49957441966946503
-0.22412354648482594	0.47616499701921239
-0.34134406286683161	0.39648625844298224
-0.36510029177856945	0.27796521858040696
-0.28004605614931827	0.14141025312060004
-0.097972768869575746	0.0071095283604470901
0.14366449382025401	-0.10768334419116202
0.38955013321327775	-0.19022323442464531
0.58012017389940829	-0.23262029989121394
0.66621482831311507	-0.23157988110675826
0.62147682058152121	-0.18744878433276352
0.44963431801559278	-0.10326156435722542
0.18398072171791127	0.014825967678493321
-0.12094868369297183	0.15805695367189079
-0.4021218601921171	0.31437987603635548
-0.60387640281114607	0.46957567805099315
-0.6909247744439373	0.60786467481822615
-0.65685105925301401	0.71381398770196203
-0.52437106736565853	0.77415827720039099
-0.33839620964420719	0.78066089460323895
-0.15302826288035504	0.73141440547233716
-0.017080208378147277	0.63153420216459266
0.038408793459488548	0.49263829443976054
0.0080632455795314559	0.3309398750222749
-0.087828685721132949	0.16481967577085266
-0.20955768350244655	0.011704711325126306
-0.30987139463704755	-0.1146194694208665
-0.34775997870430825	-0.20539600836462385
-0.30007411775008996	-0.25776375384889266
-0.16863454464719013	-0.27389024500795556
0.02046156942762821	-0.25967118828706137
0.22334323239648418	-0.22316982926574158
0.39015704417087688	-0.17331642917724063
0.47841923771886635	-0.11878114455868918
0.46367997160574437	-0.067193713162762125
0.34645945522373867	-0.025230155523050038
0.15181444096515676	0.0017340313074261195
-0.076730885353605782	0.0098839784523288808
-0.28767579390199322	-0.0028611516572530971
-0.43411473781412901	-0.035721044932978063
-0.48388143633725866	-0.08470742936776593
-0.42700520945368192	-0.14262407503579833
-0.27657799353446605	-0.20010721287697419
-0.064505964636251648	-0.2468393566121081
0.1668138117743927	-0.27415034970406948
0.37446406083867051	-0.2770982029266939
0.52454447049640118	-0.25663663349906568
0.59746048697366949	-0.22004857291237456
0.5910445711361928	-0.17973234501471727
0.51760834526669663	-0.1507740221807011
0.39960751479634921	-0.1466123470428784
0.26287914620579972	-0.175397266746152
0.13039915431844418	-0.23678197502903661
0.017773820901117725	-0.32044898561234686
-0.06797402725110388	-0.40819096976810854
-0.12779810735730501	-0.47729211736903937
-0.16811433525496228	-0.50599033550694161
-0.19698595652360718	-0.47902614867646548
-0.22091558856608762	-0.39258468800127344
-0.24319789086651325	-0.25637652880295175
-0.26296584777117099	-0.091903659293584336
-0.27666469509983738	0.071268686735213513
-0.27935244362634787	0.20244815514199946
-0.26712752290899372	0.2769247997959513
-0.23773569224812097	0.28178008745674443
-0.19187056416670012	0.21883475099717628
-0.13326030597569727	0.10464878940316631
-0.067540519424247353	-0.033553505798695413
-0.0015606281766835076	-0.16473297420548136
0.057483137841175862	-0.26183872742134406
0.10256795183425496	-0.30761715393739358
0.12788480892267631	-0.29886029583489171
0.12875182457638937	-0.24605904252376634
0.10265465339962628	-0.16984836656238841
0.049419892261644408	-0.0944180046893522
-0.027571097788075299	-0.040749735724513805
-0.12112208682371445	-0.019681255339286455
-0.22074218543534502	-0.029391830660872725
-0.31333945725189977	-0.056095912795234966
-0.38564856277156895	-0.077597901007318851
-0.42613819379996887	-0.070748477342985672
-0.4279589266727663	-0.018294030293345559
-0.39102405982458993	0.08462072780239463
-0.32278992787737215	0.22767831066504948
-0.23756228911737837	0.38668898155602466
-0.15346177070721156	0.5287061456342238
-0.089302612332445158	0.61991619240483775
-0.059824080106201119	0.63422195069110321
-0.072395807085040481	0.56009211229863654
-0.12493695570005191	0.40428939932639973
-0.20582951619148038	0.19109025007835836
-0.29591244261226729	-0.041963557639712094
-0.37299013422735827	-0.25247495836124301
-0.41625421534763996	-0.4021218601921171
-0.4109654198599903	-0.46524059978242788
-0.35209505697287358	-0.43368122998727249
-0.24458511591245416	-0.31854155117417815
-0.1031748627918541	-0.14713255643510623
0.051760834526669665	0.043524185816395597
0.19828648000417676	0.21467307585935358
0.31758783395509377	0.33380102667952799
0.3978734834889231	0.38061987198003322
0.43636897851378298	0.35062113036156134
0.43870992077880822	0.25403558653792652
0.41755473882820959	0.11297213967881169
0.38850971442882209	-0.044304499904737352
0.36692102465136689	-0.18987642816316008
0.36414657455948507	-0.30102783496917435
0.38547515964082635	-0.36353966360188594
0.42960625641482109	-0.3727300295312444
0.48908353025953699	-0.33241380163358708
0.55254907611133297	-0.25212815209975775
0.60708436072988448	-0.14375119538562531
0.64063786652857979	-0.019074344381687314
0.64427933227417467	0.11210512402509862
0.61254655934827673	0.24189736738594367
0.54379221800883104	0.36449338082097033
0.44035725052086305	0.47417086101567235
0.30718364611053706	0.56451389213257319
0.15164103783441416	0.62806613954974044
-0.017166909943518584	0.65702446238375667
-0.18796899372499135	0.64505964636251645
-0.3482801880965361	0.58965734609025189
-0.48405483946800126	0.49385211635495885
-0.58124729424923527	0.36735453247822342
-0.62711242233065612	0.22559747309613815
-0.61219975308679153	0.088262193547989476
-0.53278111920667526	-0.024709946130822204
-0.39267138956664477	-0.097279156346605306
-0.20392208175331164	-0.12094868369297183
0.01335204106718112	-0.096845648519748778
0.23305380771807047	-0.036501359021319818
0.42657170162682539	0.040229526332285971
0.56685483439759843	0.10941737549858814
0.63300812877590495	0.14799957208881931
0.61436729222107411	0.13932941555168871
0.51197274351756172	0.076904288484348396
0.3392632252979203	-0.03398701362555194
0.11999496647388747	-0.17756480588043463
-0.11531308194383695	-0.33033296406467577
-0.33458134076786977	-0.46688792952448266
-0.5088514871641947	-0.5659011171785141
-0.616881637616842	-0.61462739691718804
-0.64818090271588347	-0.61185294682530622
-0.60352959654966087	-0.56737504378982628
-0.49402551948570145	-0.4991409118426085
-0.33848291120957852	-0.42865253919573676
-0.159530880283203	-0.37437735927329918
0.019681255339286455	-0.34732647087745172
0.17886532936100422	-0.34741317244282305
0.30293526940734306	-0.364406679255599
0.38330762050654371	-0.37983955789169149
0.41755473882820959	-0.37299013422735827
0.40862447759496506	-0.32599788579611044
0.36336626047114334	-0.23001925293007475
0.29140396121295936	-0.087915387286504262
0.20357527549182641	0.086094654413706825
0.11106470524064295	0.26894825578179116
0.02436313986933698	0.43498175346784207
-0.04716565156199045	0.56173944204069137
-0.096152035996778323	0.63569587730241539
-0.11782742733960481	0.65555053577244449
-0.11080460054452904	0.63205441155682052
-0.07707769161509101	0.58523556625631534
-0.022022197604311719	0.53841672095581006
0.045951829646792168	0.51179934038681918
0.11704711325126306	0.51648122491686965
0.18137967475677211	0.55159535889224864
0.23045276075693127	0.60430991063800266
0.25837066480649179	0.65294948881130532
0.26296584777117099	0.67306425197744824
0.24527872843542459	0.64384582444731819
0.20929757880633262	0.55436980898413035
0.16057129906765866	0.40628353532993977
0.10542910349150807	0.21389276177101182
0.049766698523129628	0.0011271203498269776
-0.0013872250459408956	-0.20418218644942557
-0.043957693643252131	-0.3769784062344384
-0.074650047784694445	-0.50044143532317809
-0.090343031116900827	-0.56954258292410898
-0.088608999809474703	-0.59052436174396494
-0.068060728816475194	-0.57829944102661079
-0.029738636922357949	-0.55124855263076333
0.02236900386579694	-0.52541148615011424
0.080112246403086715	-0.50963180125253649
0.13195978249512769	-0.50338928854580245
0.16369255542102568	-0.49732017896981107
0.16161171785211434	-0.47659850484606892
0.11522638037846564	-0.42631159693071147
0.021415286646712575	-0.33666217833678108
-0.11349234907103951	-0.20686993497593606
-0.27293652778887123	-0.04716565156199045
-0.43229400494133158	0.1219891024774275
-0.56277986082514708	0.27449715596555474
-0.63760331174058416	0.38443474085637069
-0.6374299086098415	0.43168709398373245
-0.55575703403007126	0.40741065567976675
-0.40134154610377537	0.31646071360526679
-0.19646574713137935	0.17704459648820681
0.027137589961218771	0.017253611508889887
0.2351346452869818	-0.13022575118770158
0.39865379757726488	-0.23444103276401135
0.50078824158466329	-0.27224291526590078
0.54023745382860755	-0.23262029989121394
0.53122049102999169	-0.11800083047034743
0.4989675087118659	0.056095912795234966
0.47191662031601839	0.26461317751322583
0.4734772484927019	0.4773788189344107
0.514573790478701	0.66404728917883249
0.58939724139413796	0.79921502959269841
0.67687912085378577	0.86536832397100494
0.74493984967026095	0.85583115178016123
0.76063283300246731	0.77407157563501972
0.69898802002346871	0.63335493503739015
0.55237567298059032	0.45370929158804418
0.33397442981027059	0.2594110835909475
0.076557482222863169	0.075083555611550973
-0.17401004170021109	-0.077164393180462323
-0.36978217630861998	-0.18129297319140078
-0.4727836359697315	-0.22863202788413386
-0.46489379352094262	-0.21900815412791888
-0.35322217732270056	-0.16057129906765866
-0.16932815717016056	-0.068494236643331721
0.038148688763374627	0.037801882501889407
0.21475977742472491	0.13724857798277737
0.31472668229784068	0.21085820698301613
0.31169212750984499	0.24432501121634023
0.206002919322223	0.23036605919155997
0.02453654300007959	0.16976166499701709
-0.18536794676385218	0.071528791431327426
-0.36822154813193647	-0.049679996957758321
-0.47434426414641501	-0.175397266746152
-0.47200332188138971	-0.28724228607513669
-0.3553897164569832	-0.36917526535102085
-0.14583203295453664	-0.4104452104677625
0.11409926002863865	-0.40749735724513808
0.37116940135456089	-0.36379976829799987
0.57465797528101603	-0.28966992990553325
0.6887572353096546	-0.20010721287697419
0.70028854350403835	-0.11219182559046993
0.62060980492780815	-0.042483767031939929
0.48188730033371863	-0.003728167310966157
0.32747181240742268	-0.0028611516572530971
0.20054072070383072	-0.039275809113201603
0.13317360441032597	-0.10508229723002284
0.13958952024780261	-0.18571475302533741
0.21415286646712575	-0.26261904150968579
0.33449463920249844	-0.31620060890915291
0.4690554686587653	-0.33015956093393317
0.58601588034465713	-0.29443851600095511
0.66205315317529245	-0.20834386158724824
0.68728330869834242	-0.081065963622171083
0.666474933009229	0.069014446035559548
0.61601462196312895	0.2177943322127206
0.55783787159898268	0.3394366284286629
0.51275305760590351	0.41209254020981728
0.49376541478958752	0.42188981709677487
0.50364939324191638	0.36622741212839643
0.53494865834095784	0.25429569123404044
0.57318404866970374	0.10482219253390893
0.60196896837297742	-0.058003347233403696
0.60829818264508273	-0.21007789289467438
0.58696959756374145	-0.33276060789507234
0.54153797730917708	-0.41686112630523914
0.48301442068354555	-0.46376667317111564
0.42631159693071147	-0.48388143633725866
0.38590866746768288	-0.49220478661290401
0.37151620761604609	-0.50312918384968852
0.38556186120619768	-0.52541148615011424
0.42284353431585925	-0.55870488725269574
0.47252353127361757	-0.59234509461676244
0.52081630318543504	-0.60855828734119666
0.55506342150710086	-0.58714300069448411
0.56642132657074196	-0.51205944508293311
0.55142195576150599	-0.3773252124959236
0.51231954977904703	-0.18970302503241748
0.45570342759158422	0.030518951010699704
0.39067725356310473	0.25351537714569866
0.32721170771130875	0.44607955383536924
0.27441045440018341	0.5796866660725517
0.24016333607851756	0.63725650547909896
0.23045276075693127	0.61748854857444113
0.24909359731176206	0.53520876303707177
0.29738636922357947	0.41772814195895219
0.37368374675032873	0.2976464739196934
0.47139641092379059	0.2047023958416534
0.57925315824569523	0.15805695367189079
0.68095409442623711	0.16195852411359957
0.75733817351835764	0.20513590366850992
0.78950445427111215	0.26426637125174063
0.76340728309434913	0.31108521655224586
0.67358446136967609	0.32044898561234686
0.52679871119605515	0.27770511388429303
0.34221107852054466	0.18328710919494082
0.14938679713476019	0.052367745484268806
-0.017253611508889887	-0.088955806070959931
-0.1262374791806215	-0.21111831167913003
-0.15658302706057858	-0.28888961581719153
-0.10386847531482456	-0.30857087115647797
0.017513716205003808	-0.27180940743904425
0.17678449179209288	-0.19542532834692367
0.33319411572192886	-0.10664292540670635
0.44538594131239878	-0.03580774649834937
0.48206070346446123	-0.007803140883417538
0.42969295798019241	-0.035027432410007615
0.29703956296209427	-0.11401255846326735
0.1131455428095543	-0.2263777871844799
-0.078725021357145819	-0.34307809417425772
-0.23227349362972871	-0.43246740807207418
-0.30900437898333449	-0.46818845300505224
-0.28828270485959234	-0.43636897851378298
-0.17210260726204235	-0.33908982216717765
0.015432878636092464	-0.19343119234338363
0.23400752493715482	-0.026704082134362241
0.43740939729823863	0.1306592590145581
0.58523556625631534	0.25299516775347081
0.65208247315759227	0.3261712889268531
0.63335493503739015	0.35036102566544741
0.54535284618551461	0.33934992686329157
0.41954887483174963	0.31585380264766766
0.29365820191261333	0.30432249445328396
0.20062742226920202	0.32357024196571388
0.16031119437154476	0.38070657354540455
0.17470365422318154	0.4687086623972801
0.22776501223042078	0.56737504378982628
0.29097045338610283	0.64844100741199739
0.33180689067598795	0.68303493199514842
0.32322343570422868	0.64948142619645299
0.25186804740364388	0.53963054287100842
0.12207580404279882	0.36215243855594503
-0.045171515558450413	0.14158365625134264
-0.21684061499363624	-0.086268057544449439
-0.35669023993755278	-0.28143328119525918
-0.43402803624875769	-0.40897128385645026
-0.43160039241836112	-0.44590615070462664
-0.34975411470784828	-0.38677568312139593
-0.20686993497593606	-0.24423830965096893
-0.035287537106121529	-0.046818845300505223
0.1261507776152502	0.16776752899347705
0.24051014234000276	0.3599848994216624
0.28039286241080352	0.49619305861998408
0.23392082337178352	0.55541022776858606
0.10655622384133503	0.5319141035529622
-0.080285649533829329	0.43584876912155512
-0.2933980972164994	0.29001673616701851
-0.49463243044330057	0.12398323848096754
-0.64757399175828434	-0.031559369795155376
-0.72447828024263272	-0.15120753000755763
-0.71017252195636726	-0.21814113847420583
-0.60474341846485913	-0.22663789188059383
-0.42284353431585925	-0.18146637632214341
-0.19126365320910096	-0.095545125039179182
0.055489001837635825	0.013612145763295037
0.28082637023766005	0.12779810735730501
0.45162845401913282	0.23053946232230257
0.54379221800883104	0.30943788681019102
0.54578635401237108	0.35625673211069625
0.46081881994849128	0.36752793560896602
0.30570971949922487	0.34307809417425772
0.10915727080247423	0.28533485163696798
-0.093550989035639145	0.19915349565788981
-0.26626050725528067	0.091383449901356495
-0.37793212345352273	-0.027831202484189216
-0.40871117916033634	-0.14557192825842272
-0.35261526636510138	-0.24640584878525157
-0.21935496038940411	-0.31411977134024155
-0.032252982318125824	-0.33406113137564192
0.1754839683115233	-0.29634595043912382
0.36666091995525296	-0.19924019722326114
0.50633714176842692	-0.05098052043832791
0.56815535787816807	0.12927203396861719
0.53833001939043879	0.31385966664412762
0.41842175448192265	0.47044269370470621
0.22438365118093986	0.56841546257428199
-0.015606281766835076	0.58523556625631534
-0.26565359629768148	0.51231954977904703
-0.48795640990971001	0.35825086811423629
-0.64861441054273994	0.14817297521956191
-0.72274424893520661	-0.079938843272344101
-0.69838110906586959	-0.28290720780657141
-0.5786462472880961	-0.42050259205083396
-0.3819203954606028	-0.46472039039020002
-0.13889590772483218	-0.40567662437234064
0.11132480993675686	-0.25429569123404044
0.32833882806113573	-0.03962261537468683
0.47659850484606892	0.19681255339286455
0.53269441764130387	0.4107920167292477
0.48969044121713612	0.56451389213257319
0.35955139159480587	0.63569587730241539
0.17184250256592845	0.62147682058152121
-0.031992877622011903	0.53859012408655271
-0.2062630240183369	0.41798824665506612
-0.3107384102907606	0.29686615983135167
-0.3195819699586338	0.20834386158724824
-0.22767831066504948	0.17409674326558239
-0.052714551745754033	0.19837318156954806
0.16794093212421968	0.26782113543196417
0.38530175651008375	0.3557365227184684
0.54934111819259468	0.42986636111093501
0.6204364017970655	0.46116562620997648
0.57925315824569523	0.43264081120281683
0.43177379554910372	0.3438584082625995
0.20799705532576304	0.21163852107135789
-0.044304499904737352	0.065979891247563843
-0.27076898865458854	-0.057483137841175862
-0.4235371468388297	-0.12667098700747803
-0.47217672501213231	-0.12164229621594227
-0.41139892768684683	-0.039709316940058137
-0.26183872742134406	0.10352166905333933
-0.064766069332365561	0.27779181544966436
0.12823161518416154	0.44538594131239878
0.26782113543196417	0.5704963001431933
0.31897505900103468	0.62711242233065612
0.26912165891253376	0.60517692629171571
0.13117946840678593	0.51240625134441831
-0.060430991063800267	0.37229652170438787
-0.25845736637186312	0.21796773534346323
-0.41426007934409992	0.085054235629251157
-0.48943033652102225	0.0032946594841096271
-0.46376667317111564	-0.008843559667873209
-0.33908982216717765	0.052020939222783585
-0.13750868267889127	0.17487705735392414
0.10516899879539415	0.33761589555586546
0.34767327713893698	0.51162593725607652
0.55263577767670424	0.66820896431665511
0.69378592610119039	0.78256832904140772
0.7592456079565264	0.83805733087904355
0.75161587020385145	0.82678612738077373
0.68398864921423286	0.750055242027168
0.5754382893693577	0.61679493605147073
0.44512583661628485	0.44226468495903176
0.30857087115647797	0.24510532530468199
0.1757440730076372	0.046298635908277389
0.051674132961298358	-0.13369381380255382
-0.061731514544369856	-0.27597108257686692
-0.16325904759416915	-0.36518699334394078
-0.25030741922696037	-0.39206447860904559
-0.31810804334732162	-0.35460940236864141
-0.36059181037926152	-0.2601046961139179
-0.37186301387753135	-0.12398323848096754
-0.3484535912272787	0.031039160402927538
-0.29062364712461763	0.17877862779563292
-0.20296836453422729	0.2933980972164994
-0.093550989035639145	0.35426259610715621
0.026877485265104851	0.34958071157710568
0.14747936269659145	0.27874553266874869
0.25845736637186312	0.15224794879201328
0.35200835540750225	-0.010317486279185412
0.42223662335826007	-0.1843275279793965
0.46489379352094262	-0.34472542391631256
0.47651180328069764	-0.47096290309693406
0.45500981506861377	-0.54968792445407988
0.40073463514617619	-0.57630530502307076
0.31680751986675204	-0.55410970428801642
0.21103161011375873	-0.49229148817827534
0.095631826604550482	-0.40298887584583015
-0.01335204106718112	-0.29868689270414905
-0.098232873565689674	-0.19074344381687314
-0.14383789695099661	-0.08843559667873209
-0.14158365625134264	8.6701565371305974e-05
-0.092770674947297391	0.067280414728133439
-0.0099706800177001877	0.10560250662225068
0.08453402623702333	0.10811685201801854
0.16282553976731262	0.070054864820015231
0.19819977843880546	-0.0091036643639871278
0.17192920413129975	-0.1232896259579971
0.07915852918400236	-0.25880417263334832
-0.069361252297044776	-0.39501233183167
-0.24779307383119248	-0.50755096368362518
-0.42119620457380441	-0.57318404866970374
-0.55376289802653123	-0.57526488623861516
-0.61774865327055506	-0.5088514871641947
-0.60075514645777905	-0.38296081424505851
-0.50980520438327914	-0.22048208073923109
-0.36926196691639213	-0.053754970530209702
-0.21606030090529449	0.082453188668111979
-0.089476015463187758	0.15901067089097515
-0.021675391342826495	0.16022449280617343
-0.028524815007159664	0.088002088851875562
-0.10551580505687937	-0.036934866848176345
-0.22837192318801994	-0.1799924497108312
-0.35920458533332067	-0.29981401305397604
-0.45553002446084156	-0.35920458533332067
-0.48188730033371863	-0.33388772824489932
-0.41876856074340785	-0.21961506508551804
-0.26799453856270677	-0.033726908929438026
-0.052627850180382726	0.18796899372499135
0.18831579998647657	0.39882720070800748
0.40931809011793552	0.55220226984984777
0.56858886570502454	0.61150614056382102
0.6377767148713267	0.55957190290640879
0.6080380779489688	0.40220856175748843
0.49116436782844836	0.16750742429736315
0.31585380264766766	-0.10031371113460101
0.12051517586611531	-0.34992751783859088
-0.056442719056720186	-0.53399494112187351
-0.18493443893699565	-0.61792205640129771
-0.24918029887713336	-0.58662279130225625
-0.25004731453084644	-0.44694656948908229
-0.20279496140348469	-0.22490386057316769
-0.13221988719124161	0.039969421636172051
-0.06580648811682123	0.30284856784197178
-0.027137589961218771	0.52159661727377671
-0.030952458837556231	0.66370048291734718
-0.080198947968458029	0.71112623917545159
-0.16664040864365007	0.66196645160992107
-0.27328333405035643	0.52913965346108038
-0.37862573597649318	0.33726908929438026
-0.46116562620997648	0.11791412890497613
-0.50312918384968852	-0.095805229735293096
-0.49315850383198839	-0.27432375283481208
-0.42769882197665238	-0.39553254122389786
-0.31125861968298846	-0.44772688357742407
-0.15484899575315247	-0.43090677989539067
0.024970050826936121	-0.35582322428383972
0.20825716002187694	-0.2422441736474289
0.37368374675032873	-0.11557318663995086
0.50087494315003456	-0.0022542406996539552
0.57318404866970374	0.074650047784694445
0.58020687546477956	0.099880203307744483
0.51890886874726627	0.068754341339445635
0.39553254122389786	-0.011618009759755001
0.22473045744242509	-0.12406994004633885
0.02817800874567444	-0.24432501121634023
-0.1685478430818188	-0.34663285835448127
-0.34073715190923248	-0.40871117916033634
-0.4687086623972801	-0.41738133569746694
-0.54119117104769188	-0.37082259509307564
-0.55792457316435395	-0.27874553266874869
-0.52861944406885253	-0.16005108967543083
-0.47070279840082013	-0.037628479371146793
-0.40480960871862759	0.067107011597390825
-0.35044772723081874	0.13967622181317393
-0.32088249343920339	0.1755706698768946
-0.32096919500457471	0.18155307788751471
-0.34602594739688214	0.17296962291575541
-0.38426133772562809	0.16880794777793273
-0.42041589048546268	0.18640836554830784
-0.44044395208623432	0.23582825780995226
-0.43515515659858467	0.31611390734378159
-0.40272877114971622	0.41512709499781303
-0.34888709905413523	0.51214614664830438
-0.28490134381011145	0.58237441459906225
-0.22351663552722681	0.6037897012457748
-0.1755706698768946	0.56277986082514708
-0.1466123470428784	0.45804436985660946
-0.13586135293683646	0.3018948506228874
-0.13664166702517822	0.11791412890497613
-0.13932941555168871	-0.06415915837476642
-0.13464753102163818	-0.21475977742472491
-0.11722051638200567	-0.31030490246390408
-0.087741984155761649	-0.33848291120957852
-0.053061358007239254	-0.29972731148860476
-0.023409422650252611	-0.20695663654130736
-0.0093637690601010449	-0.082279785537369365
-0.017166909943518584	0.048379473477188732
-0.045778426516049554	0.16039789593691606
-0.085661146586850298	0.2351346452869818
-0.12068857899685792	0.26287914620579972
-0.13195978249512769	0.24319789086651325
-0.1030881612264828	0.18476103580625303
-0.025750364915277876	0.10187433931128452
0.096672245389006164	0.011704711325126306
0.24874679105027683	-0.069274550731673476
0.40515641498011279	-0.12762470422656239
0.5365092865176414	-0.15406868166481072
0.61627472665924288	-0.14418470321248184
0.62711242233065612	-0.098232873565689674
0.56564101248240017	-0.020634972558370823
0.44365191000497267	0.080979262056799783
0.28568165789845318	0.19681255339286455
0.1233763275233684	0.31542029482081113
-0.012224920717354142	0.42492437188477056
-0.09805947043494706	0.51405358108647314
-0.12398323848096754	0.57292394397358992
-0.095111617212322655	0.59451263375104502
-0.029738636922357949	0.57569839406547163
0.045518321819935634	0.51743494213595409
0.10265465339962628	0.42492437188477056
0.11973486177777355	0.30701024297979446
0.086007952848335525	0.17453025109243891
0.0042483767031939925	0.038755599720973768
-0.11002428645618728	-0.089909523290044299
-0.23279370302195654	-0.20374867862256904
-0.33778929868660806	-0.29755977235432213
-0.40255536801897362	-0.36856835439342167
-0.41365316838650079	-0.41608081221689736
-0.3690018622202782	-0.44009714582474913
-0.27883223423412001	-0.44053065365160565
-0.16247873350582739	-0.41686112630523914
-0.044738007731593879	-0.36813484656656514
0.049506593827015714	-0.29452521756632638
0.099533397046259256	-0.19785297217732023
0.09216376398969825	-0.082626591798854593
0.023496124215623918	0.043264081120281683
-0.10074721896145754	0.16967496343164579
-0.26600040255916674	0.28481464224474012
-0.45110824462690496	0.37793212345352273
-0.63066718651087961	0.44131096773994738
-0.77849335546895637	0.47200332188138971
-0.87083052258939719	0.47261023283898884
-0.88990486697108451	0.45110824462690496
-0.82730633677300158	0.4192887701356357
-0.68676309930611457	0.38972353634402035
-0.48466175042560039	0.37368374675032873
-0.24909359731176206	0.37810552658426533
-0.016126491159062912	0.40472290715325626
0.17583077457300852	0.44946091488485018
0.29374490347798465	0.5042563041995155
0.31654741517063811	0.55853148412195308
0.24077024703611669	0.60274928246131909
0.082453188668111979	0.62980017085716655
-0.12519706039616582	0.6363894898253859
-0.33856961277494985	0.6232975534543187
-0.51266635604053223	0.59407912592418854
-0.61167954369456368	0.55341609176504603
-0.61774865327055506	0.50555682768008514
-0.53546886773318569	0.45240876810747455
-0.39067725356310473	0.39336500208961522
-0.22464375587705379	0.32625799049222437
-0.08306009962571112	0.24857338791953423
-0.0044217798339366045	0.1597042834139456
-0.0093637690601010449	0.06225172393659769
-0.094504706254723514	-0.037368374675032873
-0.23288040458732784	-0.13013904962233028
-0.38070657354540455	-0.20556941149536645
-0.48899682869416566	-0.2553361100184961
-0.51691473274372624	-0.27519076848852514
-0.44382531313571527	-0.26712752290899372
-0.27571097788075299	-0.2393830219901758
-0.044738007731593879	-0.20487579897239602
0.1975928674812063	-0.17773820901117723
0.39397191304721435	-0.16967496343164579
0.49584625235849888	-0.18614826085219394
0.47685860954218284	-0.22395014335408334
0.34004353938626203	-0.27111579491607379
0.11817423360109004	-0.30935118524481969
-0.13404062006403902	-0.3178479386512077
-0.35356898358418576	-0.27961254832246174
-0.48500855668708559	-0.18614826085219394
-0.49463243044330057	-0.04118324355137034
-0.37957945319557757	0.13837569833260432
-0.1685478430818188	0.32495746701165479
0.085747848152221612	0.48596227390616997
0.31932186526251988	0.59043766017859367
0.47321714379658802	0.61679493605147073
0.50807117307585303	0.55783787159898268
0.41313295899427299	0.42336374370808705
0.20817045845650564	0.23877611103257665
-0.062511828632711611	0.039882720070800751
-0.34212437695517339	-0.13456082945626688
-0.57639200658844214	-0.25082762861918817
-0.72647241624617276	-0.28767579390199322
-0.77797314607672852	-0.24042344077463146
-0.74259890740523571	-0.12164229621594227
-0.6526893841151914	0.042570468597311235
-0.55072834323853559	0.21926825882403281
-0.47677190797681157	0.37576458431924009
-0.45639704011455462	0.48726279738673955
-0.49393881792033012	0.54136457417843453
-0.57179682362376294	0.54023745382860755
-0.65598404359930096	0.49818719462352412
-0.70661775777614366	0.43749609886360996
-0.68953754939799639	0.38183369389523153
-0.58696959756374145	0.35018762253470481
-0.40298887584583015	0.35261526636510138
-0.16360585385565438	0.38859641599419337
0.088782402940217317	0.44790028670816667
0.30622992889145267	0.514573790478701
0.44651306166222576	0.5711899126661637
0.48336122694503081	0.60352959654966087
0.41200583864444601	0.60422320907263138
0.25022071766158904	0.57396436275804552
0.033119997971838885	0.52072960162006365
-0.19516522365080974	0.4571773542028964
-0.39206447860904559	0.39709316940058137
-0.52532478458474285	0.35183495227675965
-0.57942656137643778	0.32816542493039313
-0.55653734811841304	0.32721170771130875
-0.47417086101567235	0.34463872235094123
-0.35833756967960761	0.3730768357927296
-0.23678197502903661	0.40385589149954321
-0.13178637936438509	0.42960625641482109
-0.056009211229863659	0.44538594131239878
-0.01118450193289847	0.44920081018873625
0.0098839784523288808	0.44174447556680396
0.018900941250944703	0.42527117814625581
0.027484396222703995	0.40255536801897362
0.04335078268565299	0.37619809214609662
0.067627220989618653	0.3481067849657935
0.09589193130066441	0.31992877622011906
0.11973486177777355	0.29279118625890027
0.13091936371067203	0.26799453856270677
0.12415664161171015	0.24727286443896462
0.1000536064384871	0.23201338893361478
0.064939472463108175	0.22351663552722681
0.029651935356986642	0.221869305785172
0.0067627220989618661	0.22611768248836597
0.0064159158374766422	0.23435433119864005
0.03364020736406672	0.24449841434708283
0.086181355979078139	0.2553361100184961
0.15476229418778117	0.26695411977825112
0.22455705431168246	0.28091307180303138
0.27831202484189216	0.29972731148860476
0.30033422244620389	0.32573778109999657
0.27969924988783307	0.35937798846406327
0.21215873046358572	0.39761337879280917
0.10144083148442799	0.43342112529115856
-0.041790154508969481	0.45587683072232682
-0.20210134888051423	0.4525821712382172
-0.36163222916371723	0.41200583864444601
-0.50304248228431725	0.32703830458056615
-0.61159284212919229	0.19811307687343416
-0.67653231459230057	0.034333819887037167
-0.69257210418599213	-0.14687245173899233
-0.65953880777952456	-0.32278992787737215
-0.58202760833757705	-0.46983578274710708
-0.46862196083190877	-0.56824205944353934
-0.33119997971838883	-0.60691095759914182
-0.18346051232568344	-0.5857557756485432
-0.040142824766914664	-0.51622112022075572
0.084794130933137243	-0.41807494822043739
0.17955894188397467	-0.3149867869939546
0.23600166094069486	-0.22845862475339124
0.25100103174993077	-0.17262281665427021
0.22689799657670773	-0.1509474253114437
0.171148890042958	-0.15554260827612293
0.095371721908436569	-0.17028187438924494
0.012831831674953284	-0.17531056518078067
-0.063118739590310752	-0.15302826288035504
-0.12181569934668489	-0.093464287470267846
-0.15666972862594988	0.0027744500918817912
-0.16620690081679354	0.12363643221948231
-0.15302826288035504	0.24944040357324729
-0.12276941656576926	0.35790406185275103
-0.082106382406626752	0.4306466751992768
-0.036674762152062425	0.45839117611809466
0.0095371721908436569	0.4439120147010866
0.055402300272264518	0.40151494923451797
0.10118072678831407	0.35313547575732923
0.14765276582733408	0.3222697184851443
0.19395140173561146	0.32703830458056615
0.23660857189829401	0.37463746396941311
0.26929506204327636	0.45804436985660946
0.28394762659102707	0.55688415437989824
0.27215621370052945	0.6420250915745207
0.22871872944950516	0.68286152886440588
0.15337506914184026	0.6551170279455879
0.052454447049640113	0.54726028062368326
-0.060951200456028101	0.36466678395171293
-0.16906805247404666	0.12883852614176067
-0.25282176462272821	-0.12658428544210673
-0.29591244261226729	-0.36319285734040074
-0.2886295111210776	-0.54613316027385628
-0.2308862685837878	-0.65173566689610696
-0.13265339501809814	-0.67219723632373518
-0.012311622282725448	-0.61618802509387161
0.10716313479893419	-0.50616373863768427
0.20288166296885599	-0.37203641700827395
0.25698343976055088	-0.2440649065202263
0.26123181646374488	-0.14583203295453664
0.21805443690883453	-0.089302612332445158
0.14054323746688699	-0.073522927434867463
0.048552876607931346	-0.08670156537130598
-0.035374238671492836	-0.11028439115230119
-0.09207706242432695	-0.12511035883079452
-0.11028439115230119	-0.11670030698977785
-0.088955806070959931	-0.078464916661031905
-0.037628479371146793	-0.012398323848096754
0.026010469611391793	0.071875597692812654
0.08089256049142847	0.16109150845988651
0.10803015045264724	0.2421574720820576
0.095805229735293096	0.30562301793385355
0.042917274858796456	0.34793338183505085
-0.040749735724513805	0.37082259509307564
-0.13612145763295039	0.37949275163020624
-0.21866134786643365	0.37966615476094884
-0.2645264759478545	0.37481086710015571
-0.2551627068877535	0.36414657455948507
-0.18276689980271299	0.34255788478202992
-0.051067222003699217	0.30206825375363
0.12415664161171015	0.23487454059086788
0.31923516369714861	0.13646826389443562
0.50659724646454085	0.008670156537130597
0.66049252499860889	-0.13984962494391653
0.76158655022155164	-0.29374490347798465
0.80042885150789678	-0.43350782685652989
0.77762633981524332	-0.53902363191340918
0.70254278420369232	-0.59373231966270335
0.5903509586132224	-0.58740310539059792
0.45769756359512426	-0.51847536092040969
0.3195819699586338	-0.39397191304721435
0.18632166398293654	-0.22837192318801994
0.063205441155682052	-0.040749735724513805
-0.049419892261644408	0.14756606426196275
-0.15363517383795419	0.31611390734378159
-0.25195474896901515	0.44764018201205275
-0.34507223017779776	0.52974656441867951
-0.43073337676464807	0.55584373559544265
-0.5042563041995155	0.52601839710771336
-0.55965860447178006	0.44668646479296836
-0.59165148209379193	0.3309398750222749
-0.59754718853904076	0.19698595652360718
-0.57855954572272472	0.067020310032019512
-0.53980394600175097	-0.03589444806372067
-0.48908353025953699	-0.091470151466727809
-0.43428814094487161	-0.085921251282964226
-0.381400186068375	-0.015779684897577688
-0.33241380163358708	0.11002428645618728
-0.28490134381011145	0.27050888395847461
-0.23357401711029829	0.4355886644254412
-0.17227601039278498	0.57127661423153508
-0.097539261042719219	0.64714048393142776
-0.01101109880215586	0.64297880879360514
0.078638319791774519	0.55436980898413035
0.15658302706057858	0.39466552557018481
0.2046156942762821	0.1929976845165271
0.206002919322223	-0.011878114455868918
0.15068732061532977	-0.1800791512762025
0.039189107547830303	-0.2803061608454322
-0.11479287255160911	-0.29755977235432213
-0.28550825476771058	-0.23686867659440791
-0.4398370411286352	-0.12276941656576926
-0.54379221800883104	0.0071095283604470901
-0.57058300170856457	0.11115140680601426
-0.50781106837973911	0.15441548792629595
-0.36119872133686071	0.11774072577423352
-0.15493569731852377	0.0032079579187383211
0.072569210215783095	-0.16664040864365007
0.27623118727298085	-0.35391578984567096
0.41452018404021385	-0.5152674030016714
0.45891138551032251	-0.61254655934827673
0.40064793358080492	-0.62251723936597692
0.25342867558032733	-0.54301190392048926
0.050547012611471383	-0.39284479269738737
-0.16187182254822824	-0.20704333810667866
-0.33510155016009757	-0.027657799353446606
-0.42865253919573676	0.10733653792967679
-0.41937547170100697	0.17348983230798326
-0.306316630456824	0.16533988516308049
-0.11097800367527165	0.097539261042719219
0.12701779326896326	-8.6701565371305974e-05
0.35885777907183541	-0.090949942074499968
0.5365092865176414	-0.1421038656435705
0.62269064249671946	-0.13239329032198421
0.59832750262738255	-0.058436855060260223
0.46558740604391308	0.065112875593850789
0.24605904252376634	0.21016459446004568
-0.023669527346366532	0.34299139260888645
-0.30042092401157522	0.43333442372578723
-0.54249169452826151	0.46229274655980346
-0.71728205031681436	0.42683180632293932
-0.80641125951851689	0.34021694251700463
-0.80753837986834387	0.22819852005727731
-0.7334085414758772	0.12207580404279882
-0.60786467481822615	0.050286907915357462
-0.46081881994849128	0.031212563533670152
-0.3220963153544017	0.068754341339445635
-0.21684061499363624	0.15198784409589938
-0.16152501628674304	0.25793715697963526
-0.16239203194045609	0.3572971508951519
-0.21475977742472491	0.42154301083528967
-0.30518951010699702	0.42865253919573676
-0.41330636212501559	0.36839495126267907
-0.51604771709001318	0.24345799556262718
-0.59052436174396494	0.068927744470188249
-0.61792205640129771	-0.13161297623364246
-0.58627598504077094	-0.33033296406467577
-0.49203138348216141	-0.50078824158466329
-0.34108395817071768	-0.62104331275466473
-0.14713255643510623	-0.67757273337675616
0.069101147600930862	-0.6657813204862586
0.28368752189491314	-0.59052436174396494
0.47304374066584537	-0.46437358412871482
0.61679493605147073	-0.30605652576071007
0.70150236541923661	-0.13716187641740604
0.72187723328149356	0.019854658470029068
0.68156100538383624	0.14513842043156619
0.59199828835527724	0.22351663552722681
0.46983578274710708	0.24718616287359332
0.33397442981027059	0.21649380873215102
0.20262155827274206	0.14054323746688699
0.090256329551529513	0.035981149629091977
0.0058957064452488063	-0.075863869699892728
-0.048466175042560039	-0.17227601039278498
-0.076297377526749255	-0.23374742024104089
-0.086007952848335525	-0.24718616287359332
-0.088262193547989476	-0.20912417567559
-0.093984496862495673	-0.1262374791806215
-0.11210512402509862	-0.013872250459408956
-0.14773946739270538	0.10655622384133503
-0.20114763166142985	0.21198532733284312
-0.26756103073585025	0.28256040154508616
-0.33830950807883592	0.30518951010699702
-0.40168835236526057	0.27571097788075299
-0.44547264287777011	0.19976040661548897
-0.45908478864106511	0.090429732682272126
-0.43584876912155512	-0.034680626148522388
-0.37411725457718525	-0.15727663958354904
-0.27831202484189216	-0.26201213055208666
-0.15788355054114817	-0.33900312060180637
-0.026443977438248324	-0.38443474085637069
0.10126742835368538	-0.40021442575394839
0.21189862576747179	-0.39154426921681779
0.29599914417763862	-0.36562050117079731
0.35010092096933354	-0.32877233588799226
0.37671830153832447	-0.28550825476771058
0.38313421737580111	-0.23782239381349229
0.37897254223797844	-0.18554134989459478
0.37342364205421485	-0.12797151048804761
0.37220982013901655	-0.064852770897736875
0.37585128588461142	0.0023409422650252612
0.37966615476094884	0.070488372646871758
0.37515767336164096	0.13534114354460863
0.35278866949584403	0.19213066886281405
0.3061432273260814	0.23669527346366531
0.23409422650252612	0.26643391038602326
0.14288417973191225	0.28108647493377398
0.04525821712382172	0.28247369997971489
-0.042136960770454701	0.27363014031184163
-0.10274135496499757	0.25819726167574919
-0.12493695570005191	0.23920961885943318
-0.10551580505687937	0.21883475099717628
-0.051414028265184444	0.19776627061194893
0.020981778819856047	0.1754839683115233
0.090343031116900827	0.15146763470367153
0.13499433728312341	0.12563056822302235
0.13984962494391653	0.098839784523288815
0.10048711426534362	0.07326282273875355
0.025490260219163955	0.051674132961298358
-0.064766069332365561	0.0377151809365181
-0.14305758286265485	0.034247118321665861
-0.18215998884511386	0.043003976424167763
-0.16230533037508479	0.063725650547909893
-0.076904288484348396	0.0944180046893522
0.064419263070880334	0.13135287153752856
0.23730218442126444	0.16932815717016056
0.40767076037588068	0.20314176766496989
0.53954384130563704	0.22750490753430688
0.60404980594188873	0.23816920007497752
0.5864493881715136	0.23227349362972871
0.4902973521747353	0.20825716002187694
0.33692228303289501	0.16646700551290747
0.16117821002525781	0.1088971661063603
0.0031212563533670151	0.039189107547830303
-0.10109402522294277	-0.037281673109661566
-0.12745130109581979	-0.11383915533252474
-0.069794760123901303	-0.18320040762956952
0.059303870713973285	-0.23799579694423489
0.23123307484527303	-0.27206951213515812
0.40819096976810854	-0.28091307180303138
0.55133525419613472	-0.26348605716339885
0.62919325989956743	-0.2221294104812859
0.62407786754266037	-0.16273883820194132
0.53538216616781442	-0.093897795297124373
0.37862573597649318	-0.025663663349906569
0.18146637632214341	0.032426385448868437
-0.022282302300425636	0.07334952430412485
-0.19924019722326114	0.093811093731753059
-0.3224431216158869	0.095111617212322655
-0.37567788275386876	0.08297339806033982
-0.35478280549938407	0.066586802205162984
-0.26721422447436499	0.05635601749134888
-0.12935873553398852	0.06199161924048377
0.036761463717433732	0.090863240509128654
0.20739014436816389	0.14583203295453664
0.36024500411777632	0.22473045744242509
0.47668520641144024	0.32088249343920339
0.54301190392048926	0.4238839531003149
0.55142195576150599	0.52194342353526191
0.50044143532317809	0.60370299968040353
0.39440542087407088	0.66005901717175242
0.2438048018241124	0.68554927739091631
0.06407245680939512	0.67913336155343973
-0.12537046352690845	0.64401922757806074
-0.30302197097271438	0.58696959756374145
-0.44798698827353794	0.51656792648224104
-0.54275179922437544	0.44217798339366049
-0.57613190189232821	0.3727300295312444
-0.54535284618551461	0.31507348855932593
-0.45691724950678247	0.27363014031184163
-0.32608458736148177	0.24996061296547512
-0.17487705735392414	0.2422441736474289
-0.028264710311045747	0.24640584878525157
0.089649418593930372	0.25611642410683783
0.16013779124080213	0.26461317751322583
0.17288292135038411	0.26469987907859716
0.12779810735730501	0.25039412079233164
0.035027432410007615	0.21736082438586407
-0.087135073198162508	0.1638659585517683
-0.21527998681695273	0.091296748335985195
-0.32513087014239739	0.0034680626148522391
-0.39622615374686831	-0.093290884339525232
-0.4150403934324417	-0.19161045947058619
-0.3773252124959236	-0.28446783598325492
-0.28906301894793412	-0.36570720273616858
-0.16481967577085266	-0.43212060181058898
-0.025403558653792652	-0.48266761442206035
0.10629611914522112	-0.51925567500875147
0.20912417567559	-0.54517944305477195
0.26747432917047892	-0.56451389213257319
0.27415034970406948	-0.58012017389940829
0.23157988110675826	-0.59277860244361891
0.151034126876815	-0.60049504176166513
0.050893818872956603	-0.59876101045423902
-0.046992248431247836	-0.58159410051072047
-0.12138219151982836	-0.54266509765900406
-0.155282503580009	-0.4773788189344107
-0.13906931085557478	-0.38408793459488544
-0.07170219456207004	-0.26530679003619628
0.039015704417087689	-0.12771140579193369
0.17799831370729116	0.018207328727974256
0.32582448266536784	0.1596175818485743
0.46168583560220433	0.28334071563342794
0.56694153596296981	0.3774986156266662
0.62719912389602739	0.43316102059504463
0.63396184599498928	0.44555934444314138
0.58506216312557269	0.41408667621335732
0.48362133164114474	0.34229778008591599
0.33752919399049414	0.23686867659440791
0.15779684897577687	0.10690303010282026
-0.042570468597311235	-0.036674762152062425
-0.24892019418101946	-0.18224669041048516
-0.44590615070462664	-0.31793464021657902
-0.61809545953204026	-0.43255410963744551
-0.750055242027168	-0.51630782178612711
-0.82852015868819984	-0.56225965143291923
-0.84299932010520795	-0.56711493909371236
-0.78846403548665656	-0.53234761137981867
-0.66708184396682813	-0.46532730134779915
-0.48873672399805179	-0.37836563128037926
-0.27094239178533119	-0.28758909233662189
-0.036327955890577204	-0.21016459446004568
0.19013653285927401	-0.16152501628674304
0.38573526433694028	-0.15155433626904286
0.53338803016427438	-0.18198658571437124
0.62485818163100215	-0.24467181747782546
0.66170634691380714	-0.32252982318125822
0.6547702216841027	-0.39267138956664477
0.62060980492780815	-0.43047327206853414
0.57743242537289774	-0.41573400595541216
0.54093106635157795	-0.33700898459826634
0.52003598909709325	-0.19620564243526542
0.51570091082852798	-0.0090169627986158209
0.52072960162006365	0.19689925495823588
0.52255033449286115	0.38772940034048031
0.50720415742213998	0.52974656441867951
0.46376667317111564	0.59694027758144164
0.38798950503659424	0.57656540971918468
0.2843811344178836	0.4727836359697315
0.16577339298993701	0.3059698241953388
0.050286907915357462	0.10820355358338986
-0.04309067798953907	-0.08297339806033982
-0.098666381392546201	-0.23305380771807047
-0.10837695671413247	-0.3178479386512077
-0.073176121173382236	-0.32825212649576441
-0.0031212563533670151	-0.27085569021995987
0.085054235629251157	-0.16559998985919441
0.17244941352352758	-0.039709316940058137
0.2424175767781715	0.079852141706972801
0.284207731287141	0.17270951821964151
0.29547893478541076	0.23036605919155997
0.2818667890221157	0.25715684289129354
0.25490260219163957	0.26764773230122152
0.22863202788413386	0.2815199827606305
0.21554009151306666	0.31594050421303899
0.22316982926574158	0.37992625945706276
0.25247495836124301	0.46966237961636448
0.29773317548506473	0.56876226883576719
0.3481067849657935	0.65173566689610696
0.390763955128476	0.69031786348633817
0.41434678090947125	0.66144624221769333
0.41131222612147555	0.55497671994172959
0.37983955789169149	0.37723851093055227
0.32383034666182781	0.15190114253052805
0.25178134583827255	-0.08462072780239463
0.17427014639632502	-0.29045024399387503
0.10126742835368538	-0.42761212041128105
0.040316227897657278	-0.47035599213933493
-0.0048552876607931344	-0.41139892768684683
-0.034420521452408474	-0.26339935559802757
-0.051674132961298358	-0.055575703403007132
-0.062078320805855076	0.17262281665427021
-0.071095283604470899	0.38061987198003322
-0.083233502756453734	0.53546886773318569
-0.10118072678831407	0.61835556422815419
-0.12571726978839365	0.62728582546139877
-0.1554559067107516	0.57500478154250123
-0.18788229215962005	0.48396813790262994
-0.21970176665088934	0.37879913910723578
-0.24761967070044985	0.27943914519171914
-0.26868815108567723	0.19585883617378019
-0.28056626554154612	0.12701779326896326
-0.28230029684897223	0.062425127067340304
-0.27484396222703994	-0.011964816021240225
-0.26097171176763095	-0.1075099410604194
-0.24527872843542459	-0.22776501223042078
-0.23409422650252612	-0.36484018708245552
-0.23400752493715482	-0.50061483845392074
-0.2510877333153021	-0.61037902021399404
-0.28828270485959234	-0.67020310032019514
-0.3443786176548273	-0.66413399074420376
-0.41261274960204514	-0.58965734609025189
-0.48128038937611944	-0.46047201368700602
-0.53538216616781442	-0.30371558349568484
-0.55948520134103741	-0.15398198009943942
-0.54162467887454846	-0.044651306166222579
-0.47677190797681157	0.00086701565371305976
-0.36926196691639213	-0.024189736738594366
-0.23331391241418437	-0.10724983636430549
-0.090949942074499968	-0.21918155725866151
0.031906176056640596	-0.32131600126605991
0.11115140680601426	-0.37585128588461142
0.13013904962233028	-0.35625673211069625
0.084447324671652016	-0.25472919906089697
-0.016646700551290746	-0.085227638759993771
-0.15060061904995847	0.11869444299331788
-0.28672207668290883	0.31160542594447366
-0.39249798643590217	0.44755348044668142
-0.44131096773994738	0.49125106939381963
-0.41868185917803652	0.42726531414979585
-0.32625799049222437	0.26443977438248323
-0.18146637632214341	0.034073715190923247
-0.013785548894037649	-0.21727412282049277
0.14167035781671397	-0.43914342860566474
0.25238825679587168	-0.58896373356728149
0.29599914417763862	-0.64237189783600601
0.26548019316693888	-0.59789399480052596
0.17010847125850231	-0.47668520641144024
0.033033296406467579	-0.31620060890915291
-0.11427266315938127	-0.16031119437154476
-0.24007663451314623	-0.047685860954218284
-0.3195819699586338	-0.0021675391342826492
-0.34065045034386116	-0.026790783699733547
-0.30588312262996747	-0.1044753862724237
-0.2308862685837878	-0.20244815514199946
-0.14010972964003046	-0.28204019215285836
-0.059563975410087205	-0.30865757272184929
-0.010664292540670636	-0.26097171176763095
-0.0049419892261644404	-0.13724857798277737
-0.041790154508969481	0.044651306166222579
-0.10976418176007337	0.25065422548844557
-0.19013653285927401	0.43905672704029347
-0.26201213055208666	0.56945588135873759
-0.30805066176425011	0.61245985778290535
-0.31819474491269295	0.55515012307247213
-0.29131725964758809	0.40402929463028586
-0.23409422650252612	0.18294030293345562
-0.15745004271429164	-0.072309105519669181
-0.073089419608010936	-0.32114259813531731
0.010664292540670636	-0.52567159084622817
0.091036643639871268	-0.65685105925301401
0.17062868065073017	-0.69864121376198351
0.25507600532238217	-0.64896121680422525
0.34992751783859088	-0.51890886874726627
0.45657044324529727	-0.32972605310707664
0.56954258292410898	-0.10837695671413247
0.67583870206933006	0.11557318663995086
0.75699136725687244	0.31455327916709808
0.79271241218985056	0.465847510740027
0.76687534570920135	0.55410970428801642
0.67202383319299264	0.57266383927747599
0.51275305760590351	0.52463117206177245
0.30605652576071007	0.42267013118511665
0.079418633880116274	0.28698218137902276
-0.13508103884849471	0.14288417973191225
-0.306316630456824	0.016213192724434219
-0.4109654198599903	-0.071095283604470899
-0.43836311451732302	-0.10499559566465154
-0.39223788173978824	-0.08297339806033982
-0.28993003460164718	-0.014392459851636792
-0.15814365523726209	0.081239366752913697
-0.026964186830476158	0.17817171683803379
0.076210675961377955	0.25100103174993077
0.13221988719124161	0.28047956397617485
0.13317360441032597	0.25811056011037786
0.08297339806033982	0.1888360093787044
-0.0049419892261644404	0.089476015463187758
-0.11158491463287079	-0.015692983332206381
-0.21736082438586407	-0.10100732365757147
-0.30622992889145267	-0.14635224234676447
-0.36856835439342167	-0.14288417973191225
-0.40220856175748843	-0.094851512516208741
-0.41131222612147555	-0.018467433424088173
-0.40368248836880061	0.062858634894196824
-0.38790280347122291	0.12571726978839365
-0.37099599822381824	0.15328836757646896
-0.35617003054532492	0.14080334216300089
-0.34281798947814385	0.096845648519748778
-0.32738511084205135	0.041096541985999033
-0.30536291323773962	-0.0017340313074261195
-0.2731966324849851	-0.0096238737562149637
-0.23045276075693127	0.03017214474921448
-0.18033925597231643	0.11583329133606478
-0.12961884023010242	0.23149317954138696
-0.087135073198162508	0.35027432410007614
-0.06199161924048377	0.44252478965514569
-0.061818216109741156	0.48457504886022906
-0.090863240509128654	0.465847510740027
-0.14886658774253236	0.3932783005242439
-0.2309729701491591	0.28975663147090458
-0.32825212649576441	0.18892271094407573
-0.42917274858796456	0.12528376196153712
-0.52116310944692024	0.12467685100393799
-0.59243179618213371	0.19551202991229497
-0.63370174129887535	0.32521757170776872
-0.63933734304801026	0.48232080816057515
-0.6080380779489688	0.62355765815043251
-0.54318530705123191	0.70479702490334628
-0.45284227593433107	0.69283220888210606
-0.34819348653116478	0.57491807997712996
-0.24311118930114195	0.36258594638280156
-0.15138093313830023	0.089909523290044299
-0.085140937194622471	-0.19421150643172538
-0.052887954876496647	-0.43827641295195169
-0.057743242537289775	-0.60066844489240778
-0.097192454781233992	-0.65971221091026711
-0.16239203194045609	-0.61887577362038204
-0.24051014234000276	-0.50529672298397121
-0.31637401203989551	-0.36189233385983116
-0.37524437492701224	-0.23608836250606616
-0.40567662437234064	-0.1668138117743927
-0.4017750539306319	-0.17470365422318154
-0.3642332761248564	-0.25681003662980828
-0.30068102870768909	-0.38764269877510898
-0.22369003865796941	-0.52619180023845591
-0.14817297521956191	-0.62676561606917092
-0.088175491982618176	-0.65173566689610696
-0.054275179922437543	-0.581160592683864
-0.05098052043832791	-0.41885526230877917
-0.076384079092120569	-0.19143705633984359
-0.12276941656576926	0.057483137841175862
-0.17851852309951899	0.27753171075355043
-0.23149317954138696	0.42327704214271578
-0.27120249648144507	0.46454698725945742
-0.29149066277833069	0.39241128487053084
-0.29157736434370202	0.22117569326220154
-0.27597108257686692	-0.015953088028320298
-0.25264836149198561	-0.27493066379241127
-0.23053946232230257	-0.51041211534087827
-0.21692731655900754	-0.68511576956405984
-0.21571349464380926	-0.77649921946541633
-0.22611768248836597	-0.77970717738415463
-0.24285108460502802	-0.70670445934151505
-0.25767705228352134	-0.58168080207609174
-0.26183872742134406	-0.43437484251024294
-0.24796647696193508	-0.29331139565112813
-0.21259223829044224	-0.18025255440694513
-0.15640962392983598	-0.10707643323356288
-0.085054235629251157	-0.074736749350065745
-0.0072829314911897021	-0.075343660307664886
0.066760205335905598	-0.094938214081580041
0.12753800266119109	-0.11774072577423352
0.16785423055884838	-0.12927203396861719
0.18380731858716867	-0.11938805551628832
0.17487705735392414	-0.083406905887196348
0.14297088129728355	-0.022889213258024777
0.091470151466727809	0.055575703403007132
0.023756228911737835	0.14149695468597134
-0.057916645668032389	0.2221294104812859
-0.15155433626904286	0.28446783598325492
-0.25559621471461003	0.31724102769360857
-0.36709442778210949	0.31229903846744411
-0.48102028468000552	0.26634720882065194
-0.58948394295950934	0.18163977945288601
-0.68138760225309369	0.066500100639791684
-0.74372602775506269	-0.065199577159222089
-0.7638407909212056	-0.19577213460840889
-0.7323681226914216	-0.30570971949922487
-0.64531975105863038	-0.37671830153832447
-0.50633714176842692	-0.39431871930869955
-0.32695160301519482	-0.35079453349230399
-0.12563056822302235	-0.2466659534813655
0.074563346219323132	-0.091383449901356495
0.25013401609621772	0.09814617200031836
0.38096667824151847	0.29955390835786216
0.45448960567638591	0.48821651460582394
0.46680122795911139	0.64089797122469372
0.42345044527345838	0.73895744165964083
0.33735579085975154	0.77069021458553877
0.22594427935762337	0.73297503364902072
0.10716313479893419	0.63110069433773619
-0.0045084813993079105	0.47824583458812375
-0.10031371113460101	0.29313799252038547
-0.17808501527266246	0.097019051650491378
-0.24068354547074539	-0.088869104505588617
-0.29357150034724205	-0.24640584878525157
-0.34169086912831687	-0.36241254325205896
-0.38660227999065333	-0.43029986893779154
-0.42483767031939929	-0.45084813993079104
-0.4481603914042806	-0.4308200783300194
-0.44573274757388404	-0.38235390328745933
-0.40801756663736594	-0.3197553730893764
-0.33015956093393317	-0.25776375384889266
-0.21536668838232403	-0.20817045845650564
-0.075863869699892728	-0.17886532936100422
0.068234131947217808	-0.17210260726204235
0.19256417668967057	-0.18510784206773825
0.27371684187721296	-0.21103161011375873
0.29469862069706898	-0.24120375486297321
0.24944040357324729	-0.26695411977825112
0.14453150947396706	-0.28221359528360096
-0.0013005234805695896	-0.28429443285251227
-0.16109150845988651	-0.27380354344258429
-0.30570971949922487	-0.25403558653792652
-0.41035850890239117	-0.22915223727636169
-0.46012520742552082	-0.2019279457497716
-0.45336248532655893	-0.17314302604649803
-0.40168835236526057	-0.14054323746688699
-0.3263446920575957	-0.10040041269997231
-0.25290846618809953	-0.049333190696273101
-0.20409548488405427	0.013785548894037649
-0.19429820799709668	0.085314340325365084
-0.22568417466150945	0.15614951923372206
-0.28819600329422107	0.21285234298655617
-0.36206573699057376	0.24042344077463146
-0.42327704214271578	0.2263777871844799
-0.45024122897319191	0.16447286950936743
-0.42960625641482109	0.057743242537289775
-0.35972479472554847	-0.080198947968458029
-0.25117443488067343	-0.22672459344596513
-0.12354973065411101	-0.35452270080327014
-0.00069361252297044779	-0.43723599416749603
0.095545125039179182	-0.45596353228769809
0.1511208284421863	-0.40385589149954321
0.16291224133268392	-0.2888029142518202
0.13906931085557478	-0.13256669345272684
0.096498842258263551	0.03364020736406672
0.055142195576150597	0.1757440730076372
0.032166280752754517	0.2641796696863693
0.037021568413547652	0.28039286241080352
0.068234131947217808	0.22100229013145892
0.11435936472475258	0.09805947043494706
0.15684313175669251	-0.06407245680939512
0.1756573714422659	-0.23435433119864005
0.15580271297223683	-0.38278741111431586
0.091903659293584336	-0.48674258799451176
-0.0084100518410166799	-0.53581567399467089
-0.12563056822302235	-0.53286782077204653
-0.23279370302195654	-0.49194468191679008
-0.30163474592677347	-0.43368122998727249
-0.31047830559464668	-0.37931934849946364
-0.24961380670398989	-0.34507223017779776
-0.12545716509227975	-0.33848291120957852
0.040229526332285971	-0.35695034463366671
0.21432626959786838	-0.38955013321327775
0.35903118220257801	-0.42076269674694788
0.44070405678234825	-0.43567536599081252
0.43688918790601078	-0.42379725153494358
0.34186427225905947	-0.38166029076448887
0.16768082742810575	-0.31385966664412762
-0.05852355662563153	-0.23131977641064433
-0.30068102870768909	-0.14834637835030451
-0.52124981101229151	-0.07915852918400236
-0.68919074313651119	-0.034680626148522388
-0.78551618226403208	-0.020634972558370823
-0.80641125951851689	-0.03745507624040418
-0.76175995335229429	-0.080545754229943256
-0.6710701159739082	-0.14297088129728355
-0.55757776690286875	-0.21666721186289362
-0.44191787869754656	-0.29452521756632638
-0.33761589555586546	-0.37056249039696171
-0.24900689574639076	-0.4396636379978926
-0.17236271195815628	-0.49714677583906847
-0.099966904873115783	-0.53772310843283966
-0.024623244565450897	-0.55549692933395733
0.056009211229863659	-0.54457253209717282
0.13664166702517822	-0.49974782280020763
0.20522260523388125	-0.41850845604729392
0.24571223626228114	-0.30232835844974393
0.24354469712799848	-0.15762344584503427
0.19169716103595752	0.0047685860954218284
0.095024915646951341	0.17062868065073017
-0.028958322834016195	0.32435055605405566
-0.15190114253052805	0.45084813993079104
-0.24094365016685931	0.53780980999821093
-0.26669401508213719	0.57699891754604127
-0.21155181950598659	0.56451389213257319
-0.075777168134521428	0.50130845097689114
0.11999496647388747	0.39215118017441691
0.33830950807883592	0.24579893782765244
0.53174070042221955	0.073609629000238777
0.65425001229187485	-0.11002428645618728
0.67176372849687871	-0.28836940642496367
0.57145001736227763	-0.44304499904737354
0.36596730743228251	-0.55567033246469999
0.091643554597470409	-0.61020561708325149
-0.19854658470029068	-0.59624666505847113
-0.44720667418519622	-0.51153923569070525
-0.60500352316097306	-0.36475348551708425
-0.64185168844377816	-0.17591747613837982
-0.5531559870689321	0.025923768046020486
-0.36033170568314765	0.20643642714907953
-0.10482219253390893	0.33241380163358708
0.16247873350582739	0.37845233284575058
0.39336500208961522	0.33293401102581494
0.55376289802653123	0.201754542619029
0.63058048494550833	0.0081499471449027611
0.63274802407979103	-0.21085820698301613
0.58618928347539967	-0.41200583864444601
0.52532478458474285	-0.55419640585338781
0.48188730033371863	-0.60751786855674095
0.47503787666938541	-0.55957190290640879
0.50599033550694161	-0.41868185917803652
0.55801127472972523	-0.21198532733284312
0.60162216211149211	0.020114763166142986
0.6044833137687452	0.23314050928344177
0.54153797730917708	0.38738259407899511
0.40402929463028586	0.45613693541844075
0.20400878331868297	0.43108018302613332
-0.027744500918817912	0.32287662944274342
-0.24770637226582118	0.15779684897577687
-0.4107920167292477	-0.028611516572530971
-0.4814537925068621	-0.19967370505011767
-0.44382531313571527	-0.32530427327313999
-0.30579642106459615	-0.38746929564436638
-0.098666381392546201	-0.38270070954894458
0.13013904962233028	-0.32096919500457471
0.32764521553816528	-0.2221294104812859
0.44790028670816667	-0.11037109271767251
0.46229274655980346	-0.0084100518410166799
0.36544709804005465	0.067107011597390825
0.17583077457300852	0.10846365827950377
-0.069014446035559548	0.11722051638200567
-0.3222697184851443	0.10239454870351236
-0.53841672095581006	0.078118110399546678
-0.683468439822005	0.059650676975458512
-0.7412116823592948	0.06034428949842896
-0.71563472057475952	0.089042507636331231
-0.62771933328825524	0.14869318461178974
-0.50902489029493736	0.23617506407143748
-0.39319159895887257	0.34264458634740119
-0.30744375080665098	0.45526991976472769
-0.26712752290899372	0.55861818568732435
-0.27354343874647036	0.63716980391372757
-0.31550699638618246	0.67757273337675616
-0.37351034361958613	0.67133022067002213
-0.42639829849608279	0.61679493605147073
-0.45665714481066855	0.52012269066246453
-0.45457630724175724	0.39561924278926913
-0.42032918892009136	0.26374616185951277
-0.36223914012131636	0.14747936269659145
-0.29383160504335593	0.068580938208703021
-0.22949904353784692	0.042050259205083394
-0.18033925597231643	0.072222403954297881
-0.15138093313830023	0.1507740221807011
-0.14045653590151569	0.25759035071815006
-0.13984962494391653	0.3642332761248564
-0.13811559363649042	0.44027054895549173
-0.12372313378485363	0.46064541681774862
-0.087915387286504262	0.41217924177518861
-0.026704082134362241	0.2976464739196934
0.058350153494888923	0.13655496545980692
0.16039789593691606	-0.038755599720973768
0.26929506204327636	-0.19039663755538791
0.37403055301181398	-0.2845545375486262
0.46472039039020002	-0.29972731148860476
0.53390823955650224	-0.23340061397955569
0.57751912693826912	-0.1030014596611115
0.5949461415779016	0.057483137841175862
0.58809671791356843	0.20548270992999515
0.56087242638697832	0.30059432714231782
0.51830195778966714	0.31507348855932593
0.46576080917465568	0.24077024703611669
0.40879788072570766	0.091643554597470409
0.35313547575732923	-0.099966904873115783
0.30414909132254137	-0.29192417060518722
0.26704082134362239	-0.44313170061274482
0.24597234095839504	-0.52419766423491587
0.24345799556262718	-0.52497797832325765
0.2594110835909475	-0.45691724950678247
0.29071034868998891	-0.3484535912272787
0.3311132781530175	-0.23652187033292268
0.37116940135456089	-0.1551958020146377
0.40030112731931966	-0.12537046352690845
0.40801756663736594	-0.14834637835030451
0.38651557842528206	-0.20548270992999515
0.33276060789507234	-0.26365946029414145
0.24918029887713336	-0.28594176259456711
0.14453150947396706	-0.24354469712799848
0.032426385448868437	-0.12597737448450758
-0.070488372646871758	0.053408164268724481
-0.14782616895807668	0.25967118828706137
-0.18623496241756524	0.4439120147010866
-0.17877862779563292	0.55619054185692784
-0.12658428544210673	0.55965860447178006
-0.039189107547830303	0.44174447556680396
0.066846906901276912	0.21935496038940411
0.17062868065073017	-0.063378844286424665
0.25056752392307424	-0.34567914113539694
0.28836940642496367	-0.56460059369794446
0.27241631839664338	-0.67098341440853693
0.20019391444234549	-0.64245859940137728
0.078725021357145819	-0.48951703808639352
-0.076297377526749255	-0.25308186931884213
-0.24311118930114195	0.0058090048798775003
-0.39778678192355182	0.22091558856608762
-0.51847536092040969	0.33770259712123679
-0.58844352417505363	0.32729840927668002
-0.5988477120196104	0.19325778921264103
-0.54986132758482253	-0.029391830660872725
-0.44963431801559278	-0.28351411876417054
-0.31290594942504324	-0.50460311046100081
-0.15805695367189079	-0.63699640078298503
-0.003728167310966157	-0.64740058862754168
0.13421402319478165	-0.53234761137981867
0.24475851904319676	-0.3178479386512077
0.32348354040034261	-0.051674132961298358
0.37160290918141742	0.20947098193707522
0.39570594435464046	0.41469358717095645
0.40576332593771197	0.53052687850702129
0.41243934647130254	0.5485608041042529
0.42509777501551321	0.48526866138319952
0.44954761645022145	0.37559118118849749
0.48613567703691257	0.26287914620579972
0.53009337068016471	0.18632166398293654
0.57179682362376294	0.171148890042958
0.59824080106201127	0.2221294104812859
0.59589985879698593	0.32409045135794173
0.55332939019967475	0.44642636009685444
0.46454698725945742	0.55185546358836257
0.3305930687607897	0.60673755446839917
0.16031119437154476	0.58957064452488062
-0.030085443183843173	0.49541274453164236
-0.21926825882403281	0.33752919399049414
-0.38408793459488544	0.14340438912414008
-0.50408290106877296	-0.051500729830555751
-0.56520750465554359	-0.21111831167913003
-0.56321336865200355	-0.3064900335875666
-0.50416960263414423	-0.32053568717771819
-0.40394259306491453	-0.25056752392307424
-0.28516144850622532	-0.10759664262579072
-0.17262281665427021	0.086094654413706825
-0.088262193547989476	0.30180814905751607
-0.046211934342906082	0.50841797933733823
-0.050026803219243549	0.67722592711527096
-0.09207706242432695	0.78516937600254688
-0.1554559067107516	0.81759576145141533
-0.2178810337780919	0.77051681145479622
-0.25646323036832308	0.65060854654627998
-0.25308186931884213	0.47503787666938541
-0.19871998783103328	0.26929506204327636
-0.095198318777693955	0.063812352113281193
0.045518321819935634	-0.11054449584841512
0.20357527549182641	-0.22802511692653471
0.35599662741458232	-0.2726764230927573
0.48119368781074817	-0.2422441736474289
0.56330007021737494	-0.14912669243864626
0.59442593218567374	-0.018033925597231642
0.57561169250010036	0.11834763673183266
0.5149205967401862	0.2264644887498512
0.42492437188477056	0.27961254832246174
0.3194085668278912	0.26443977438248323
0.20981778819856045	0.1841541248486539
0.10404187844556717	0.058003347233403696
0.0054621986183922763	-0.083320204321825034
-0.086007952848335525	-0.20548270992999515
-0.17236271195815628	-0.27909233893023394
-0.25559621471461003	-0.28732898764050802
-0.33588186424843935	-0.23105967171453043
-0.4111388229907329	-0.12849171988027544
-0.4775522220651533	-0.0101440831484428
-0.53104708789924904	0.088955806070959931
-0.56824205944353934	0.13872250459408955
-0.58827012104431098	0.12311622282725448
-0.59277860244361891	0.044651306166222579
-0.58584247721391447	-0.075170257176922273
-0.57292394397358992	-0.20123433322680118
-0.55896499194880966	-0.29409170973946985
-0.54700017592756944	-0.31992877622011906
-0.53763640686746839	-0.26045150237540315
-0.52879284719959518	-0.11843433829720396
-0.51665462804761231	0.081846277710512838
-0.49740688053518239	0.29964060992323344
-0.46844855770116617	0.48717609582136828
-0.43003976424167761	0.60023493706555131
-0.38512835337934115	0.60890509360268186
-0.33900312060180637	0.5042563041995155
-0.29773317548506473	0.30094113340380302
-0.26643391038602326	0.033206699537210185
-0.24779307383119248	-0.25290846618809953
-0.24085694860148799	-0.50971850281790787
-0.24111705329760191	-0.69786089967364173
-0.24172396425520107	-0.79392623410504881
-0.23470113746012528	-0.79392623410504881
-0.21293904455192747	-0.71234006109064985
-0.1712355916083293	-0.5772590222421552
-0.10785674732190463	-0.42319034057734445
-0.023842930477109142	-0.28290720780657141
0.076470780657491869	-0.18111957006065818
0.18701527650590699	-0.1305725574491868
0.30033422244620389	-0.13152627466827116
0.40767076037588068	-0.17418344483095369
0.49957441966946503	-0.2421574720820576
0.56564101248240017	-0.31706762456286597
0.59537964940475807	-0.38270070954894458
0.57916645668032385	-0.42726531414979585
0.51041211534087827	-0.44460562722405705
0.38703578781750986	-0.43333442372578723
0.21449967272861098	-0.39605275061612571
0.0068494236643331721	-0.33770259712123679
-0.2131991492480414	-0.26443977438248323
-0.41660102160912521	-0.18294030293345562
-0.57249043614673334	-0.10048711426534362
-0.65398990759576092	-0.02453654300007959
-0.64349901818583288	0.037541777805775486
-0.53780980999821093	0.07915852918400236
-0.34966741314247701	0.096065334431407023
-0.10716313479893419	0.087221774763533808
0.15146763470367153	0.055402300272264518
0.38504165181396982	0.007456334621932314
0.55731766220675483	-0.046992248431247836
0.64453943697028859	-0.096932350085120078
0.63977085087486674	-0.13274009658346944
0.55376289802653123	-0.14860648304641844
0.41139892768684683	-0.14349109068951138
0.24493192217393939	-0.12155559465057098
0.085747848152221612	-0.090949942074499968
-0.042917274858796456	-0.061644812978998549
-0.13143957310289986	-0.042397065466568622
-0.1842408264140252	-0.038235390328745934
-0.21649380873215102	-0.04872627973867396
-0.24831328322342031	-0.068060728816475194
-0.29651935356986642	-0.08670156537130598
-0.3683082496973078	-0.093637690601010445
-0.45769756359512426	-0.07915852918400236
-0.54569965244699981	-0.038148688763374627
-0.60517692629171571	0.029131725964758808
-0.60881839203731059	0.11626679916292131
-0.537549705302097	0.21233213359432834
-0.38772940034048031	0.30432249445328396
-0.17374993700409716	0.38001296102243409
0.073696330565610077	0.42995306267630634
0.31351286038264242	0.44920081018873625
0.5039094979380303	0.43784290512509516
0.61280666404439066	0.40047453045006232
0.62589860041545786	0.34507223017779776
0.55012143228093635	0.28073966867228872
0.41191913707907468	0.21701401812437884
0.2512611364460447	0.16221862880971347
0.11089130210990034	0.12354973065411101
0.025923768046020486	0.10577590975299329
0.01508607237460724	0.11149821306749948
0.076123974396006641	0.14054323746688699
0.18727538120202089	0.18935621877093226
0.31359956194801369	0.25048082235770297
0.41625421534763996	0.31255914316355804
0.46359327004037304	0.36085191507537545
0.43914342860566474	0.37923264693409231
0.34593924583151081	0.35313547575732923
0.2060896208875943	0.27232961683127205
0.054968792445407991	0.13473423258700948
-0.068147430381846494	-0.051587431395927051
-0.13022575118770158	-0.26816794169344937
-0.11279873654806907	-0.48804311147508134
-0.016906805247404663	-0.67939346624955366
0.13707517485203474	-0.81109314404856736
0.31455327916709808	-0.8591258112642709
0.47399745788492975	-0.81109314404856736
0.57734572380752647	-0.6700296971894526
0.59754718853904076	-0.45422950098027198
0.5244577689310298	-0.19455831269321061
0.36640081525913903	0.070748477342985672
0.14799957208881931	0.30310867253808571
-0.095805229735293096	0.47044269370470621
-0.32660479675370963	0.5531559870689321
-0.51049881690624954	0.54726028062368326
-0.62269064249671946	0.46472039039020002
-0.65156226376536441	0.33067977032616097
-0.5991945182810956	0.17791161214191986
-0.47980646276480726	0.040749735724513805
-0.31620060890915291	-0.051327326699813138
-0.13516774041386601	-0.078985126053259747
0.036327955890577204	-0.036588060586691118
0.17487705735392414	0.067193713162762125
0.26391956499025537	0.21111831167913003
0.29539223322003944	0.36562050117079731
0.27059558552384594	0.49706007427369714
0.20002051131160289	0.5743978705849021
0.10170093618054191	0.57353085493118905
-0.0014739266113122016	0.48249421129131775
-0.085661146586850298	0.30388898662642744
-0.12996564649158765	0.055489001837635825
-0.12060187743148661	-0.23210009049898608
-0.054101776791694929	-0.5191689734433802
0.061731514544369856	-0.76280037213675
0.20825716002187694	-0.92389188059663641
0.35955139159480587	-0.97391868381587998
0.48760960364822481	-0.90100266733861167
0.56832876100891061	-0.71277356891750643
0.58696959756374145	-0.43654238164452558
0.54171138043991973	-0.11574658977069348
0.4442588209625718	0.19707265808897848
0.31654741517063811	0.44972101958096411
0.18640836554830784	0.59997483236943738
0.080112246403086715	0.62390446441191783
0.016039789593691605	0.52072960162006365
0.00052020939222783581	0.31411977134024155
0.025837066480649179	0.047425756258104371
0.072829314911897022	-0.22429694961556856
0.11652690385903523	-0.44555934444314138
0.13300020127958337	-0.57136331579690636
0.10568920818762198	-0.57613190189232821
0.030518951010699704	-0.45917149020643644
-0.083233502756453734	-0.24449841434708283
-0.21458637429398228	0.024709946130822204
-0.33657547677140981	0.29521883008929684
-0.42345044527345838	0.51440038734795834
-0.457350757333639	0.64115807592080765
-0.43298761746430203	0.65320959350741925
-0.35885777907183541	0.55124855263076333
-0.25472919906089697	0.35712374776440931
-0.1466990486082497	0.10803015045264724
-0.059997483236943733	-0.15146763470367153
-0.013178637936438508	-0.37888584067260711
-0.013612145763295037	-0.54171138043991973
-0.056095912795234966	-0.62243053780060553
-0.12545716509227975	-0.62034970023169422
-0.20114763166142985	-0.54960122288870861
-0.26305254933654232	-0.43437484251024294
-0.2974730707889508	-0.30302197097271438
-0.29990071461934736	-0.18224669041048516
-0.27623118727298085	-0.09207706242432695
-0.23990323138240363	-0.044044395208623438
-0.20817045845650564	-0.040489631028399892
-0.19689925495823588	-0.076123974396006641
-0.21588689777455186	-0.14045653590151569
-0.26643391038602326	-0.22152249952368677
-0.34125736130146034	-0.30753045237202231
-0.42683180632293932	-0.38920332695179249
-0.50685735116065467	-0.46012520742552082
-0.56650802813611323	-0.51708813587446878
-0.59615996349309985	-0.55905169351418094
-0.59286530400899029	-0.58653608973688487
-0.56121923264846352	-0.60092854958852171
-0.5106722200369922	-0.60404980594188873
-0.45388269471878678	-0.59737378540829811
-0.40350908523805801	-0.58202760833757705
-0.36969547474324865	-0.55835808099121043
-0.35851097281035021	-0.52584499397697071
-0.37203641700827395	-0.48336122694503081
-0.40836437289885114	-0.42917274858796456
-0.46255285125591739	-0.36154552759834591
-0.52731892058828289	-0.27935244362634787
-0.59390572279344589	-0.18302700449882692
-0.65251598098444874	-0.074736749350065745
-0.69291891044747733	0.040836437289885112
-0.70523053273020275	0.15710323645280641
-0.68147430381846497	0.26582699942842414
-0.61670823448609935	0.35877107750646414
-0.51119242942922005	0.42891264389185063
-0.37125610291993216	0.47217672501213231
-0.20947098193707522	0.48786970834433874
-0.043610887381766904	0.47919955180720814
0.10638282071059244	0.45284227593433107
0.22143579795831544	0.41738133569746694
0.28715558450976536	0.38183369389523153
0.29695286139672294	0.35417589454178489
0.25325527244958473	0.33969673312477683
0.16742072273199182	0.34082385347460376
0.056962928448948028	0.35660353837218145
-0.058003347233403696	0.38374112833340024
-0.15944417871783167	0.41738133569746694
-0.23409422650252612	0.4527555743689598
-0.27562427631538167	0.48561546764468477
-0.2843811344178836	0.51327326699813136
-0.26556689473231021	0.53520876303707177
-0.22603098092299467	0.55194216515373384
-0.17201590569667105	0.56494739995942977
-0.10612271601447851	0.57526488623861516
-0.028091307180303136	0.58332813181814658
0.064332561505509034	0.58774991165208323
0.17270951821964151	0.58540896938705789
0.29478532226244031	0.57136331579690636
0.42301693744660185	0.53980394600175097
0.5439656211395737	0.48509525825245692
0.64081126965932245	0.40324898054194408
0.69656037619307221	0.2932246940857568
0.69872791532735479	0.15762344584503427
0.64358571975120427	0.0034680626148522391
0.53841672095581006	-0.15831705836800472
0.40134154610377537	-0.31368626351338502
0.25776375384889266	-0.44720667418519622
0.13534114354460863	-0.54405232270494497
0.057483137841175862	-0.59260519931287636
0.037628479371146793	-0.58618928347539967
0.076123974396006641	-0.52489127675788638
0.1597042834139456	-0.41556060282466956
0.26461317751322583	-0.27146260117755899
0.36206573699057376	-0.11011098802155858
0.42527117814625581	0.048899682869416566
0.43498175346784207	0.18718867963664959
0.38434803929099937	0.28966992990553325
0.279959354583947	0.34663285835448127
0.14054323746688699	0.35478280549938407
-0.007629737752674926	0.31680751986675204
-0.13655496545980692	0.24016333607851756
-0.2220427089159146	0.13525444197923731
-0.24831328322342031	0.013785548894037649
-0.21068480385227351	-0.11340564750566821
-0.11583329133606478	-0.23678197502903661
0.020114763166142986	-0.34932060688099176
0.17453025109243891	-0.44651306166222576
0.32252982318125822	-0.52532478458474285
0.44070405678234825	-0.58445525216797356
0.50989190594865041	-0.62303744875820477
0.51830195778966714	-0.64107137435543637
0.46272625438665999	-0.63907723835189634
0.34958071157710568	-0.61809545953204026
0.19429820799709668	-0.58046698016089349
0.020374867862256903	-0.52922635502645166
-0.14349109068951138	-0.46896876709339402
-0.26799453856270677	-0.40515641498011279
-0.32773191710353661	-0.3442052145240847
-0.30675013828368053	-0.29270448469352894
-0.20279496140348469	-0.25698343976055088
-0.029565233791615336	-0.24207077051668627
0.1841541248486539	-0.25178134583827255
0.39917400696949268	-0.28715558450976536
0.57257713771210461	-0.34593924583151081
0.66699514240145685	-0.42206322022751747
0.65901859838729671	-0.50616373863768427
0.54552624931625715	-0.58549567095242927
0.34567914113539694	-0.64610006514697216
0.097712664173461833	-0.67410467076190395
-0.14903999087327496	-0.65858509056044012
-0.34481212548168388	-0.59433923062030247
-0.45119494619227629	-0.48336122694503081
-0.45024122897319191	-0.33570846111769675
-0.3486269943580213	-0.1685478430818188
-0.17661108866135028	-0.0040749735724513805
0.019767956904657762	0.13456082945626688
0.18996312972853138	0.22733150440356426
0.29175076747444462	0.26157862272523014
0.30198155218825873	0.23470113746012528
0.22178260421980067	0.1554559067107516
0.076557482222863169	0.042483767031939929
-0.091296748335985195	-0.078985126053259747
-0.23262029989121394	-0.18242009354122776
-0.30501610697625442	-0.24458511591245416
-0.28342741719879921	-0.25056752392307424
-0.1667271102090214	-0.19611894086989412
0.022108899169683022	-0.088782402940217317
0.24198406895131497	0.05444858305318015
0.44365191000497267	0.21016459446004568
0.5818542052068344	0.35365568514955709
0.62615870511157179	0.46367997160574437
0.56737504378982628	0.52541148615011424
0.41902866543952177	0.53278111920667526
0.21285234298655617	0.48865002243268046
-0.0093637690601010449	0.40290217428045888
-0.20548270992999515	0.29019013929776111
-0.34264458634740119	0.16638030394753617
-0.40359578680342933	0.046211934342906082
-0.38885652069030729	-0.058783661321745451
-0.31472668229784068	-0.14097674529374352
-0.20834386158724824	-0.19689925495823588
-0.10066051739608624	-0.22698469814207903
-0.020028061600771679	-0.23426762963326875
0.01335204106718112	-0.22325653083111288
-0.0091903659293584329	-0.19924019722326114
-0.08470742936776593	-0.16716061803587792
-0.20010721287697419	-0.13143957310289986
-0.33458134076786977	-0.095631826604550482
-0.46402677786722957	-0.062165022371226383
-0.56356017491348886	-0.031906176056640596
-0.61211305152142015	-0.0048552876607931344
-0.59503284314327287	0.019681255339286455
-0.50737756055288252	0.042310363901197315
-0.35478280549938407	0.062858634894196824
-0.15458889105703855	0.079505335445487574
0.06580648811682123	0.089129209201702544
0.27224291526590078	0.08687496850204858
0.42925945015333589	0.068060728816475194
0.50685735116065467	0.029131725964758808
0.48708939425599695	-0.030432249445328397
0.36934866848176345	-0.1074232394950481
0.17201590569667105	-0.19438490956246798
-0.069621356993158703	-0.28047956397617485
-0.30969799150630495	-0.35374238671492836
-0.50087494315003456	-0.40272877114971622
-0.60517692629171571	-0.4196355763971209
-0.60240247619983389	-0.4022952633228597
-0.49558614766238496	-0.35452270080327014
-0.31047830559464668	-0.28594176259456711
-0.089822821724672985	-0.20938428037170392
0.11722051638200567	-0.13820229520186172
0.26669401508213719	-0.083320204321825034
0.33067977032616097	-0.050720415742213996
0.30414909132254137	-0.040749735724513805
0.20487579897239602	-0.048292771911817425
0.069014446035559548	-0.064939472463108175
-0.059737378540829819	-0.081586173014398924
-0.14158365625134264	-0.090863240509128654
-0.15207454566127068	-0.089562717028559072
-0.088522298244103403	-0.079071827618631046
0.029478532226244032	-0.064679367766994261
0.16533988516308049	-0.053494865834095788
0.27571097788075299	-0.052107640788154892
0.3222697184851443	-0.06407245680939512
0.28221359528360096	-0.08834889511336079
0.15510910044926637	-0.11912795082017441
-0.037368374675032873	-0.14678575017362103
-0.25602972254146655	-0.16022449280617343
-0.45440290411101458	-0.14921339400401759
-0.58974404765562327	-0.10733653792967679
-0.63335493503739015	-0.032773191710353658
-0.57639200658844214	0.070054864820015231
-0.43125358615687592	0.19135035477447229
-0.22741820596893558	0.31698092299749464
-0.0032079579187383211	0.43038657050316287
0.20305506609959859	0.514573790478701
0.36189233385983116	0.55445651054950174
0.45804436985660946	0.53850342252118144
0.49185798035141881	0.46064541681774862
0.47677190797681157	0.32200961378903037
0.43420143937950034	0.13187308092975639
0.38729589251362379	-0.09216376398969825
0.35530301489161187	-0.32530427327313999
0.34992751783859088	-0.53798321312895359
0.37377044831570005	-0.7001151403732957
0.42128290613917574	-0.78612309322163121
0.4818005987683473	-0.78005398364563983
0.54197148513603366	-0.68017378033789533
0.58939724139413796	-0.50122174941151987
0.61445399378644538	-0.27310993091961383
0.61167954369456368	-0.036501359021319818
0.58020687546477956	0.16429946637862483
0.52367745484268813	0.29019013929776111
0.45015452740782064	0.31620060890915291
0.37099599822381824	0.23756228911737837
0.29981401305397604	0.071875597692812654
0.25065422548844557	-0.14392459851636791
0.2353080484177244	-0.36163222916371723
0.26062490550614575	-0.53165399885684828
0.32556437796925392	-0.6148008000479307
0.4194621732663783	-0.59147807896304938
0.52263703605823242	-0.46662782482836873
0.60899179516805313	-0.26912165891253376
0.6508686512423939	-0.045084813993079106
0.62572519728471521	0.15276815818424114
0.52194342353526191	0.27770511388429303
0.34359830356648557	0.29998741618471869
0.11123810837138556	0.21397946333638315
-0.14054323746688699	0.03936251067857291
-0.36986887787399131	-0.18372061702179734
-0.53633588338689875	-0.40437610089177106
-0.61020561708325149	-0.57327075023507512
-0.57994677076866563	-0.65364310133427572
-0.45518321819935637	-0.63014697711865186
-0.26539349160156761	-0.51127913099459132
-0.053408164268724481	-0.32625799049222437
0.13447412789089558	-0.11696041168589176
0.25915097889483357	0.072916016477268322
0.2974730707889508	0.20808375689113434
0.24787977539656378	0.26972856987013288
0.12961884023010242	0.25915097889483357
-0.022022197604311719	0.19568543304303759
-0.16551328829382311	0.11011098802155858
-0.26296584777117099	0.036067851194463284
-0.28966992990553325	0.00086701565371305976
-0.239729828251661	0.018987642816316007
-0.12710449483433456	0.089562717028559072
0.018207328727974256	0.19707265808897848
0.15788355054114817	0.31724102769360857
0.25429569123404044	0.42362384840420098
0.27943914519171914	0.49549944609701363
0.22134909639294414	0.52246363292748976
0.086181355979078139	0.50668394802991212
-0.10334826592259672	0.46073211838311995
-0.31342615881727109	0.40350908523805801
-0.506077037072313	0.35374238671492836
-0.6466202745391999	0.32452395918479826
-0.71025922352173854	0.31966867152400513
-0.68563597895628769	0.33250050319895841
-0.57630530502307076	0.34906050218487783
-0.39908730540412141	0.35174825071138832
-0.18077276379917295	0.32582448266536784
0.047078949996619143	0.26348605716339885
0.25256165992661428	0.16698721490513529
0.40879788072570766	0.047772562519589591
0.49714677583906847	-0.076470780657491869
0.50963180125253649	-0.18684187337516436
0.44998112427707798	-0.26808124012807805
0.33258720476432974	-0.31351286038264242
0.18042595753768773	-0.32608458736148177
0.021241883515969964	-0.31758783395509377
-0.11730721794737699	-0.30501610697625442
-0.21241883515969964	-0.30423579288791264
-0.25039412079233164	-0.32573778109999657
-0.22984584979933215	-0.36978217630861998
-0.16135161315600041	-0.42587808910385494
-0.066153294378306457	-0.47460436884252888
0.028264710311045747	-0.49263829443976054
0.0942446015586096	-0.45934489333717904
0.10985088332544467	-0.36284605107891549
0.064505964636251648	-0.20513590366850992
-0.038322091894117241	-0.0027744500918817912
-0.18137967475677211	0.21493318055546751
-0.33709568616363761	0.41200583864444601
-0.47304374066584537	0.55332939019967475
-0.55913839507955221	0.612633260913648
-0.5743978705849021	0.57795263476512559
-0.5113658325599626	0.45466300880712851
-0.37827892971500798	0.26426637125174063
-0.19698595652360718	0.039449212243944216
0.0013872250459408956	-0.18337381076031214
0.18259349667197039	-0.37186301387753135
0.31646071360526679	-0.50486321515711463
0.3819203954606028	-0.57578509563084301
0.37116940135456089	-0.59251849774750498
0.28966992990553325	-0.57361755649656032
0.15450218949166725	-0.54205818670140493
-0.0096238737562149637	-0.51847536092040969
-0.1754839683115233	-0.51500729830555747
-0.3180213417819503	-0.53208750668370475
-0.41902866543952177	-0.55853148412195308
-0.4688820655280227	-0.57483137841175858
-0.46775494517819571	-0.55922509664492348
-0.42457756562328536	-0.49402551948570145
-0.35460940236864141	-0.37177631231216002
-0.2769247997959513	-0.19785297217732023
-0.21042469915615961	0.0097105753215862688
-0.1710621884775867	0.22369003865796941
-0.16872124621256143	0.41339306369038686
-0.2060896208875943	0.55142195576150599
-0.27787851701503563	0.61948268457798117
-0.37125610291993216	0.61211305152142015
-0.4683618561357949	0.53694279434449788
-0.54873420723499555	0.41261274960204514
-0.59373231966270335	0.2638328634248841
-0.58965734609025189	0.11574658977069348
-0.53104708789924904	-0.011097800367527165
-0.42188981709677487	-0.10499559566465154
-0.27458385753092601	-0.16351915229028308
-0.10837695671413247	-0.19282428138578447
0.055315598706893211	-0.20418218644942557
0.19672585182749325	-0.20999119132930308
0.30215495531900133	-0.22004857291237456
0.36640081525913903	-0.23851600633646272
0.3934517036549865	-0.26296584777117099
0.39449212243944221	-0.28516144850622532
0.38452144242174197	-0.29374490347798465
0.37801882501889406	-0.27779181544966436
0.38478154711785589	-0.22949904353784692
0.40706384941828155	-0.14678575017362103
0.43844981608269429	-0.03398701362555194
0.4661943170015122	0.098406276696432274
0.47417086101567235	0.23539474998309573
0.44755348044668142	0.36007160098703372
0.3773252124959236	0.45657044324529727
0.26261904150968579	0.51266635604053223
0.11236522872121255	0.52177002040451936
-0.0566161221874628	0.48336122694503081
-0.2222161120466572	0.40316227897657275
-0.36163222916371723	0.29201087217055854
-0.45587683072232682	0.1642127648132535
-0.49315850383198839	0.03554764180223545
-0.47070279840082013	-0.078811722922517133
-0.39466552557018481	-0.1668138117743927
-0.27865883110337741	-0.22022197604311716
-0.14010972964003046	-0.23643516876755138
0.0025143453957678732	-0.2178810337780919
0.13291349971421207	-0.17184250256592845
0.2395564251209184	-0.10907056923710291
0.31680751986675204	-0.041963557639712094
0.36475348551708425	0.017513716205003808
0.38894322225567862	0.059563975410087205
0.39813358818503702	0.078291513530289292
0.40246866645360235	0.072742613346525709
0.41200583864444601	0.04690554686587653
0.43402803624875769	0.0085834549717592919
0.47217672501213231	-0.031299265099041455
0.52497797832325765	-0.061037902021399408
0.58627598504077094	-0.069794760123901303
0.64549315418937292	-0.049419892261644408
0.68953754939799639	0.003728167310966157
0.70523053273020275	0.08834889511336079
0.68234131947217802	0.19793967374269153
0.61636142822461415	0.32079579187383211
0.51015201064476434	0.44165777400143263
0.37463746396941311	0.54327200861660319
0.22715810127282166	0.60899179516805313
0.088955806070959931	0.62563849571934393
-0.019334449077801231	0.5857557756485432
-0.081846277710512838	0.48925693339027959
-0.091383449901356495	0.34481212548168388
-0.051067222003699217	0.16889464934330403
0.025490260219163955	-0.016559998985919443
0.11704711325126306	-0.18770888902887745
0.19880668939640458	-0.32331013726959995
0.24761967070044985	-0.40957819481404945
0.24701275974285072	-0.44261149122051702
0.19083014538224444	-0.43047327206853414
0.083927115279424189	-0.39067725356310473
-0.058003347233403696	-0.34663285835448127
-0.21233213359432834	-0.32174950909291644
-0.35374238671492836	-0.33319411572192886
-0.45899808707569384	-0.38668898155602466
-0.51084562316773474	-0.47434426414641501
-0.50087494315003456	-0.5750914831078725
-0.43055997363390547	-0.65945210621415329
-0.31004479776779015	-0.69647367462770093
-0.15606281766835076	-0.66196645160992107
0.010924397236784553	-0.5450060399240293
0.17002176969313101	-0.35218175853824485
0.3022416568843726	-0.10716313479893419
0.39319159895887257	0.15389527853406809
0.43428814094487161	0.3904171488669908
0.42379725153494358	0.56668143126685588
0.36700772621673816	0.66057922656398016
0.27562427631538167	0.66872917370888296
0.16603349768605094	0.60734446542599829
0.057396436275804555	0.50720415742213998
-0.031299265099041455	0.4060234306338259
-0.084187219975538102	0.33778929868660806
-0.091210046770613881	0.32400374979257041
-0.050460311046100076	0.36796144343582254
0.03181947449126929	0.45414279941490071
0.1423639703396844	0.5528091808074469
0.26348605716339885	0.62910655833419615
0.377151809365181	0.65286278724593394
0.46862196083190877	0.60812477951434007
0.52939975815719431	0.49818719462352412
0.55861818568732435	0.34559243957002561
0.5619995467368053	0.18632166398293654
0.54916771506185202	0.059910781671572426
0.52931305659182293	-0.0015606281766835076
0.50833127777196696	0.017340313074261194
0.48578887077542737	0.10985088332544467
0.45448960567638591	0.24822658165804901
0.40333568210731541	0.39007034260550555
0.32122929970068864	0.48925693339027959
0.20236145357662813	0.50789776994511038
0.049766698523129628	0.42683180632293932
-0.12216250560817012	0.25134783801141602
-0.28958322834016192	0.010924397236784553
-0.4235371468388297	-0.24744626756970725
-0.49636646175072668	-0.46983578274710708
-0.48934363495565092	-0.60786467481822615
-0.39856709601189355	-0.63023367868402314
-0.23712878129052184	-0.52931305659182293
-0.034073715190923247	-0.3222697184851443
0.17175580100055712	-0.046732143735133923
0.34004353938626203	0.24900689574639076
0.43810300982120909	0.51613441865538445
0.4483337945350232	0.71624163153235865
0.37229652170438787	0.82791324773060071
0.22993255136470345	0.84924183281194199
0.05444858305318015	0.79487995132413314
-0.11626679916292131	0.69031786348633817
-0.24805317852730638	0.56373357804423141
-0.31880165587029208	0.43897002547492214
-0.32305003257348608	0.32998615780319052
-0.27241631839664338	0.24016333607851756
-0.19057004068613054	0.16369255542102568
-0.10724983636430549	0.090082926420786913
-0.049593295392387014	0.0095371721908436569
-0.03580774649834937	-0.082713293364225893
-0.071095283604470899	-0.1843275279793965
-0.14678575017362103	-0.28542155320233925
-0.2438048018241124	-0.37142950605067482
-0.33848291120957852	-0.42700520945368192
-0.40853777602959374	-0.44035725052086305
-0.43853651764806562	-0.4060234306338259
-0.42310363901197318	-0.3261712889268531
-0.36700772621673816	-0.21068480385227351
-0.28334071563342794	-0.074043136827095304
-0.18944292033630356	0.067280414728133439
-0.10248125026888366	0.19785297217732023
-0.03589444806372067	0.30622992889145267
0.0028611516572530971	0.38538845807545508
0.012831831674953284	0.43324772216041596
-0.0011271203498269776	0.45136834932301889
-0.029738636922357949	0.44399871626645787
-0.061558111413627242	0.41677442473986781
-0.084967534063879857	0.37611139058072529
-0.089909523290044299	0.32903244058410619
-0.068841042904816949	0.28299390937194269
-0.018207328727974256	0.24536543000079591
0.060864498890656794	0.22290972456962765
0.16161171785211434	0.22030867760848849
0.27189610900441552	0.23912291729406188
0.37455076240404178	0.27657799353446605
0.44989442271170671	0.32556437796925392
0.47876604398035161	0.37524437492701224
0.44703327105445362	0.41295955586353034
0.34966741314247701	0.42691850788831059
0.1931710876472697	0.40897128385645026
-0.003728167310966157	0.35634343367606758
-0.21276564142118487	0.27276312465812858
-0.40116814297303272	0.16724731960124922
-0.53867682565192399	0.051934237657412279
-0.60483012003023051	-0.060777797325285488
-0.59381902122807462	-0.16195852411359957
-0.51726153900521143	-0.24735956600433595
-0.40168835236526057	-0.3180213417819503
-0.28273380467582876	-0.37879913910723578
-0.19620564243526542	-0.43532855972932727
-0.16872124621256143	-0.4908175615669631
-0.21051140072153091	-0.54318530705123191
-0.31221233690207278	-0.58410844590648836
-0.44616625540074056	-0.60032163863092258
-0.57327075023507512	-0.57673881284992734
-0.65294948881130532	-0.50122174941151987
-0.65346969820353318	-0.36952207161250605
-0.56078572482160705	-0.1884892031172192
-0.38339432207191504	0.023496124215623918
-0.15060061904995847	0.23860270790183405
0.093550989035639145	0.42527117814625581
0.30059432714231782	0.55471661524561566
0.42917274858796456	0.6080380779489688
0.45457630724175724	0.58107389111849261
0.37455076240404178	0.48630908016765523
0.20955768350244655	0.35010092096933354
-0.0026010469611391792	0.20747684593353519
-0.21623370403603709	0.093984496862495673
-0.38807620660196551	0.03745507624040418
-0.48726279738673955	0.051587431395927051
-0.50130845097689114	0.13221988719124161
-0.43836311451732302	0.25897757576409092
-0.32365694353108521	0.40030112731931966
-0.19239077355892795	0.52090300475080631
-0.081326068318284997	0.59026425704785102
-0.020114763166142986	0.58965734609025189
-0.025316857088421345	0.51691473274372624
-0.097452559477347919	0.3859953690330542
-0.22178260421980067	0.22360333709259811
-0.37246992483513047	0.062078320805855076
-0.51838865935503842	-0.06797402725110388
-0.62919325989956743	-0.14505171886619489
-0.68086739286086584	-0.16083140376377258
-0.65927870308341063	-0.12233590873891273
-0.56217294986754796	-0.048986384434787873
-0.39908730540412141	0.03173277292589799
-0.1887493078133331	0.091816957728213022
0.043003976424167763	0.10820355358338986
0.26704082134362239	0.068234131947217808
0.45500981506861377	-0.028524815007159664
0.58324143025277531	-0.17062868065073017
0.6363894898253859	-0.33709568616363761
0.61037902021399404	-0.50217546663060419
0.51327326699813136	-0.64003095557098066
0.36544709804005465	-0.72950697103416851
0.19646574713137935	-0.75699136725687244
0.040229526332285971	-0.71849587223201261
-0.071181985169842199	-0.6197427892740951
-0.11401255846326735	-0.47521127980012806
-0.078378215095660606	-0.30570971949922487
0.029305129095501418	-0.13568794980609386
0.18597485772145131	0.010057381583071493
0.35686364306829538	0.11011098802155858
0.50252227289208939	0.14947349870013149
0.58714300069448411	0.12216250560817012
0.58662279130225625	0.032599788579611044
0.49419892261644405	-0.10360837061871064
0.32174950909291644	-0.26227223524820059
0.097105753215862692	-0.41347976525575819
-0.1423639703396844	-0.52723221902291162
-0.35877107750646414	-0.57829944102661079
-0.52220352823137584	-0.55176876202299119
-0.61696833918221328	-0.44590615070462664
-0.64419263070880339	-0.27363014031184163
-0.61991619240483775	-0.060517692629171567
-0.56962928448948025	0.1597909849793169
-0.52064290005469238	0.3523551616689875
-0.49428562418181538	0.48743620051748221
-0.50009462906169289	0.5463932649699702
-0.53408164268724478	0.52454447049640118
-0.58064038329163614	0.43151369085298985
-0.61835556422815419	0.28828270485959234
-0.62607200354620041	0.12138219151982836
-0.59017755548247974	-0.04343748425102429
-0.50867808403345216	-0.18649506711367914
-0.39223788173978824	-0.29825338487729253
-0.26149192115985881	-0.37888584067260711
-0.14149695468597134	-0.43645568007915425
-0.055142195576150597	-0.48249421129131775
-0.01682010368203336	-0.52671200963068376
-0.028958322834016195	-0.57309734710433247
-0.081672874579770224	-0.61852896735889684
-0.15571601140686553	-0.65338299663816179
-0.22707139970745036	-0.66569461892088722
-0.27345673718109903	-0.6452330494932591
-0.27891893579949134	-0.58827012104431098
-0.23764899068274967	-0.50026803219243543
-0.15389527853406809	-0.39553254122389786
-0.040056123201543357	-0.29391830660872725
0.087395177894276421	-0.21562679307843796
0.21215873046358572	-0.17487705735392414
0.32157610596217384	-0.17513716205003807
0.40853777602959374	-0.20721674123742129
0.47122300779304799	-0.2507409270538169
0.51197274351756172	-0.27961254832246174
0.53494865834095784	-0.26929506204327636
0.5436188148780885	-0.20496250053776732
0.5393704381748945	-0.087221774763533808
0.52133651257766278	0.066586802205162984
0.48752290208285348	0.22490386057316769
0.43610887381766905	0.34923390531562049
0.36735453247822342	0.40420269776102846
0.2845545375486262	0.36709442778210949
0.19403810330098276	0.2353080484177244
0.104562087837795	0.028958322834016195
0.025576961784535262	-0.21224543202895702
-0.034420521452408474	-0.43723599416749603
-0.068580938208703021	-0.59546635097012945
-0.072916016477268322	-0.64861441054273994
-0.045865128081420861	-0.57986006920329436
0.011791412890497613	-0.39874049914263615
0.097539261042719219	-0.13950281868243131
0.20652312871445083	0.1466123470428784
0.33189359224135928	0.40272877114971622
0.46341986690963044	0.57925315824569523
0.58740310539059792	0.64453943697028859
0.68684980087148595	0.59121797426693545
0.74389943088580524	0.43697588947138211
0.74251220583986433	0.21892145256254758
0.67271744571596304	-0.015779684897577688
0.53399494112187351	-0.22134909639294414
0.33830950807883592	-0.3638864698633712
0.10933067393321683	-0.42787222510739498
-0.11990826490851617	-0.41824835135117999
-0.31290594942504324	-0.35695034463366671
-0.43706259103675343	-0.27545087318463907
-0.47130970935841926	-0.20574281462610908
-0.41191913707907468	-0.17210260726204235
-0.27458385753092601	-0.18484773737162433
-0.091903659293584336	-0.23903621572869058
0.092944078078040004	-0.31646071360526679
0.23600166094069486	-0.39171767234756039
0.30241506001511526	-0.43940353330177867
0.27527747005389647	-0.44096416147846218
0.16039789593691606	-0.38955013321327775
-0.015172773939978545	-0.29149066277833069
-0.20843056315261957	-0.16429946637862483
-0.37073589352770436	-0.032686490144982351
-0.45943159490255037	0.077944707268804064
-0.44772688357742407	0.14678575017362103
-0.33189359224135928	0.16187182254822824
-0.13126616997215723	0.12216250560817012
0.11583329133606478	0.036241254325205897
0.36145882603297458	-0.079765440141601501
0.55974530603715134	-0.20652312871445083
0.67722592711527096	-0.32487076544628346
0.70002843880792442	-0.4191153670048931
0.63578257886778666	-0.47841923771886635
0.51058551847162092	-0.49766698523129627
0.36041840724851892	-0.47703201267292544
0.2222161120466572	-0.42050259205083396
0.12346302908873971	-0.33466804233324104
0.076644183788234482	-0.22811181849190601
0.077511199441947537	-0.11071789897915772
0.1075099410604194	0.0070228267950757841
0.14132355155522874	0.11418596159400997
0.15493569731852377	0.19993380974623157
0.1333470075410686	0.25507600532238217
0.075170257176922273	0.27258972152738598
-0.0070228267950757841	0.24961380670398989
-0.090429732682272126	0.18805569529036265
-0.14860648304641844	0.0943313031239809
-0.1597042834139456	-0.021241883515969964
-0.11305884124418299	-0.14617883921602187
-0.013005234805695896	-0.26756103073585025
0.12207580404279882	-0.37429065770792791
0.26365946029414145	-0.45804436985660946
0.38061987198003322	-0.51422698421721569
0.44668646479296836	-0.54119117104769188
0.44738007731593882	-0.53945713974026577
0.38330762050654371	-0.51041211534087827
0.26946846517401896	-0.45605023385306942
0.13187308092975639	-0.37836563128037926
0.00052020939222783581	-0.28004605614931827
-0.097279156346605306	-0.16542658672845179
-0.14366449382025401	-0.041876856074340787
-0.13291349971421207	0.080112246403086715
-0.072049000823555268	0.18701527650590699
0.022715810127282163	0.26522008847082496
0.1305725574491868	0.30310867253808571
0.23253359832584261	0.29443851600095511
0.31524689169006853	0.24085694860148799
0.37429065770792791	0.15320166601109766
0.41321966055964426	0.049853400088500935
0.44157107243606131	-0.046038531212163475
0.47044269370470621	-0.11201842245972732
0.50833127777196696	-0.13135287153752856
0.5574043637721261	-0.097886067304204447
0.612633260913648	-0.018120627162602949
0.662226556306035	0.089042507636331231
0.69040456505170944	0.19646574713137935
0.68138760225309369	0.27510406692315387
0.62321085188894731	0.30059432714231782
0.5106722200369922	0.25984459141780403
0.34758657557356565	0.15493569731852377
0.14591873451990794	0.0030345547879957091
-0.075343660307664886	-0.166900513339764
-0.2933980972164994	-0.32062238874308951
-0.48466175042560039	-0.42691850788831059
-0.62832624424585437	-0.46472039039020002
-0.70869859534505508	-0.4281323298035089
-0.71719534875144297	-0.32738511084205135
-0.65338299663816179	-0.18640836554830784
-0.52463117206177245	-0.036067851194463284
-0.34559243957002561	0.093204182774153918
-0.13655496545980692	0.17903873249174684
0.078898424487888433	0.21163852107135789
0.27657799353446605	0.19559873147766627
0.43463494720635687	0.1466123470428784
0.5368560927791266	0.085661146586850298
0.5747446768463873	0.032859893275724965
0.54986132758482253	0.00043350782685652988
0.47321714379658802	-0.010490889409928024
0.36397317142874247	-0.010317486279185412
0.24605904252376634	-0.016906805247404663
0.14375119538562531	-0.049159787565530487
0.07699099004971971	-0.12034177273537269
0.057743242537289775	-0.23210009049898608
0.087308476328905121	-0.37220982013901655
0.15614951923372206	-0.51604771709001318
0.2464925503506229	-0.63196770999144924
0.33605526737918195	-0.68971095252873904
0.40316227897657275	-0.66846906901276903
0.43186049711447505	-0.56356017491348886
0.41530049812855563	-0.38911662538642122
0.35703704619903798	-0.17583077457300852
0.26964186830476156	0.035287537106121529
0.17201590569667105	0.20253485670737076
0.084794130933137243	0.29331139565112813
0.025230155523050038	0.29149066277833069
0.003728167310966157	0.2016678410536577
0.022108899169683022	0.047339054692733064
0.074303241523209218	-0.13464753102163818
0.14860648304641844	-0.30354218036494224
0.23123307484527303	-0.42466426718865669
0.30969799150630495	-0.4777256251958959
0.37611139058072529	-0.4612523277753478
0.42752541884590978	-0.39206447860904559
0.46576080917465568	-0.30007411775008996
0.49463243044330057	-0.21978846821626064
0.51743494213595409	-0.18103286849528688
0.53442844894872998	-0.20019391444234549
0.54197148513603366	-0.27614448570760952
0.53278111920667526	-0.39007034260550555
0.49818719462352412	-0.510325413775507
0.4313402877222472	-0.60023493706555131
0.33033296406467577	-0.62711242233065612
0.20054072070383072	-0.57040959857782203
0.055142195576150597	-0.42700520945368192
-0.086354759109820753	-0.21241883515969964
-0.20210134888051423	0.042917274858796456
-0.27215621370052945	0.29998741618471869
-0.28308061093731401	0.51968918283560805
-0.23140647797601566	0.67046320501630907
-0.12545716509227975	0.73453566182570418
0.016386595855176829	0.70999911882562461
0.1684611415164475	0.61020561708325149
0.30276186627660046	0.45899808707569384
0.39449212243944221	0.28507474694085405
0.42639829849608279	0.11574658977069348
0.39206447860904559	-0.027657799353446606
0.29643265200449515	-0.13291349971421207
0.15450218949166725	-0.19637904556600802
-0.01205151758661153	-0.22160920108905807
-0.17843182153414769	-0.21588689777455186
-0.32122929970068864	-0.18701527650590699
-0.42206322022751747	-0.14123684998985744
-0.46966237961636448	-0.082106382406626752
-0.46064541681774862	-0.010924397236784553
-0.39900060383875008	0.071528791431327426
-0.29487202382781164	0.16317234602879785
-0.16265213663656999	0.25889087419871964
-0.01872753812020209	0.35018762253470481
0.12060187743148661	0.42579138753848361
0.24103035173223061	0.47391075631955848
0.33146008441450275	0.48448834729485779
0.38547515964082635	0.45232206654210327
0.4022952633228597	0.37801882501889406
0.38660227999065333	0.26929506204327636
0.34819348653116478	0.13898260929020348
0.30007411775008996	0.003554764180223545
0.25715684289129354	-0.12025507117000138
0.23270700145658524	-0.2178810337780919
0.23600166094069486	-0.27961254832246174
0.27016207769698941	-0.3017214474921448
0.33137338284913143	-0.28646197198679496
0.40940479168330679	-0.24129045642834451
0.48934363495565092	-0.17713129805357811
0.55489001837635821	-0.10664292540670635
0.59165148209379193	-0.041790154508969481
0.5903509586132224	0.0071962299258183961
0.54916771506185202	0.033206699537210185
0.4731304422312167	0.032166280752754517
0.37333694048884353	0.0039882720070800745
0.26348605716339885	-0.047772562519589591
0.15666972862594988	-0.11548648507457955
0.06225172393659769	-0.1888360093787044
-0.015779684897577688	-0.25472919906089697
-0.078638319791774519	-0.29964060992323344
-0.1306592590145581	-0.31099851498687453
-0.17695789492283548	-0.27969924988783307
-0.21996187134700326	-0.20210134888051423
-0.25759035071815006	-0.081672874579770224
-0.28264710311045749	0.070488372646871758
-0.28446783598325492	0.23695537815977924
-0.25264836149198561	0.39613945218149699
-0.18085946536454425	0.52645190493456984
-0.070575074212243058	0.60977210925639491
0.067540519424247353	0.63569587730241539
0.21397946333638315	0.60283598402669047
0.3440318113933421	0.51968918283560805
0.43359452842190116	0.40307557741120148
0.46550070447854175	0.27458385753092601
0.43446154407561421	0.15614951923372206
0.34966741314247701	0.065633084986078616
0.23348731554492699	0.01421905672089418
0.11670030698977785	0.0044217798339366045
0.031299265099041455	0.031472668229784069
0.0022542406996539552	0.08453402623702333
0.040923138855256419	0.15060061904995847
0.1420171640781992	0.21744752595123537
0.28386092502565574	0.27571097788075299
0.43402803624875769	0.3197553730893764
0.55723096064138344	0.34689296305059519
0.62485818163100215	0.3557365227184684
0.62225713466986299	0.34481212548168388
0.55332939019967475	0.31143202281373106
0.43914342860566474	0.25152124114215862
0.31281924785967197	0.16143831472137171
0.21007789289467438	0.040489631028399892
0.1596175818485743	-0.10603601444910721
0.17479035578855284	-0.26574029786305281
0.24926700044250469	-0.41894196387415045
0.35799076341812236	-0.54162467887454846
0.46402677786722957	-0.61003221395250884
0.52827263780736733	-0.60673755446839917
0.52081630318543504	-0.52593169554234198
0.42986636111093501	-0.37689170466906707
0.26608710412453801	-0.18337381076031214
0.061384708282884629	0.019334449077801231
-0.13837569833260432	0.19213066886281405
-0.28550825476771058	0.30068102870768909
-0.34247118321665859	0.32409045135794173
-0.29313799252038547	0.26019139767928923
-0.14791287052344798	0.12710449483433456
0.057829944102661082	-0.040229526332285971
0.27146260117755899	-0.19802637530806286
0.43602217225229772	-0.30397568819179877
0.50460311046100081	-0.32807872336502181
0.45284227593433107	-0.26001799454854663
0.28559495633308185	-0.11279873654806907
0.036501359021319818	0.080198947968458029
-0.2395564251209184	0.2726764230927573
-0.47997986589554986	0.41677442473986781
-0.62954006616105262	0.47512457823475673
-0.65459681855336005	0.43038657050316287
-0.55142195576150599	0.28975663147090458
-0.34767327713893698	0.083667010583310261
-0.095545125039179182	-0.14106344685911482
0.14141025312060004	-0.33258720476432974
0.30388898662642744	-0.44633965853148316
0.35122804131916052	-0.45622363698381202
0.27154930274293032	-0.360158302552405
0.084273921540909402	-0.18068606223380165
-0.16490637733622396	0.040923138855256419
-0.41564730439004083	0.25481590062626824
-0.60812477951434007	0.41460688560558517
-0.69682048088918613	0.48830321617119526
-0.6615329437830646	0.46576080917465568
-0.51015201064476434	0.35972479472554847
-0.27597108257686692	0.20227475201125683
-0.0072829314911897021	0.035981149629091977
0.24510532530468199	-0.097192454781233992
0.44061735521697698	-0.16577339298993701
0.55731766220675483	-0.15692983332206381
0.59555305253550073	-0.078291513530289292
0.5740510643234169	0.044304499904737352
0.52168331883914809	0.17374993700409716
0.46671452639374006	0.27128919804681639
0.42726531414979585	0.3061432273260814
0.40558992280696937	0.26305254933654232
0.38807620660196551	0.14565862982379404
0.35079453349230399	-0.024796647696193507
0.26868815108567723	-0.21510658368621013
0.1264108823113641	-0.38729589251362379
-0.073696330565610077	-0.50789776994511038
-0.30883097585259189	-0.55489001837635821
-0.53841672095581006	-0.52203012510063329
-0.71390068926733341	-0.4192887701356357
-0.79054487305556786	-0.26955516673939028
-0.74051806983632429	-0.1031748627918541
-0.5623463529982905	0.049333190696273101
-0.28394762659102707	0.16291224133268392
0.042397065466568622	0.2222161120466572
0.35044772723081874	0.22282302300425635
0.57535158780398643	0.17054197908535884
0.66924938310111082	0.078378215095660606
0.61271996247901928	-0.037194971544290266
0.41972227796249223	-0.15996438811005953
0.13473423258700948	-0.27605778414223819
-0.17747810431506333	-0.37498427023089831
-0.44738007731593882	-0.44902740705799365
-0.6165348313553568	-0.49185798035141881
-0.65104205437313656	-0.49801379149278152
-0.54847410253888162	-0.46246614969054606
-0.33709568616363761	-0.38218050015671673
-0.067540519424247353	-0.25793715697963526
0.19976040661548897	-0.096845648519748778
0.41009840420627724	0.086094654413706825
0.52645190493456984	0.26764773230122152
0.53711619747524053	0.4194621732663783
0.45639704011455462	0.51197274351756172
0.31871495430492075	0.52124981101229151
0.1685478430818188	0.43515515659858467
0.048032667215703512	0.25837066480649179
-0.013872250459408956	0.013958952024780261
-0.00754303618730362	-0.25837066480649179
0.055922509664492352	-0.50937169655642256
0.14956020026550282	-0.68936414626725384
0.23903621572869058	-0.7592456079565264
0.29192417060518722	-0.6997683341118105
0.28689547981365149	-0.51743494213595409
0.21926825882403281	-0.24449841434708283
0.10170093618054191	0.066673503770534298
-0.039535913809315523	0.35391578984567096
-0.1710621884775867	0.55844478255658181
-0.26123181646374488	0.63821022269818328
-0.28724228607513669	0.5772590222421552
-0.24025003764388886	0.39007034260550555
-0.12727789796507716	0.11826093516646134
0.030952458837556231	-0.17808501527266246
0.20539600836462385	-0.43411473781412901
0.3642332761248564	-0.5945993353164164
0.47980646276480726	-0.62659221293842826
0.5329545223374178	-0.52645190493456984
0.51639452335149838	-0.32027558248160426
0.43472164877172814	-0.056702823752834107
0.30310867253808571	0.20418218644942557
0.14331768755876878	0.40541651967622672
-0.019941360035400375	0.50590363394157034
-0.16343245072491175	0.48951703808639352
-0.26799453856270677	0.36726783091285209
-0.32174950909291644	0.17357653387335456
-0.32096919500457471	-0.043784290512509517
-0.26998867456624681	-0.23574155624458093
-0.18042595753768773	-0.36353966360188594
-0.068927744470188249	-0.40767076037588068
0.045344918689193027	-0.37064919196233304
0.14375119538562531	-0.27510406692315387
0.21103161011375873	-0.15614951923372206
0.23790909537886359	-0.050893818872956603
0.22273632143888505	0.010837695671413248
0.17192920413129975	0.014479161417008097
0.098319575131060974	-0.036588060586691118
0.019854658470029068	-0.12311622282725448
-0.044477903035479965	-0.21571349464380926
-0.077858005703432764	-0.28351411876417054
-0.068841042904816949	-0.30250176158048653
-0.013525444197923732	-0.26131851802911621
0.084013816844795489	-0.1642127648132535
0.21233213359432834	-0.029131725964758808
0.35530301489161187	0.11670030698977785
0.49445902731255797	0.2438915033894837
0.61289336560976193	0.32738511084205135
0.69699388401992868	0.35183495227675965
0.73861063539815563	0.31411977134024155
0.73548937904478862	0.22256291830814243
0.6909247744439373	0.093984496862495673
0.6122864546521628	-0.05063371417684269
0.50945839812179394	-0.19065674225150184
0.3929314942627587	-0.30900437898333449
0.27241631839664338	-0.3936251067857291
0.15562930984149423	-0.43827641295195169
0.047772562519589591	-0.44087745991309085
-0.048206070346446118	-0.40203515862674583
-0.13169967779901379	-0.32426385448868433
-0.20322846923034121	-0.21077150541764483
-0.26391956499025537	-0.066760205335905598
-0.31403306977487022	0.10048711426534362
-0.35209505697287358	0.28004605614931827
-0.37455076240404178	0.45761086202975293
-0.37541777805775489	0.61644812978998542
-0.34758657557356565	0.73904414322501211
-0.28481464224474012	0.80996602369874038
-0.18328710919494082	0.81863618023587104
-0.045084813993079106	0.76132644552543771
0.12068857899685792	0.6420250915745207
0.29695286139672294	0.47235012814287497
0.46029861055626342	0.26912165891253376
0.58410844590648836	0.052454447049640113
0.64410592914343212	-0.15779684897577687
0.6236443597158039	-0.3440318113933421
0.51864876405115234	-0.49263829443976054
0.34065045034386116	-0.59416582748955982
0.11652690385903523	-0.64349901818583288
-0.11565988820532216	-0.63916393991726761
-0.31359956194801369	-0.58315472868740403
-0.43940353330177867	-0.48076017998389164
-0.46827515457042357	-0.34056374877848988
-0.39483892870092741	-0.17505046048466677
-0.2353080484177244	-0.00026010469611391791
-0.024883349261564814	0.16507978046696659
0.18935621877093226	0.30198155218825873
0.35877107750646414	0.39440542087407088
0.44417211939720053	0.43220730337596031
0.42553128284236974	0.41382657151724339
0.30640333202219533	0.34802008340042218
0.11409926002863865	0.25299516775347081
-0.10638282071059244	0.15311496444572634
-0.30258846314585786	0.074129838392466604
-0.42657170162682539	0.03745507624040418
-0.44616625540074056	0.055315598706893211
-0.35261526636510138	0.12745130109581979
-0.16265213663656999	0.24103035173223061
0.084967534063879857	0.372903432661987
0.33796270181735066	0.49541274453164236
0.54205818670140493	0.58289462399129011
0.65260268254982001	0.6175752501398124
0.64367242131657554	0.59390572279344589
0.51335996856350263	0.52012269066246453
0.28299390937194269	0.4153871996939269
-0.0079765440141601491	0.30501610697625442
-0.3109118134215032	0.21380606020564052
-0.57777923163438305	0.15935747715246038
-0.77034340832405357	0.14825967678493321
-0.86597523492860407	0.17453025109243891
-0.86016623004872661	0.2222161120466572
-0.76470780657491866	0.27068228708921727
-0.60404980594188873	0.30085443183843175
-0.40871117916033634	0.30128793966528827
-0.20990448976393175	0.27163600430830159
-0.034247118321665861	0.22273632143888505
0.098926486088660115	0.17322972761186933
0.17895203092637552	0.14357779225488268
0.20262155827274206	0.14964690183087412
0.17383663856946849	0.19672585182749325
0.10118072678831407	0.2774450091881791
-0.0024276438303965672	0.37255662640050174
-0.12112208682371445	0.45622363698381202
-0.23669527346366531	0.5035626916765451
-0.32963935154170532	0.49792708992741019
-0.38114008137226107	0.43723599416749603
-0.37576458431924009	0.3355350579869541
-0.30432249445328396	0.22074218543534502
-0.1667271102090214	0.12710449483433456
0.026357275872877017	0.086441460675192053
0.25351537714569866	0.11826093516646134
0.48492185512171432	0.22299642613499895
0.68641629304462937	0.38001296102243409
0.82539890233483282	0.55098844793464952
0.87672622903464603	0.68884393687502599
0.82791324773060071	0.74910152480808356
0.68208121477606409	0.70210927637683573
0.45839117611809466	0.54119117104769188
0.18900941250944703	0.28698218137902276
-0.085921251282964226	-0.016126491159062912
-0.32547767640388264	-0.30900437898333449
-0.49463243044330057	-0.53122049102999169
-0.57075640483930723	-0.63552247417167274
-0.54700017592756944	-0.59902111515035295
-0.4329009158989307	-0.42951955484944981
-0.25230155523050041	-0.1642127648132535
-0.038668898155602462	0.1379421905057478
0.1713222931737006	0.40966489637942072
0.3436850051318569	0.59052436174396494
0.4529289774997024	0.64029106026709459
0.48526866138319952	0.54769378845053984
0.44035725052086305	0.33232710006821581
0.32989945623781924	0.039796018505429444
0.17470365422318154	-0.26938176360864768
0.00026010469611391791	-0.53304122390278907
-0.16768082742810575	-0.70115555915775141
-0.30770385550276491	-0.74563346219323134
-0.40515641498011279	-0.66465420013643162
-0.45396939628415806	-0.48093358311463424
-0.45648374167992595	-0.23478783902549658
-0.42136960770454701	0.026790783699733547
-0.36180563229445983	0.26053820394077443
-0.29201087217055854	0.43610887381766905
-0.22447035274631116	0.54006405069786489
-0.16785423055884838	0.57639200658844214
-0.12563056822302235	0.5616527404753201
-0.096065334431407023	0.518822167181895
-0.073522927434867463	0.46957567805099315
-0.049506593827015714	0.42865253919573676
-0.015519580201463769	0.40090803827691884
0.035114133975378922	0.38166029076448887
0.10551580505687937	0.360158302552405
0.19421150643172538	0.32409045135794173
0.29495872539318291	0.2645264759478545
0.39761337879280917	0.17877862779563292
0.48934363495565092	0.072222403954297881
0.5570575575106409	-0.044217798339366045
0.58922383826339542	-0.15640962392983598
0.57803933633049698	-0.25152124114215862
0.52081630318543504	-0.32105589656994604
0.42067599518157661	-0.36293275264428682
0.28654867355216623	-0.38053317041466189
0.13187308092975639	-0.381400186068375
-0.027137589961218771	-0.37342364205421485
-0.17348983230798326	-0.36267264794817289
-0.29209757373592982	-0.35096793662304659
-0.37168961074678869	-0.33588186424843935
-0.4067170431567963	-0.31195223220595891
-0.3977000803581805	-0.27380354344258429
-0.35140144444990312	-0.21900815412791888
-0.27969924988783307	-0.15068732061532977
-0.1974194643504637	-0.078291513530289292
-0.11973486177777355	-0.016473297420548136
-0.060170886367686346	0.018294030293345559
-0.028091307180303136	0.011704711325126306
-0.027831202484189216	-0.044131096773994738
-0.05817675036414631	-0.14730595956584885
-0.11288543811344037	-0.28507474694085405
-0.18224669041048516	-0.4355886644254412
-0.25464249749552564	-0.57092980797004989
-0.31888835743566335	-0.66292016882900551
-0.36605400899765383	-0.68867053374428333
-0.38998364104013428	-0.63560917573704412
-0.38850971442882209	-0.50477651359174336
-0.36275934951354422	-0.31065170872538933
-0.31689422143212331	-0.078985126053259747
-0.25681003662980828	0.15805695367189079
-0.18952962190167486	0.36796144343582254
-0.12242261030428403	0.52367745484268813
-0.062685231763454224	0.60890509360268186
-0.016733402116662053	0.62026299866632295
0.010490889409928024	0.56798195474742541
0.015866386462948995	0.4727836359697315
-0.0012138219151982836	0.36180563229445983
-0.038929002851716382	0.26261904150968579
-0.091903659293584336	0.19819977843880546
-0.15207454566127068	0.18276689980271299
-0.20947098193707522	0.21944166195477541
-0.25394888497255519	0.30024752088083256
-0.27683809823057998	0.40836437289885114
-0.2728498262234999	0.52211682666600456
-0.24103035173223061	0.61896247518575331
-0.18571475302533741	0.67982697407641013
-0.11539978350920825	0.69274550731673468
-0.040749735724513805	0.65433671385724623
0.028091307180303136	0.56954258292410898
0.083927115279424189	0.45006782584244931
0.12467685100393799	0.31134532124835973
0.15380857696869679	0.16984836656238841
0.17947224031860337	0.039969421636172051
0.21189862576747179	-0.06788732568573258
0.2599312929831753	-0.14869318461178974
0.32755851397279395	-0.20210134888051423
0.4109654198599903	-0.23175328423750086
0.49818719462352412	-0.2438915033894837
0.57066970327393596	-0.24562553469690981
0.60699765916451309	-0.2438915033894837
0.58818341947893971	-0.24475851904319676
0.50286907915357459	-0.25290846618809953
0.35157484758064572	-0.27163600430830159
0.14834637835030451	-0.30267516471122913
-0.080459052664571942	-0.34602594739688214
-0.30068102870768909	-0.39943411166560661
-0.47685860954218284	-0.45787096672586686
-0.57977336763792309	-0.51309986386738871
-0.59269190087824764	-0.55445651054950174
-0.51518070143630013	-0.56962928448948025
-0.36362636516725727	-0.54691347436219806
-0.16742072273199182	-0.4777256251958959
0.036934866848176345	-0.35937798846406327
0.21371935864026922	-0.19672585182749325
0.33492814702935497	-0.0032946594841096271
0.38625547372916813	0.20010721287697419
0.3683082496973078	0.38755599720973771
0.29565233791615336	0.53252101451056133
0.19187056416670012	0.6122864546521628
0.083146801191082434	0.61237315621753408
-0.007889842448788844	0.52957316128793686
-0.067193713162762125	0.372903432661987
-0.091296748335985195	0.16265213663656999
-0.086354759109820753	-0.07334952430412485
-0.065372980289964702	-0.30440919601865529
-0.042657170162682542	-0.501828660369119
-0.030258846314585783	-0.64401922757806074
-0.033813610494809326	-0.71901608162424047
-0.052367745484268806	-0.72551869902708843
-0.079071827618631046	-0.67167702693150733
-0.104562087837795	-0.57223033145061941
-0.12077528056222922	-0.44486573192017093
-0.12424334317708147	-0.30692354141442313
-0.11748062107811959	-0.17227601039278498
-0.10863706141024639	-0.050547012611471383
-0.10863706141024639	0.052974656441867947
-0.12736459953044849	0.13594805450220776
-0.16958826186627449	0.19715935965434978
-0.23244689676047131	0.2350479437216105
-0.30475600228014049	0.24718616287359332
-0.36874175752416433	0.2307995670184165
-0.40454950402251366	0.18320040762956952
-0.39457882400481348	0.1044753862724237
-0.32885903745336353	-0.0017340313074261195
-0.20799705532576304	-0.12727789796507716
-0.044304499904737352	-0.25967118828706137
0.14062993903225829	-0.38391453146414284
0.3197553730893764	-0.48492185512171432
0.46714803422059659	-0.55081504480390686
0.56286656239051835	-0.57491807997712996
0.59763389010441204	-0.5574043637721261
0.57387766119267425	-0.50581693237619907
0.50521002141859994	-0.43298761746430203
0.41226594334055988	-0.35504291019549794
0.31810804334732162	-0.28767579390199322
0.24259097990891412	-0.24328459243188455
0.19811307687343416	-0.22854532631876254
0.18727538120202089	-0.24311118930114195
0.20314176766496989	-0.2801327577146896
0.23183998580287218	-0.32764521553816528
0.25672333506443701	-0.37151620761604609
0.26296584777117099	-0.3978734834889231
0.24146385955908714	-0.39622615374686831
0.19083014538224444	-0.36093861664074678
0.11826093516646134	-0.29227097686667242
0.037368374675032873	-0.19672585182749325
-0.034507223017779774	-0.085661146586850298
-0.080459052664571942	0.026877485265104851
-0.087915387286504262	0.12580397135376498
-0.051414028265184444	0.19819977843880546
0.026010469611391793	0.23487454059086788
0.13308690284495467	0.23218679206435741
0.25178134583827255	0.19256417668967057
0.36050510881389025	0.12441674630782407
0.43784290512509516	0.040836437289885112
0.46628101856688353	-0.042743871728053842
0.435241858163956	-0.11054449584841512
0.34299139260888645	-0.14964690183087412
0.197506165915835	-0.15198784409589938
0.015953088028320298	-0.11644020229366392
-0.17765150744580593	-0.04872627973867396
-0.35599662741458232	0.038929002851716382
-0.49203138348216141	0.12987894492621635
-0.56373357804423141	0.20643642714907953
-0.55749106533749737	0.25316857088421346
-0.47104960466230533	0.25984459141780403
-0.31472668229784068	0.22369003865796941
-0.1101976895869299	0.15025381278847325
0.11236522872121255	0.051760834526669665
0.31845484960880682	-0.054882090880036684
0.47503787666938541	-0.15181444096515676
0.55558363089932872	-0.22377674022334071
0.54517944305477195	-0.26131851802911621
0.44252478965514569	-0.26227223524820059
0.26123181646374488	-0.23236019519510001
0.026877485265104851	-0.18328710919494082
-0.22681129501133643	-0.12987894492621635
-0.46385337473648697	-0.08678826693667728
-0.65173566689610696	-0.065112875593850789
-0.76696204727457262	-0.070141566385386531
-0.79826131237361408	-0.1000536064384871
-0.74832121071974189	-0.1464389439121358
-0.63222781468756317	-0.19620564243526542
-0.47469107040790021	-0.23426762963326875
-0.30475600228014049	-0.24718616287359332
-0.15146763470367153	-0.22533736840002422
-0.038582196590231162	-0.16542658672845179
0.018467433424088173	-0.070921880473728285
0.014825967678493321	0.048812981304045266
-0.044304499904737352	0.17921213562248944
-0.14531182356230882	0.30371558349568484
-0.26834134482419197	0.4065436400260537
-0.39119746295533253	0.47495117510401413
-0.49237818974364661	0.501828660369119
-0.55402300272264515	0.48630908016765523
-0.56399368274034534	0.43394133468338641
-0.51708813587446878	0.35582322428383972
-0.41512709499781303	0.26652061195139454
-0.26660731351676586	0.18155307788751471
-0.085401041890736384	0.11496627568235172
0.11080460054452904	0.076644183788234482
0.30284856784197178	0.070835178908356985
0.47252353127361757	0.094938214081580041
0.60422320907263138	0.14054323746688699
0.68676309930611457	0.19429820799709668
0.71485440648641774	0.24103035173223061
0.6887572353096546	0.26626050725528067
0.61454069535181677	0.25871747106797705
0.50234886976134685	0.21302574611729877
0.36501359021319812	0.13031245275307288
0.21614700247066579	0.018294030293345559
0.068320833512589108	-0.11002428645618728
-0.068320833512589108	-0.23912291729406188
-0.18684187337516436	-0.35356898358418576
-0.28308061093731401	-0.44113756460920478
-0.3552163133262406	-0.49445902731255797
-0.40333568210731541	-0.51249295290978958
-0.42873924076110803	-0.49992122593095023
-0.43307431902967336	-0.46541400291317048
-0.41842175448192265	-0.42006908422397743
-0.38833631129807944	-0.37437735927329918
-0.34749987400819432	-0.33640207364066715
-0.30250176158048653	-0.30926448367944842
-0.26140521959448754	-0.29149066277833069
-0.23244689676047131	-0.27675139666520865
-0.22316982926574158	-0.25602972254146655
-0.23816920007497752	-0.21987516978163196
-0.27839872640726349	-0.16005108967543083
-0.3397834346901481	-0.072049000823555268
-0.41391327308261472	0.04343748425102429
-0.48943033652102225	0.18016585284157383
-0.55367619646115995	0.3266914983190809
-0.59555305253550073	0.46784164674356704
-0.60795137638359753	0.58722970225985538
-0.58939724139413796	0.66959618936259602
-0.54387891957420242	0.70358320298814803
-0.47971976119943593	0.6838152460834902
-0.40741065567976675	0.61245985778290535
-0.33709568616363761	0.49870740401575198
-0.27623118727298085	0.35851097281035021
-0.22776501223042078	0.21181192420210049
-0.19030993599001661	0.079505335445487574
-0.1597042834139456	-0.020114763166142986
-0.13109276684141463	-0.074389943088580532
-0.10100732365757147	-0.078725021357145819
-0.06953465542778739	-0.037628479371146793
-0.040056123201543357	0.035721044932978063
-0.01872753812020209	0.12155559465057098
-0.011878114455868918	0.19715935965434978
-0.022889213258024777	0.24094365016685931
-0.049593295392387014	0.23617506407143748
-0.083840413714052875	0.17461695265781024
-0.11210512402509862	0.057483137841175862
-0.1189545476894318	-0.10412858001093847
-0.090949942074499968	-0.29097045338610283
-0.021501988212083881	-0.47919955180720814
0.085921251282964226	-0.64427933227417467
0.21710071968975017	-0.76470780657491866
0.3486269943580213	-0.8254856039002042
0.45344918689193026	-0.81976330058569802
0.5064238433337982	-0.74979513733105407
0.49159787565530488	-0.62589860041545786
0.40645693846068243	-0.46472039039020002
0.2641796696863693	-0.28637527042142363
0.090776538943757354	-0.1118450193289847
-0.079938843272344101	0.039796018505429444
-0.21484647899009621	0.15311496444572634
-0.28993003460164718	0.21744752595123537
-0.29608584574300989	0.22828522162264864
-0.24207077051668627	0.18649506711367914
-0.15198784409589938	0.098492978261803588
-0.059303870713973285	-0.024709946130822204
0.0021675391342826492	-0.16924145560478926
0.007456334621932314	-0.31914846213177728
-0.052107640788154892	-0.45804436985660946
-0.16551328829382311	-0.5711899126661637
-0.30484270384551182	-0.64696708080068521
-0.43142698928761852	-0.67817964433435529
-0.50668394802991212	-0.66318027352511943
-0.50165525723837634	-0.60604394194542877
-0.4060234306338259	-0.51613441865538445
-0.23157988110675826	-0.4067170431567963
-0.011097800367527165	-0.29365820191261333
0.20929757880633262	-0.19282428138578447
0.38079327511077582	-0.11800083047034743
0.46324646377888784	-0.079418633880116274
0.43550196286006992	-0.081672874579770224
0.30059432714231782	-0.12389653691559624
0.085401041890736384	-0.19993380974623157
-0.16542658672845179	-0.29929380366174824
-0.39978091792709186	-0.40905798542182159
-0.5701494938817081	-0.5152674030016714
-0.64436603383954605	-0.60509022472634444
-0.6122864546521628	-0.66855577057814042
-0.48717609582136828	-0.6990747215888401
-0.30215495531900133	-0.69456624018953217
-0.10074721896145754	-0.65719786551449932
0.073002718042639636	-0.59243179618213371
0.18545464832922348	-0.50841797933733823
0.22048208073923109	-0.41443348247484257
0.18198658571437124	-0.31992877622011906
0.091990360858955636	-0.23331391241418437
-0.015953088028320298	-0.16117821002525781
-0.10577590975299329	-0.10803015045264724
-0.14765276582733408	-0.076384079092120569
-0.12519706039616582	-0.066846906901276912
-0.038755599720973768	-0.078204811964917992
0.095458423473807882	-0.10759664262579072
0.24996061296547512	-0.15034051435384455
0.39258468800127344	-0.20002051131160289
0.49411222105107272	-0.24848668635416293
0.53434174738335871	-0.28611516572530971
0.50590363394157034	-0.30310867253808571
0.41443348247484257	-0.29036354242850371
0.27649129196909478	-0.24163726268982974
0.11479287255160911	-0.1551958020146377
-0.04690554686587653	-0.035374238671492836
-0.18814239685573397	0.10759664262579072
-0.29478532226244031	0.25793715697963526
-0.36024500411777632	0.39726657253132397
-0.38443474085637069	0.50694405272602605
-0.37238322326975914	0.57197022675450548
-0.33172018911061668	0.58393504277574571
-0.27085569021995987	0.54301190392048926
-0.19776627061194893	0.45787096672586686
-0.12025507117000138	0.34359830356648557
-0.046038531212163475	0.21857464630106235
0.016039789593691605	0.10040041269997231
0.05626931592597758	0.0020808375689113433
0.065199577159222089	-0.070054864820015231
0.035200835540750222	-0.11722051638200567
-0.037108269978918959	-0.1465256454775071
-0.14860648304641844	-0.16768082742810575
-0.28819600329422107	-0.18900941250944703
-0.43688918790601078	-0.21449967272861098
-0.57040959857782203	-0.24137715799371584
-0.66318027352511943	-0.26114511489837361
-0.69291891044747733	-0.26192542898671534
-0.64575325888548685	-0.23244689676047131
-0.52046949692394973	-0.16664040864365007
-0.32955264997633399	-0.067020310032019512
-0.097625962608090533	0.054101776791694929
0.1420171640781992	0.17600417770375112
0.35408919297641361	0.27406364813869816
0.50763766524899645	0.32469736231554086
0.5822010114683196	0.31203893377133018
0.57197022675450548	0.23149317954138696
0.48665588642914043	0.09225046555506955
0.34880039748876396	-0.084794130933137243
0.18909611407481833	-0.27102909335070247
0.039969421636172051	-0.43671578477526818
-0.071181985169842199	-0.55757776690286875
-0.12693109170359196	-0.61982949083946637
-0.12294281969651187	-0.62295074719283339
-0.066846906901276912	-0.57881965041883865
0.024016333607851756	-0.5085046809027095
0.12797151048804761	-0.43593547068692645
0.22421024805019724	-0.38183369389523153
0.2976464739196934	-0.35851097281035021
0.34203767538980206	-0.36718112934748082
0.360158302552405	-0.39830699131577962
0.36189233385983116	-0.43454824564098554
0.36024500411777632	-0.45587683072232682
0.36761463717433734	-0.44503913505091358
0.39154426921681779	-0.39206447860904559
0.43281421433355943	-0.29695286139672294
0.48500855668708559	-0.16967496343164579
0.53633588338689875	-0.027744500918817912
0.57318404866970374	0.10759664262579072
0.58376163964500316	0.21588689777455186
0.5619995467368053	0.2818667890221157
0.50928499499105129	0.297819877050436
0.43446154407561421	0.2645264759478545
0.3525285647997301	0.19004983129390268
0.28073966867228872	0.087568581025019035
0.2350479437216105	-0.027310993091961382
0.22611768248836597	-0.13976292337854523
0.25663663349906568	-0.23782239381349229
0.32036228404697559	-0.31377296507875629
0.40333568210731541	-0.36484018708245552
0.48665588642914043	-0.39267138956664477
0.54968792445407988	-0.40324898054194408
0.57448457215027338	-0.40480960871862759
0.54882090880036682	-0.4061968337645685
0.46914217022413662	-0.41547390125929823
0.34099725660534641	-0.43775620355972389
0.17834511996877639	-0.47382405475418715
0.0013872250459408956	-0.5195157797048654
-0.1668138117743927	-0.56546760935165752
-0.30380228506105611	-0.59815409949663989
-0.39154426921681779	-0.60257587933057655
-0.4191153670048931	-0.56546760935165752
-0.38486824868322722	-0.47911285024183681
-0.29643265200449515	-0.34394510982797077
-0.16984836656238841	-0.17054197908535884
-0.027050888395847465	0.021328585081341271
0.1075099410604194	0.20496250053776732
0.21094490854838743	0.35200835540750225
0.26548019316693888	0.43827641295195169
0.26192542898671534	0.44911410862336493
0.20114763166142985	0.38374112833340024
0.093637690601010445	0.25611642410683783
-0.041703452943598174	0.093117481208782618
-0.18120627162602948	-0.070401671081500444
-0.30068102870768909	-0.19906679409251851
-0.37992625945706276	-0.2638328634248841
-0.40611013219919717	-0.24892019418101946
-0.37637149527683922	-0.15476229418778117
-0.29807998174654993	0.0019941360035400373
-0.18788229215962005	0.19213066886281405
-0.067713922554989966	0.38018636415317669
0.039015704417087689	0.53174070042221955
0.11201842245972732	0.62052310336243688
0.1377687873750052	0.63344163660276143
0.11167161619824209	0.57223033145061941
0.039189107547830303	0.45206196184598935
-0.06580648811682123	0.29686615983135167
-0.18363391545642604	0.13421402319478165
-0.29296458938964287	-0.011444606629012389
-0.37498427023089831	-0.12285611813114057
-0.41608081221689736	-0.1929109829511558
-0.4111388229907329	-0.22499056213853899
-0.36353966360188594	-0.23036605919155997
-0.2847279406793688	-0.22507726370391032
-0.19152375790521489	-0.22507726370391032
-0.10274135496499757	-0.24293778617039935
-0.035721044932978063	-0.28524815007159665
-0.0026877485265104852	-0.35174825071138832
-0.008496753406387985	-0.43515515659858467
-0.049159787565530487	-0.52359075327731674
-0.11262533341732646	-0.60231577463446262
-0.18094616692991558	-0.65650425299152881
-0.23374742024104089	-0.67445147702338915
-0.25230155523050041	-0.64861441054273994
-0.22308312770037028	-0.57786593319975432
-0.14167035781671397	-0.46792834830893831
-0.013785548894037649	-0.33119997971838883
0.14470491260470966	-0.18502114050236695
0.30995809620241888	-0.049766698523129628
0.45422950098027198	0.054795389314665377
0.55064164167316421	0.11236522872121255
0.57838614259198218	0.11409926002863865
0.52662530806531249	0.06034428949842896
0.39709316940058137	-0.0377151809365181
0.20435558958016817	-0.16039789593691606
-0.026617380568990934	-0.28204019215285836
-0.26443977438248323	-0.37663159997295315
-0.47625169858458372	-0.42293023588123052
-0.63378844286424663	-0.40975159794479205
-0.71754215501292828	-0.33882971747106372
-0.71962299258183959	-0.22516396526928162
-0.64445273540491732	-0.094157899993238287
-0.50694405272602605	0.023669527346366532
-0.32989945623781924	0.09962009861163057
-0.13924271398631741	0.1132322443749256
0.040576332593771199	0.057396436275804555
0.19048333912075924	-0.060170886367686346
0.29929380366174824	-0.21874804943180498
0.36466678395171293	-0.38937673008253515
0.39267138956664477	-0.54197148513603366
0.39570594435464046	-0.65190907002684961
0.38946343164790642	-0.70601084681854454
0.38963683477864902	-0.70453692020723235
0.40827767133347981	-0.66040582343323762
0.45145505088839022	-0.59485944001253033
0.51795515152818183	-0.53052687850702129
0.59893441358498167	-0.48544206451394217
0.679220063118811	-0.46784164674356704
0.74008456200946782	-0.47417086101567235
0.76228016274452215	-0.49107766626307703
0.73037398668788156	-0.49940101653872243
0.63604268356390059	-0.48102028468000552
0.48050007528777772	-0.42431746092717143
0.27571097788075299	-0.32877233588799226
0.04343748425102429	-0.20530930679925255
-0.18822909842110527	-0.074043136827095304
-0.38859641599419337	0.041356646682112946
-0.52991996754942217	0.12051517586611531
-0.59208498992064851	0.15224794879201328
-0.5665947297014845	0.1379421905057478
-0.45795766829123813	0.091643554597470409
-0.28334071563342794	0.036501359021319818
-0.068841042904816949	-0.0016473297420548135
0.15493569731852377	-0.0016473297420548135
0.35842427124497889	0.046472039039020002
0.51795515152818183	0.13837569833260432
0.61913587831649597	0.25585631941072395
0.657978179602841	0.37082259509307564
0.63951074617875281	0.4527555743689598
0.57500478154250123	0.47642510171532632
0.47859264084960895	0.4283057329342515
0.36345296203651462	0.31047830559464668
0.2393830219901758	0.13993632650928783
0.11219182559046993	-0.055662404968378432
-0.015779684897577688	-0.24475851904319676
-0.14331768755876878	-0.39969421636172053
-0.26799453856270677	-0.5032158854150599
-0.38478154711785589	-0.55176876202299119
-0.48596227390616997	-0.55523682463784341
-0.56225965143291923	-0.53312792546816046
-0.60474341846485913	-0.50789776994511038
-0.6080380779489688	-0.49853400088500938
-0.57240373458136207	-0.51474719360944354
-0.50547012611471387	-0.55462991368024428
-0.42041589048546268	-0.60552373255320091
-0.33397442981027059	-0.64818090271588347
-0.26175202585597274	-0.66309357195974805
-0.21493318055546751	-0.63647619139075717
-0.1972460612197211	-0.56468729526331585
-0.20296836453422729	-0.45587683072232682
-0.21883475099717628	-0.32799202179965048
-0.22707139970745036	-0.2044422911455395
-0.21033799759078831	-0.1074232394950481
-0.15692983332206381	-0.052107640788154892
-0.064419263070880334	-0.042570468597311235
0.058783661321745451	-0.070314969516129144
0.19473171582395321	-0.11687371012052045
0.31932186526251988	-0.15823035680263339
0.40784416350662328	-0.17149569630444322
0.44044395208623432	-0.14089004372837222
0.4065436400260537	-0.062511828632711611
0.30796396019887884	0.054621986183922763
0.15805695367189079	0.19004983129390268
-0.02089507725448474	0.31602720577841026
-0.20288166296885599	0.40402929463028586
-0.36284605107891549	0.43073337676464807
-0.48188730033371863	0.38391453146414284
-0.55012143228093635	0.26478658064396843
-0.56720164065908363	0.088175491982618176
-0.54119117104769188	-0.11999496647388747
-0.48466175042560039	-0.32738511084205135
-0.41165903238296075	-0.50122174941151987
-0.33380102667952799	-0.6133268734366184
-0.25845736637186312	-0.6452330494932591
-0.18762218746350612	-0.59078446644007887
-0.11947475708165964	-0.4568305479414112
-0.050373609480728769	-0.26218553368282926
0.022108899169683022	-0.034507223017779774
0.097625962608090533	0.19421150643172538
0.17166909943518582	0.39215118017441691
0.23626176563680878	0.53217420824907602
0.28143328119525918	0.59598656036235731
0.29773317548506473	0.57604520032695694
0.27831202484189216	0.47703201267292544
0.22126239482757284	0.3149867869939546
0.13013904962233028	0.11401255846326735
0.013698847328666344	-0.097019051650491378
-0.11557318663995086	-0.28993003460164718
-0.243978204954855	-0.44165777400143263
-0.35911788376794934	-0.53824331782506751
-0.45162845401913282	-0.57682551441529861
-0.51691473274372624	-0.56538090778628625
-0.55506342150710086	-0.52055619848932111
-0.57040959857782203	-0.46367997160574437
-0.56962928448948025	-0.41556060282466956
-0.56043891856012185	-0.39241128487053084
-0.54977462601945115	-0.40151494923451797
-0.54283850078974671	-0.44035725052086305
-0.54188478357066239	-0.49688667114295454
-0.54630656340459893	-0.55254907611133297
-0.55306928550356083	-0.58705629912911272
-0.55714425907601217	-0.58280792242591872
-0.55324268863430337	-0.52931305659182293
-0.53581567399467089	-0.42587808910385494
-0.50078824158466329	-0.28212689371822963
-0.44659976322759709	-0.11618009759755001
-0.37489756866552704	0.048292771911817425
-0.29053694555924631	0.18640836554830784
-0.2016678410536577	0.27649129196909478
-0.11860774142794657	0.30440919601865529
-0.052887954876496647	0.26530679003619628
-0.014479161417008097	0.16533988516308049
-0.010057381583071493	0.019854658470029068
-0.040749735724513805	-0.14834637835030451
-0.10100732365757147	-0.31221233690207278
-0.17860522466489032	-0.44495243348554225
-0.25594302097609523	-0.52393755953880194
-0.31273254629430064	-0.53408164268724478
-0.33033296406467577	-0.47052939527007753
-0.29556563635078209	-0.33952332999403417
-0.20435558958016817	-0.15771014741040557
-0.063205441155682052	0.049853400088500935
0.11045779428304381	0.25377548184181259
0.29088375182073156	0.42501107345014189
0.4485071976657658	0.53997734913249362
0.55558363089932872	0.58549567095242927
0.59156478052842065	0.56069902325623577
0.54743368375442591	0.4777256251958959
0.42735201571516712	0.35903118220257801
0.24857338791953423	0.23288040458732784
0.037801882501889407	0.12710449483433456
-0.17401004170021109	0.063032038024939438
-0.35738385246052323	0.05063371417684269
-0.48960373965176485	0.086094654413706825
-0.55827137942583915	0.15302826288035504
-0.5619995467368053	0.22663789188059383
-0.50945839812179394	0.27969924988783307
-0.41590740908615476	0.29010343773238978
-0.29946720679249084	0.2467526550467368
-0.17687119335746418	0.15311496444572634
-0.061211305152142015	0.02627057430750571
0.038929002851716382	-0.10655622384133503
0.11869444299331788	-0.21510658368621013
0.1754839683115233	-0.2731966324849851
0.20678323341056476	-0.26617380568990934
0.20921087724096132	-0.19438490956246798
0.17877862779563292	-0.074303241523209218
0.11236522872121255	0.065199577159222089
0.010750994106041941	0.18926951720556093
-0.11973486177777355	0.26574029786305281
-0.26556689473231021	0.27189610900441552
-0.40689044628753895	0.19984710818086027
-0.52012269066246453	0.058090048798775003
-0.58298132555666138	-0.13039915431844418
-0.57986006920329436	-0.33388772824489932
-0.50685735116065467	-0.51856206248578107
-0.37420395614255658	-0.65607074516467234
-0.206002919322223	-0.72829314911897014
-0.035460940236864143	-0.73037398668788156
0.10092062209220015	-0.6700296971894526
0.17244941352352758	-0.56434048900183054
0.16126491159062911	-0.4350684550332134
0.067107011597390825	-0.30354218036494224
-0.091210046770613881	-0.18614826085219394
-0.27987265301857567	-0.092683973381926091
-0.45639704011455462	-0.025403558653792652
-0.57907975511495258	0.01872753812020209
-0.61627472665924288	0.046472039039020002
-0.5535027933304173	0.064852770897736875
-0.39648625844298224	0.07924523074937366
-0.17019517282387361	0.091990360858955636
0.087135073198162508	0.10213444400739843
0.33172018911061668	0.10672962697207765
0.52359075327731674	0.10170093618054191
0.63456875695258841	0.083320204321825034
0.65320959350741925	0.049679996957758321
0.58592917877928574	0.00078031408834175378
0.45440290411101458	-0.061471409848255935
0.29019013929776111	-0.13291349971421207
0.12771140579193369	-0.20843056315261957
-0.0025143453957678732	-0.2816933858913731
-0.078811722922517133	-0.34645945522373867
-0.091556853032099109	-0.39657296000835351
-0.043003976424167763	-0.42674510475756799
0.054535284618551456	-0.43359452842190116
0.18242009354122776	-0.41608081221689736
0.3194085668278912	-0.37637149527683922
0.44521253818165618	-0.3195819699586338
0.54318530705123191	-0.25360207871106999
0.60205566993834869	-0.18753548589813482
0.616881637616842	-0.13031245275307288
0.58870362887116756	-0.088955806070959931
0.52402426110417333	-0.066673503770534298
0.43368122998727249	-0.062771933328825524
0.3312866812837601	-0.072049000823555268
0.23105967171453043	-0.086354759109820753
0.14583203295453664	-0.09597863286603571
0.08470742936776593	-0.092510570251183477
0.051760834526669665	-0.070748477342985672
0.0449981124277078	-0.029391830660872725
0.057569839406547169	0.02817800874567444
0.079071827618631046	0.094851512516208741
0.098579679827174888	0.16152501628674304
0.10811685201801854	0.21831454160494845
0.10508229723002284	0.25733024602203614
0.093377585904896532	0.27337003561572776
0.082279785537369365	0.26478658064396843
0.084100518410166789	0.23322721084881307
0.10967748019470205	0.18285360136808429
0.1641260632478822	0.11964816021240224
0.24345799556262718	0.049766698523129628
0.33354092198341406	-0.020548270992999516
0.41261274960204514	-0.086354759109820753
0.45535662133009897	-0.14444480790859576
0.43975033956326393	-0.19369129703949756
0.35330887888807183	-0.23487454059086788
0.19793967374269153	-0.27085569021995987
-0.007716439318046232	-0.30570971949922487
-0.23140647797601566	-0.3440318113933421
-0.43281421433355943	-0.38981023790939168
-0.57249043614673334	-0.4440854178318292
-0.62060980492780815	-0.50399619950340158
-0.56503410152480105	-0.56182614360606276
-0.41434678090947125	-0.60543703098782964
-0.1973327627850924	-0.61965608770872382
0.042917274858796456	-0.58983074922099454
0.25828396324112052	-0.50564352924545641
0.40593672906845457	-0.3645800823863416
0.45709065263752507	-0.17505046048466677
0.40368248836880061	0.043610887381766904
0.25906427732946224	0.26305254933654232
0.054621986183922763	0.45058803523467716
-0.16768082742810575	0.57578509563084301
-0.364406679255599	0.61731514544369859
-0.50035473375780681	0.56832876100891061
-0.55471661524561566	0.43897002547492214
-0.52437106736565853	0.25490260219163957
-0.42310363901197318	0.052454447049640113
-0.27701150136132258	-0.12918533240324589
-0.1176540242088622	-0.25681003662980828
0.024796647696193507	-0.3103916040292754
0.12779810735730501	-0.28767579390199322
0.1800791512762025	-0.20374867862256904
0.18198658571437124	-0.08678826693667728
0.14401130008173924	0.029391830660872725
0.08306009962571112	0.11479287255160911
0.018033925597231642	0.151034126876815
-0.033900312060180633	0.13629486076369299
-0.059997483236943733	0.085227638759993771
-0.053494865834095788	0.02453654300007959
-0.013438742632552425	-0.01508607237460724
0.056182614360606273	-0.007889842448788844
0.14739266113122015	0.058783661321745451
0.24970050826936122	0.18025255440694513
0.35148814601527439	0.33414783294101325
0.44105086304383351	0.48596227390616997
0.50815787464122431	0.59711368071218429
0.5443124274010589	0.63491556321407361
0.54448583053180155	0.5815073989453492
0.50772436681436783	0.43870992077880822
0.43775620355972389	0.22871872944950516
0.34299139260888645	-0.010837695671413248
0.23539474998309573	-0.23548145154846703
0.12883852614176067	-0.40342238367268668
0.037281673109661566	-0.48509525825245692
-0.027831202484189216	-0.46862196083190877
-0.059303870713973285	-0.36223914012131636
-0.054795389314665377	-0.19083014538224444
-0.017080208378147277	0.010750994106041941
0.047339054692733064	0.20548270992999515
0.12979224336084505	0.36284605107891549
0.22100229013145892	0.46394007630185824
0.31238574003281544	0.5042563041995155
0.39691976626983877	0.49246489130901794
0.46966237961636448	0.44599285226999791
0.52645190493456984	0.38564856277156895
0.56356017491348886	0.32963935154170532
0.57673881284992734	0.28993003460164718
0.56173944204069137	0.27033548082773201
0.51474719360944354	0.26721422447436499
0.43350782685652989	0.27206951213515812
0.31914846213177728	0.27493066379241127
0.17652438709597895	0.26756103073585025
0.015172773939978545	0.24597234095839504
-0.15146763470367153	0.21085820698301613
-0.30822406489499271	0.16664040864365007
-0.44018384739012045	0.11956145864703094
-0.53512206147170049	0.075690466569150114
-0.5857557756485432	0.039015704417087689
-0.5900041523517372	0.010837695671413248
-0.55202886671910512	-0.010057381583071493
-0.48058677685314899	-0.026443977438248324
-0.38781610190585164	-0.041443348247484253
-0.28698218137902276	-0.057223033145061941
-0.19065674225150184	-0.073869733696352691
-0.10967748019470205	-0.089996224855415599
-0.052020939222783585	-0.10265465339962628
-0.022542406996539553	-0.10907056923710291
-0.02262910856191086	-0.10690303010282026
-0.05063371417684269	-0.095285020343065269
-0.10170093618054191	-0.074910152480808359
-0.1685478430818188	-0.047772562519589591
-0.24198406895131497	-0.01682010368203336
-0.31186553064058758	0.014825967678493321
-0.368655055958793	0.044651306166222579
-0.40567662437234064	0.070488372646871758
-0.42015578578934876	0.090863240509128654
-0.41426007934409992	0.10482219253390893
-0.39483892870092741	0.1118450193289847
-0.37238322326975914	0.11167161619824209
-0.35825086811423629	0.10412858001093847
-0.36189233385983116	0.089562717028559072
-0.38781610190585164	0.068667639774074335
-0.43411473781412901	0.04309067798953907
-0.49237818974364661	0.014652564547750709
-0.54934111819259468	-0.014305758286265485
-0.5900041523517372	-0.042050259205083394
-0.60214237150371996	-0.067367116293504739
-0.57951326294180916	-0.090082926420786913
-0.52367745484268813	-0.11115140680601426
-0.4440854178318292	-0.13247999188735554
-0.35582322428383972	-0.15658302706057858
-0.27510406692315387	-0.18588815615608001
-0.21458637429398228	-0.22230281361202853
-0.17938553875323207	-0.26660731351676586
-0.16525318359770919	-0.31819474491269295
-0.15944417871783167	-0.37498427023089831
-0.14435810634322443	-0.43324772216041596
-0.10282805653036889	-0.48804311147508134
-0.024189736738594366	-0.533301328598903
0.091036643639871268	-0.56260645769440443
0.22949904353784692	-0.56971598605485152
0.36735453247822342	-0.54942781975796595
0.47477777197327153	-0.49879410558112325
0.52393755953880194	-0.41833505291655132
0.49601965548924148	-0.31307935255578589
0.38798950503659424	-0.19256417668967057
0.21441297116323968	-0.070314969516129144
0.0054621986183922763	0.037541777805775486
-0.19898009252714721	0.11444606629012388
-0.35868437594109281	0.14704585486973493
-0.44200458026291783	0.12831831674953284
-0.43359452842190116	0.059737378540829819
-0.33839620964420719	-0.047685860954218284
-0.18068606223380165	-0.17479035578855284
0.00095371721908436575	-0.29695286139672294
0.16282553976731262	-0.38885652069030729
0.26574029786305281	-0.42925945015333589
0.2840343281563984	-0.40541651967622672
0.21077150541764483	-0.31611390734378159
0.059217169148601978	-0.17201590569667105
-0.14123684998985744	0.0060691095759914182
-0.35122804131916052	0.19239077355892795
-0.53078698320313522	0.36085191507537545
-0.64722718549679914	0.49116436782844836
-0.68130090068772231	0.57231703301599068
-0.62997357398790921	0.60439661220337393
-0.50590363394157034	0.59737378540829811
-0.33293401102581494	0.56798195474742541
-0.14097674529374352	0.53451515051410137
0.040402929463028585	0.51197274351756172
0.18710197807127829	0.5088514871641947
0.28360082032954181	0.52506467988862893
0.32417715292331306	0.55324268863430337
0.31177882907521626	0.58168080207609174
0.25620312567220915	0.59806739793126862
0.1710621884775867	0.59390572279344589
0.071442089865956127	0.56676813283222716
-0.028351411876417053	0.52081630318543504
-0.11600669446680739	0.46576080917465568
-0.18189988414899994	0.41313295899427299
-0.21978846821626064	0.37281673109661567
-0.22672459344596513	0.34949401001173436
-0.20383538018794034	0.34195097382443074
-0.15562930984149423	0.34281798947814385
-0.090169627986158213	0.34169086912831687
-0.017947224031860335	0.32868563432262093
0.049506593827015714	0.29790657861580733
0.10126742835368538	0.25048082235770297
0.12875182457638937	0.19499182052006714
0.12701779326896326	0.14531182356230882
0.095285020343065269	0.11722051638200567
0.036848165282805039	0.12372313378485363
-0.041790154508969481	0.17097548691221537
-0.13239329032198421	0.25542281158386737
-0.22681129501133643	0.36371306673262854
-0.3180213417819503	0.47503787666938541
-0.40064793358080492	0.5655543109170289
-0.47096290309693406	0.61402048595958891
-0.52575829241159944	0.60656415133765662
-0.56173944204069137	0.54058426009009275
-0.57491807997712996	0.42518447658088449
-0.56069902325623577	0.2801327577146896
-0.51474719360944354	0.13117946840678593
-0.43463494720635687	0.0053754970530209703
-0.32157610596217384	-0.074563346219323132
-0.18146637632214341	-0.094504706254723514
-0.025923768046020486	-0.050720415742213996
0.12918533240324589	0.049159787565530487
0.26539349160156761	0.1886626062479618
0.36449338082097033	0.34559243957002561
0.41183243551370335	0.49601965548924148
0.39917400696949268	0.61818216109741164
0.32591118423073917	0.6955199574086165
0.20002051131160289	0.71840917066664134
0.036241254325205897	0.68494236643331718
-0.1465256454775071	0.60058174332703651
-0.32755851397279395	0.47668520641144024
-0.48760960364822481	0.32877233588799226
-0.61098593117159317	0.17401004170021109
-0.68710990556759988	0.029131725964758808
-0.71077943291396639	-0.092337167120440863
-0.68190781164532144	-0.18181318258362864
-0.60465671689948786	-0.23695537815977924
-0.4862223786022839	-0.26209883211745794
-0.33640207364066715	-0.26747432917047892
-0.1668138117743927	-0.26643391038602326
0.0098839784523288808	-0.27293652778887123
0.18051265910305903	-0.29816668331192125
0.33215369693747321	-0.34723976931208045
0.45318908219581633	-0.41746803726283827
0.53451515051410137	-0.49888080714649458
0.57127661423153508	-0.57552499093472909
0.56356017491348886	-0.62962676772642401
0.51639452335149838	-0.64540645262400165
0.43949023486715	-0.61419388909033157
0.34585254426613954	-0.53676939121375533
0.24996061296547512	-0.42431746092717143
0.16551328829382311	-0.29634595043912382
0.10412858001093847	-0.17739140274969203
0.073522927434867463	-0.090863240509128654
0.077164393180462323	-0.054535284618551456
0.11418596159400997	-0.075603765003778814
0.17938553875323207	-0.14921339400401759
0.26426637125174063	-0.25923768046020484
0.35781736028737976	-0.3815735891991176
0.44677316635833969	-0.48995054591325005
0.51743494213595409	-0.56139263577920617
0.55636394498767039	-0.581160592683864
0.55202886671910512	-0.54543954775088588
0.49679996957758321	-0.46203264186368953
0.38859641599419337	-0.34758657557356565
0.23244689676047131	-0.22369003865796941
0.04118324355137034	-0.11210512402509862
-0.16542658672845179	-0.029565233791615336
-0.36284605107891549	0.015172773939978545
-0.52549818771548551	0.022195600735054329
-0.63101399277236492	8.6701565371305974e-05
-0.66439409544031769	-0.036934866848176345
-0.62156352214689248	-0.072395807085040481
-0.5106722200369922	-0.091470151466727809
-0.35079453349230399	-0.083753712148681575
-0.16889464934330403	-0.045431620254564327
0.0052887954876496644	0.020548270992999516
0.14470491260470966	0.10482219253390893
0.23027935762618867	0.19386470017024016
0.25412228810329779	0.27198281056978685
0.22108899169683024	0.32435055605405566
0.14721925800047755	0.33987013625551943
0.056009211229863659	0.31325275568652849
-0.026443977438248324	0.24640584878525157
-0.076817586918977096	0.14912669243864626
-0.078811722922517133	0.038235390328745934
-0.026530679003619627	-0.064679367766994261
0.075256958742293587	-0.13690177172129214
0.21163852107135789	-0.15875056619486125
0.36102531820611805	-0.11826093516646134
0.49870740401575198	-0.014739266113122016
0.60075514645777905	0.13958952024780261
0.64818090271588347	0.32027558248160426
0.62936666303031008	0.49411222105107272
0.54188478357066239	0.62520498789248735
0.3929314942627587	0.68190781164532144
0.19837318156954806	0.64462613853565986
-0.019334449077801231	0.51049881690624954
-0.23383412180641222	0.29608584574300989
-0.41850845604729392	0.035114133975378922
-0.55081504480390686	-0.22733150440356426
-0.61566781570164375	-0.44321840217811614
-0.6076912716874836	-0.57162342049302028
-0.53304122390278907	-0.58714300069448411
-0.40819096976810854	-0.48552876607931345
-0.25750364915277874	-0.2845545375486262
-0.10863706141024639	-0.020808375689113433
0.013091936371067201	0.25802385854500659
0.089129209201702544	0.50260897445746078
0.11201842245972732	0.67167702693150733
0.086614863805934666	0.73982445731335389
0.028698218137902277	0.70150236541923661
-0.039275809113201603	0.5701494938817081
-0.093811093731753059	0.37429065770792791
-0.11652690385903523	0.15016711122310195
-0.099013187654031429	-0.065893189682192543
-0.045518321819935634	-0.24415160808559763
0.028351411876417053	-0.36631411369376776
0.099013187654031429	-0.42674510475756799
0.14184376094745657	-0.4308200783300194
0.1377687873750052	-0.39145756765144646
0.078898424487888433	-0.32426385448868433
-0.028698218137902277	-0.24449841434708283
-0.16499307890159526	-0.1638659585517683
-0.30042092401157522	-0.089822821724672985
-0.4021218601921171	-0.0260971711767631
-0.44226468495903176	0.025576961784535262
-0.40411599619565713	0.063899053678652507
-0.28672207668290883	0.08670156537130598
-0.10473549096853761	0.091296748335985195
0.11375245376715344	0.075256958742293587
0.33345422041804279	0.037541777805775486
0.51873546561652362	-0.020374867862256903
0.64089797122469372	-0.093204182774153918
0.68277482729903449	-0.17331642917724063
0.64115807592080765	-0.25134783801141602
0.52575829241159944	-0.31880165587029208
0.35643013524143885	-0.36986887787399131
0.15849046149874732	-0.40298887584583015
-0.042570468597311235	-0.42110950300843314
-0.22473045744242509	-0.4308200783300194
-0.37246992483513047	-0.44053065365160565
-0.47703201267292544	-0.45787096672586686
-0.53607577869078482	-0.48743620051748221
-0.55194216515373384	-0.52948645972256558
-0.53026677381090737	-0.57925315824569523
-0.47824583458812375	-0.62797943798436917
-0.40376918993417193	-0.66448079700568896
-0.314813383863212	-0.67757273337675616
-0.21926825882403281	-0.65780477647209845
-0.12502365726542322	-0.59928121984646687
-0.03936251067857291	-0.50096164471540594
0.031385966664412762	-0.36648751682451036
0.082279785537369365	-0.20426888801479687
0.10967748019470205	-0.02627057430750571
0.11201842245972732	0.15302826288035504
0.088695701374846017	0.31793464021657902
0.040749735724513805	0.4527555743689598
-0.030432249445328397	0.54353211331271711
-0.12242261030428403	0.57959996450718043
-0.23175328423750086	0.55532352620321479
-0.35261526636510138	0.47122300779304799
-0.47607829545384112	0.33475474389861237
-0.5900041523517372	0.16039789593691606
-0.67895995842269707	-0.032426385448868437
-0.72673252094228669	-0.22108899169683024
-0.71953629101646832	-0.38339432207191504
-0.64922132150033918	-0.50087494315003456
-0.51717483743984016	-0.56208624830217657
-0.33622867050992455	-0.56408038430571672
-0.13005234805695895	-0.51309986386738871
0.069621356993158703	-0.42301693744660185
0.22811181849190601	-0.31255914316355804
0.31568039951692506	-0.20132103479217248
0.31377296507875629	-0.10664292540670635
0.22074218543534502	-0.040056123201543357
0.053234761137981867	-0.0059824080106201123
-0.15571601140686553	-0.0018207328727974255
-0.36293275264428682	-0.019421150643172538
-0.52350405171194547	-0.047685860954218284
-0.60049504176166513	-0.075603765003778814
-0.57301064553896119	-0.094764810950837428
-0.44079075834771958	-0.10135412991905668
-0.22464375587705379	-0.096325439127520937
0.038408793459488548	-0.08462072780239463
0.30206825375363	-0.074043136827095304
0.52098970631617758	-0.072655911781154409
0.66014571873712369	-0.086961670067419894
0.70089545446163748	-0.12034177273537269
0.64419263070880339	-0.17184250256592845
0.50867808403345216	-0.23652187033292268
0.32513087014239739	-0.30588312262996747
0.12918533240324589	-0.36952207161250605
-0.046732143735133923	-0.41608081221689736
-0.17903873249174684	-0.4354152612946986
-0.25698343976055088	-0.41989568109323483
-0.28230029684897223	-0.36614071056302511
-0.26626050725528067	-0.27579767944612432
-0.22490386057316769	-0.15580271297223683
-0.17409674326558239	-0.017773820901117725
-0.12537046352690845	0.1232896259579971
-0.083840413714052875	0.25100103174993077
-0.048639578173302653	0.35001421940396221
-0.014825967678493321	0.40888458229107899
0.023582825780995225	0.42258342961974532
0.070228267950757844	0.39336500208961522
0.12467685100393799	0.3309398750222749
0.18155307788751471	0.25039412079233164
0.23175328423750086	0.16958826186627449
0.26530679003619628	0.10499559566465154
0.27345673718109903	0.068407535077960407
0.25186804740364388	0.063552247417167279
0.20210134888051423	0.085314340325365084
0.13135287153752856	0.12086198212760053
0.051240625134441831	0.15216124722664198
-0.024276438303965673	0.16065800063302996
-0.081846277710512838	0.13161297623364246
-0.11123810837138556	0.058350153494888923
-0.10646952227596373	-0.055489001837635825
-0.066846906901276912	-0.19629234400063672
0.0032946594841096271	-0.34273128791277252
0.096065334431407023	-0.47070279840082013
0.20114763166142985	-0.55783787159898268
0.30770385550276491	-0.58896373356728149
0.40541651967622672	-0.55957190290640879
0.48552876607931345	-0.47677190797681157
0.54093106635157795	-0.35773065872200843
0.56702823752834108	-0.22585757779225207
0.56173944204069137	-0.10586261131836459
0.52567159084622817	-0.018814239685573397
0.46281295595203131	0.021935496038940412
0.37983955789169149	0.012571726978839366
0.28663537511753756	-0.040576332593771199
0.19507852208543844	-0.1232896259579971
0.11774072577423352	-0.21692731655900754
0.066500100639791684	-0.30241506001511526
0.050286907915357462	-0.3640598729941138
0.073522927434867463	-0.39154426921681779
0.13499433728312341	-0.38148688763374627
0.22715810127282166	-0.33640207364066715
0.33700898459826634	-0.26357275872877017
0.44746677888131015	-0.17288292135038411
0.54006405069786489	-0.075083555611550973
0.59772059166978342	0.019767956904657762
0.60786467481822615	0.1031748627918541
0.56416708587108799	0.16872124621256143
0.46818845300505224	0.21155181950598659
0.32911914214947746	0.22871872944950516
0.16273883820194132	0.21926825882403281
-0.010837695671413248	0.18406742328328257
-0.17071538221610147	0.1264975838767354
-0.29842678800803518	0.052887954876496647
-0.38096667824151847	-0.028264710311045747
-0.41243934647130254	-0.10638282071059244
-0.39527243652778393	-0.17028187438924494
-0.33917652373254897	-0.20981778819856045
-0.25984459141780403	-0.21727412282049277
-0.17513716205003807	-0.18926951720556093
-0.10256795183425496	-0.12736459953044849
-0.055402300272264518	-0.038061987198003321
-0.040749735724513805	0.067800624120361266
-0.058783661321745451	0.17704459648820681
-0.1030014596611115	0.27562427631538167
-0.16152501628674304	0.35088123505767527
-0.22048208073923109	0.39353840522035782
-0.26617380568990934	0.39839369288115095
-0.28828270485959234	0.36492688864782685
-0.28125987806451658	0.29703956296209427
-0.24527872843542459	0.20253485670737076
-0.18588815615608001	0.091816957728213022
-0.11253863185195516	-0.023236019519510001
-0.036674762152062425	-0.1307459605799294
0.030605652576071007	-0.21987516978163196
0.080198947968458029	-0.28212689371822963
0.10690303010282026	-0.31186553064058758
0.10915727080247423	-0.30727034767590838
0.089822821724672985	-0.27068228708921727
0.05470868774929407	-0.20860396628336217
0.011964816021240225	-0.13109276684141463
-0.030085443183843173	-0.050547012611471383
-0.063465545851795979	0.020201464731514292
-0.082106382406626752	0.069187849166302162
-0.082279785537369365	0.087308476328905121
-0.062945336459568138	0.069968163254643917
-0.025490260219163955	0.018033925597231642
0.026183872742134403	-0.062598530198082911
0.08670156537130598	-0.16143831472137171
0.15008040965773065	-0.26548019316693888
0.21042469915615961	-0.36093861664074678
0.26313925090191365	-0.4350684550332134
0.30527621167236835	-0.47781232676126723
0.33631537207529588	-0.48362133164114474
0.35790406185275103	-0.45154175245376149
0.37368374675032873	-0.38530175651008375
0.38842301286345077	-0.29209757373592982
0.40628353532993977	-0.18242009354122776
0.43021316737242027	-0.067713922554989966
0.46064541681774862	0.040316227897657278
0.49541274453164236	0.13135287153752856
0.52965986285330824	0.197506165915835
0.55688415437989824	0.23470113746012528
0.57006279231633683	0.24276438303965672
0.56295326395588974	0.22577087622688075
0.53113378946462042	0.19135035477447229
0.4731304422312167	0.14912669243864626
0.3902437457362482	0.10933067393321683
0.28602846415993843	0.080545754229943256
0.16525318359770919	0.067800624120361266
0.033293401102581492	0.07170219456207004
-0.10412858001093847	0.087481879459647721
-0.24129045642834451	0.10638282071059244
-0.37220982013901655	0.11704711325126306
-0.49038405374010657	0.10855035984487509
-0.58801001634819716	0.073089419608010936
-0.65624414829541489	0.0084100518410166799
-0.68615618834851544	-0.081499471449027611
-0.67020310032019514	-0.18658176867905046
-0.60457001533411658	-0.29253108156278634
-0.49055745687084917	-0.38374112833340024
-0.33640207364066715	-0.44668646479296836
-0.15675643019132121	-0.47269693440436017
0.02843811344178836	-0.45969169959866429
0.19689925495823588	-0.41209254020981728
0.32738511084205135	-0.33987013625551943
0.40402929463028586	-0.2553361100184961
0.4191153670048931	-0.1710621884775867
0.37507097179626964	-0.096672245389006164
0.28394762659102707	-0.037801882501889407
0.16525318359770919	0.0042483767031939925
0.042223662335826008	0.031125861968298845
-0.062858634894196824	0.045605023385306941
-0.13265339501809814	0.049246489130901794
-0.15805695367189079	0.041616751378226867
-0.13941611711706001	0.019941360035400375
-0.085227638759993771	-0.019594553773915151
-0.010404187844556717	-0.079852141706972801
0.068320833512589108	-0.16074470219840128
0.13508103884849471	-0.25776375384889266
0.17825841840340509	-0.36145882603297458
0.19221737042818535	-0.45917149020643644
0.17747810431506333	-0.5372028990406118
0.13906931085557478	-0.58454195373334483
0.084967534063879857	-0.59589985879698593
0.023409422650252611	-0.57327075023507512
-0.038582196590231162	-0.52567159084622817
-0.095718528169921796	-0.46749484048208179
-0.14461821103933836	-0.41452018404021385
-0.18285360136808429	-0.37992625945706276
-0.20765024906427781	-0.37030238570084784
-0.21501988212083881	-0.38348102363728631
-0.20010721287697419	-0.40923138855256419
-0.15771014741040557	-0.4313402877222472
-0.08453402623702333	-0.43186049711447505
0.01872753812020209	-0.39544583965852653
0.14591873451990794	-0.31368626351338502
0.28446783598325492	-0.18779559059424875
0.41625421534763996	-0.028611516572530971
0.52003598909709325	0.14522512199693752
0.5754382893693577	0.31134532124835973
0.56676813283222716	0.44824709296965187
0.48743620051748221	0.53893693034803791
0.34195097382443074	0.57448457215027338
0.1466990486082497	0.55445651054950174
-0.072395807085040481	0.48674258799451176
-0.28342741719879921	0.38469484555248462
-0.45466300880712851	0.26487328220933976
-0.55991870916789399	0.14366449382025401
-0.58350153494888923	0.034680626148522388
-0.52315724545046027	-0.051760834526669665
-0.39033044730161948	-0.11002428645618728
-0.20808375689113434	-0.13837569833260432
-0.0061558111413627242	-0.13906931085557478
0.18398072171791127	-0.11687371012052045
0.3353616548562115	-0.078811722922517133
0.42995306267630634	-0.032946594841096272
0.46107892464460515	0.012831831674953284
0.43316102059504463	0.052367745484268806
0.360158302552405	0.082366487102740679
0.26123181646374488	0.10352166905333933
0.15640962392983598	0.12112208682371445
0.062858634894196824	0.14427140477785313
-0.007803140883417538	0.18328710919494082
-0.050460311046100076	0.2468393566121081
-0.065372980289964702	0.33856961277494985
-0.056182614360606273	0.45370929158804418
-0.027831202484189216	0.57855954572272472
0.016039789593691605	0.69109817757467995
0.07334952430412485	0.76505461283640386
0.14323098599339748	0.77537209911558935
0.22455705431168246	0.70540393586094541
0.31342615881727109	0.55237567298059032
0.40186175549600317	0.3305930687607897
0.47746552049978197	0.071181985169842199
0.5244577689310298	-0.18328710919494082
0.52740562215365427	-0.38642887685991073
0.47460436884252888	-0.49888080714649458
0.36249924481743029	-0.49714677583906847
0.19889339096177591	-0.38027306571854802
0.003554764180223545	-0.17158239786981452
-0.19429820799709668	0.085314340325365084
-0.36041840724851892	0.33562175955232543
-0.46298635908277391	0.52532478458474285
-0.47928625337257941	0.61306676874050459
-0.40186175549600317	0.5796866660725517
-0.24103035173223061	0.43324772216041596
-0.023496124215623918	0.20713003967204996
0.21215873046358572	-0.047425756258104371
0.42379725153494358	-0.2726764230927573
0.57457127371564465	-0.41781484352432346
0.64115807592080765	-0.45041463210393451
0.61826886266278291	-0.36310615577502942
0.51899557031263754	-0.17505046048466677
0.37116940135456089	0.072482508650411795
0.20964438506781785	0.32608458736148177
0.067193713162762125	0.5319141035529622
-0.033726908929438026	0.64722718549679914
-0.085747848152221612	0.64922132150033918
-0.098232873565689674	0.53850342252118144
-0.092597271816554777	0.33839620964420719
-0.095545125039179182	0.088608999809474703
-0.13031245275307288	-0.16377925698639698
-0.20851726471799087	-0.37342364205421485
-0.32573778109999657	-0.50599033550694161
-0.461599134036833	-0.54283850078974671
-0.58514886469094407	-0.48379473477188734
-0.66274676569826285	-0.34515893174316908
-0.66768875492442725	-0.1551958020146377
-0.58870362887116756	0.051587431395927051
-0.43368122998727249	0.24129045642834451
-0.22897883414561906	0.38573526433694028
-0.013438742632552425	0.46697463108985399
0.1712355916083293	0.47867934241498028
0.29140396121295936	0.42613819379996887
0.32981275467244792	0.32495746701165479
0.29062364712461763	0.19776627061194893
0.19802637530806286	0.070141566385386531
0.089736120159301686	-0.032859893275724965
0.0071095283604470901	-0.091210046770613881
-0.01682010368203336	-0.093030779643411304
0.034160416756294554	-0.036501359021319818
0.15424208479555332	0.06944795386241609
0.31680751986675204	0.2062630240183369
0.48119368781074817	0.34906050218487783
0.60352959654966087	0.47026929057396361
0.64826760428125474	0.54526614462014322
0.59780729323515469	0.55645064655304177
0.45761086202975293	0.49732017896981107
0.25524940845312477	0.37377044831570005
0.033726908929438026	0.20314176766496989
-0.15901067089097515	0.011704711325126306
-0.2815199827606305	-0.17088878534684407
-0.30943788681019102	-0.31672081830138071
-0.24033673920926016	-0.40506971341474152
-0.094157899993238287	-0.42527117814625581
0.092683973381926091	-0.37862573597649318
0.27597108257686692	-0.27657799353446605
0.41478028873632777	-0.1380288920711191
0.48076017998389164	0.015259475505349852
0.46359327004037304	0.16351915229028308
0.37220982013901655	0.29209757373592982
0.2309729701491591	0.3934517036549865
0.072742613346525709	0.46697463108985399
-0.069621356993158703	0.51708813587446878
-0.17088878534684407	0.55090174636927813
-0.21857464630106235	0.57465797528101603
-0.21467307585935358	0.59225839305139105
-0.17322972761186933	0.60370299968040353
-0.11565988820532216	0.60630404664154269
-0.064766069332365561	0.59624666505847113
-0.039189107547830303	0.5711899126661637
-0.049940101653872242	0.53165399885684828
-0.098492978261803588	0.48249421129131775
-0.17782491057654856	0.43229400494133158
-0.27441045440018341	0.39145756765144646
-0.37238322326975914	0.36969547474324865
-0.45639704011455462	0.37342364205421485
-0.51466049204407227	0.40316227897657275
-0.54058426009009275	0.45284227593433107
-0.5326077160759326	0.51093232473310612
-0.49419892261644405	0.5623463529982905
-0.43229400494133158	0.59191158678990585
-0.35651683680681018	0.58783661321745451
-0.27701150136132258	0.54439912896643017
-0.20383538018794034	0.46324646377888784
-0.14435810634322443	0.35278866949584403
-0.10291475809574019	0.22611768248836597
-0.078985126053259747	0.097625962608090533
-0.067453817858876053	-0.020201464731514292
-0.058870362887116758	-0.11921465238554571
-0.041356646682112946	-0.19689925495823588
-0.0029478532226244031	-0.25542281158386737
0.064679367766994261	-0.29938050522711951
0.16377925698639698	-0.33336751885267146
0.28802260016347847	-0.35885777907183541
0.42267013118511665	-0.37333694048884353
0.54630656340459893	-0.37038908726621911
0.63465545851795968	-0.34247118321665859
0.6657813204862586	-0.28394762659102707
0.62572519728471521	-0.19542532834692367
0.51240625134441831	-0.085661146586850298
0.33778929868660806	0.027310993091961382
0.12606407604987888	0.11973486177777355
-0.089129209201702544	0.1668138117743927
-0.27189610900441552	0.14956020026550282
-0.38981023790939168	0.061037902021399408
-0.42128290613917574	-0.088869104505588617
-0.35894448063720674	-0.27363014031184163
-0.21137841637524396	-0.45362259002267286
-0.0013872250459408956	-0.58445525216797356
0.23834260320572012	-0.62719912389602739
0.47113630622767666	-0.55931179821029486
0.66274676569826285	-0.3815735891991176
0.78646989948311652	-0.12077528056222922
0.82747973990374424	0.17435684796169632
0.78343534469512077	0.44295829748200222
0.66448079700568896	0.62607200354620041
0.4906441584362205	0.68026048190326671
0.28802260016347847	0.58948394295950934
0.085487743456107684	0.37030238570084784
-0.089736120159301686	0.06953465542778739
-0.21554009151306666	-0.24605904252376634
-0.2770982029266939	-0.50460311046100081
-0.26938176360864768	-0.64653357297382863
-0.197506165915835	-0.63881713365578241
-0.076557482222863169	-0.48301442068354555
0.071095283604470899	-0.21510658368621013
0.21822784003957713	0.10334826592259672
0.33700898459826634	0.40021442575394839
0.40394259306491453	0.61072582647547924
0.40376918993417193	0.69283220888210606
0.33267390632970101	0.63760331174058416
0.19924019722326114	0.46983578274710708
0.022889213258024777	0.24111705329760191
-0.16950156030090319	0.015432878636092464
-0.34914720375024916	-0.14756606426196275
-0.49073086000159183	-0.20817045845650564
-0.5772590222421552	-0.15588941453760813
-0.60283598402669047	-0.011444606629012389
-0.57301064553896119	0.1800791512762025
-0.50217546663060419	0.36215243855594503
-0.40940479168330679	0.48301442068354555
-0.31411977134024155	0.50928499499105129
-0.23166658267212956	0.4350684550332134
-0.17097548691221537	0.28299390937194269
-0.13412732162941035	0.097279156346605306
-0.11843433829720396	-0.068667639774074335
-0.11964816021240224	-0.166900513339764
-0.13456082945626688	-0.16768082742810575
-0.16282553976731262	-0.06797402725110388
-0.20713003967204996	0.10846365827950377
-0.27094239178533119	0.31732772925897984
-0.3557365227184684	0.50521002141859994
-0.4575241604643816	0.62338425501968997
-0.56538090778628625	0.63951074617875281
-0.66101273439083674	0.54509274148940068
-0.72257084580446396	0.35625673211069625
-0.72916016477268319	0.10898386767173161
-0.66638823144385773	-0.15060061904995847
-0.53208750668370475	-0.37793212345352273
-0.33813610494809332	-0.53928373660952311
-0.11028439115230119	-0.61878907205501077
0.11635350072829262	-0.61965608770872382
0.30449589758402656	-0.56139263577920617
0.42241002648900272	-0.47321714379658802
0.45188855871524675	-0.38573526433694028
0.39206447860904559	-0.32400374979257041
0.26062490550614575	-0.30267516471122913
0.090169627986158213	-0.32461066075016959
-0.078811722922517133	-0.38261400798357326
-0.20678323341056476	-0.46229274655980346
-0.26348605716339885	-0.54691347436219806
-0.23496124215623918	-0.62095661118929335
-0.12545716509227975	-0.67289084884670569
0.043003976424167763	-0.69604016680084435
0.23556815311383833	-0.6884104290481694
0.41200583864444601	-0.65182236846147834
0.53408164268724478	-0.59043766017859367
0.57344415336581767	-0.51041211534087827
0.51587431395927053	-0.41885526230877917
0.36379976829799987	-0.32374364509645648
0.13534114354460863	-0.23322721084881307
-0.13863580302871825	-0.15432878636092465
-0.41972227796249223	-0.091730256162841722
-0.66777545648979864	-0.046385337473648695
-0.8467274874161741	-0.014305758286265485
-0.93004769173799917	0.012745130109581978
-0.90455743151883528	0.045344918689193027
-0.77294445528519273	0.093984496862495673
-0.55358949489578868	0.16577339298993701
-0.27883223423412001	0.26114511489837361
0.0091903659293584329	0.37220982013901655
0.26522008847082496	0.48362133164114474
0.44798698827353794	0.57517818467324378
0.5276657268497682	0.62659221293842826
0.49220478661290401	0.62312415032357604
0.35027432410007614	0.55957190290640879
0.13048585588381548	0.44339180530885874
-0.12311622282725448	0.29331139565112813
-0.36007160098703372	0.13560124824072253
-0.53286782077204653	-0.0021675391342826492
-0.60751786855674095	-0.097625962608090533
-0.5711899126661637	-0.13958952024780261
-0.4354152612946986	-0.13109276684141463
-0.23383412180641222	-0.088608999809474703
-0.014739266113122016	-0.037281673109661566
0.16976166499701709	-0.0042483767031939925
0.27605778414223819	-0.010750994106041941
0.27883223423412001	-0.066239995943677771
0.17704459648820681	-0.16455957107473873
-0.0052887954876496644	-0.28498804537548272
-0.22542406996539552	-0.39700646783521004
-0.43186049711447505	-0.46784164674356704
-0.57613190189232821	-0.47104960466230533
-0.62459807693488822	-0.39353840522035782
-0.56581441561314283	-0.2395564251209184
-0.41261274960204514	-0.030952458837556231
-0.19906679409251851	0.1973327627850924
0.028698218137902277	0.40463620558788499
0.22282302300425635	0.55306928550356083
0.34446531922019863	0.61549441257090109
0.37229652170438787	0.58107389111849261
0.30605652576071007	0.4568305479414112
0.16481967577085266	0.26600040255916674
-0.01855413498945948	0.042830573293425149
-0.2062630240183369	-0.17453025109243891
-0.364406679255599	-0.35088123505767527
-0.46992248431247835	-0.45986510272940689
-0.51414028265184442	-0.48812981304045261
-0.50312918384968852	-0.43610887381766905
-0.45344918689193026	-0.31620060890915291
-0.38712248938288119	-0.15016711122310195
-0.32452395918479826	0.035287537106121529
-0.28021945928006092	0.21224543202895702
-0.2597578898524327	0.35564982115309712
-0.2595844867216901	0.44633965853148316
-0.26964186830476156	0.47252353127361757
-0.27666469509983738	0.430993481460762
-0.26868815108567723	0.32712500614593742
-0.23816920007497752	0.17392334013483979
-0.18328710919494082	-0.0093637690601010449
-0.10820355358338986	-0.19967370505011767
-0.021501988212083881	-0.37299013422735827
0.065979891247563843	-0.50737756055288252
0.14392459851636791	-0.58627598504077094
0.2044422911455395	-0.60066844489240778
0.24311118930114195	-0.55124855263076333
0.25923768046020484	-0.44755348044668142
0.25507600532238217	-0.30692354141442313
0.2352213468523531	-0.15129423157292893
0.20548270992999515	-0.003901570441708769
0.17166909943518582	0.11487957411698041
0.13932941555168871	0.19004983129390268
0.11297213967881169	0.21406616490175445
0.096065334431407023	0.18718867963664959
0.090082926420786913	0.11661360542440653
0.094157899993238287	0.014045653590151568
0.10525570036076545	-0.10629611914522112
0.11808753203571874	-0.2307128654530452
0.12571726978839365	-0.34671955991985259
0.12051517586611531	-0.44486573192017093
0.095805229735293096	-0.51795515152818183
0.047685860954218284	-0.56139263577920617
-0.023756228911737835	-0.57257713771210461
-0.1131455428095543	-0.55064164167316421
-0.21068480385227351	-0.49697337270832587
-0.30258846314585786	-0.4152137965631843
-0.37411725457718525	-0.31195223220595891
-0.41165903238296075	-0.19698595652360718
-0.40550322124159804	-0.082626591798854593
-0.3523551616689875	0.017166909943518584
-0.25637652880295175	0.089302612332445158
-0.1290986308378746	0.12363643221948231
0.012571726978839366	0.11487957411698041
0.14921339400401759	0.064332561505509034
0.26201213055208666	-0.020288166296885599
0.33579516268306803	-0.12519706039616582
0.36206573699057376	-0.23348731554492699
0.33987013625551943	-0.32773191710353661
0.27562427631538167	-0.3931048973935013
0.18189988414899994	-0.42050259205083396
0.074129838392466604	-0.40732395411439548
-0.031559369795155376	-0.35781736028737976
-0.12129548995445706	-0.28204019215285836
-0.18571475302533741	-0.19360459547412623
-0.22108899169683024	-0.10698973166819158
-0.22880543101487646	-0.035200835540750222
-0.21467307585935358	0.012398323848096754
-0.18701527650590699	0.031299265099041455
-0.15458889105703855	0.021762092908197798
-0.12511035883079452	-0.011531308194383694
-0.10352166905333933	-0.060951200456028101
-0.091903659293584336	-0.1176540242088622
-0.089129209201702544	-0.17270951821964151
-0.091643554597470409	-0.21822784003957713
-0.093984496862495673	-0.24813988009267771
-0.089996224855415599	-0.25819726167574919
-0.073002718042639636	-0.24623244565450897
-0.037108269978918959	-0.21207202889821442
0.021848794473569105	-0.15710323645280641
0.10542910349150807	-0.084360623106280716
0.21198532733284312	0.0015606281766835076
0.33570846111769675	0.094938214081580041
0.46662782482836873	0.18892271094407573
0.59095786957082153	0.27649129196909478
0.69326571670896253	0.35070783192693267
0.75837859230281335	0.40550322124159804
0.7748518897233615	0.43654238164452558
0.7376569181790712	0.44183117713217523
0.65069524811165136	0.42145630926991834
0.52723221902291162	0.3774986156266662
0.38868311755956469	0.31394636820949895
0.26097171176763095	0.23539474998309573
0.16967496343164579	0.14721925800047755
0.13430072476015295	0.05470868774929407
0.16308564446342655	-0.037541777805775486
0.25039412079233164	-0.12571726978839365
0.37645819684221055	-0.20643642714907953
0.51110572786384867	-0.27683809823057998
0.61991619240483775	-0.33388772824489932
0.67176372849687871	-0.37437735927329918
0.64636016984308609	-0.39492563026629873
0.54006405069786489	-0.39215118017441691
0.36761463717433734	-0.36310615577502942
0.15944417871783167	-0.3064900335875666
-0.044044395208623438	-0.22273632143888505
-0.2019279457497716	-0.11487957411698041
-0.2816933858913731	0.01101109880215586
-0.26669401508213719	0.14591873451990794
-0.16048459750228736	0.27891893579949134
0.01421905672089418	0.3978734834889231
0.22056878230460239	0.49116436782844836
0.41582070752078343	0.54942781975796595
0.56139263577920617	0.56711493909371236
0.63101399277236492	0.54353211331271711
0.61618802509387161	0.48353463007577341
0.52662530806531249	0.39657296000835351
0.38738259407899511	0.29556563635078209
0.23131977641064433	0.19542532834692367
0.090429732682272126	0.11037109271767251
-0.011618009759755001	0.052194342353526199
-0.064939472463108175	0.027744500918817912
-0.074303241523209218	0.038408793459488548
-0.056442719056720186	0.079505335445487574
-0.034420521452408474	0.14115014842448612
-0.030258846314585783	0.20999119132930308
-0.058783661321745451	0.27128919804681639
-0.12302952126188317	0.31134532124835973
-0.2134592539441553	0.32001547778549033
-0.3107384102907606	0.29192417060518722
-0.39050385043236213	0.22733150440356426
-0.43038657050316287	0.13187308092975639
-0.41512709499781303	0.016039789593691605
-0.34108395817071768	-0.10638282071059244
-0.2177943322127206	-0.22100229013145892
-0.065459681855336016	-0.31411977134024155
0.088522298244103403	-0.37524437492701224
0.21527998681695273	-0.39796018505429442
0.28993003460164718	-0.38122678293763235
0.29573903948152469	-0.32868563432262093
0.22750490753430688	-0.24874679105027683
0.091903659293584336	-0.15268145661886981
-0.093724392166381759	-0.053321462703353174
-0.30432249445328396	0.036848165282805039
-0.51058551847162092	0.10759664262579072
-0.68320833512589108	0.15224794879201328
-0.79661398263155925	0.16898135090867533
-0.83259513226065129	0.16057129906765866
-0.78282843373752165	0.13404062006403902
-0.65043514341553743	0.099359993915516642
-0.44980772114633538	0.06797402725110388
-0.20574281462610908	0.050200206349986155
0.050026803219243549	0.053408164268724481
0.28264710311045749	0.081065963622171083
0.45943159490255037	0.13178637936438509
0.55462991368024428	0.19967370505011767
0.55376289802653123	0.27493066379241127
0.45648374167992595	0.34637275365836734
0.27657799353446605	0.40298887584583015
0.040142824766914664	0.43619557538304038
-0.21926825882403281	0.44165777400143263
-0.4660209138707696	0.42006908422397743
-0.66812226275128384	0.37706510779980967
-0.80268309220755074	0.32252982318125822
-0.85851890030667177	0.26851474795493457
-0.83667010583310264	0.22733150440356426
-0.74918822637345495	0.20929757880633262
-0.61462739691718804	0.22022197604311716
-0.45457630724175724	0.26027809924466055
-0.28906301894793412	0.32383034666182781
-0.13404062006403902	0.40012772418857706
0.00017340313074261195	0.47503787666938541
0.10785674732190463	0.53356143329501693
0.18675517180979306	0.56277986082514708
0.23574155624458093	0.55428310741875908
0.25394888497255519	0.50625044020305554
0.24025003764388886	0.42397065466568623
0.19343119234338363	0.31932186526251988
0.11383915533252474	0.20869066784873347
0.0052020939222783584	0.10985088332544467
-0.12433004474245277	0.038755599720973768
-0.26192542898671534	0.0060691095759914182
-0.39180437391293171	0.015172773939978545
-0.49740688053518239	0.061644812978998549
-0.56451389213257319	0.13404062006403902
-0.58454195373334483	0.21623370403603709
-0.55619054185692784	0.29114385651684543
-0.48613567703691257	0.3438584082625995
-0.38798950503659424	0.36518699334394078
-0.27891893579949134	0.3527019679304727
-0.17704459648820681	0.31065170872538933
-0.097192454781233992	0.24909359731176206
-0.048206070346446118	0.18094616692991558
-0.031472668229784069	0.11964816021240224
-0.040836437289885112	0.075603765003778814
-0.064419263070880334	0.055402300272264518
-0.08687496850204858	0.060951200456028101
-0.092857376512668705	0.090256329551529513
-0.069708058558530003	0.13915601242094608
-0.010404187844556717	0.20227475201125683
0.085140937194622471	0.27441045440018341
0.21025129602541698	0.35036102566544741
0.3523551616689875	0.42457756562328536
0.4950659382701571	0.49021065060936397
0.6204364017970655	0.53841672095581006
0.7125134642213925	0.55913839507955221
0.75941901108726906	0.54205818670140493
0.75586424690704546	0.47937295493795073
0.70410341238037577	0.368655055958793
0.61350027656736106	0.21588689777455186
0.49983452436557896	0.036588060586691118
0.38270070954894458	-0.14522512199693752
0.2818667890221157	-0.30016081931546129
0.21432626959786838	-0.39952081323097793
0.19074344381687314	-0.42136960770454701
0.21371935864026922	-0.3572971508951519
0.2769247997959513	-0.21527998681695273
0.36588060586691123	-0.020721674123742127
0.46081881994849128	0.18796899372499135
0.53997734913249362	0.36700772621673816
0.58376163964500316	0.47659850484606892
0.57838614259198218	0.4902973521747353
0.51864876405115234	0.40220856175748843
0.40888458229107899	0.22897883414561906
0.26244563837894319	0.0071962299258183961
0.099273292350145342	-0.21406616490175445
-0.057396436275804555	-0.38460814398711329
-0.18528124519848085	-0.46437358412871482
-0.26678071664750846	-0.43307431902967336
-0.29227097686667242	-0.29487202382781164
-0.26201213055208666	-0.077858005703432764
-0.18606155928682261	0.17296962291575541
-0.082886696494968506	0.40567662437234064
0.023496124215623918	0.5740510643234169
0.10768334419116202	0.64792079801976954
0.14713255643510623	0.62026299866632295
0.12658428544210673	0.50763766524899645
0.040836437289885112	0.34567914113539694
-0.10326156435722542	0.17947224031860337
-0.28776249546736454	0.052627850180382726
-0.48492185512171432	-0.003554764180223545
-0.6625733625675202	0.023236019519510001
-0.78872414018277048	0.12424334317708147
-0.8382307340097862	0.27337003561572776
-0.7971341920237871	0.43437484251024294
-0.66656163457460027	0.57066970327393596
-0.46333316534425911	0.65459681855336005
-0.2177943322127206	0.67332435667356216
0.031125861968298845	0.63153420216459266
0.24276438303965672	0.54847410253888162
0.38235390328745933	0.45197526028061802
0.42761212041128105	0.37038908726621911
0.3730768357927296	0.32565107953462524
0.23157988110675826	0.32747181240742268
0.03173277292589799	0.37229652170438787
-0.18805569529036265	0.44477903035479965
-0.38668898155602466	0.52350405171194547
-0.52853274250348126	0.58662279130225625
-0.59009085391710847	0.61800875796666899
-0.56408038430571672	0.61115933430233582
-0.46073211838311995	0.5698026876202229
-0.30484270384551182	0.50651054489916947
-0.13048585588381548	0.43801630825583776
0.02627057430750571	0.38079327511077582
0.13386721693329642	0.34628605209299607
0.1713222931737006	0.33839620964420719
0.13178637936438509	0.35339558045344316
0.022889213258024777	0.38122678293763235
-0.13508103884849471	0.40931809011793552
-0.31351286038264242	0.42596479066922627
-0.48136709094149077	0.4235371468388297
-0.60994551238713757	0.40038782888469099
-0.67817964433435529	0.36076521351000418
-0.67592540363470133	0.31299265099041457
-0.60543703098782964	0.26721422447436499
-0.48076017998389164	0.23296710615269914
-0.32513087014239739	0.21692731655900754
-0.16768082742810575	0.22169590265442937
-0.037628479371146793	0.24579893782765244
0.040229526332285971	0.2847279406793688
0.050373609480728769	0.33224039850284448
-0.0099706800177001877	0.381400186068375
-0.13005234805695895	0.42587808910385494
-0.28654867355216623	0.46012520742552082
-0.44720667418519622	0.48006656746092119
-0.57656540971918468	0.48266761442206035
-0.64358571975120427	0.46593421230539828
-0.62763263172288397	0.42891264389185063
-0.52393755953880194	0.37255662640050174
-0.34567914113539694	0.29972731148860476
-0.1219024009120562	0.21510658368621013
0.10724983636430549	0.12433004474245277
0.29886029583489171	0.033380102667952799
0.41616751378226868	-0.052974656441867947
0.43688918790601078	-0.13195978249512769
0.35825086811423629	-0.20409548488405427
0.19802637530806286	-0.27250301996201465
-0.0092770674947297398	-0.34177757069368814
-0.21996187134700326	-0.41608081221689736
-0.390763955128476	-0.49662656644684061
-0.48830321617119526	-0.58029357703015083
-0.49645316331609801	-0.65832498586432631
-0.41876856074340785	-0.71754215501292828
-0.27640459040372345	-0.74294571366672091
-0.10230784713814105	-0.72109691919315178
0.06797402725110388	-0.64367242131657554
0.20513590366850992	-0.5110190262984774
0.29296458938964287	-0.33302071259118626
0.33119997971838883	-0.128925227707132
0.33371432511415672	0.076037272830635341
0.32296333100811475	0.25481590062626824
0.32166280752754517	0.38478154711785589
0.34533233487391168	0.45136834932301889
0.39674636313909611	0.45180185714987542
0.46411347943260089	0.39509903339704133
0.5244577689310298	0.29998741618471869
0.55003473071556508	0.19030993599001661
0.51665462804761231	0.090169627986158213
0.41148562925221815	0.018207328727974256
0.23816920007497752	-0.015866386462948995
0.017340313074261194	-0.01248502541346806
-0.21805443690883453	0.018380731858716866
-0.43003976424167761	0.060864498890656794
-0.58540896938705789	0.097712664173461833
-0.66352707978660463	0.11487957411698041
-0.66205315317529245	0.10482219253390893
-0.59685357601607036	0.068320833512589108
-0.49766698523129627	0.013698847328666344
-0.40004102262320579	-0.045431620254564327
-0.33544835642158283	-0.093377585904896532
-0.32374364509645648	-0.11678700855514915
-0.36718112934748082	-0.10698973166819158
-0.45084813993079104	-0.06225172393659769
-0.54665336966608413	0.012918533240324589
-0.62139011901614993	0.10924397236784553
-0.64610006514697216	0.21484647899009621
-0.60413650750726	0.3178479386512077
-0.49567284922775623	0.40810426820273721
-0.33830950807883592	0.47859264084960895
-0.16152501628674304	0.52549818771548551
0.00026010469611391791	0.54717357905831199
0.11696041168589176	0.5439656211395737
0.17045527751998754	0.51682803117835496
0.15866386462948992	0.46766824361282444
0.095458423473807882	0.39943411166560661
0.0064159158374766422	0.31672081830138071
-0.07924523074937366	0.22689799657670773
-0.13638156232906429	0.14045653590151569
-0.151034126876815	0.070228267950757844
-0.12398323848096754	0.029651935356986642
-0.070228267950757844	0.03017214474921448
-0.013872250459408956	0.078291513530289292
0.019161045947058621	0.17322972761186933
0.0091903659293584329	0.30536291323773962
-0.051153923569070524	0.45665714481066855
-0.15389527853406809	0.60240247619983389
-0.2774450091881791	0.71554801900938825
-0.39189107547830299	0.77112372241239535
-0.46645442169762613	0.75204937803070804
-0.47833253615349508	0.65216917472296354
-0.41868185917803652	0.47911285024183681
-0.29539223322003944	0.25299516775347081
-0.13178637936438509	0.0039882720070800745
0.039535913809315523	-0.23296710615269914
0.18389402015253997	-0.4242307593618001
0.27363014031184163	-0.54370551644345977
0.29426511287021245	-0.57777923163438305
0.24831328322342031	-0.52783912998051075
0.15398198009943942	-0.40992500107553465
0.040489631028399892	-0.25204145053438648
-0.059650676975458512	-0.08843559667873209
-0.11878114455868918	0.045865128081420861
-0.12129548995445706	0.12233590873891273
-0.066846906901276912	0.12346302908873971
0.029218427530130112	0.046385337473648695
0.14010972964003046	-0.097192454781233992
0.23400752493715482	-0.28351411876417054
0.28212689371822963	-0.48084688154926292
0.26522008847082496	-0.65537713264170183
0.17825841840340509	-0.77727953355375801
0.030952458837556231	-0.82487869294260507
-0.15476229418778117	-0.78881084174814176
-0.34984081627321961	-0.67237063945447784
-0.52497797832325765	-0.4906441584362205
-0.65659095455690009	-0.26764773230122152
-0.73141440547233716	-0.031646071360526683
-0.74788770289288531	0.1885759046825905
-0.71485440648641774	0.36796144343582254
-0.64818090271588347	0.48838991773656654
-0.56564101248240017	0.54023745382860755
-0.48249421129131775	0.52289714075434635
-0.40758405881050941	0.44399871626645787
-0.34264458634740119	0.31776123708583637
-0.28334071563342794	0.16256543507119869
-0.2219560073505433	-0.0012138219151982836
-0.1511208284421863	-0.15406868166481072
-0.067107011597390825	-0.27891893579949134
0.027571097788075299	-0.3640598729941138
0.12372313378485363	-0.40368248836880061
0.20739014436816389	-0.39908730540412141
0.26305254933654232	-0.35790406185275103
0.27735830762280783	-0.29331139565112813
0.2424175767781715	-0.22134909639294414
0.15901067089097515	-0.15883726776023255
0.036414657455948511	-0.11982156334314485
-0.10820355358338986	-0.11297213967881169
-0.25325527244958473	-0.13932941555168871
-0.37654489840758182	-0.19161045947058619
-0.45917149020643644	-0.2556829162799813
-0.48891012712879439	-0.31281924785967197
-0.4617725371675756	-0.34377170669722817
-0.38304751581042978	-0.33293401102581494
-0.26530679003619628	-0.27206951213515812
-0.1263241807459928	-0.16273883820194132
0.014305758286265485	-0.016906805247404663
0.13820229520186172	0.14444480790859576
0.23045276075693127	0.29487202382781164
0.28134657962988791	0.40793086507199461
0.28672207668290883	0.46220604499443213
0.24831328322342031	0.44581944913925531
0.17210260726204235	0.35920458533332067
0.068060728816475194	0.21545338994769533
-0.051153923569070524	0.038408793459488548
-0.17097548691221537	-0.14141025312060004
-0.27579767944612432	-0.29261778312815767
-0.35053442879619007	-0.38824960973270817
-0.3815735891991176	-0.4111388229907329
-0.35851097281035021	-0.35634343367606758
-0.27623118727298085	-0.23218679206435741
-0.13681507015592081	-0.05817675036414631
0.049246489130901794	0.13820229520186172
0.26296584777117099	0.32677819988445223
0.47841923771886635	0.47980646276480726
0.66621482831311507	0.57604520032695694
0.7974809982852723	0.6037897012457748
0.84924183281194199	0.56217294986754796
0.80927241117576998	0.45977840116403557
0.67930676468418227	0.31264584472892937
0.47607829545384112	0.14054323746688699
0.22941234197247562	-0.036327955890577204
-0.022108899169683022	-0.20062742226920202
-0.23816920007497752	-0.33987013625551943
-0.38374112833340024	-0.44720667418519622
-0.43662908320989691	-0.52081630318543504
-0.39171767234756039	-0.56303996552126101
-0.26235893681357186	-0.57795263476512559
-0.077858005703432764	-0.57058300170856457
0.1219891024774275	-0.54483263679328675
0.29487202382781164	-0.50304248228431725
0.40454950402251366	-0.44677316635833969
0.42821903136888018	-0.377151809365181
0.36041840724851892	-0.29591244261226729
0.21467307585935358	-0.2062630240183369
0.019941360035400375	-0.11271203498269776
-0.18562805145996608	-0.021241883515969964
-0.36267264794817289	0.061644812978998549
-0.47876604398035161	0.13039915431844418
-0.51422698421721569	0.18146637632214341
-0.46506719665168522	0.21380606020564052
-0.34299139260888645	0.22906553571099039
-0.17158239786981452	0.2307995670184165
0.018987642816316007	0.22282302300425635
0.19863328626566198	0.20808375689113434
0.34281798947814385	0.18727538120202089
0.43619557538304038	0.15892396932560385
0.47382405475418715	0.11947475708165964
0.46003850586014949	0.064939472463108175
0.40532981811085544	-0.00754303618730362
0.32270322631200082	-0.09805947043494706
0.22464375587705379	-0.20244815514199946
0.12094868369297183	-0.31273254629430064
0.018120627162602949	-0.41816164978580872
-0.079938843272344101	-0.50772436681436783
-0.17010847125850231	-0.57257713771210461
-0.24892019418101946	-0.60829818264508273
-0.31186553064058758	-0.61610132352850022
-0.3528753710612153	-0.60248917776520516
-0.36631411369376776	-0.57699891754604127
-0.34793338183505085	-0.54916771506185202
-0.29721296609283687	-0.52532478458474285
-0.21848794473569105	-0.50659724646454085
-0.12008166803925878	-0.48743620051748221
-0.013872250459408956	-0.4575241604643816
0.087481879459647721	-0.40472290715325626
0.17236271195815628	-0.3195819699586338
0.23314050928344177	-0.19967370505011767
0.26712752290899372	-0.052281043918897499
0.27701150136132258	0.10508229723002284
0.26964186830476156	0.24718616287359332
0.25420898966866912	0.34689296305059519
0.2396431266862897	0.3817469923298602
0.23340061397955569	0.34013024095163336
0.2396431266862897	0.22568417466150945
0.25871747106797705	0.057829944102661082
0.28819600329422107	-0.13109276684141463
0.32305003257348608	-0.30276186627660046
0.3572971508951519	-0.42154301083528967
0.38452144242174197	-0.46307306064814518
0.39900060383875008	-0.42084939831231921
0.39553254122389786	-0.30805066176425011
0.37030238570084784	-0.1551958020146377
0.32062238874308951	-0.0031212563533670151
0.24623244565450897	0.10716313479893419
0.14930009556938889	0.14461821103933836
0.035634343367606756	0.095805229735293096
-0.085747848152221612	-0.031212563533670152
-0.20340187236108381	-0.20817045845650564
-0.30466930071476916	-0.3929314942627587
-0.37827892971500798	-0.53945713974026577
-0.41677442473986781	-0.60821148107971146
-0.41833505291655132	-0.57561169250010036
-0.38807620660196551	-0.43975033956326393
-0.33718238772900894	-0.22074218543534502
-0.28073966867228872	0.043697588947138211
-0.23435433119864005	0.30640333202219533
-0.21016459446004568	0.52107640788154885
-0.213372552378784	0.65138886063462176
-0.24051014234000276	0.67791953963824136
-0.28021945928006092	0.60084184802315044
-0.31550699638618246	0.43905672704029347
-0.32833882806113573	0.22473045744242509
-0.30484270384551182	-0.003728167310966157
-0.23920961885943318	-0.20929757880633262
-0.13629486076369299	-0.36258594638280156
-0.011097800367527165	-0.44590615070462664
0.11427266315938127	-0.45457630724175724
0.21571349464380926	-0.39596604905075439
0.27337003561572776	-0.28594176259456711
0.27666469509983738	-0.14522512199693752
0.22733150440356426	0.0045084813993079105
0.13950281868243131	0.14383789695099661
0.036241254325205897	0.25802385854500659
-0.056095912795234966	0.33822280651346459
-0.11418596159400997	0.38131348450300367
-0.12363643221948231	0.38981023790939168
-0.082279785537369365	0.37073589352770436
-0.00086701565371305976	0.33466804233324104
0.10040041269997231	0.29348479878187073
0.19698595652360718	0.25854406793723439
0.26678071664750846	0.23903621572869058
0.29521883008929684	0.23990323138240363
0.27917904049560521	0.26149192115985881
0.22750490753430688	0.29868689270414905
0.15771014741040557	0.34255788478202992
0.090863240509128654	0.38218050015671673
0.045344918689193027	0.40749735724513808
0.031646071360526683	0.41191913707907468
0.049679996957758321	0.39405861461258562
0.088695701374846017	0.35799076341812236
0.13048585588381548	0.31195223220595891
0.15458889105703855	0.26626050725528067
0.14418470321248184	0.22993255136470345
0.090949942074499968	0.20799705532576304
-0.0022542406996539552	0.19976040661548897
-0.1219024009120562	0.19863328626566198
-0.2467526550467368	0.19438490956246798
-0.35339558045344316	0.17591747613837982
-0.42197651866214619	0.13594805450220776
-0.44096416147846218	0.07334952430412485
-0.40992500107553465	-0.0048552876607931344
-0.33900312060180637	-0.084013816844795489
-0.24597234095839504	-0.14522512199693752
-0.15172773939978546	-0.16958826186627449
-0.074910152480808359	-0.14349109068951138
-0.027831202484189216	-0.063032038024939438
-0.013525444197923732	0.063812352113281193
-0.026443977438248324	0.21814113847420583
-0.054795389314665377	0.37351034361958613
-0.084360623106280716	0.50096164471540594
-0.10282805653036889	0.57561169250010036
-0.10352166905333933	0.58237441459906225
-0.08687496850204858	0.51925567500875147
-0.06008418480231504	0.39813358818503702
-0.035374238671492836	0.2421574720820576
-0.025837066480649179	0.08080585892605717
-0.041963557639712094	-0.056095912795234966
-0.088088790417246876	-0.14461821103933836
-0.16039789593691606	-0.17140899473907192
-0.24761967070044985	-0.13534114354460863
-0.33258720476432974	-0.047339054692733064
-0.39553254122389786	0.073089419608010936
-0.41833505291655132	0.20279496140348469
-0.38764269877510898	0.31966867152400513
-0.297819877050436	0.40663034159142503
-0.15207454566127068	0.45474971037249984
0.037368374675032873	0.46402677786722957
0.25117443488067343	0.44200458026291783
0.46524059978242788	0.40134154610377537
0.65433671385724623	0.35677694150292411
0.79540016071636099	0.32148940439680257
0.87074382102402592	0.30510280854162575
0.87039701476254072	0.31221233690207278
0.79349272627819223	0.34186427225905947
0.64887451523885387	0.38833631129807944
0.45431620254564331	0.44209128182828916
0.23366071867566959	0.49159787565530488
0.014305758286265485	0.52497797832325765
-0.17661108866135028	0.53148059572610562
-0.31646071360526679	0.5032158854150599
-0.38998364104013428	0.4357620675561838
-0.39189107547830299	0.32911914214947746
-0.32764521553816528	0.18814239685573397
-0.21267893985581354	0.022108899169683022
-0.069708058558530003	-0.15580271297223683
0.075170257176922273	-0.33033296406467577
0.19672585182749325	-0.48578887077542737
0.27510406692315387	-0.60864498890656793
0.29912040053100564	-0.68910404157113991
0.26773443386659285	-0.72335115989280574
0.19004983129390268	-0.71364058457121948
0.083146801191082434	-0.66829566588202649
-0.031039160402927538	-0.60006153393480866
-0.12996564649158765	-0.5237641564080594
-0.19438490956246798	-0.45388269471878678
-0.21155181950598659	-0.4017750539306319
-0.17730470118432071	-0.37385714988107138
-0.096325439127520937	-0.37056249039696171
0.018814239685573397	-0.38660227999065333
0.15034051435384455	-0.41209254020981728
0.27770511388429303	-0.43463494720635687
0.38148688763374627	-0.44165777400143263
0.44616625540074056	-0.42301693744660185
0.46272625438665999	-0.37281673109661567
0.42969295798019241	-0.29071034868998891
0.35374238671492836	-0.18155307788751471
0.24857338791953423	-0.054882090880036684
0.13256669345272684	0.076730885353605782
0.02627057430750571	0.19993380974623157
-0.050807117307585303	0.30241506001511526
-0.083753712148681575	0.37507097179626964
-0.064766069332365561	0.41339306369038686
0.0058090048798775003	0.41807494822043739
0.11852103986257527	0.39466552557018481
0.25646323036832308	0.3523551616689875
0.39778678192355182	0.30258846314585786
0.51890886874726627	0.25698343976055088
0.5991945182810956	0.22525066683465292
0.62373106128117517	0.21423956803249705
0.58584247721391447	0.2263777871844799
0.48804311147508134	0.26027809924466055
0.34134406286683161	0.31082511185613193
0.16308564446342655	0.37073589352770436
-0.02627057430750571	0.43194719867984638
-0.206002919322223	0.48708939425599695
-0.35842427124497889	0.53018007224553598
-0.47087620153156273	0.5577511700336113
-0.53616248025615609	0.56867556727039592
-0.55298258393818955	0.56347347334811748
-0.52428436580028726	0.54387891957420242
-0.4568305479414112	0.51197274351756172
-0.35929128689869194	0.46914217022413662
-0.24198406895131497	0.41642761847838261
-0.11583329133606478	0.35408919297641361
0.007456334621932314	0.28247369997971489
0.11661360542440653	0.20236145357662813
0.20071412383457332	0.11557318663995086
0.25022071766158904	0.025576961784535262
0.25854406793723439	-0.063118739590310752
0.22273632143888505	-0.14513842043156619
0.14531182356230882	-0.21484647899009621
0.033900312060180633	-0.26764773230122152
-0.099186590784774029	-0.30042092401157522
-0.23868940946720535	-0.31264584472892937
-0.368655055958793	-0.30605652576071007
-0.47477777197327153	-0.28446783598325492
-0.54656666810071286	-0.25290846618809953
-0.57855954572272472	-0.21684061499363624
-0.57092980797004989	-0.18146637632214341
-0.5287061456342238	-0.15034051435384455
-0.46003850586014949	-0.12528376196153712
-0.37472416553478444	-0.10612271601447851
-0.28221359528360096	-0.091036643639871268
-0.19057004068613054	-0.07707769161509101
-0.10594931288373589	-0.061124603586770708
-0.033119997971838885	-0.040229526332285971
0.02436313986933698	-0.012571726978839366
0.063725650547909893	0.022108899169683022
0.082713293364225893	0.062598530198082911
0.079678738576230188	0.10629611914522112
0.053928373660952315	0.14938679713476019
0.0069361252297044781	0.18779559059424875
-0.057569839406547169	0.21744752595123537
-0.13369381380255382	0.23496124215623918
-0.21423956803249705	0.23808249850960619
-0.29192417060518722	0.22542406996539552
-0.36076521351000418	0.19707265808897848
-0.41729463413209567	0.15424208479555332
-0.4612523277753478	0.099099889219402729
-0.49480583357404317	0.034507223017779774
-0.52142321414303416	-0.036154552759834591
-0.54439912896643017	-0.10933067393321683
-0.5655543109170289	-0.18120627162602948
-0.58445525216797356	-0.24822658165804901
-0.59876101045423902	-0.30718364611053706
-0.60517692629171571	-0.35582322428383972
-0.60118865428463564	-0.39319159895887257
-0.58670949286762752	-0.41894196387415045
-0.56477399682868712	-0.43359452842190116
-0.54101776791694922	-0.43836311451732302
-0.52185672196989064	-0.43437484251024294
-0.51179934038681918	-0.42232332492363139
-0.5106722200369922	-0.4022952633228597
-0.51214614664830438	-0.37368374675032873
-0.5035626916765451	-0.33588186424843935
-0.4685352592665375	-0.28871621268644887
-0.39119746295533253	-0.23374742024104089
-0.26157862272523014	-0.17444354952706762
-0.080545754229943256	-0.11678700855514915
0.1379421905057478	-0.068320833512589108
0.36657421838988163	-0.037628479371146793
0.56936917979336632	-0.032252982318125824
0.70843849064894115	-0.056442719056720186
0.75352330464202022	-0.10976418176007337
0.68945084783262511	-0.18614826085219394
0.52211682666600456	-0.27345673718109903
0.27935244362634787	-0.3553897164569832
0.0065893189682192542	-0.41382657151724339
-0.24198406895131497	-0.43203390024521765
-0.41512709499781303	-0.39891390227337881
-0.47625169858458372	-0.31117191811761713
-0.41226594334055988	-0.17479035578855284
-0.23756228911737837	-0.0045951829646792165
0.0085834549717592919	0.17739140274969203
0.26998867456624681	0.34602594739688214
0.4863957817330265	0.47694531110755417
0.60673755446839917	0.55185546358836257
0.60101525115389298	0.56104582951772097
0.46732143735133919	0.50555682768008514
0.23192668736824348	0.39700646783521004
-0.056182614360606273	0.25507600532238217
-0.33648877520603848	0.1044753862724237
-0.55046823854242166	-0.029391830660872725
-0.65425001229187485	-0.12493695570005191
-0.62737252702677004	-0.16759412586273445
-0.47668520641144024	-0.15181444096515676
-0.23314050928344177	-0.081586173014398924
0.055228897141521904	0.031125861968298845
0.33466804233324104	0.1685478430818188
0.55679745281452697	0.3103916040292754
0.68763011495982773	0.43732269573286731
0.71303367361362036	0.53390823955650224
0.63881713365578241	0.59061106330933633
0.48769630521359608	0.60535032942245826
0.29192417060518722	0.58306802712203265
0.086268057544449439	0.53468855364484391
-0.099099889219402729	0.47486447353864281
-0.24328459243188455	0.41876856074340785
-0.33588186424843935	0.37957945319557757
-0.37654489840758182	0.36544709804005465
-0.37203641700827395	0.37827892971500798
-0.33293401102581494	0.41278615273278774
-0.27085569021995987	0.45778426516049553
-0.19629234400063672	0.49801379149278152
-0.11782742733960481	0.51769504683206802
-0.043003976424167763	0.50373609480728776
0.021848794473569105	0.44894070549262233
0.070488372646871758	0.35417589454178489
0.097886067304204447	0.22854532631876254
0.10031371113460101	0.087828685721132949
0.077337796311204923	-0.048032667215703512
0.03207957918738321	-0.15918407402171778
-0.028091307180303136	-0.23010595449544605
-0.09216376398969825	-0.25256165992661428
-0.14773946739270538	-0.22741820596893558
-0.18320040762956952	-0.16464627264011003
-0.19074344381687314	-0.081412769883656311
-0.16794093212421968	0.0020808375689113433
-0.11852103986257527	0.066239995943677771
-0.051587431395927051	0.096325439127520937
0.019681255339286455	0.085574445021478998
0.081065963622171083	0.036067851194463284
0.11999496647388747	-0.04153004981285556
0.12797151048804761	-0.1305725574491868
0.10135412991905668	-0.21103161011375873
0.041356646682112946	-0.26391956499025537
-0.046385337473648695	-0.27423705126944081
-0.15363517383795419	-0.23392082337178352
-0.27068228708921727	-0.14297088129728355
-0.38798950503659424	-0.0094504706254723517
-0.49653986488146928	0.15164103783441416
-0.58835682260968236	0.32018888091623299
-0.65659095455690009	0.47460436884252888
-0.69578006210473042	0.59407912592418854
-0.70210927637683573	0.66239995943677765
-0.67471158171950307	0.6700296971894526
-0.6165348313553568	0.61636142822461415
-0.53460185207947264	0.50989190594865041
-0.44009714582474913	0.36752793560896602
-0.34706636618133779	0.21224543202895702
-0.27024877926236074	0.069274550731673476
-0.22178260421980067	-0.038322091894117241
-0.2089507725448474	-0.093984496862495673
-0.23140647797601566	-0.091556853032099109
-0.2815199827606305	-0.036761463717433732
-0.34481212548168388	0.053408164268724481
-0.40333568210731541	0.15354847227258289
-0.43931683173640734	0.2353080484177244
-0.43914342860566474	0.27310993091961383
-0.39717987096595264	0.24996061296547512
-0.31680751986675204	0.16109150845988651
-0.20999119132930308	0.015346177070721157
-0.094851512516208741	-0.1667271102090214
0.0084100518410166799	-0.3574705540258945
0.081759576145141538	-0.52827263780736733
0.11340564750566821	-0.65572393890318703
0.1000536064384871	-0.72638571468080149
0.046732143735133923	-0.73887074009426956
-0.034593924583151081	-0.70262948576906359
-0.12849171988027544	-0.63422195069110321
-0.21935496038940411	-0.55168206045761992
-0.29504542695855424	-0.46931557335487922
-0.34871369592339263	-0.39379850991647175
-0.37931934849946364	-0.32313673413885735
-0.39111076138996126	-0.24839998478879161
-0.39093735825921866	-0.15797025210651949
-0.3861687721637968	-0.042743871728053842
-0.38252730641820193	0.098579679827174888
-0.38330762050654371	0.25715684289129354
-0.38868311755956469	0.41434678090947125
-0.39657296000835351	0.54569965244699981
-0.40359578680342933	0.62633210824231433
-0.4067170431567963	0.63786341643669808
-0.40368248836880061	0.57370425806193159
-0.39319159895887257	0.44183117713217523
-0.37463746396941311	0.26365946029414145
-0.34775997870430825	0.069187849166302162
-0.31221233690207278	-0.10976418176007337
-0.26695411977825112	-0.24735956600433595
-0.21077150541764483	-0.32955264997633399
-0.14288417973191225	-0.35755725559126583
-0.063725650547909893	-0.34654615678910999
0.023929632042480449	-0.32062238874308951
0.11591999290143609	-0.30579642106459615
0.2061763224529656	-0.32235642005051562
0.28802260016347847	-0.37836563128037926
0.35495620863012667	-0.46697463108985399
0.40160165079988924	-0.56763514848594021
0.42509777501551321	-0.65138886063462176
0.42449086405791403	-0.68763011495982773
0.40125484453840404	-0.65312289194204787
0.35781736028737976	-0.53824331782506751
0.2976464739196934	-0.35027432410007614
0.22473045744242509	-0.11253863185195516
0.14349109068951138	0.14054323746688699
0.059303870713973285	0.37047578883159044
-0.02089507725448474	0.54283850078974671
-0.088782402940217317	0.63456875695258841
-0.13542784510997993	0.63821022269818328
-0.15242135192275591	0.56260645769440443
-0.13421402319478165	0.42995306267630634
-0.080025544837715415	0.27033548082773201
0.0046818845300505224	0.11427266315938127
0.10794344888727593	-0.012918533240324589
0.21250553672507094	-0.096238737562149637
0.29894699740026298	-0.13213318562587031
0.34940730844636309	-0.12849171988027544
0.35200835540750225	-0.10057381583071492
0.30414909132254137	-0.066760205335905598
0.21389276177101182	-0.04343748425102429
0.099099889219402729	-0.041963557639712094
-0.015779684897577688	-0.066066592812935157
-0.10508229723002284	-0.11219182559046993
-0.14747936269659145	-0.17149569630444322
-0.13109276684141463	-0.23218679206435741
-0.057136331579690634	-0.28282050624120009
0.060257587933057653	-0.314813383863212
0.19629234400063672	-0.32391704822719913
0.32105589656994604	-0.31108521655224586
0.40558992280696937	-0.2816933858913731
0.42839243449962283	-0.243978204954855
0.38009966258780536	-0.20713003967204996
0.26565359629768148	-0.17938553875323207
0.10369507218408194	-0.166900513339764
-0.077511199441947537	-0.17244941352352758
-0.24536543000079591	-0.19490511895469584
-0.3688284590895356	-0.22993255136470345
-0.42457756562328536	-0.27024877926236074
-0.40073463514617619	-0.30718364611053706
-0.29860019113877778	-0.33180689067598795
-0.13221988719124161	-0.33622867050992455
0.074823450915437059	-0.3149867869939546
0.29357150034724205	-0.26626050725528067
0.49411222105107272	-0.19247747512429927
0.6508686512423939	-0.1001403080038584
0.74554676062786007	8.6701565371305974e-05
0.76999660206256837	0.095631826604550482
0.72707932720377189	0.17357653387335456
0.62997357398790921	0.22282302300425635
0.50018133062706416	0.23634846720218008
0.36345296203651462	0.21293904455192747
0.24597234095839504	0.15779684897577687
0.16967496343164579	0.082713293364225893
0.14825967678493321	0.0045084813993079105
0.18458763267551043	-0.057743242537289775
0.26964186830476156	-0.086181355979078139
0.38426133772562809	-0.067107011597390825
0.50191536193449027	0.0056356017491348883
0.59451263375104502	0.1290986308378746
0.63803681956744063	0.29105715495147416
0.61792205640129771	0.47104960466230533
0.53312792546816046	0.64367242131657554
0.39657296000835351	0.78230822434529379
0.23322721084881307	0.8633741879674649
0.074996854046179673	0.87057041789328327
-0.046558740604391309	0.79782780454675761
-0.10716313479893419	0.6501750387194235
-0.09589193130066441	0.4439120147010866
-0.017860522466489032	0.20348857392645511
0.10638282071059244	-0.041616751378226867
0.24501862373931069	-0.26140521959448754
0.36258594638280156	-0.42986636111093501
0.42804562823813758	-0.5283593393727386
0.42214992179288879	-0.54838740097351024
0.34255788478202992	-0.49203138348216141
0.20418218644942557	-0.37142950605067482
0.035981149629091977	-0.20695663654130736
-0.12528376196153712	-0.024016333607851756
-0.243978204954855	0.14973360339624542
-0.29313799252038547	0.28871621268644887
-0.26105841333300228	0.37229652170438787
-0.15320166601109766	0.38738259407899511
0.0092770674947297398	0.33050636719541837
0.19455831269321061	0.20817045845650564
0.36735453247822342	0.036154552759834591
0.49697337270832587	-0.16195852411359957
0.56312666708663228	-0.35816416654886496
0.55991870916789399	-0.52393755953880194
0.49515263983552843	-0.63422195069110321
0.38755599720973771	-0.67193713162762125
0.26123181646374488	-0.63049378338013706
0.14010972964003046	-0.51570091082852798
0.042570468597311235	-0.3443786176548273
-0.021848794473569105	-0.14167035781671397
-0.052974656441867947	0.063378844286424665
-0.057829944102661082	0.24354469712799848
-0.047339054692733064	0.37853903441112186
-0.032166280752754517	0.45847787768346598
-0.019507852208543845	0.48509525825245692
-0.011444606629012389	0.47087620153156273
-0.0052020939222783584	0.43454824564098554
0.0052020939222783584	0.39631285531223959
0.0260971711767631	0.37220982013901655
0.061211305152142015	0.36969547474324865
0.10985088332544467	0.3858219659023116
0.16612019925142224	0.40801756663736594
0.22039537917385979	0.41755473882820959
0.26131851802911621	0.39492563026629873
0.27883223423412001	0.32573778109999657
0.26678071664750846	0.20574281462610908
0.22499056213853899	0.042657170162682542
0.15875056619486125	-0.14392459851636791
0.077771304138061464	-0.32695160301519482
-0.0063292142721053362	-0.47729211736903937
-0.083580309017938961	-0.57023619544707937
-0.14739266113122015	-0.59113127270156418
-0.19620564243526542	-0.53867682565192399
-0.23340061397955569	-0.42475096875402796
-0.26513338690545368	-0.27146260117755899
-0.29842678800803518	-0.10620941757984982
-0.33778929868660806	0.044477903035479965
-0.38339432207191504	0.16074470219840128
-0.43055997363390547	0.23288040458732784
-0.47070279840082013	0.26209883211745794
-0.49411222105107272	0.25906427732946224
-0.49307180226661707	0.24007663451314623
-0.46472039039020002	0.2219560073505433
-0.41347976525575819	0.21814113847420583
-0.35114133975378919	0.2352213468523531
-0.29461191913169771	0.27189610900441552
-0.26166532429060141	0.32010217935086166
-0.26634720882065194	0.36778804030507994
-0.31377296507875629	0.4021218601921171
-0.3975266772274379	0.41269945116741641
-0.4993143149733511	0.39397191304721435
-0.59165148209379193	0.34637275365836734
-0.64367242131657554	0.27614448570760952
-0.6289331552034535	0.19421150643172538
-0.53217420824907602	0.11349234907103951
-0.35504291019549794	0.047252353127361757
-0.1175673226434909	0.0068494236643331721
0.14401130008173924	-8.6701565371305974e-05
0.38434803929099937	0.029305129095501418
0.55783787159898268	0.09216376398969825
0.62936666303031008	0.18042595753768773
0.58211430990294832	0.2815199827606305
0.42267013118511665	0.37966615476094884
0.1799924497108312	0.45813107142198078
-0.099966904873115783	0.50217546663060419
-0.364406679255599	0.50226216819597547
-0.56529420622091497	0.45639704011455462
-0.66968289092796729	0.37142950605067482
-0.666474933009229	0.26270574307505712
-0.56824205944353934	0.15190114253052805
-0.40663034159142503	0.062858634894196824
-0.22377674022334071	0.016646700551290746
-0.060604394194542874	0.02627057430750571
0.053668268964838395	0.093464287470267846
0.10837695671413247	0.20652312871445083
0.11331894594029691	0.34281798947814385
0.094157899993238287	0.47252353127361757
0.084100518410166789	0.5659011171785141
0.11253863185195516	0.59945462297720953
0.19490511895469584	0.5623463529982905
0.32677819988445223	0.45908478864106511
0.48362133164114474	0.30961128994093362
0.62615870511157179	0.14470491260470966
0.71103953761008032	-0.00017340313074261195
0.70306299359592017	-0.093290884339525232
0.58627598504077094	-0.11392585689789606
0.36952207161250605	-0.056529420622091493
0.08678826693667728	0.067280414728133439
-0.21033799759078831	0.23157988110675826
-0.46454698725945742	0.4017750539306319
-0.62676561606917092	0.54205818670140493
-0.66838236744739776	0.62243053780060553
-0.58905043513265276	0.62494488319637342
-0.41634091691301128	0.54656666810071286
-0.19854658470029068	0.39900060383875008
0.0071962299258183961	0.20496250053776732
0.15025381278847325	-0.0064159158374766422
0.19871998783103328	-0.20556941149536645
0.14799957208881931	-0.36735453247822342
0.020981778819856047	-0.47443096571178628
-0.13820229520186172	-0.51873546561652362
-0.27666469509983738	-0.50104834628077721
-0.34723976931208045	-0.42908604702259329
-0.32062238874308951	-0.31550699638618246
-0.19343119234338363	-0.1754839683115233
0.011097800367527165	-0.024796647696193507
0.24935370200787599	0.12146889308519968
0.46879536396265142	0.24987391140010382
0.62217043310449172	0.34906050218487783
0.679220063118811	0.41053191203313377
0.63413524912573194	0.42951955484944981
0.50564352924545641	0.40532981811085544
0.33137338284913143	0.34238448165128726
0.15675643019132121	0.24961380670398989
0.02280251169265347	0.13993632650928783
-0.045171515558450413	0.028611516572530971
-0.042397065466568622	-0.068841042904816949
0.014392459851636792	-0.13880920615946085
0.093811093731753059	-0.17166909943518582
0.15944417871783167	-0.16282553976731262
0.18155307788751471	-0.1131455428095543
0.14635224234676447	-0.028524815007159664
0.059910781671572426	0.081239366752913697
-0.053408164268724481	0.20409548488405427
-0.15745004271429164	0.3265180951883383
-0.21536668838232403	0.4354152612946986
-0.19993380974623157	0.51873546561652362
-0.10230784713814105	0.56668143126685588
0.06407245680939512	0.57223033145061941
0.26626050725528067	0.53208750668370475
0.45925819177180777	0.44711997261982489
0.59711368071218429	0.32365694353108521
0.64436603383954605	0.17348983230798326
0.58506216312557269	0.01335204106718112
0.42709191101905325	-0.13707517485203474
0.20071412383457332	-0.25733024602203614
-0.048292771911817425	-0.32998615780319052
-0.26938176360864768	-0.3436850051318569
-0.41842175448192265	-0.29582574104689596
-0.46732143735133919	-0.19369129703949756
-0.40949149324867812	-0.053841672095581009
-0.26027809924466055	0.10048711426534362
-0.052627850180382726	0.24311118930114195
0.17080208378147277	0.34992751783859088
0.36787474187045127	0.40246866645360235
0.50581693237619907	0.39111076138996126
0.56702823752834108	0.31646071360526679
0.55142195576150599	0.18900941250944703
0.47503787666938541	0.026010469611391793
0.36449338082097033	-0.1511208284421863
0.25065422548844557	-0.32114259813531731
0.16152501628674304	-0.4661943170015122
0.11644020229366392	-0.57353085493118905
0.12354973065411101	-0.6370831023483563
0.17912543405711814	-0.65745797021061325
0.26972856987013288	-0.64081126965932245
0.37602468901535402	-0.59728708384292684
0.47703201267292544	-0.53911033347878057
0.55367619646115995	-0.47859264084960895
0.59234509461676244	-0.42648500006145407
0.58540896938705789	-0.39050385043236213
0.53208750668370475	-0.37359704518495745
0.43628227694841165	-0.37359704518495745
0.30622992889145267	-0.38322091894117238
0.15216124722664198	-0.39102405982458993
-0.014739266113122016	-0.38382782989877157
-0.18311370606419822	-0.34940730844636309
-0.34203767538980206	-0.2797859514532044
-0.48110698624537684	-0.17461695265781024
-0.59061106330933633	-0.042397065466568622
-0.66231325787140638	0.099446695480887956
-0.68988435565948159	0.22811181849190601
-0.66933608466648209	0.31932186526251988
-0.60040834019629385	0.35348228201881443
-0.4865691848637691	0.32044898561234686
-0.3355350579869541	0.22386344178871204
-0.15875056619486125	0.081759576145141538
0.029825338487729256	-0.076210675961377955
0.21501988212083881	-0.21475977742472491
0.38235390328745933	-0.30076773027306042
0.5198625859663506	-0.31134532124835973
0.61913587831649597	-0.24025003764388886
0.67661901615767184	-0.09970680017700187
0.69378592610119039	0.080632455795314556
0.67627220989618664	0.26036480081003183
0.6324879193836771	0.39674636313909611
0.57240373458136207	0.45518321819935637
0.50521002141859994	0.41703452943598174
0.43879662234417954	0.28481464224474012
0.37914594536872104	0.081239366752913697
0.32963935154170532	-0.15554260827612293
0.29270448469352894	-0.38061987198003322
0.26964186830476156	-0.5524623745459617
0.26192542898671534	-0.64176498687840677
0.27154930274293032	-0.63821022269818328
0.30007411775008996	-0.55116185106539206
0.34784668026967958	-0.40697714785291023
0.41278615273278774	-0.24137715799371584
0.48899682869416566	-0.091123345205242581
0.56616122187462803	0.015346177070721157
0.63066718651087961	0.063292142721053365
0.66734194866294205	0.05470868774929407
0.6625733625675202	0.0058090048798775003
0.60812477951434007	-0.05817675036414631
0.50408290106877296	-0.10950407706395944
0.36059181037926152	-0.12545716509227975
0.19715935965434978	-0.093290884339525232
0.039882720070800751	-0.012745130109581978
-0.083840413714052875	0.10534240192613675
-0.15120753000755763	0.2421574720820576
-0.14982030496161672	0.37611139058072529
-0.082279785537369365	0.48830321617119526
0.033726908929438026	0.56598781874388537
0.16759412586273445	0.60509022472634444
0.28273380467582876	0.60907849673342451
0.34446531922019863	0.58696959756374145
0.32859893275724966	0.55020813384630773
0.22785171379579211	0.50876478559882343
0.054968792445407991	0.4688820655280227
-0.15909737245634648	0.43186049711447505
-0.37108269978918956	0.39457882400481348
-0.53538216616781442	0.35105463818841787
-0.61436729222107411	0.29478532226244031
-0.58757650852134058	0.22065548386997369
-0.4570039510721538	0.12675768857284933
-0.24718616287359332	0.014912669243864628
-0.00026010469611391791	-0.10898386767173161
0.23348731554492699	-0.23643516876755138
0.40680374472216763	-0.35764395715663716
0.48630908016765523	-0.46307306064814518
0.45960499803329297	-0.54483263679328675
0.33778929868660806	-0.59746048697366949
0.15207454566127068	-0.61870237048963939
-0.054188478357066236	-0.60959870612565226
-0.23539474998309573	-0.57431116901953072
-0.35460940236864141	-0.51960248127023667
-0.39111076138996126	-0.45396939628415806
-0.34377170669722817	-0.38660227999065333
-0.22967244666858952	-0.3263446920575957
-0.078378215095660606	-0.28039286241080352
0.07707769161509101	-0.25290846618809953
0.20799705532576304	-0.24432501121634023
0.29703956296209427	-0.25117443488067343
0.34073715190923248	-0.26600040255916674
0.34888709905413523	-0.27891893579949134
0.33900312060180637	-0.27883223423412001
0.3305930687607897	-0.25594302097609523
0.33787600025197939	-0.20374867862256904
0.36588060586691123	-0.12060187743148661
0.40897128385645026	-0.01101109880215586
0.45327578376118766	0.11470617098623781
0.48154049407223337	0.24103035173223061
0.47902614867646548	0.35010092096933354
0.43827641295195169	0.42431746092717143
0.36258594638280156	0.44928751175410758
0.26495998377471108	0.41686112630523914
0.16473297420548136	0.3268649014498235
0.081932979275884152	0.18814239685573397
0.031125861968298845	0.017427014639632501
0.017166909943518584	-0.16265213663656999
0.033119997971838885	-0.32712500614593742
0.062078320805855076	-0.45223536497673195
0.081932979275884152	-0.52003598909709325
0.07178889612744134	-0.52142321414303416
0.018640836554830783	-0.45847787768346598
-0.078291513530289292	-0.3443786176548273
-0.20591621775685168	-0.20158113948828638
-0.33969673312477683	-0.058350153494888923
-0.44902740705799365	0.056702823752834107
-0.50477651359174336	0.11956145864703094
-0.48674258799451176	0.11626679916292131
-0.38894322225567862	0.045344918689193027
-0.22152249952368677	-0.080632455795314556
-0.0093637690601010449	-0.23730218442126444
0.21363265707489792	-0.39275809113201604
0.41174573394833208	-0.51344667012887402
0.55541022776858606	-0.57032289701245065
0.62693901919991346	-0.5450060399240293
0.6239911659772891	-0.43324772216041596
0.55913839507955221	-0.2464925503506229
0.45570342759158422	-0.0097105753215862688
0.34143076443220294	0.24276438303965672
0.24155056112445844	0.47356395005807322
0.17305632448112673	0.64904791836959652
0.14115014842448612	0.74476644653951829
0.13924271398631741	0.74988183889642535
0.151034126876815	0.66846906901276903
0.15614951923372206	0.51838865935503842
0.13542784510997993	0.32755851397279395
0.076297377526749255	0.128925227707132
-0.023409422650252611	-0.045518321819935634
-0.1551958020146377	-0.16932815717016056
-0.3017214474921448	-0.22585757779225207
-0.44035725052086305	-0.21007789289467438
-0.54847410253888162	-0.12840501831490414
-0.60786467481822615	0.0025143453957678732
-0.608384884210454	0.159530880283203
-0.54977462601945115	0.31637401203989551
-0.44061735521697698	0.44790028670816667
-0.29669275670060902	0.53356143329501693
-0.13698847328666344	0.56035221699475046
0.019767956904657762	0.52419766423491587
0.15771014741040557	0.43055997363390547
0.26626050725528067	0.2928778878242716
0.34030364408237596	0.1307459605799294
0.37949275163020624	-0.033293401102581492
0.38686238468676726	-0.17695789492283548
0.36657421838988163	-0.28195349058748703
0.32322343570422868	-0.33700898459826634
0.26062490550614575	-0.33934992686329157
0.18172648101825731	-0.29504542695855424
0.089649418593930372	-0.21736082438586407
-0.011878114455868918	-0.12441674630782407
-0.1175673226434909	-0.035634343367606756
-0.22013527447774586	0.031646071360526683
-0.3109118134215032	0.065372980289964702
-0.38044646884929062	0.060691095759914181
-0.42015578578934876	0.020201464731514292
-0.4238839531003149	-0.047252353127361757
-0.38876981912493597	-0.12918533240324589
-0.31611390734378159	-0.21207202889821442
-0.21172522263672919	-0.28429443285251227
-0.084967534063879857	-0.33822280651346459
0.052454447049640113	-0.37125610291993216
0.18762218746350612	-0.38547515964082635
0.30813736332962144	-0.38651557842528206
0.40350908523805801	-0.38148688763374627
0.4656741076092844	-0.3773252124959236
0.49021065060936397	-0.37897254223797844
0.47607829545384112	-0.38850971442882209
0.42561798440774101	-0.40498301184937019
0.34411851295871343	-0.42509777501551321
0.2395564251209184	-0.4439120147010866
0.12181569934668489	-0.45631033854918335
0.0022542406996539552	-0.4571773542028964
-0.1075099410604194	-0.44217798339366049
-0.19594553773915149	-0.40784416350662328
-0.25342867558032733	-0.35209505697287358
-0.27276312465812858	-0.27467055909629734
-0.2510877333153021	-0.17756480588043463
-0.19048333912075924	-0.065372980289964702
-0.098492978261803588	0.054275179922437543
0.012224920717354142	0.17045527751998754
0.12493695570005191	0.27050888395847461
0.22108899169683024	0.34073715190923248
0.28290720780657141	0.36960877317787738
0.29651935356986642	0.34932060688099176
0.25429569123404044	0.27857212953800609
0.15736334114892034	0.16351915229028308
0.015692983332206381	0.017947224031860335
-0.15216124722664198	-0.13837569833260432
-0.3219229122236591	-0.28238699841434356
-0.46671452639374006	-0.39128416452070386
-0.56156603890994883	-0.44659976322759709
-0.58766321008671185	-0.43758280042898123
-0.53581567399467089	-0.36275934951354422
-0.40827767133347981	-0.23036605919155997
-0.21831454160494845	-0.056529420622091493
0.011531308194383694	0.13724857798277737
0.25316857088421346	0.32816542493039313
0.47746552049978197	0.4952393414008997
0.65893189682192543	0.62269064249671946
0.7794470726880407	0.70193587324609319
0.8300807868648834	0.73141440547233716
0.81187345813690914	0.71658843779384385
0.73375534773736251	0.66742865022831344
0.61037902021399404	0.59642006818921378
0.45813107142198078	0.51648122491686965
0.29253108156278634	0.43853651764806562
0.12571726978839365	0.37056249039696171
-0.03398701362555194	0.31663411673600944
-0.18155307788751471	0.2770982029266939
-0.31342615881727109	0.24892019418101946
-0.42587808910385494	0.2263777871844799
-0.51396687952110176	0.20227475201125683
-0.57066970327393596	0.16950156030090319
-0.58844352417505363	0.12216250560817012
-0.56087242638697832	0.056702823752834107
-0.48509525825245692	-0.026964186830476158
-0.3642332761248564	-0.12545716509227975
-0.20851726471799087	-0.23218679206435741
-0.034247118321665861	-0.33787600025197939
0.1380288920711191	-0.43238070650670291
0.28750239077125062	-0.5064238433337982
0.39709316940058137	-0.55272247924207563
0.45691724950678247	-0.56772185005131148
0.46628101856688353	-0.55168206045761992
0.4329009158989307	-0.50824457620659558
0.37142950605067482	-0.44347850687423007
0.29886029583489171	-0.36466678395171293
0.2308862685837878	-0.27831202484189216
0.17739140274969203	-0.18996312972853138
0.14028313277077306	-0.10291475809574019
0.11418596159400997	-0.018814239685573397
0.08843559667873209	0.061558111413627242
0.051587431395927051	0.13716187641740604
-0.0044217798339366045	0.2061763224529656
-0.08089256049142847	0.26530679003619628
-0.17019517282387361	0.31021820089853275
-0.25715684289129354	0.33614196894455328
-0.3220963153544017	0.33900312060180637
-0.34611264896225347	0.31620060890915291
-0.31620060890915291	0.26747432917047892
-0.22967244666858952	0.19499182052006714
-0.096065334431407023	0.10326156435722542
0.063985755244023806	-0.0018207328727974255
0.22264961987351373	-0.11375245376715344
0.35122804131916052	-0.2264644887498512
0.42587808910385494	-0.33406113137564192
0.43264081120281683	-0.4313402877222472
0.37099599822381824	-0.51318656543276009
0.25273506305735693	-0.57483137841175858
0.099446695480887956	-0.61211305152142015
-0.063552247417167279	-0.62199702997374906
-0.21241883515969964	-0.60352959654966087
-0.3305930687607897	-0.55905169351418094
-0.41122552455610423	-0.49428562418181538
-0.45743745889901033	-0.41807494822043739
-0.48050007528777772	-0.34108395817071768
-0.49480583357404317	-0.27293652778887123
-0.51309986386738871	-0.21987516978163196
-0.54283850078974671	-0.18242009354122776
-0.58306802712203265	-0.15424208479555332
-0.62529168945785873	-0.12346302908873971
-0.65529043107633056	-0.075603765003778814
-0.65771807490672707	0.0019941360035400373
-0.62034970023169422	0.11565988820532216
-0.53763640686746839	0.26123181646374488
-0.41295955586353034	0.42275683275048792
-0.25811056011037786	0.57448457215027338
-0.090689837378386054	0.68563597895628769
0.069361252297044776	0.72785964129211367
0.20400878331868297	0.68268812573366322
0.30033422244620389	0.54812729627739631
0.3528753710612153	0.34056374877848988
0.36379976829799987	0.093377585904896532
0.34203767538980206	-0.14990700652698802
0.30033422244620389	-0.34524563330854041
0.25247495836124301	-0.45865128081420858
0.21051140072153091	-0.47521127980012806
0.18268019823734169	-0.40316227897657275
0.17270951821964151	-0.27232961683127205
0.1799924497108312	-0.12719119639970586
0.20010721287697419	-0.015259475505349852
0.22603098092299467	0.024970050826936121
0.24987391140010382	-0.02453654300007959
0.26374616185951277	-0.15649632549520728
0.26088501020225968	-0.33848291120957852
0.23721548285589314	-0.52133651257766278
0.19169716103595752	-0.65138886063462176
0.12736459953044849	-0.68459556017183198
0.05098052043832791	-0.59858760732349647
-0.027224291526590075	-0.39969421636172053
-0.094764810950837428	-0.12233590873891273
-0.13932941555168871	0.17895203092637552
-0.1509474253114437	0.44313170061274482
-0.12493695570005191	0.6172284438783272
-0.063638948982538579	0.66994299562408122
0.023496124215623918	0.5988477120196104
0.12025507117000138	0.43073337676464807
0.20695663654130736	0.21406616490175445
0.26443977438248323	0.0065893189682192542
0.27822532327652089	-0.14045653590151569
0.2422441736474289	-0.19455831269321061
0.16074470219840128	-0.1507740221807011
0.048206070346446118	-0.031039160402927538
-0.074129838392466604	0.1219891024774275
-0.18224669041048516	0.25733024602203614
-0.25498930375701084	0.33007285936856184
-0.27883223423412001	0.31290594942504324
-0.2514345395767873	0.20383538018794034
-0.18155307788751471	0.026617380568990934
-0.08687496850204858	-0.17626428239986505
0.010577590975299329	-0.35443599923789881
0.090256329551529513	-0.46315976221351651
0.1379421905057478	-0.47408415945030108
0.14912669243864626	-0.38261400798357326
0.12970554179547375	-0.20773695062964911
0.093464287470267846	0.012831831674953284
0.058003347233403696	0.23253359832584261
0.038495495024859855	0.40775746194125201
0.043870992077880824	0.50763766524899645
0.073089419608010936	0.52064290005469238
0.11574658977069348	0.45535662133009897
0.15450218949166725	0.33674887990215241
0.17036857595461624	0.19863328626566198
0.14851978148104714	0.074389943088580532
0.082799994929597207	-0.010664292540670636
-0.021501988212083881	-0.044911410862336493
-0.14869318461178974	-0.031385966664412762
-0.27553757475001039	0.01421905672089418
-0.37671830153832447	0.068927744470188249
-0.43142698928761852	0.108810464540989
-0.4279589266727663	0.11496627568235172
-0.36744123404359469	0.077424497876576237
-0.26296584777117099	-0.0030345547879957091
-0.13664166702517822	-0.11583329133606478
-0.01421905672089418	-0.243978204954855
0.080979262056799783	-0.36726783091285209
0.13300020127958337	-0.46680122795911139
0.13698847328666344	-0.52749232371902555
0.099273292350145342	-0.54023745382860755
0.035460940236864143	-0.50269567602283205
-0.034160416756294554	-0.4192887701356357
-0.088955806070959931	-0.29938050522711951
-0.11331894594029691	-0.15640962392983598
-0.099273292350145342	-0.0059824080106201123
-0.047772562519589591	0.13620815919832169
0.03207957918738321	0.25576961784535263
0.12589067291913628	0.34203767538980206
0.21701401812437884	0.38955013321327775
0.28993003460164718	0.39891390227337881
0.33258720476432974	0.37680500310369575
0.33787600025197939	0.33475474389861237
0.30397568819179877	0.28750239077125062
0.23331391241418437	0.24952710513861859
0.13221988719124161	0.23201338893361478
0.0095371721908436569	0.24068354547074539
-0.12406994004633885	0.27380354344258429
-0.25715684289129354	0.32287662944274342
-0.37810552658426533	0.37385714988107138
-0.47633840014995504	0.4106186135985051
-0.54318530705123191	0.41816164978580872
-0.57301064553896119	0.38668898155602466
-0.56451389213257319	0.31351286038264242
-0.52107640788154885	0.20409548488405427
-0.45024122897319191	0.071095283604470899
-0.36223914012131636	-0.06797402725110388
-0.2687748526510485	-0.19421150643172538
-0.18033925597231643	-0.29053694555924631
-0.1043886847070524	-0.34489882704705516
-0.044738007731593879	-0.35183495227675965
-0.0013005234805695896	-0.31290594942504324
0.02843811344178836	-0.23574155624458093
0.047425756258104371	-0.13221988719124161
0.056789525318205414	-0.016039789593691605
0.055228897141521904	0.099446695480887956
0.038495495024859855	0.20314176766496989
0.00069361252297044779	0.28750239077125062
-0.062685231763454224	0.34880039748876396
-0.15190114253052805	0.38720919094825246
-0.26053820394077443	0.4060234306338259
-0.37481086710015571	0.41070531516387637
-0.47529798136549933	0.40723725254902415
-0.53997734913249362	0.40142824766914664
-0.54968792445407988	0.39665966157372484
-0.49307180226661707	0.39388521148184302
-0.37073589352770436	0.39067725356310473
-0.19681255339286455	0.38166029076448887
0.0028611516572530971	0.35946469002943454
0.19516522365080974	0.31663411673600944
0.34671955991985259	0.24727286443896462
0.430993481460762	0.14938679713476019
0.43428814094487161	0.026010469611391793
0.35885777907183541	-0.11409926002863865
0.22264961987351373	-0.25785045541426399
0.055315598706893211	-0.38937673008253515
-0.1088971661063603	-0.49333190696273099
-0.23894951416331928	-0.55731766220675483
-0.31385966664412762	-0.5743978705849021
-0.3265180951883383	-0.54439912896643017
-0.28498804537548272	-0.47321714379658802
-0.2090374741102187	-0.37160290918141742
-0.12467685100393799	-0.25230155523050041
-0.057223033145061941	-0.12727789796507716
-0.024449841434708283	-0.0055489001837635823
-0.033293401102581492	0.10820355358338986
-0.078464916661031905	0.21371935864026922
-0.14513842043156619	0.31316605412115717
-0.213372552378784	0.40897128385645026
-0.2641796696863693	0.50191536193449027
-0.2843811344178836	0.58913713669802414
-0.27016207769698941	0.66344037822123336
-0.22698469814207903	0.71450760022493254
-0.16768082742810575	0.73072079294936676
-0.10829025514876116	0.70228267950757839
-0.062945336459568138	0.62373106128117517
-0.040489631028399892	0.49653986488146928
-0.042050259205083394	0.32998615780319052
-0.061298006717513322	0.14010972964003046
-0.086961670067419894	-0.052107640788154892
-0.10594931288373589	-0.22429694961556856
-0.10785674732190463	-0.3557365227184684
-0.087568581025019035	-0.430993481460762
-0.047078949996619143	-0.44252478965514569
0.0052887954876496644	-0.39137086608607519
0.056442719056720186	-0.28767579390199322
0.091730256162841722	-0.14843307991567584
0.098406276696432274	0.0040749735724513805
0.068234131947217808	0.14617883921602187
-0.00086701565371305976	0.25602972254146655
-0.1044753862724237	0.31654741517063811
-0.23218679206435741	0.31836814804343555
-0.36934866848176345	0.26123181646374488
-0.4989675087118659	0.15363517383795419
-0.60352959654966087	0.012224920717354142
-0.66716854553219951	-0.14071664059762959
-0.67748603181138489	-0.28082637023766005
-0.62745922859214132	-0.38573526433694028
-0.51656792648224104	-0.43879662234417954
-0.35209505697287358	-0.43220730337596031
-0.14903999087327496	-0.36813484656656514
0.070661775777614372	-0.25828396324112052
0.28065296710691745	-0.1219024009120562
0.45318908219581633	0.017860522466489032
0.56442719056720192	0.13872250459408955
0.59850090575812509	0.22273632143888505
0.55124855263076333	0.2599312929831753
0.43168709398373245	0.24918029887713336
0.26140521959448754	0.19785297217732023
0.071268686735213513	0.11982156334314485
-0.10464878940316631	0.031472668229784069
-0.2353080484177244	-0.051500729830555751
-0.29929380366174824	-0.11782742733960481
-0.28854280955570627	-0.16273883820194132
-0.20938428037170392	-0.18796899372499135
-0.080632455795314556	-0.20028061600771679
0.07170219456207004	-0.20921087724096132
0.22022197604311716	-0.22360333709259811
0.34325149730500037	-0.24961380670398989
0.42908604702259329	-0.28793589859810714
0.47694531110755417	-0.33380102667952799
0.49593295392387016	-0.37741191406129493
0.5000079274963215	-0.40689044628753895
0.50243557132671812	-0.41018510577164857
0.51084562316773474	-0.37853903441112186
0.52402426110417333	-0.30857087115647797
0.53148059572610562	-0.20383538018794034
0.51717483743984016	-0.075083555611550973
0.46480709195557135	0.061124603586770708
0.3640598729941138	0.18467433424088173
0.21562679307843796	0.27475726066166861
0.033206699537210185	0.31394636820949895
-0.15779684897577687	0.29071034868998891
-0.32495746701165479	0.20236145357662813
-0.43680248634063951	0.056095912795234966
-0.47000918587784968	-0.13100606527604333
-0.41608081221689736	-0.33388772824489932
-0.2840343281563984	-0.52272373762360369
-0.098753082957917501	-0.66803556118591256
0.10386847531482456	-0.74493984967026095
0.28542155320233925	-0.73783032130981385
0.41347976525575819	-0.64375912288194681
0.4688820655280227	-0.47321714379658802
0.44954761645022145	-0.24900689574639076
0.37030238570084784	-0.0027744500918817912
0.25811056011037786	0.23053946232230257
0.14496501730082359	0.41868185917803652
0.059824080106201119	0.53746300373672573
0.021588689777455188	0.5747446768463873
0.034767327713893695	0.53243431294518995
0.089389313897816458	0.42518447658088449
0.16455957107473873	0.2774450091881791
0.23418092806789745	0.11782742733960481
0.27389024500795556	-0.025663663349906569
0.26747432917047892	-0.13100606527604333
0.21068480385227351	-0.18519454363310955
0.1118450193289847	-0.18571475302533741
-0.010490889409928024	-0.13958952024780261
-0.13308690284495467	-0.060777797325285488
-0.23279370302195654	0.032946594841096272
-0.29279118625890027	0.12415664161171015
-0.30570971949922487	0.19906679409251851
-0.27501736535778254	0.24935370200787599
-0.21397946333638315	0.27293652778887123
-0.1421038656435705	0.27328333405035643
-0.080979262056799783	0.25785045541426399
-0.049246489130901794	0.23591495937532356
-0.059824080106201119	0.21640710716677972
-0.11730721794737699	0.20556941149536645
-0.2177076306473493	0.20556941149536645
-0.34949401001173436	0.21354595550952662
-0.49558614766238496	0.2220427089159146
-0.63552247417167274	0.21987516978163196
-0.74849461385048444	0.19438490956246798
-0.81612183484010314	0.13421402319478165
-0.82453188668111976	0.032773191710353658
-0.7667019425784587	-0.10915727080247423
-0.64332561505509034	-0.2816933858913731
-0.46359327004037304	-0.4661943170015122
-0.24449841434708283	-0.63664959452149972
-0.0095371721908436569	-0.76436100031343346
0.21484647899009621	-0.82340476633129278
0.40220856175748843	-0.79626717637007405
0.53078698320313522	-0.67913336155343973
0.58653608973688487	-0.48422824259874386
0.56572771404777145	-0.23920961885943318
0.47547138449624193	0.016733402116662053
0.33250050319895841	0.24007663451314623
0.16013779124080213	0.39206447860904559
-0.016299894289805522	0.44659976322759709
-0.17409674326558239	0.39683306470446744
-0.29677945826598034	0.25724354445666481
-0.37645819684221055	0.060604394194542874
-0.41339306369038686	-0.14817297521956191
-0.41469358717095645	-0.3220963153544017
-0.390763955128476	-0.42171641396603227
-0.35157484758064572	-0.42449086405791403
-0.30380228506105611	-0.32981275467244792
-0.24918029887713336	-0.15883726776023255
-0.18510784206773825	0.049853400088500935
-0.10638282071059244	0.24918029887713336
-0.0087568581025019038	0.3936251067857291
0.10820355358338986	0.44902740705799365
0.23860270790183405	0.39978091792709186
0.37030238570084784	0.2512611364460447
0.4862223786022839	0.028524815007159664
0.56798195474742541	-0.22993255136470345
0.60049504176166513	-0.48006656746092119
0.57552499093472909	-0.68147430381846497
0.49445902731255797	-0.80459052664571939
0.36856835439342167	-0.83545628391790439
0.2175342275166067	-0.77684602572690153
0.064679367766994261	-0.64601336358160077
-0.067367116293504739	-0.47009588744322101
-0.16178512098285694	-0.28091307180303138
-0.21033799759078831	-0.10820355358338986
-0.21415286646712575	0.024709946130822204
-0.18233339197585646	0.10378177374945326
-0.12866512301101807	0.12545716509227975
-0.067020310032019512	0.095545125039179182
-0.007456334621932314	0.027744500918817912
0.046211934342906082	-0.059563975410087205
0.096758946954377464	-0.14678575017362103
0.15155433626904286	-0.21571349464380926
0.21909485569329021	-0.25290846618809953
0.30423579288791264	-0.2512611364460447
0.40532981811085544	-0.21172522263672919
0.51266635604053223	-0.14288417973191225
0.60959870612565226	-0.059737378540829819
0.67609880676544398	0.019247747512429927
0.69378592610119039	0.0755170634384075
0.65138886063462176	0.0942446015586096
0.54899431193110948	0.067800624120361266
0.39960751479634921	-0.0019941360035400373
0.22724480283819296	-0.10395517688019586
0.062858634894196824	-0.21900815412791888
-0.063118739590310752	-0.32400374979257041
-0.12693109170359196	-0.39622615374686831
-0.11782742733960481	-0.41842175448192265
-0.040836437289885112	-0.38200709702597413
0.084187219975538102	-0.28888961581719153
0.22698469814207903	-0.1507740221807011
0.35400249141104229	0.013265339501809813
0.43636897851378298	0.18146637632214341
0.45709065263752507	0.33345422041804279
0.41452018404021385	0.45414279941490071
0.32322343570422868	0.53546886773318569
0.20921087724096132	0.57647870815381341
0.10360837061871064	0.58142069737997781
0.033726908929438026	0.55749106533749737
0.016386595855176829	0.51119242942922005
0.052887954876496647	0.44677316635833969
0.12883852614176067	0.36536039647468338
0.21805443690883453	0.26591370099379541
0.28966992990553325	0.14747936269659145
0.31646071360526679	0.01118450193289847
0.28282050624120009	-0.13742198111351997
0.18935621877093226	-0.28767579390199322
0.053234761137981867	-0.42449086405791403
-0.09597863286603571	-0.53078698320313522
-0.22412354648482594	-0.5903509586132224
-0.30146134279603087	-0.591391377397678
-0.3107384102907606	-0.52922635502645166
-0.25212815209975775	-0.40810426820273721
-0.14383789695099661	-0.24059684390537409
-0.016906805247404663	-0.046385337473648695
0.092857376512668705	0.1508607237460724
0.15510910044926637	0.32660479675370963
0.15346177070721156	0.45899808707569384
0.090776538943757354	0.53165399885684828
-0.011444606629012389	0.53572897242929962
-0.11808753203571874	0.47148311248916186
-0.19039663755538791	0.34758657557356565
-0.19637904556600802	0.18155307788751471
-0.12086198212760053	-0.0031212563533670151
0.029478532226244032	-0.17886532936100422
0.2264644887498512	-0.31828144647806422
0.42674510475756799	-0.3977000803581805
0.58306802712203265	-0.40160165079988924
0.65555053577244449	-0.32573778109999657
0.62338425501968997	-0.17912543405711814
0.48986384434787877	0.016039789593691605
0.28316731250268529	0.22750490753430688
0.048899682869416566	0.41781484352432346
-0.16117821002525781	0.55116185106539206
-0.30250176158048653	0.60032163863092258
-0.34854029279265003	0.55211556828447639
-0.29807998174654993	0.4107920167292477
-0.17513716205003807	0.19707265808897848
-0.02236900386579694	-0.055142195576150597
0.11028439115230119	-0.30562301793385355
0.17921213562248944	-0.51648122491686965
0.15840375993337602	-0.65919200151803936
0.046645442169762616	-0.72049000823555265
-0.13265339501809814	-0.7036699045535193
-0.33752919399049414	-0.62693901919991346
-0.51925567500875147	-0.51726153900521143
-0.63500226477944499	-0.40350908523805801
-0.65936540464878191	-0.30891767741796317
-0.5906977648747076	-0.24562553469690981
-0.45084813993079104	-0.21311244768267007
-0.27883223423412001	-0.19950030191937504
-0.11947475708165964	-0.18640836554830784
-0.010924397236784553	-0.155282503580009
0.026183872742134403	-0.093377585904896532
-0.0065026174028479482	0.0018207328727974255
-0.085227638759993771	0.12138219151982836
-0.17140899473907192	0.24709946130822202
-0.22342993396185548	0.35660353837218145
-0.20834386158724824	0.42925945015333589
-0.11227852715584123	0.45197526028061802
0.054968792445407991	0.42258342961974532
0.26149192115985881	0.35018762253470481
0.46116562620997648	0.25256165992661428
0.60561043411857218	0.15181444096515676
0.65615744673004361	0.067627220989618653
0.5949461415779016	0.012658428544210672
0.42977965954556369	-0.010577590975299329
0.1929976845165271	-0.0097105753215862688
-0.065893189682192543	0.00043350782685652988
-0.29192417060518722	0.0019941360035400373
-0.43688918790601078	-0.020201464731514292
-0.47052939527007753	-0.074910152480808359
-0.38642887685991073	-0.16126491159062911
-0.20305506609959859	-0.26981527143550421
0.042050259205083394	-0.38452144242174197
0.30128793966528827	-0.48708939425599695
0.52783912998051075	-0.56173944204069137
0.68580938208703024	-0.59867430888886775
0.75681796412612989	-0.59624666505847113
0.74207869801300785	-0.5609591279523497
0.65988561404100976	-0.50590363394157034
0.53893693034803791	-0.44668646479296836
0.4109654198599903	-0.39830699131577962
0.30302197097271438	-0.37186301387753135
0.23227349362972871	-0.37246992483513047
0.20331517079571251	-0.39900060383875008
0.20938428037170392	-0.4444322240933144
0.23548145154846703	-0.49792708992741019
0.26331265403265625	-0.54708687749294072
0.27631788883835212	-0.58003347233403701
0.26296584777117099	-0.58714300069448411
0.21900815412791888	-0.56243305456366188
0.1466123470428784	-0.50408290106877296
0.053668268964838395	-0.41512709499781303
-0.04907308600015918	-0.30276186627660046
-0.15068732061532977	-0.17843182153414769
-0.24120375486297321	-0.05635601749134888
-0.31377296507875629	0.047859264084960898
-0.36414657455948507	0.11930135395091702
-0.39102405982458993	0.14600543608527927
-0.39509903339704133	0.12146889308519968
-0.37879913910723578	0.046645442169762616
-0.34541903643928301	-0.06944795386241609
-0.29877359426952038	-0.21016459446004568
-0.24267768147428542	-0.35356898358418576
-0.18059936066843035	-0.47616499701921239
-0.11479287255160911	-0.55645064655304177
-0.046298635908277389	-0.57977336763792309
0.024970050826936121	-0.54041085695935009
0.1001403080038584	-0.44304499904737354
0.1800791512762025	-0.30180814905751607
0.26478658064396843	-0.13716187641740604
0.35174825071138832	0.028351411876417053
0.435241858163956	0.17461695265781024
0.50633714176842692	0.28715558450976536
0.55419640585338781	0.3598114962909198
0.56763514848594021	0.39423201774332828
0.53789651156358231	0.39813358818503702
0.46099222307923388	0.3820937985913454
0.3396100315594055	0.35582322428383972
0.18406742328328257	0.32591118423073917
0.011791412890497613	0.29383160504335593
-0.1551958020146377	0.25715684289129354
-0.29383160504335593	0.21085820698301613
-0.38391453146414284	0.15025381278847325
-0.41191913707907468	0.074129838392466604
-0.37394385144644265	-0.013958952024780261
-0.27640459040372345	-0.10516899879539415
-0.13542784510997993	-0.18701527650590699
0.025490260219163955	-0.2468393566121081
0.17964564344934597	-0.27493066379241127
0.30128793966528827	-0.26756103073585025
0.36969547474324865	-0.22871872944950516
0.37220982013901655	-0.16976166499701709
0.30640333202219533	-0.10707643323356288
0.1799924497108312	-0.058263451929517616
0.0097972768869575757	-0.0377151809365181
-0.18094616692991558	-0.053148059572610561
-0.36579390430153991	-0.10386847531482456
-0.51899557031263754	-0.18085946536454425
-0.61861566892426811	-0.26920836047790503
-0.64956812776182438	-0.35244186323435878
-0.60595724038005749	-0.41694782787061041
-0.49142447252456228	-0.45579012915695549
-0.31897505900103468	-0.47009588744322101
-0.108810464540989	-0.4685352592665375
0.11392585689789606	-0.46411347943260089
0.32305003257348608	-0.47035599213933493
0.49480583357404317	-0.49636646175072668
0.61089922960622189	-0.54335871018197457
0.6615329437830646	-0.60361629811503215
0.64575325888548685	-0.66170634691380714
0.57136331579690636	-0.69846781063124097
0.4527555743689598	-0.69656037619307221
0.30848416959110664	-0.64540645262400165
0.15805695367189079	-0.54569965244699981
0.019074344381687314	-0.41027180733701984
-0.095285020343065269	-0.26244563837894319
-0.17713129805357811	-0.13135287153752856
-0.22360333709259811	-0.044564604600851272
-0.23574155624458093	-0.021762092908197798
-0.21727412282049277	-0.069187849166302162
-0.17279621978501281	-0.17704459648820681
-0.10707643323356288	-0.32062238874308951
-0.024103035173223059	-0.46524059978242788
0.071962299258183954	-0.57353085493118905
0.17678449179209288	-0.61384708282884626
0.28429443285251227	-0.56728834222445501
0.38729589251362379	-0.43194719867984638
0.47703201267292544	-0.22342993396185548
0.54439912896643017	0.028611516572530971
0.58098718955312134	0.28637527042142363
0.58064038329163614	0.51292646073664616
0.5411044694823206	0.67895995842269707
0.46454698725945742	0.76921628797422659
0.35781736028737976	0.78386885252197736
0.23149317954138696	0.73713670878684334
0.098753082957917501	0.65251598098444874
-0.026443977438248324	0.55610384029155646
-0.13143957310289986	0.47009588744322101
-0.20582951619148038	0.40775746194125201
-0.24302448773577065	0.37108269978918956
-0.24042344077463146	0.3523551616689875
-0.20010721287697419	0.33735579085975154
-0.12840501831490414	0.31117191811761713
-0.035287537106121529	0.26313925090191365
0.066239995943677771	0.19091684694761576
0.16117821002525781	0.10118072678831407
0.23487454059086788	0.0081499471449027611
0.27432375283481208	-0.070921880473728285
0.27076898865458854	-0.12094868369297183
0.22126239482757284	-0.13386721693329642
0.13005234805695895	-0.11193172089435602
0.007629737752674926	-0.067453817858876053
-0.12987894492621635	-0.020201464731514292
-0.26409296812099797	0.007629737752674926
-0.3773252124959236	-0.0023409422650252612
-0.45648374167992595	-0.059390572279344592
-0.49558614766238496	-0.16048459750228736
-0.49671326801221194	-0.29062364712461763
-0.46896876709339402	-0.42553128284236974
-0.42605149223459754	-0.53815661625969613
-0.38261400798357326	-0.60483012003023051
-0.35001421940396221	-0.61115933430233582
-0.33345422041804279	-0.55567033246469999
-0.3307664718915323	-0.44998112427707798
-0.33302071259118626	-0.31585380264766766
-0.32842552962650701	-0.17929883718786074
-0.30622992889145267	-0.064332561505509034
-0.26097171176763095	0.013525444197923732
-0.19507852208543844	0.049853400088500935
-0.11947475708165964	0.051847536092040972
-0.051153923569070524	0.034680626148522388
-0.0084100518410166799	0.016559998985919443
-0.0052020939222783584	0.012138219151982836
-0.046038531212163475	0.027744500918817912
-0.1233763275233684	0.059130467583230671
-0.21796773534346323	0.092510570251183477
-0.30293526940734306	0.10898386767173161
-0.35079453349230399	0.091036643639871268
-0.34056374877848988	0.029131725964758808
-0.26487328220933976	-0.073609629000238777
-0.1333470075410686	-0.20002051131160289
0.028264710311045747	-0.32200961378903037
0.18406742328328257	-0.40706384941828155
0.29608584574300989	-0.42622489536534014
0.33458134076786977	-0.36275934951354422
0.28602846415993843	-0.21727412282049277
0.15753674427966297	-0.010230784713814105
-0.023929632042480449	0.22178260421980067
-0.2178810337780919	0.43324772216041596
-0.38027306571854802	0.58029357703015083
-0.47495117510401413	0.63058048494550833
-0.48336122694503081	0.57162342049302028
-0.40975159794479205	0.41399997464798605
-0.2801327577146896	0.18944292033630356
-0.13568794980609386	-0.056009211229863659
-0.021328585081341271	-0.27180940743904425
0.026790783699733547	-0.41452018404021385
-0.008496753406387985	-0.4568305479414112
-0.11947475708165964	-0.39319159895887257
-0.27493066379241127	-0.24051014234000276
-0.42804562823813758	-0.033206699537210185
-0.52887954876496646	0.18519454363310955
-0.53867682565192399	0.37160290918141742
-0.44096416147846218	0.49255159287438921
-0.24796647696193508	0.53104708789924904
0.0013872250459408956	0.48847661930193786
0.25039412079233164	0.38313421737580111
0.43853651764806562	0.24449841434708283
0.51700143430909751	0.10577590975299329
0.46203264186368953	-0.0029478532226244031
0.28212689371822963	-0.060951200456028101
0.01699350681277597	-0.059824080106201119
-0.27128919804681639	-0.0041616751378226865
-0.51344667012887402	0.091210046770613881
-0.6498282324579383	0.20496250053776732
-0.64514634792788772	0.31403306977487022
-0.49706007427369714	0.39778678192355182
-0.23712878129052184	0.44113756460920478
0.077684602572690151	0.43619557538304038
0.37793212345352273	0.38296081424505851
0.59910781671572433	0.28854280955570627
0.69630027149695828	0.16594679612067964
0.65425001229187485	0.032166280752754517
0.48977714278250745	-0.093984496862495673
0.24579893782765244	-0.19421150643172538
-0.020721674123742127	-0.25316857088421346
-0.25316857088421346	-0.26105841333300228
-0.40897128385645026	-0.21527998681695273
-0.46922887178950795	-0.12155559465057098
-0.44122426617457611	0.0061558111413627242
-0.35400249141104229	0.14782616895807668
-0.24831328322342031	0.28082637023766005
-0.16490637733622396	0.38434803929099937
-0.13282679814884074	0.44365191000497267
-0.16204522567897087	0.45344918689193026
-0.24207077051668627	0.4191153670048931
-0.34567914113539694	0.35530301489161187
-0.43827641295195169	0.28273380467582876
-0.48778300677896741	0.22273632143888505
-0.47417086101567235	0.19221737042818535
-0.39509903339704133	0.19924019722326114
-0.26539349160156761	0.24120375486297321
-0.11331894594029691	0.30588312262996747
0.028351411876417053	0.37507097179626964
0.13091936371067203	0.43038657050316287
0.17817171683803379	0.45839117611809466
0.17019517282387361	0.45492311350324244
0.12250931186965534	0.42570468597311234
0.060604394194542874	0.38486824868322722
0.012138219151982836	0.34984081627321961
-0.0017340313074261195	0.33562175955232543
0.026877485265104851	0.34880039748876396
0.090343031116900827	0.38486824868322722
0.16698721490513529	0.4279589266727663
0.22724480283819296	0.45474971037249984
0.2422441736474289	0.44070405678234825
0.19273757982041317	0.36787474187045127
0.075083555611550973	0.23123307484527303
-0.096152035996778323	0.041790154508969481
-0.29071034868998891	-0.17435684796169632
-0.46914217022413662	-0.38114008137226107
-0.59191158678990585	-0.54084436478620668
-0.62910655833419615	-0.6236443597158039
-0.56798195474742541	-0.61497420317867324
-0.41634091691301128	-0.52003598909709325
-0.20114763166142985	-0.36223914012131636
0.036761463717433732	-0.17791161214191986
0.2514345395767873	-0.0071095283604470901
0.40168835236526057	0.11652690385903523
0.45943159490255037	0.17418344483095369
0.41512709499781303	0.16612019925142224
0.27952584675709047	0.11123810837138556
0.080372351099200642	0.040749735724513805
-0.14383789695099661	-0.010404187844556717
-0.35140144444990312	-0.014305758286265485
-0.506077037072313	0.041790154508969481
-0.58324143025277531	0.15120753000755763
-0.57361755649656032	0.28906301894793412
-0.48310112224891688	0.41833505291655132
-0.3307664718915323	0.4996611212348363
-0.14340438912414008	0.50200206349986154
0.049246489130901794	0.41165903238296075
0.22022197604311716	0.23652187033292268
0.34880039748876396	0.0051153923569070524
0.42310363901197318	-0.23998993294777493
0.4400104442593778	-0.45162845401913282
0.40411599619565713	-0.58948394295950934
0.32582448266536784	-0.62927996146493881
0.21883475099717628	-0.56850216413965327
0.098406276696432274	-0.42657170162682539
-0.019941360035400375	-0.23990323138240363
-0.12138219151982836	-0.053321462703353174
-0.1929109829511558	0.090949942074499968
-0.22395014335408334	0.16265213663656999
-0.20747684593353519	0.14938679713476019
-0.14106344685911482	0.058610258191002837
-0.028091307180303136	-0.085227638759993771
0.12155559465057098	-0.24770637226582118
0.29235767843204374	-0.39232458330515951
0.46367997160574437	-0.48891012712879439
0.61315347030587586	-0.51934237657412274
0.71910278318961174	-0.48084688154926292
0.76436100031343346	-0.38434803929099937
0.73939094948649731	-0.25117443488067343
0.64375912288194681	-0.10698973166819158
0.48682928955988303	0.023496124215623918
0.28611516572530971	0.12155559465057098
0.06424585994013772	0.17635098396523635
-0.15493569731852377	0.18571475302533741
-0.35010092096933354	0.15380857696869679
-0.50547012611471387	0.089215910767073844
-0.61280666404439066	0.0019074344381687315
-0.67141692223539351	-0.098753082957917501
-0.68745671182908508	-0.20513590366850992
-0.67089671284316565	-0.3109118134215032
-0.63309483034127623	-0.4106186135985051
-0.58436855060260229	-0.49836059775426672
-0.53200080511833348	-0.56789525318205414
-0.48015326902629246	-0.61280666404439066
-0.42960625641482109	-0.62702572076528484
-0.37879913910723578	-0.60673755446839917
-0.32478406388091219	-0.55124855263076333
-0.26522008847082496	-0.46463368882482869
-0.19854658470029068	-0.35564982115309712
-0.12467685100393799	-0.23634846720218008
-0.045171515558450413	-0.12077528056222922
0.037108269978918959	-0.02236900386579694
0.11774072577423352	0.047512457823475671
0.19152375790521489	0.081759576145141538
0.25230155523050041	0.077771304138061464
0.29331139565112813	0.03745507624040418
0.30813736332962144	-0.03364020736406672
0.29131725964758809	-0.12727789796507716
0.24007663451314623	-0.23392082337178352
0.15606281766835076	-0.34351160200111425
0.045431620254564327	-0.44633965853148316
-0.080459052664571942	-0.53364813486038831
-0.20652312871445083	-0.59754718853904076
-0.31611390734378159	-0.63179430686070659
-0.39423201774332828	-0.63205441155682052
-0.43047327206853414	-0.59685357601607036
-0.42162971240066094	-0.52792583154588202
-0.37264332796587307	-0.4306466751992768
-0.29573903948152469	-0.31351286038264242
-0.20747684593353519	-0.18753548589813482
-0.12485025413468061	-0.06424585994013772
-0.060691095759914181	0.045431620254564327
-0.020374867862256903	0.1335204106718112
-0.00026010469611391791	0.19585883617378019
0.01118450193289847	0.23253359832584261
0.029998741618471866	0.24727286443896462
0.071095283604470899	0.24571223626228114
0.14314428442802615	0.23331391241418437
0.24441171278171153	0.21406616490175445
0.36154552759834591	0.18935621877093226
0.47182991875064711	0.15753674427966297
0.5478671915812825	0.11496627568235172
0.56512080309017232	0.057309734710433248
0.50841797933733823	-0.018120627162602949
0.37793212345352273	-0.11063119741378642
0.19013653285927401	-0.21562679307843796
-0.023929632042480449	-0.32443725761942693
-0.22577087622688075	-0.42587808910385494
-0.3773252124959236	-0.50815787464122431
-0.45076143836541976	-0.56156603890994883
-0.43550196286006992	-0.58020687546477956
-0.34099725660534641	-0.56295326395588974
-0.19559873147766627	-0.51422698421721569
-0.039796018505429444	-0.44183117713217523
0.083493607452567647	-0.35599662741458232
0.13950281868243131	-0.26669401508213719
0.10976418176007337	-0.18215998884511386
-0.0024276438303965672	-0.10768334419116202
-0.17244941352352758	-0.046038531212163475
-0.3599848994216624	0.0025143453957678732
-0.51821525622429576	0.038235390328745934
-0.60517692629171571	0.061037902021399408
-0.59303870713973283	0.06953465542778739
-0.47503787666938541	0.060864498890656794
-0.26669401508213719	0.03207957918738321
-0.0019074344381687315	-0.019074344381687314
0.27389024500795556	-0.091990360858955636
0.51466049204407227	-0.18302700449882692
0.68268812573366322	-0.2843811344178836
0.75612435160315938	-0.38564856277156895
0.73219471956067894	-0.47503787666938541
0.62572519728471521	-0.5411044694823206
0.46446028569408609	-0.5754382893693577
0.2816933858913731	-0.57361755649656032
0.10863706141024639	-0.53676939121375533
-0.03173277292589799	-0.47044269370470621
-0.12805821205341891	-0.38417463616025677
-0.18103286849528688	-0.28923642207867672
-0.20028061600771679	-0.1973327627850924
-0.20054072070383072	-0.11834763673183266
-0.19629234400063672	-0.059303870713973285
-0.19819977843880546	-0.023409422650252611
-0.21042469915615961	-0.010404187844556717
-0.23114637327990173	-0.016473297420548136
-0.25394888497255519	-0.034940730844636309
-0.27042218239310334	-0.057396436275804555
-0.27337003561572776	-0.074129838392466604
-0.25871747106797705	-0.076123974396006641
-0.2265511903152225	-0.055575703403007132
-0.18085946536454425	-0.0079765440141601491
-0.12797151048804761	0.067280414728133439
-0.075170257176922273	0.16577339298993701
-0.028264710311045747	0.27822532327652089
0.0089302612332445158	0.39180437391293171
0.035114133975378922	0.49203138348216141
0.051153923569070524	0.56520750465554359
0.058610258191002837	0.60170886367686349
0.058957064452488064	0.59824080106201127
0.052887954876496647	0.55931179821029486
0.040576332593771199	0.49679996957758321
0.022022197604311719	0.4279589266727663
-0.0018207328727974255	0.37151620761604609
-0.02817800874567444	0.34333819887037165
-0.052194342353526199	0.3525285647997301
-0.067107011597390825	0.39848039444652228
-0.065459681855336016	0.47061609683544881
-0.041096541985999033	0.55020813384630773
0.0093637690601010449	0.61454069535181677
0.084187219975538102	0.64254530096674856
0.17626428239986505	0.62052310336243688
0.27328333405035643	0.54613316027385628
0.35937798846406327	0.42969295798019241
0.41790154508969479	0.2930512909550142
0.43446154407561421	0.16447286950936743
0.39995432105783446	0.072482508650411795
0.31290594942504324	0.038582196590231162
0.18016585284157383	0.071875597692812654
0.016213192724434219	0.16586009455530834
-0.15892396932560385	0.29894699740026298
-0.32331013726959995	0.43879662234417954
-0.4570039510721538	0.5492544166272233
-0.54509274148940068	0.59772059166978342
-0.58020687546477956	0.56312666708663228
-0.56425378743645926	0.44009714582474913
-0.50694405272602605	0.24094365016685931
-0.42449086405791403	-0.0068494236643331721
-0.3355350579869541	-0.26643391038602326
-0.25819726167574919	-0.49818719462352412
-0.20652312871445083	-0.66820896431665511
-0.18814239685573397	-0.7539568124688768
-0.20374867862256904	-0.74788770289288531
-0.24761967070044985	-0.6572845670798706
-0.30961128994093362	-0.50165525723837634
-0.37775872032278013	-0.30796396019887884
-0.44096416147846218	-0.10421528157630978
-0.49125106939381963	0.085314340325365084
-0.52506467988862893	0.24423830965096893
-0.54318530705123191	0.36527369490931205
-0.5492544166272233	0.44980772114633538
-0.54830069940813897	0.50468981202637209
-0.5443124274010589	0.53919703504415184
-0.53902363191340918	0.5619995467368053
-0.53104708789924904	0.57873294885346738
-0.51613441865538445	0.59130467583230673
-0.48847661930193786	0.59841420419275382
-0.44217798339366049	0.59702697914681291
-0.37333694048884353	0.58445525216797356
-0.28143328119525918	0.55974530603715134
-0.16993506812775971	0.52393755953880194
-0.046038531212163475	0.48041337372240639
0.080112246403086715	0.43342112529115856
0.1973327627850924	0.38694908625213859
0.29478532226244031	0.34316479573962905
0.36353966360188594	0.30206825375363
0.39761337879280917	0.26209883211745794
0.39440542087407088	0.22108899169683024
0.35426259610715621	0.17799831370729116
0.28047956397617485	0.13508103884849471
0.17817171683803379	0.097972768869575746
0.054015075226323622	0.075863869699892728
-0.084273921540909402	0.078811722922517133
-0.22819852005727731	0.11557318663995086
-0.36908856378564953	0.19004983129390268
-0.49784038836203892	0.29868689270414905
-0.60561043411857218	0.42943285328407849
-0.68407535077960413	0.5623463529982905
-0.72664581937691541	0.67289084884670569
-0.72907346320731192	0.73687660409072953
-0.68979765409411031	0.73557608061015989
-0.61020561708325149	0.66101273439083674
-0.49463243044330057	0.51890886874726627
-0.35001421940396221	0.32859893275724966
-0.18536794676385218	0.12016836960463008
-0.01101109880215586	-0.071181985169842199
0.16178512098285694	-0.21250553672507094
0.32140270283143124	-0.28039286241080352
0.45631033854918335	-0.26643391038602326
0.55610384029155646	-0.17973234501471727
0.61185294682530622	-0.045518321819935634
0.61740184700906986	0.10083392052682885
0.57075640483930723	0.22134909639294414
0.47469107040790021	0.284207731287141
0.33744249242512286	0.27094239178533119
0.17270951821964151	0.18129297319140078
-0.0015606281766835076	0.032946594841096272
-0.16533988516308049	-0.1420171640781992
-0.29972731148860476	-0.30553631636848227
-0.38998364104013428	-0.42206322022751747
-0.4281323298035089	-0.46723473578596791
-0.41434678090947125	-0.43350782685652989
-0.3572971508951519	-0.33154678597987403
-0.27224291526590078	-0.18692857494053569
-0.17791161214191986	-0.033900312060180633
-0.092857376512668705	0.0944180046893522
-0.031212563533670152	0.17348983230798326
-0.00043350782685652988	0.19412480486635408
-0.00017340313074261195	0.16369255542102568
-0.023496124215623918	0.10360837061871064
-0.05852355662563153	0.043177379554910376
-0.092423868685812163	0.011097800367527165
-0.11487957411698041	0.027571097788075299
-0.12051517586611531	0.098753082957917501
-0.10993758489081598	0.21545338994769533
-0.089129209201702544	0.3555631195877258
-0.067193713162762125	0.49090426313233443
-0.053148059572610561	0.59511954470864425
-0.05280125331112534	0.65078194967702263
-0.067020310032019512	0.65425001229187485
-0.090776538943757354	0.61627472665924288
-0.11505297724772302	0.55870488725269574
-0.128925227707132	0.50729085898751125
-0.12294281969651187	0.48388143633725866
-0.091990360858955636	0.4994877181040937
-0.036588060586691118	0.55064164167316421
0.036241254325205897	0.6200895955355803
0.11574658977069348	0.68112749755697977
0.18961632346704616	0.70540393586094541
0.24796647696193508	0.67167702693150733
0.28568165789845318	0.57275054084284727
0.30371558349568484	0.41842175448192265
0.30883097585259189	0.23435433119864005
0.31134532124835973	0.055922509664492352
0.3220963153544017	-0.080285649533829329
0.34897380061950656	-0.14583203295453664
0.39440542087407088	-0.12831831674953284
0.45388269471878678	-0.034940730844636309
0.51717483743984016	0.1088971661063603
0.57075640483930723	0.26548019316693888
0.60127535585000691	0.39371180835110042
0.59971472767332346	0.45899808707569384
0.56338677178274621	0.44122426617457611
0.49766698523129627	0.33952332999403417
0.41460688560558517	0.17175580100055712
0.33041966563004704	-0.030518951010699704
0.26175202585597274	-0.23019265606081735
0.22143579795831544	-0.39379850991647175
0.21545338994769533	-0.49862070245038065
0.24146385955908714	-0.53780980999821093
0.28993003460164718	-0.52055619848932111
0.34602594739688214	-0.46810175143968097
0.39371180835110042	-0.40732395411439548
0.41989568109323483	-0.36345296203651462
0.41746803726283827	-0.3530487741919579
0.38755599720973771	-0.38070657354540455
0.33830950807883592	-0.43827641295195169
0.28360082032954181	-0.50781106837973911
0.23886281259794795	-0.56711493909371236
0.2175342275166067	-0.59555305253550073
0.22793841536116341	-0.57890635198421003
0.27076898865458854	-0.51266635604053223
0.33908982216717765	-0.40255536801897362
0.42006908422397743	-0.26218553368282926
0.49792708992741019	-0.10976418176007337
0.55792457316435395	0.036414657455948511
0.58939724139413796	0.16187182254822824
0.58818341947893971	0.25819726167574919
0.55749106533749737	0.32339683883497128
0.50685735116065467	0.36145882603297458
0.44963431801559278	0.37957945319557757
0.39934741010023533	0.38642887685991073
0.36657421838988163	0.38929002851716382
0.35625673211069625	0.39275809113201604
0.36674762152062429	0.39856709601189355
0.38998364104013428	0.40515641498011279
0.41330636212501559	0.40905798542182159
0.42232332492363139	0.40506971341474152
0.40420269776102846	0.38807620660196551
0.35018762253470481	0.3530487741919579
0.25785045541426399	0.29651935356986642
0.13126616997215723	0.21684061499363624
-0.019334449077801231	0.11513967881309434
-0.17964564344934597	-0.003901570441708769
-0.33362762354878539	-0.13195978249512769
-0.46558740604391308	-0.25681003662980828
-0.56277986082514708	-0.3642332761248564
-0.61610132352850022	-0.43931683173640734
-0.62113001432003601	-0.47009588744322101
-0.57760582850364039	-0.44946091488485018
-0.48899682869416566	-0.37810552658426533
-0.36223914012131636	-0.26487328220933976
-0.20695663654130736	-0.12580397135376498
-0.034680626148522388	0.018207328727974256
0.14089004372837222	0.14557192825842272
0.30501610697625442	0.23842930477109142
0.44209128182828916	0.28628856885605231
0.53737630217135446	0.28793589859810714
0.57890635198421003	0.2514345395767873
0.55948520134103741	0.19169716103595752
0.47867934241498028	0.12563056822302235
0.34325149730500037	0.06797402725110388
0.16768082742810575	0.026964186830476158
-0.027744500918817912	0.0023409422650252612
-0.21952836352014674	-0.014392459851636792
-0.38443474085637069	-0.037194971544290266
-0.50416960263414423	-0.080372351099200642
-0.56789525318205414	-0.15372187540332549
-0.57465797528101603	-0.25785045541426399
-0.53286782077204653	-0.38244060485283066
-0.45865128081420858	-0.50746426211825391
-0.37229652170438787	-0.60691095759914182
-0.29348479878187073	-0.65555053577244449
-0.23738888598663577	-0.63448205538721714
-0.21163852107135789	-0.5372028990406118
-0.21475977742472491	-0.37238322326975914
-0.23738888598663577	-0.16273883820194132
-0.26469987907859716	0.05852355662563153
-0.28056626554154612	0.25472919906089697
-0.27172270587367292	0.39319159895887257
-0.2306261638876739	0.45180185714987542
-0.15771014741040557	0.42362384840420098
-0.061124603586770708	0.31776123708583637
0.04525821712382172	0.15745004271429164
0.14548522669305142	-0.025663663349906569
0.22455705431168246	-0.19776627061194893
0.27206951213515812	-0.32937924684559139
0.28377422346028447	-0.40090803827691884
0.26261904150968579	-0.40524311654548412
0.21684061499363624	-0.3481067849657935
0.15814365523726209	-0.24519202687005329
0.098406276696432274	-0.11878114455868918
0.04716565156199045	0.00754303618730362
0.0094504706254723517	0.11253863185195516
-0.014652564547750709	0.18068606223380165
-0.029651935356986642	0.20288166296885599
-0.043003976424167763	0.17739140274969203
-0.063378844286424665	0.1088971661063603
-0.097972768869575746	0.0065026174028479482
-0.15138093313830023	-0.11713381481663437
-0.22438365118093986	-0.24761967070044985
-0.31351286038264242	-0.36978217630861998
-0.41131222612147555	-0.4690554686587653
-0.50755096368362518	-0.53286782077204653
-0.59009085391710847	-0.55176876202299119
-0.64670697610457129	-0.52090300475080631
-0.66725524709757078	-0.44113756460920478
-0.6452330494932591	-0.31906176056640601
-0.57986006920329436	-0.16707391647050662
-0.47685860954218284	-0.0017340313074261195
-0.34880039748876396	0.15857716306411862
-0.21415286646712575	0.29617254730838122
-0.094678109385466128	0.39683306470446744
-0.011791412890497613	0.45188855871524675
0.017427014639632501	0.45882468394495124
-0.015432878636092464	0.42136960770454701
-0.10690303010282026	0.34784668026967958
-0.24137715799371584	0.24909359731176206
-0.39232458330515951	0.13681507015592081
-0.52697211432679769	0.021935496038940412
-0.6122864546521628	-0.086268057544449439
-0.62251723936597692	-0.1799057481454599
-0.54448583053180155	-0.25273506305735693
-0.3820937985913454	-0.29929380366174824
-0.15606281766835076	-0.3149867869939546
0.099533397046259256	-0.29660605513523775
0.3436850051318569	-0.24354469712799848
0.5372028990406118	-0.15892396932560385
0.6505218449809087	-0.051153923569070524
0.66959618936259602	0.066500100639791684
0.5988477120196104	0.17687119335746418
0.45899808707569384	0.26175202585597274
0.28195349058748703	0.30518951010699702
0.10343496748796803	0.29695286139672294
-0.045518321819935634	0.23496124215623918
-0.14392459851636791	0.12675768857284933
-0.1845009311101391	-0.011531308194383694
-0.17279621978501281	-0.15901067089097515
-0.12320292439262578	-0.29391830660872725
-0.053234761137981867	-0.39900060383875008
0.022542406996539553	-0.46524059978242788
0.096412140692892237	-0.49367871322421619
0.16863454464719013	-0.49480583357404317
0.24493192217393939	-0.48509525825245692
0.33276060789507234	-0.4821474050298325
0.435241858163956	-0.49922761340797978
0.54726028062368326	-0.54093106635157795
0.65372980289964699	-0.60118865428463564
0.73150110703770854	-0.66387388604808983
0.75473712655721847	-0.70731137029911417
0.70236938107294966	-0.70947890943339675
0.56503410152480105	-0.65416331072650358
0.35062113036156134	-0.53598907712541355
0.084967534063879857	-0.36284605107891549
-0.19135035477447229	-0.15493569731852377
-0.4311668845915046	0.059650676975458512
-0.5910445711361928	0.25100103174993077
-0.6413314790515503	0.39466552557018481
-0.57335745180044639	0.47694531110755417
-0.40264206958434495	0.49827389618889545
-0.16603349768605094	0.47226342657750364
0.085574445021478998	0.42214992179288879
0.29903369896563431	0.37455076240404178
0.43029986893779154	0.35200835540750225
0.45414279941490071	0.36726783091285209
0.36926196691639213	0.4196355763971209
0.19802637530806286	0.4952393414008997
-0.019247747512429927	0.57101650953542116
-0.23340061397955569	0.62095661118929335
-0.39726657253132397	0.62312415032357604
-0.47590489232309852	0.56598781874388537
-0.4529289774997024	0.45223536497673195
-0.33276060789507234	0.29894699740026298
-0.1380288920711191	0.13430072476015295
0.096585543823634851	-0.0089302612332445158
0.33241380163358708	-0.10092062209220015
0.53425504581798744	-0.1219024009120562
0.67722592711527096	-0.066326697509049071
0.74884142011196975	0.055315598706893211
0.74996854046179662	0.21909485569329021
0.69127158070542249	0.39258468800127344
0.58913713669802414	0.54188478357066239
0.4614257309060904	0.63829692426355455
0.32383034666182781	0.66378718448271856
0.18770888902887745	0.61350027656736106
0.059217169148601978	0.49593295392387016
-0.059390572279344592	0.32989945623781924
-0.16820103682033358	0.13932941555168871
-0.26764773230122152	-0.051414028265184444
-0.3574705540258945	-0.22178260421980067
-0.4357620675561838	-0.35799076341812236
-0.49940101653872243	-0.45370929158804418
-0.54439912896643017	-0.5088514871641947
-0.56685483439759843	-0.52740562215365427
-0.56356017491348886	-0.5152674030016714
-0.53269441764130387	-0.47789902832663855
-0.47365065162344455	-0.41998238265860616
-0.38764269877510898	-0.34515893174316908
-0.27779181544966436	-0.25672333506443701
-0.14886658774253236	-0.15927077558708908
-0.00754303618730362	-0.058870362887116758
0.13759538424426257	0.037021568413547652
0.27614448570760952	0.12103538525834313
0.3973532740966953	0.18684187337516436
0.49116436782844836	0.23140647797601566
0.54977462601945115	0.2556829162799813
0.56945588135873759	0.26530679003619628
0.55107514950002079	0.2686014495203059
0.50044143532317809	0.27510406692315387
0.42761212041128105	0.29209757373592982
0.34481212548168388	0.3222697184851443
0.26391956499025537	0.36249924481743029
0.19481841738932451	0.40333568210731541
0.14349109068951138	0.43108018302613332
0.11123810837138556	0.43073337676464807
0.095718528169921796	0.38981023790939168
0.091730256162841722	0.3015480443614022
0.093637690601010445	0.16794093212421968
0.097365857911976605	0
0.10161423461517061	-0.18302700449882692
0.10855035984487509	-0.35660353837218145
0.12294281969651187	-0.4952393414008997
0.14990700652698802	-0.57647870815381341
0.19351789390875493	-0.58480205842945876
0.25420898966866912	-0.51500729830555747
0.32833882806113573	-0.37333694048884353
0.40784416350662328	-0.17661108866135028
0.48206070346446123	0.050373609480728769
0.53989064756712235	0.27805192014577823
0.57266383927747599	0.47642510171532632
0.57621860345769949	0.6190491767511247
0.55254907611133297	0.68676309930611457
0.50928499499105129	0.670723309712423
0.45830447455272338	0.57318404866970374
0.41278615273278774	0.40758405881050941
0.38374112833340024	0.19681255339286455
0.37723851093055227	-0.029998741618471866
0.39232458330515951	-0.24120375486297321
0.42093609987769048	-0.40767076037588068
0.44980772114633538	-0.50668394802991212
0.46315976221351651	-0.52523808301937158
0.44651306166222576	-0.46185923873294693
0.39093735825921866	-0.32721170771130875
0.29539223322003944	-0.1421905672089418
0.16776752899347705	0.065459681855336016
0.023842930477109142	0.26504668534008236
-0.11557318663995086	0.42839243449962283
-0.22871872944950516	0.53321462703353173
-0.29799328018117865	0.56633462500537057
-0.31316605412115717	0.52489127675788638
-0.27363014031184163	0.41616751378226868
-0.18779559059424875	0.25542281158386737
-0.071528791431327426	0.063205441155682052
0.055835808099121045	-0.1380288920711191
0.1754839683115233	-0.32660479675370963
0.2728498262234999	-0.48414154103337254
0.33969673312477683	-0.59685357601607036
0.37481086710015571	-0.65650425299152881
0.3815735891991176	-0.66049252499860889
0.36605400899765383	-0.61141943899844975
0.33328081728730014	-0.51648122491686965
0.28524815007159665	-0.38642887685991073
0.22030867760848849	-0.23470113746012528
0.13456082945626688	-0.076123974396006641
0.024623244565450897	0.074823450915437059
-0.10933067393321683	0.20556941149536645
-0.26062490550614575	0.30753045237202231
-0.41512709499781303	0.37663159997295315
-0.5528091808074469	0.41339306369038686
-0.65112875593850783	0.42258342961974532
-0.69127158070542249	0.4104452104677625
-0.66300687039437678	0.38313421737580111
-0.56945588135873759	0.34411851295871343
-0.4279589266727663	0.2930512909550142
-0.26747432917047892	0.22603098092299467
-0.12233590873891273	0.1376820858096339
-0.024276438303965673	0.023669527346366532
0.0058957064452488063	-0.11539978350920825
-0.035721044932978063	-0.27198281056978685
-0.1334337091064399	-0.4306466751992768
-0.2553361100184961	-0.56997609075096545
-0.36033170568314765	-0.66664833613997165
-0.40862447759496506	-0.70106885759238013
-0.37246992483513047	-0.66335367665586198
-0.24449841434708283	-0.5577511700336113
-0.041096541985999033	-0.40368248836880061
0.20028061600771679	-0.23331391241418437
0.42925945015333589	-0.08462072780239463
0.59442593218567374	0.0068494236643331721
0.65659095455690009	0.017513716205003808
0.59867430888886775	-0.057743242537289775
0.4308200783300194	-0.20236145357662813
0.1886626062479618	-0.38122678293763235
-0.075170257176922273	-0.5478671915812825
-0.30406238975717004	-0.65563723733781576
-0.45058803523467716	-0.66959618936259602
-0.48873672399805179	-0.57561169250010036
-0.4198089795278635	-0.38530175651008375
-0.27198281056978685	-0.13421402319478165
-0.092510570251183477	0.1262374791806215
0.064679367766994261	0.34047704721311856
0.15302826288035504	0.46255285125591739
0.14531182356230882	0.46749484048208179
0.040489631028399892	0.3572971508951519
-0.13620815919832169	0.16039789593691606
-0.3397834346901481	-0.074650047784694445
-0.51717483743984016	-0.29209757373592982
-0.62052310336243688	-0.44165777400143263
-0.6193959830126099	-0.49133777095919096
-0.50798447151048165	-0.43394133468338641
-0.3059698241953388	-0.28810930172884974
-0.053928373660952315	-0.091990360858955636
0.19672585182749325	0.10664292540670635
0.39613945218149699	0.26348605716339885
0.50651054489916947	0.3484535912272787
0.51023871221013561	0.3528753710612153
0.41235264490593121	0.29001673616701851
0.23695537815977924	0.18996312972853138
0.021068480385227351	0.090343031116900827
-0.19507852208543844	0.026010469611391793
-0.37611139058072529	0.019247747512429927
-0.49879410558112325	0.073869733696352691
-0.55402300272264515	0.17522386361540937
-0.54700017592756944	0.29426511287021245
-0.49229148817827534	0.39570594435464046
-0.40905798542182159	0.44781358514279535
-0.31585380264766766	0.42986636111093501
-0.2263777871844799	0.33752919399049414
-0.14817297521956191	0.18302700449882692
-0.082019680841255452	-0.00754303618730362
-0.023929632042480449	-0.20132103479217248
0.03207957918738321	-0.36553379960542598
0.09225046555506955	-0.47469107040790021
0.16065800063302996	-0.51474719360944354
0.23920961885943318	-0.48492185512171432
0.3268649014498235	-0.39717987096595264
0.42024248735472003	-0.27224291526590078
0.51379347639035922	-0.13594805450220776
0.60023493706555131	-0.014392459851636792
0.67098341440853693	0.069968163254643917
0.71658843779384385	0.10118072678831407
0.72829314911897014	0.072049000823555268
0.6994215278503253	-0.014912669243864628
0.62780603485362652	-0.14773946739270538
0.51700143430909751	-0.30553631636848227
0.37784542188815146	-0.46116562620997648
0.22681129501133643	-0.58436855060260229
0.084447324671652016	-0.64688037923531383
-0.029131725964758808	-0.62806613954974044
-0.098666381392546201	-0.5198625859663506
-0.11730721794737699	-0.33024626249930444
-0.089129209201702544	-0.084013816844795489
-0.028524815007159664	0.1798190465800886
0.042917274858796456	0.4148669903016991
0.10187433931128452	0.57630530502307076
0.12970554179547375	0.63075388807625099
0.11800083047034743	0.56434048900183054
0.07170219456207004	0.38712248938288119
0.0085834549717592919	0.13221988719124161
-0.04525821712382172	-0.15051391748458717
-0.062598530198082911	-0.40489631028399892
-0.023236019519510001	-0.581160592683864
0.078551618226403205	-0.64740058862754168
0.23114637327990173	-0.59702697914681291
0.40585002750308324	-0.44998112427707798
0.56260645769440443	-0.24770637226582118
0.65971221091026711	-0.042917274858796456
0.66404728917883249	0.11383915533252474
0.5609591279523497	0.18588815615608001
0.35911788376794934	0.1597042834139456
0.090429732682272126	0.046732143735133923
-0.19559873147766627	-0.12016836960463008
-0.44252478965514569	-0.29660605513523775
-0.59945462297720953	-0.43888332390955082
-0.6328347256451623	-0.51552750769778533
-0.53408164268724478	-0.51500729830555747
-0.32166280752754517	-0.44790028670816667
-0.036674762152062425	-0.34264458634740119
0.26643391038602326	-0.23686867659440791
0.53200080511833348	-0.16577339298993701
0.71502780961716039	-0.15207454566127068
0.79011136522871139	-0.19932689878863244
0.75543073908018898	-0.29114385651684543
0.63066718651087961	-0.39579264592001179
0.45006782584244931	-0.47581819075772719
0.25351537714569866	-0.49801379149278152
0.076123974396006641	-0.44330510374348742
-0.058436855060260223	-0.31177882907521626
-0.14149695468597134	-0.12320292439262578
-0.17817171683803379	0.088522298244103403
-0.18250679510659906	0.28351411876417054
-0.17028187438924494	0.42665840319219672
-0.15363517383795419	0.49558614766238496
-0.13620815919832169	0.48552876607931345
-0.11279873654806907	0.40931809011793552
-0.072395807085040481	0.29296458938964287
-0.0029478532226244031	0.16759412586273445
0.10170093618054191	0.061384708282884629
0.23799579694423489	-0.007629737752674926
0.390763955128476	-0.035114133975378922
0.53564227086392835	-0.03017214474921448
0.64453943697028859	-0.01118450193289847
0.69257210418599213	-0.00017340313074261195
0.66552121579014467	-0.015519580201463769
0.56460059369794446	-0.067280414728133439
0.40741065567976675	-0.15467559262240985
0.22429694961556856	-0.26643391038602326
0.051847536092040972	-0.38452144242174197
-0.075777168134521428	-0.48899682869416566
-0.13508103884849471	-0.56312666708663228
-0.11930135395091702	-0.59746048697366949
-0.039882720070800751	-0.59191158678990585
0.076470780657491869	-0.55454321211487301
0.19438490956246798	-0.49957441966946503
0.27839872640726349	-0.44313170061274482
0.30180814905751607	-0.40012772418857706
0.25308186931884213	-0.38035976728391929
0.13854910146334695	-0.38729589251362379
-0.019421150643172538	-0.41764144039358087
-0.18770888902887745	-0.46289965751740259
-0.3307664718915323	-0.51049881690624954
-0.41876856074340785	-0.54726028062368326
-0.43394133468338641	-0.56078572482160705
-0.37446406083867051	-0.54249169452826151
-0.25351537714569866	-0.48830321617119526
-0.096065334431407023	-0.39978091792709186
0.068147430381846494	-0.28446783598325492
0.21077150541764483	-0.1551958020146377
0.31134532124835973	-0.029218427530130112
0.36076521351000418	0.074563346219323132
0.36215243855594503	0.13846239989797565
0.32868563432262093	0.14964690183087412
0.27987265301857567	0.10282805653036889
0.23565485467920963	0.0025143453957678732
0.21189862576747179	-0.13603475606757906
0.21710071968975017	-0.28854280955570627
0.25065422548844557	-0.42544458127699841
0.30310867253808571	-0.51674132961298358
0.35911788376794934	-0.53867682565192399
0.40030112731931966	-0.47867934241498028
0.41009840420627724	-0.33917652373254897
0.37689170466906707	-0.13854910146334695
0.29599914417763862	0.091903659293584336
0.1710621884775867	0.31273254629430064
0.01335204106718112	0.48370803320651601
-0.1596175818485743	0.57223033145061941
-0.32790532023427921	0.55939849977566614
-0.47174321718527579	0.44434552252794313
-0.5754382893693577	0.24467181747782546
-0.62919325989956743	-0.0065893189682192542
-0.63136079903385012	-0.26686741821287979
-0.58835682260968236	-0.49211808504753268
-0.51335996856350263	-0.64445273540491732
-0.42397065466568623	-0.69933482628495403
-0.33865631434032112	-0.64870111210811132
-0.27328333405035643	-0.50226216819597547
-0.23808249850960619	-0.28429443285251227
-0.23556815311383833	-0.029045024399387501
-0.26045150237540315	0.22559747309613815
-0.30007411775008996	0.44460562722405705
-0.33761589555586546	0.60084184802315044
-0.35512961176086927	0.67869985372658315
-0.33770259712123679	0.67514508954635966
-0.27666469509983738	0.59876101045423902
-0.1712355916083293	0.46723473578596791
-0.029738636922357949	0.30362888193031351
0.13204648406049899	0.1333470075410686
0.29279118625890027	-0.020374867862256903
0.42917274858796456	-0.13828899676723302
0.51925567500875147	-0.20713003967204996
0.54621986183922766	-0.22091558856608762
0.50087494315003456	-0.18016585284157383
0.38339432207191504	-0.09207706242432695
0.20357527549182641	0.031125861968298845
-0.019161045947058621	0.17340313074261196
-0.25819726167574919	0.31698092299749464
-0.48266761442206035	0.4440854178318292
-0.66170634691380714	0.53928373660952311
-0.76869607858199873	0.59130467583230673
-0.78560288382940346	0.5945993353164164
-0.70679116090688632	0.55020813384630773
-0.54093106635157795	0.46524059978242788
-0.31117191811761713	0.35218175853824485
-0.052627850180382726	0.22724480283819296
0.19273757982041317	0.10724983636430549
0.38374112833340024	0.007803140883417538
0.48700269269062563	-0.059563975410087205
0.48422824259874386	-0.088955806070959931
0.37637149527683922	-0.080632455795314556
0.1841541248486539	-0.040402929463028585
-0.054621986183922763	0.021848794473569105
-0.29331139565112813	0.093984496862495673
-0.48544206451394217	0.16455957107473873
-0.5949461415779016	0.22386344178871204
-0.60404980594188873	0.26600040255916674
-0.51708813587446878	0.28871621268644887
-0.35937798846406327	0.29365820191261333
-0.17158239786981452	0.2845545375486262
0.00026010469611391791	0.26634720882065194
0.11565988820532216	0.24363139869336978
0.14947349870013149	0.21961506508551804
0.097105753215862692	0.19585883617378019
-0.024276438303965673	0.17253611508889888
-0.18094616692991558	0.14886658774253236
-0.33215369693747321	0.12406994004633885
-0.44079075834771958	0.098492978261803588
-0.48336122694503081	0.073869733696352691
-0.45613693541844075	0.053148059572610561
-0.37593798744998269	0.039709316940058137
-0.27449715596555474	0.036327955890577204
-0.18996312972853138	0.044391201470108659
-0.1551958020146377	0.062771933328825524
-0.18779559059424875	0.087655282590390335
-0.28490134381011145	0.1132322443749256
-0.42223662335826007	0.13247999188735554
-0.56035221699475046	0.13906931085557478
-0.65485692324947398	0.12883852614176067
-0.66786215805516991	0.10083392052682885
-0.57881965041883865	0.058263451929517616
-0.39119746295533253	0.007716439318046232
-0.13221988719124161	-0.041790154508969481
0.15216124722664198	-0.080285649533829329
0.40819096976810854	-0.098926486088660115
0.58653608973688487	-0.091643554597470409
0.65407660916113231	-0.05626931592597758
0.60136205741537818	0.0053754970530209703
0.4444322240933144	0.087221774763533808
0.22030867760848849	0.18025255440694513
-0.021935496038940412	0.27363014031184163
-0.23244689676047131	0.3572971508951519
-0.37160290918141742	0.42258342961974532
-0.41850845604729392	0.46437358412871482
-0.37316353735810093	0.48102028468000552
-0.25472919906089697	0.47512457823475673
-0.094851512516208741	0.4529289774997024
0.071528791431327426	0.42345044527345838
0.21432626959786838	0.39657296000835351
0.314813383863212	0.3819203954606028
0.36813484656656514	0.38642887685991073
0.38148688763374627	0.41304625742890166
0.36952207161250605	0.45917149020643644
0.3486269943580213	0.51656792648224104
0.3307664718915323	0.57231703301599068
0.31984207465474773	0.61055242334473669
0.3109118134215032	0.61540771100552982
0.29279118625890027	0.57448457215027338
0.25238825679587168	0.48188730033371863
0.18025255440694513	0.34065045034386116
0.074216539957837918	0.16317234602879785
-0.057656540971918475	-0.029478532226244032
-0.19828648000417676	-0.21103161011375873
-0.32487076544628346	-0.35408919297641361
-0.41434678090947125	-0.43602217225229772
-0.44807368983890927	-0.44269819278588829
-0.41642761847838261	-0.37281673109661567
-0.32096919500457471	-0.23825590164034882
-0.17401004170021109	-0.062945336459568138
0.003901570441708769	0.12172899778131359
0.18900941250944703	0.28264710311045749
0.35859767437572149	0.39111076138996126
0.4950659382701571	0.4284791360649941
0.58818341947893971	0.38937673008253515
0.63552247417167274	0.28308061093731401
0.6416782853130355	0.1307459605799294
0.6148008000479307	-0.039189107547830303
0.56460059369794446	-0.19689925495823588
0.49992122593095023	-0.31793464021657902
0.42743871728053845	-0.38703578781750986
0.35157484758064572	-0.40125484453840404
0.27493066379241127	-0.36926196691639213
0.20010721287697419	-0.30891767741796317
0.13005234805695895	-0.2422441736474289
0.069361252297044776	-0.19030993599001661
0.023149317954138694	-0.16872124621256143
-0.003814868876337463	-0.1842408264140252
-0.008323350275645373	-0.23400752493715482
0.0094504706254723517	-0.30744375080665098
0.045344918689193027	-0.38920332695179249
0.091036643639871268	-0.46272625438665999
0.13577465137146516	-0.51422698421721569
0.1682877383857049	-0.53468855364484391
0.17886532936100422	-0.52142321414303416
0.16213192724434217	-0.4772054158036681
0.1175673226434909	-0.40853777602959374
0.050547012611471383	-0.32331013726959995
-0.029305129095501418	-0.22871872944950516
-0.10959077862933075	-0.13005234805695895
-0.17808501527266246	-0.030518951010699704
-0.22447035274631116	0.067627220989618653
-0.24319789086651325	0.16195852411359957
-0.23435433119864005	0.24822658165804901
-0.20340187236108381	0.32001547778549033
-0.16013779124080213	0.36926196691639213
-0.11678700855514915	0.38772940034048031
-0.085314340325365084	0.36978217630861998
-0.075343660307664886	0.31437987603635548
-0.091816957728213022	0.22750490753430688
-0.13412732162941035	0.12164229621594227
-0.19629234400063672	0.014479161417008097
-0.26773443386659285	-0.074216539957837918
-0.33492814702935497	-0.12693109170359196
-0.38391453146414284	-0.13239329032198421
-0.40281547271508755	-0.089389313897816458
-0.38400123302951417	-0.0071962299258183961
-0.32565107953462524	0.095718528169921796
-0.23218679206435741	0.19507852208543844
-0.11366575220178213	0.26608710412453801
0.015432878636092464	0.28923642207867672
0.13872250459408955	0.25438239279941172
0.24059684390537409	0.16360585385565438
0.30883097585259189	0.030432249445328397
0.33622867050992455	-0.12320292439262578
0.32235642005051562	-0.27232961683127205
0.27310993091961383	-0.39449212243944221
0.19958700348474634	-0.47469107040790021
0.11591999290143609	-0.50815787464122431
0.036501359021319818	-0.50044143532317809
-0.026617380568990934	-0.46489379352094262
-0.06580648811682123	-0.41807494822043739
-0.07933193231474496	-0.37455076240404178
-0.071008582039099599	-0.34281798947814385
-0.049679996957758321	-0.32287662944274342
-0.026704082134362241	-0.30718364611053706
-0.01421905672089418	-0.28334071563342794
-0.022022197604311719	-0.23903621572869058
-0.055922509664492352	-0.1667271102090214
-0.11687371012052045	-0.067280414728133439
-0.20019391444234549	0.049246489130901794
-0.29660605513523775	0.16464627264011003
-0.39371180835110042	0.25698343976055088
-0.47789902832663855	0.3061432273260814
-0.53676939121375533	0.29946720679249084
-0.5609591279523497	0.23591495937532356
-0.54543954775088588	0.12701779326896326
-0.49021065060936397	-0.0053754970530209703
-0.39995432105783446	-0.13317360441032597
-0.28351411876417054	-0.22845862475339124
-0.15233465035738458	-0.26972856987013288
-0.018640836554830783	-0.2468393566121081
0.10638282071059244	-0.16273883820194132
0.21389276177101182	-0.033119997971838885
0.29851348957340645	0.11791412890497613
0.35816416654886496	0.26296584777117099
0.39431871930869955	0.37706510779980967
0.41009840420627724	0.44278489435125962
0.40940479168330679	0.4529289774997024
0.39501233183167	0.41105212142536163
0.36813484656656514	0.32972605310707664
0.32747181240742268	0.22698469814207903
0.26981527143550421	0.12259601343502664
0.19109025007835836	0.033813610494809326
0.088522298244103403	-0.026790783699733547
-0.038061987198003321	-0.052974656441867947
-0.18380731858716867	-0.045171515558450413
-0.33882971747106372	-0.0097105753215862688
-0.48786970834433874	0.042483767031939929
-0.61185294682530622	0.09805947043494706
-0.69153168540153642	0.14271077660116963
-0.71025922352173854	0.16325904759416915
-0.65815158273358365	0.14930009556938889
-0.53468855364484391	0.095631826604550482
-0.34992751783859088	0.0029478532226244031
-0.12433004474245277	-0.12060187743148661
0.11366575220178213	-0.26045150237540315
0.33172018911061668	-0.39726657253132397
0.49862070245038065	-0.5106722200369922
0.58965734609025189	-0.58341483338351785
0.59061106330933633	-0.60561043411857218
0.50096164471540594	-0.57786593319975432
0.33406113137564192	-0.51197274351756172
0.11548648507457955	-0.42899934545722196
-0.12068857899685792	-0.35495620863012667
-0.33752919399049414	-0.31411977134024155
-0.50018133062706416	-0.32261652474662955
-0.58202760833757705	-0.38304751581042978
-0.56824205944353934	-0.48240750972594643
-0.45830447455272338	-0.59442593218567374
-0.26591370099379541	-0.68468226173720326
-0.016559998985919443	-0.71988309727795352
0.2556829162799813	-0.67592540363470133
0.51344667012887402	-0.54587305557774246
0.72118362075852305	-0.34281798947814385
0.8509758641193681	-0.098319575131060974
0.88574319183326178	0.14392459851636791
0.82262445224295111	0.33874301590569245
0.67271744571596304	0.45041463210393451
0.45986510272940689	0.46185923873294693
0.21632040560140842	0.37949275163020624
-0.021848794473569105	0.23183998580287218
-0.22160920108905807	0.063032038024939438
-0.35764395715663716	-0.078031408834175378
-0.41738133569746694	-0.14999370809235935
-0.40281547271508755	-0.13005234805695895
-0.33033296406467577	-0.019334449077801231
-0.22689799657670773	0.15675643019132121
-0.12467685100393799	0.35469610393401274
-0.054275179922437543	0.5241109626695446
-0.037801882501889407	0.61982949083946637
-0.083667010583310261	0.61367367969810371
-0.18476103580625303	0.50070154001929201
-0.31932186526251988	0.30076773027306042
-0.45561672602621289	0.05280125331112534
-0.55931179821029486	-0.19429820799709668
-0.60101525115389298	-0.39397191304721435
-0.56321336865200355	-0.51214614664830438
-0.44460562722405705	-0.53520876303707177
-0.26062490550614575	-0.47130970935841926
-0.040229526332285971	-0.34706636618133779
0.18094616692991558	-0.20045401913845942
0.36839495126267907	-0.070835178908356985
0.49653986488146928	0.010404187844556717
0.55436980898413035	0.025837066480649179
0.54734698218905464	-0.024883349261564814
0.49497923670478583	-0.12727789796507716
0.42553128284236974	-0.25724354445666481
0.36787474187045127	-0.38764269877510898
0.3440318113933421	-0.4950659382701571
0.36371306673262854	-0.56512080309017232
0.42154301083528967	-0.5945993353164164
0.49940101653872243	-0.59026425704785102
0.5711899126661637	-0.56564101248240017
0.61029231864862277	-0.5365092865176414
0.59702697914681291	-0.51622112022075572
0.52393755953880194	-0.51257965447516096
0.39778678192355182	-0.52619180023845591
0.23790909537886359	-0.55081504480390686
0.071008582039099599	-0.5750914831078725
-0.075777168134521428	-0.5857557756485432
-0.18155307788751471	-0.5708431064046785
-0.23721548285589314	-0.52142321414303416
-0.2466659534813655	-0.43420143937950034
-0.22568417466150945	-0.31108521655224586
-0.19629234400063672	-0.1597042834139456
-0.18103286849528688	0.0082366487102740679
-0.19646574713137935	0.17834511996877639
-0.24883349261564813	0.33492814702935497
-0.33232710006821581	0.46315976221351651
-0.43142698928761852	0.55055494010779293
-0.52506467988862893	0.58887703200191022
-0.59269190087824764	0.57535158780398643
-0.6193959830126099	0.51327326699813136
-0.59945462297720953	0.41209254020981728
-0.53737630217135446	0.28680877824828016
-0.44547264287777011	0.15588941453760813
-0.34039034564774723	0.038842301286345075
-0.23790909537886359	-0.046732143735133923
-0.14895328930790366	-0.087915387286504262
-0.077164393180462323	-0.078551618226403205
-0.018987642816316007	-0.019854658470029068
0.033900312060180633	0.078898424487888433
0.090863240509128654	0.20262155827274206
0.15823035680263339	0.33250050319895841
0.23669527346366531	0.44920081018873625
0.31992877622011906	0.53590237556004228
0.39631285531223959	0.58064038329163614
0.45180185714987542	0.57890635198421003
0.47425756258104368	0.53347473172964566
0.45709065263752507	0.45448960567638591
0.4019484570613745	0.35773065872200843
0.31914846213177728	0.26183872742134406
0.22490386057316769	0.18510784206773825
0.13846239989797565	0.14262407503579833
0.076817586918977096	0.14366449382025401
0.051500729830555751	0.18926951720556093
0.06580648811682123	0.27215621370052945
0.1146194694208665	0.37706510779980967
0.18606155928682261	0.48344792851040214
0.26530679003619628	0.56902237353188112
0.33830950807883592	0.61384708282884626
0.39509903339704133	0.60413650750726
0.43229400494133158	0.53572897242929962
0.45266887280358847	0.41469358717095645
0.46402677786722957	0.25654993193369435
0.47599159388846979	0.083493607452567647
0.49671326801221194	-0.080459052664571942
0.53009337068016471	-0.21397946333638315
0.57413776588878818	-0.30302197097271438
0.62130341745077866	-0.34316479573962905
0.65971221091026711	-0.34030364408237596
0.67601210520007271	-0.30822406489499271
0.65893189682192543	-0.2640062665556267
0.60144875898074956	-0.22395014335408334
0.50330258698043118	-0.19837318156954806
0.37108269978918956	-0.18996312972853138
0.217620929081978	-0.1929109829511558
0.06008418480231504	-0.19507852208543844
-0.082626591798854593	-0.18233339197585646
-0.19256417668967057	-0.14331768755876878
-0.25576961784535263	-0.074216539957837918
-0.26426637125174063	0.019334449077801231
-0.21727412282049277	0.12285611813114057
-0.12172899778131359	0.21571349464380926
0.008323350275645373	0.27614448570760952
0.15354847227258289	0.28689547981365149
0.29192417060518722	0.23981652981703233
0.4019484570613745	0.13898260929020348
0.465847510740027	-8.6701565371305974e-05
0.47287033753510277	-0.15320166601109766
0.42145630926991834	-0.2930512909550142
0.32044898561234686	-0.39501233183167
0.18779559059424875	-0.44304499904737354
0.047772562519589591	-0.43229400494133158
-0.073436225869496163	-0.37064919196233304
-0.15285485974961244	-0.27631788883835212
-0.1754839683115233	-0.17392334013483979
-0.1378554889403765	-0.088869104505588617
-0.049333190696273101	-0.042310363901197315
0.069101147600930862	-0.047252353127361757
0.18926951720556093	-0.10646952227596373
0.28143328119525918	-0.21250553672507094
0.32105589656994604	-0.34992751783859088
0.29452521756632638	-0.49810049305815279
0.20253485670737076	-0.63500226477944499
0.059997483236943733	-0.74025796514021036
-0.10586261131836459	-0.79808790924287154
-0.26157862272523014	-0.79912832802732714
-0.37455076240404178	-0.74147178705540873
-0.41989568109323483	-0.63032038024939441
-0.3863421752945394	-0.4777256251958959
-0.27848542797263481	-0.30120123809991695
-0.11618009759755001	-0.12155559465057098
0.06953465542778739	0.039796018505429444
0.24276438303965672	0.16377925698639698
0.37004228100473391	0.23669527346366531
0.42709191101905325	0.25342867558032733
0.40394259306491453	0.21814113847420583
0.30640333202219533	0.14435810634322443
0.15502239888389507	0.05280125331112534
-0.018814239685573397	-0.033033296406467579
-0.17912543405711814	-0.091730256162841722
-0.29175076747444462	-0.10829025514876116
-0.3311132781530175	-0.077944707268804064
-0.284207731287141	-0.0072829314911897021
-0.15363517383795419	0.087048371632791194
0.04335078268565299	0.18250679510659906
0.2774450091881791	0.25628982723758048
0.51214614664830438	0.29019013929776111
0.71017252195636726	0.27571097788075299
0.8389243465327566	0.21536668838232403
0.8768129306000173	0.1219024009120562
0.81672874579770227	0.014305758286265485
0.66786215805516991	-0.087568581025019035
0.45440290411101458	-0.16872124621256143
0.21189862576747179	-0.22256291830814243
-0.018467433424088173	-0.25238825679587168
-0.19698595652360718	-0.26903495734716243
-0.2932246940857568	-0.28646197198679496
-0.29175076747444462	-0.31628731047452419
-0.19533862678155237	-0.36258594638280156
-0.025490260219163955	-0.41894196387415045
0.18155307788751471	-0.46914217022413662
0.38105337980688975	-0.49125106939381963
0.52861944406885253	-0.46402677786722957
0.58965734609025189	-0.37463746396941311
0.54613316027385628	-0.22403684491945464
0.40116814297303272	-0.029651935356986642
0.17843182153414769	0.17730470118432071
-0.082019680841255452	0.3574705540258945
-0.33206699537210188	0.47269693440436017
-0.52549818771548551	0.49558614766238496
-0.6278927364189979	0.41772814195895219
-0.62425127067340302	0.25273506305735693
-0.52150991570840544	0.034767327713893695
-0.34715306774670912	-0.18900941250944703
-0.14288417973191225	-0.3683082496973078
0.044391201470108659	-0.4617725371675756
0.17288292135038411	-0.44659976322759709
0.21493318055546751	-0.32348354040034261
0.16273883820194132	-0.11652690385903523
0.028958322834016195	0.13247999188735554
-0.15675643019132121	0.37403055301181398
-0.35469610393401274	0.5619995467368053
-0.52385085797343067	0.66422069230957503
-0.63075388807625099	0.66829566588202649
-0.65581064046855841	0.58324143025277531
-0.59607326192772858	0.4350684550332134
-0.46446028569408609	0.2594110835909475
-0.28568165789845318	0.091816957728213022
-0.089996224855415599	-0.040749735724513805
0.093290884339525232	-0.12528376196153712
0.24051014234000276	-0.1639526601171396
0.33709568616363761	-0.17166909943518582
0.37801882501889406	-0.16950156030090319
0.36657421838988163	-0.17739140274969203
0.31195223220595891	-0.20808375689113434
0.2262910856191086	-0.26348605716339885
0.12285611813114057	-0.33397442981027059
0.015172773939978545	-0.4021218601921171
-0.083320204321825034	-0.44729337575056755
-0.15892396932560385	-0.45180185714987542
-0.19811307687343416	-0.40628353532993977
-0.1886626062479618	-0.31203893377133018
-0.1219891024774275	-0.18103286849528688
0.0040749735724513805	-0.033033296406467579
0.18224669041048516	0.10820355358338986
0.39466552557018481	0.22004857291237456
0.61367367969810371	0.28507474694085405
0.80485063134183332	0.29331139565112813
0.93325564965673746	0.24363139869336978
0.97027721807028511	0.14262407503579833
0.90048245794638382	0.0029478532226244031
0.72673252094228669	-0.15892396932560385
0.47174321718527579	-0.32443725761942693
0.17522386361540937	-0.47477777197327153
-0.11305884124418299	-0.59234509461676244
-0.34255788478202992	-0.66248666100214892
-0.4727836359697315	-0.6742780738926466
-0.4821474050298325	-0.62312415032357604
-0.37255662640050174	-0.51127913099459132
-0.16984836656238841	-0.34949401001173436
0.081065963622171083	-0.15562930984149423
0.32547767640388264	0.046732143735133923
0.51058551847162092	0.23262029989121394
0.59598656036235731	0.37992625945706276
0.56269315925977581	0.47391075631955848
0.41634091691301128	0.51084562316773474
0.18580145459070871	0.49836059775426672
-0.083320204321825034	0.45396939628415806
-0.33804940338272199	0.39995432105783446
-0.52896625033033773	0.35773065872200843
-0.61965608770872382	0.34229778008591599
-0.59399242435881727	0.35799076341812236
-0.45743745889901033	0.3975266772274379
-0.23574155624458093	0.44434552252794313
0.031992877622011903	0.47807243145738115
0.30111453653454567	0.48102028468000552
0.52957316128793686	0.44469232878942833
0.68554927739091631	0.37299013422735827
0.75178927333459411	0.28256040154508616
0.72725273033451454	0.19785297217732023
0.62529168945785873	0.14435810634322443
0.46957567805099315	0.14028313277077306
0.28871621268644887	0.18961632346704616
0.11106470524064295	0.27900563736486261
-0.040402929463028585	0.37992625945706276
-0.15051391748458717	0.45509651663398504
-0.2134592539441553	0.4687086623972801
-0.23218679206435741	0.39717987096595264
-0.21640710716677972	0.23695537815977924
-0.17973234501471727	0.007889842448788844
-0.13681507015592081	-0.24926700044250469
-0.10057381583071492	-0.48171389720297597
-0.079852141706972801	-0.6374299086098415
-0.078204811964917992	-0.67765943494212744
-0.093550989035639145	-0.58792331478282578
-0.11843433829720396	-0.38244060485283066
-0.14253737347042703	-0.10170093618054191
-0.15450218949166725	0.19672585182749325
-0.14522512199693752	0.45119494619227629
-0.10933067393321683	0.61150614056382102
-0.047772562519589591	0.65026174028479478
0.032513087014239737	0.56936917979336632
0.11878114455868918	0.39865379757726488
0.19490511895469584	0.18779559059424875
0.24493192217393939	-0.0061558111413627242
0.25672333506443701	-0.13395391849866772
0.22464375587705379	-0.16568669142456571
0.15172773939978546	-0.098406276696432274
0.049506593827015714	0.044304499904737352
-0.063292142721053365	0.21900815412791888
-0.16481967577085266	0.37411725457718525
-0.23409422650252612	0.46324646377888784
-0.25585631941072395	0.457350757333639
-0.22395014335408334	0.35166154914601705
-0.14305758286265485	0.1668138117743927
-0.02817800874567444	-0.056876226883576721
0.098492978261803588	-0.26903495734716243
0.21129171480987266	-0.42154301083528967
0.28637527042142363	-0.48006656746092119
0.30622992889145267	-0.4311668845915046
0.26287914620579972	-0.28507474694085405
0.15927077558708908	-0.072742613346525709
0.0087568581025019038	0.16187182254822824
-0.16794093212421968	0.37160290918141742
-0.34619935052762474	0.51630782178612711
-0.50165525723837634	0.57023619544707937
-0.61402048595958891	0.52619180023845591
-0.66933608466648209	0.39535913809315526
-0.66170634691380714	0.20314176766496989
-0.59225839305139105	-0.017166909943518584
-0.46879536396265142	-0.23140647797601566
-0.30336877723419958	-0.4109654198599903
-0.11115140680601426	-0.53668268964838395
0.091383449901356495	-0.60040834019629385
0.28750239077125062	-0.60413650750726
0.46133902934071908	-0.55697085594526963
0.59876101045423902	-0.47165651561990452
0.68823702591742686	-0.36163222916371723
0.7220506364122361	-0.23808249850960619
0.69768749654289919	-0.10950407706395944
0.61861566892426811	0.018900941250944703
0.4952393414008997	0.14323098599339748
0.3438584082625995	0.26045150237540315
0.18545464832922348	0.36666091995525296
0.042397065466568622	0.457350757333639
-0.065112875593850789	0.52775242841513947
-0.12216250560817012	0.57379095962730298
-0.12285611813114057	0.59347221496658942
-0.071528791431327426	0.58757650852134058
0.017340313074261194	0.56026551542937919
0.12146889308519968	0.51830195778966714
0.21527998681695273	0.46974908118173575
0.27467055909629734	0.42223662335826007
0.28221359528360096	0.38070657354540455
0.2307995670184165	0.34654615678910999
0.12563056822302235	0.3175011323897225
-0.016559998985919443	0.28810930172884974
-0.17045527751998754	0.25256165992661428
-0.30753045237202231	0.20678323341056476
-0.40142824766914664	0.1507740221807011
-0.43359452842190116	0.09051643424764344
-0.39674636313909611	0.036674762152062425
-0.29582574104689596	0.0033813610494809331
-0.14739266113122015	0.0044217798339366045
0.024709946130822204	0.048552876607931346
0.19438490956246798	0.13638156232906429
0.33787600025197939	0.25750364915277874
0.43870992077880822	0.39154426921681779
0.48951703808639352	0.51075892160236347
0.49246489130901794	0.5857557756485432
0.45709065263752507	0.59243179618213371
0.39683306470446744	0.51778174839743929
0.32539097483851132	0.36475348551708425
0.25264836149198561	0.15233465035738458
0.18380731858716867	-0.087135073198162508
0.11938805551628832	-0.31455327916709808
0.057049630014319327	-0.49281169757050314
-0.0058090048798775003	-0.5952929478393868
-0.069361252297044776	-0.6122864546521628
-0.12979224336084505	-0.55298258393818955
-0.17877862779563292	-0.443738611570344
-0.20591621775685168	-0.32122929970068864
-0.20149443792291508	-0.22325653083111288
-0.16048459750228736	-0.17912543405711814
-0.084967534063879857	-0.20210134888051423
0.014999370809235933	-0.28611516572530971
0.12216250560817012	-0.40697714785291023
0.21649380873215102	-0.529052951895709
0.27917904049560521	-0.61471409848255931
0.29816668331192125	-0.63456875695258841
0.27154930274293032	-0.57561169250010036
0.2089507725448474	-0.44529923974702745
0.12927203396861719	-0.26990197300087548
0.056182614360606273	-0.088782402940217317
0.011618009759755001	0.055575703403007132
0.0094504706254723517	0.12831831674953284
0.050893818872956603	0.11132480993675686
0.12320292439262578	0.0080632455795314559
0.2019279457497716	-0.15666972862594988
0.25689673819517961	-0.34221107852054466
0.26045150237540315	-0.5014818541076338
0.19542532834692367	-0.59208498992064851
0.060777797325285488	-0.58540896938705789
-0.12571726978839365	-0.47365065162344455
-0.33067977032616097	-0.27094239178533119
-0.51179934038681918	-0.010490889409928024
-0.62737252702677004	0.26235893681357186
-0.64653357297382863	0.49992122593095023
-0.5570575575106409	0.66127283908695067
-0.36952207161250605	0.71988309727795352
-0.11574658977069348	0.66777545648979864
0.15805695367189079	0.5159610155246418
0.40082133671154752	0.29114385651684543
0.56832876100891061	0.030258846314585783
0.63309483034127623	-0.22568417466150945
0.58974404765562327	-0.43914342860566474
0.45639704011455462	-0.58072708485700741
0.26955516673939028	-0.63361503973350408
0.0754303618730362	-0.5945993353164164
-0.08080585892605717	-0.47399745788492975
-0.16490637733622396	-0.29391830660872725
-0.16117821002525781	-0.084187219975538102
-0.074823450915437059	0.12146889308519968
0.070488372646871758	0.29045024399387503
0.23860270790183405	0.39613945218149699
0.38989693947476295	0.42206322022751747
0.49012394904399265	0.364406679255599
0.51708813587446878	0.23253359832584261
0.46446028569408609	0.048206070346446118
0.34117065973608901	-0.15918407402171778
0.1683744399510762	-0.35712374776440931
-0.026357275872877017	-0.51665462804761231
-0.21510658368621013	-0.61800875796666899
-0.37489756866552704	-0.65372980289964699
-0.49090426313233443	-0.62980017085716655
-0.55697085594526963	-0.56373357804423141
-0.5743978705849021	-0.47954635806869333
-0.54960122288870861	-0.40203515862674583
-0.49142447252456228	-0.35036102566544741
-0.40897128385645026	-0.33362762354878539
-0.31047830559464668	-0.34932060688099176
-0.20340187236108381	-0.38452144242174197
-0.094591407820094814	-0.42015578578934876
0.0087568581025019038	-0.43680248634063951
0.098666381392546201	-0.42076269674694788
0.166900513339764	-0.36796144343582254
0.2063497255837082	-0.28576835946382451
0.21276564142118487	-0.19100354851298706
0.18554134989459478	-0.10594931288373589
0.12875182457638937	-0.052020939222783585
0.050807117307585303	-0.043697588947138211
-0.036588060586691118	-0.08453402623702333
-0.12042847430074399	-0.16542658672845179
-0.1886626062479618	-0.26660731351676586
-0.23218679206435741	-0.36180563229445983
-0.24562553469690981	-0.42492437188477056
-0.22785171379579211	-0.43584876912155512
-0.18103286849528688	-0.38547515964082635
-0.11011098802155858	-0.2774450091881791
-0.021501988212083881	-0.12710449483433456
0.077771304138061464	0.042397065466568622
0.18068606223380165	0.20522260523388125
0.27952584675709047	0.33908982216717765
0.36631411369376776	0.42917274858796456
0.4329009158989307	0.47070279840082013
0.47182991875064711	0.46896876709339402
0.47694531110755417	0.43654238164452558
0.44538594131239878	0.38937673008253515
0.37879913910723578	0.34221107852054466
0.28429443285251227	0.30588312262996747
0.17427014639632502	0.28498804537548272
0.064592666201622947	0.27779181544966436
-0.027917904049560523	0.2774450091881791
-0.088522298244103403	0.27501736535778254
-0.10811685201801854	0.26166532429060141
-0.084880832498508543	0.23105967171453043
-0.024883349261564814	0.18068606223380165
0.059217169148601978	0.1118450193289847
0.15120753000755763	0.029218427530130112
0.23444103276401135	-0.060691095759914181
0.29599914417763862	-0.15068732061532977
0.32851223119187833	-0.23366071867566959
0.33163348754524535	-0.30336877723419958
0.31047830559464668	-0.35478280549938407
0.27363014031184163	-0.38322091894117238
0.22923893884173299	-0.38495495024859855
0.18285360136808429	-0.35703704619903798
0.13534114354460863	-0.29834008644266385
0.083406905887196348	-0.21033799759078831
0.020981778819856047	-0.098319575131060974
-0.057223033145061941	0.028524815007159664
-0.15276815818424114	0.15692983332206381
-0.26105841333300228	0.27085569021995987
-0.37082259509307564	0.35365568514955709
-0.46506719665168522	0.39093735825921866
-0.52497797832325765	0.37333694048884353
-0.53364813486038831	0.29946720679249084
-0.48093358311463424	0.17687119335746418
-0.36648751682451036	0.021675391342826495
-0.20071412383457332	-0.14314428442802615
-0.0029478532226244031	-0.29227097686667242
0.20158113948828638	-0.40220856175748843
0.38712248938288119	-0.45631033854918335
0.53304122390278907	-0.44859389923113713
0.62711242233065612	-0.38504165181396982
0.66794885962054118	-0.28334071563342794
0.66387388604808983	-0.16976166499701709
0.63049378338013706	-0.07334952430412485
0.58618928347539967	-0.019941360035400375
0.5478671915812825	-0.026010469611391793
0.52653860649994122	-0.094591407820094814
0.52549818771548551	-0.21354595550952662
0.54075766322083541	-0.35781736028737976
0.56286656239051835	-0.49385211635495885
0.58003347233403701	-0.58731640382522665
0.58202760833757705	-0.61037902021399404
0.5623463529982905	-0.5489076103657381
0.5202093922278358	-0.4061968337645685
0.46012520742552082	-0.20331517079571251
0.3902437457362482	0.024623244565450897
0.32010217935086166	0.23582825780995226
0.25793715697963526	0.39007034260550555
0.2087773694141048	0.45761086202975293
0.17366323543872586	0.42535787971162708
0.14973360339624542	0.29920710209637691
0.13178637936438509	0.10326156435722542
0.11409926002863865	-0.12589067291913628
0.091730256162841722	-0.34654615678910999
0.062425127067340304	-0.52072960162006365
0.026790783699733547	-0.62156352214689248
-0.011444606629012389	-0.63734320704447023
-0.046211934342906082	-0.57249043614673334
-0.070141566385386531	-0.44486573192017093
-0.075083555611550973	-0.28021945928006092
-0.054275179922437543	-0.10655622384133503
-0.0028611516572530971	0.052454447049640113
0.080719157360685856	0.18085946536454425
0.19351789390875493	0.27163600430830159
0.32747181240742268	0.32573778109999657
0.46940227492025055	0.34906050218487783
0.60179556524223476	0.34940730844636309
0.70497042803408883	0.33319411572192886
0.75941901108726906	0.30440919601865529
0.74988183889642535	0.26461317751322583
0.66907597997036816	0.21467307585935358
0.52029609379320718	0.15658302706057858
0.31888835743566335	0.094851512516208741
0.090689837378386054	0.03745507624040418
-0.13143957310289986	-0.0059824080106201123
-0.31316605412115717	-0.026617380568990934
-0.42561798440774101	-0.019334449077801231
-0.45084813993079104	0.014565862982379404
-0.38686238468676726	0.066066592812935157
-0.24787977539656378	0.11964816021240224
-0.062338425501968997	0.15606281766835076
0.13265339501809814	0.15718993801817774
0.29903369896563431	0.11123810837138556
0.40593672906845457	0.016559998985919443
0.43610887381766905	-0.11609339603217871
0.38946343164790642	-0.26539349160156761
0.28282050624120009	-0.40281547271508755
0.14531182356230882	-0.49853400088500938
0.011964816021240225	-0.5283593393727386
-0.08470742936776593	-0.47893944711109421
-0.1219891024774275	-0.35183495227675965
-0.091730256162841722	-0.16360585385565438
-0.0016473297420548135	0.056702823752834107
0.12736459953044849	0.2730232293542425
0.26608710412453801	0.44920081018873625
0.38426133772562809	0.55558363089932872
0.45743745889901033	0.57422446745415945
0.47217672501213231	0.50191536193449027
0.4283057329342515	0.35036102566544741
0.33813610494809332	0.14323098599339748
0.22264961987351373	-0.08834889511336079
0.10698973166819158	-0.31160542594447366
0.014825967678493321	-0.49723347740443974
-0.036414657455948511	-0.6236443597158039
-0.038582196590231162	-0.67939346624955366
0.0071095283604470901	-0.66404728917883249
0.090776538943757354	-0.58670949286762752
0.19689925495823588	-0.46359327004037304
0.30727034767590838	-0.31490008542858328
0.40376918993417193	-0.16083140376377258
0.47165651561990452	-0.019594553773915151
0.50122174941151987	0.095718528169921796
0.48865002243268046	0.17739140274969203
0.43610887381766905	0.22386344178871204
0.35140144444990312	0.23851600633646272
0.2465792519159942	0.22811181849190601
0.13655496545980692	0.20114763166142985
0.036761463717433732	0.16620690081679354
-0.03936251067857291	0.13022575118770158
-0.082453188668111979	0.097625962608090533
-0.089562717028559072	0.069794760123901303
-0.064419263070880334	0.045605023385306941
-0.017773820901117725	0.02236900386579694
0.035634343367606756	-0.0027744500918817912
0.080025544837715415	-0.03207957918738321
0.10282805653036889	-0.065893189682192543
0.09814617200031836	-0.1030014596611115
0.068841042904816949	-0.14045653590151569
0.026877485265104851	-0.17453025109243891
-0.0095371721908436569	-0.2019279457497716
-0.02046156942762821	-0.22039537917385979
0.0098839784523288808	-0.22958574510321822
0.088088790417246876	-0.23114637327990173
0.20817045845650564	-0.22828522162264864
0.35122804131916052	-0.22473045744242509
0.48873672399805179	-0.22447035274631116
0.58818341947893971	-0.23019265606081735
0.62078320805855081	-0.24328459243188455
0.56867556727039592	-0.26374616185951277
0.42934615171870716	-0.28975663147090458
0.2177943322127206	-0.31854155117417815
-0.036848165282805039	-0.34611264896225347
-0.29677945826598034	-0.36787474187045127
-0.52428436580028726	-0.37862573597649318
-0.68945084783262511	-0.37333694048884353
-0.77658592103078761	-0.34697966461596652
-0.78629649635237386	-0.29617254730838122
-0.73375534773736251	-0.21987516978163196
-0.64349901818583288	-0.12094868369297183
-0.54223158983214759	-0.0070228267950757841
-0.45136834932301889	0.10950407706395944
-0.38200709702597413	0.21233213359432834
-0.33345422041804279	0.28386092502565574
-0.29504542695855424	0.30805066176425011
-0.25134783801141602	0.27458385753092601
-0.1885759046825905	0.18146637632214341
-0.1000536064384871	0.037628479371146793
0.010230784713814105	-0.1376820858096339
0.12753800266119109	-0.3175011323897225
0.2308862685837878	-0.47217672501213231
0.29886029583489171	-0.57535158780398643
0.31689422143212331	-0.61003221395250884
0.28195349058748703	-0.57283724240821854
0.20522260523388125	-0.47495117510401413
0.10959077862933075	-0.34073715190923248
0.02453654300007959	-0.20244815514199946
-0.022022197604311719	-0.09225046555506955
-0.011444606629012389	-0.03554764180223545
0.059650676975458512	-0.043784290512509517
0.17756480588043463	-0.11201842245972732
0.31420647290561282	-0.21970176665088934
0.43368122998727249	-0.33544835642158283
0.50104834628077721	-0.42518447658088449
0.49168457722067616	-0.46029861055626342
0.39796018505429442	-0.42544458127699841
0.23210009049898608	-0.3222697184851443
0.024189736738594366	-0.16932815717016056
-0.18467433424088173	0.0026877485265104852
-0.35088123505767527	0.15823035680263339
-0.43888332390955082	0.26617380568990934
-0.4284791360649941	0.30709694454516578
-0.31966867152400513	0.27822532327652089
-0.13239329032198421	0.19343119234338363
0.098839784523288815	0.07915852918400236
0.33198029380673055	-0.032773191710353658
0.52671200963068376	-0.11427266315938127
0.65260268254982001	-0.14825967678493321
0.69465294175490344	-0.13317360441032597
0.65520372951095929	-0.083493607452567647
0.55185546358836257	-0.025056752392307428
0.41261274960204514	0.012311622282725448
0.26903495734716243	0.003728167310966157
0.14973360339624542	-0.063292142721053365
0.074736749350065745	-0.18398072171791127
0.052454447049640113	-0.33648877520603848
0.079592037010858888	-0.48665588642914043
0.14375119538562531	-0.59581315723161465
0.2264644887498512	-0.63049378338013706
0.30770385550276491	-0.5711899126661637
0.36986887787399131	-0.41755473882820959
0.40038782888469099	-0.18970302503241748
0.39275809113201604	0.075950571265264027
0.34663285835448127	0.33397442981027059
0.26617380568990934	0.53954384130563704
0.15831705836800472	0.65789147803746972
0.031906176056640596	0.67141692223539351
-0.10430198314168108	0.58246111616443352
-0.24163726268982974	0.41217924177518861
-0.37203641700827395	0.19533862678155237
-0.48752290208285348	-0.027310993091961382
-0.58003347233403701	-0.21744752595123537
-0.64185168844377816	-0.34550573800465428
-0.66595472361700114	-0.39501233183167
-0.64766069332365561	-0.3645800823863416
-0.58549567095242927	-0.26530679003619628
-0.48284101755280295	-0.11782742733960481
-0.34793338183505085	0.052887954876496647
-0.19438490956246798	0.2221294104812859
-0.039449212243944216	0.36874175752416433
0.097972768869575746	0.47633840014995504
0.20028061600771679	0.53442844894872998
0.25377548184181259	0.53702949590986915
0.25117443488067343	0.48258091285668903
0.19273757982041317	0.37351034361958613
0.08670156537130598	0.21588689777455186
-0.052367745484268806	0.020548270992999516
-0.2062630240183369	-0.197506165915835
-0.35564982115309712	-0.41824835135117999
-0.48362133164114474	-0.61844226579352546
-0.57760582850364039	-0.77459178502724757
-0.63127409746847885	-0.86632204119008926
-0.64401922757806074	-0.88036769478024091
-0.61982949083946637	-0.81430110196730565
-0.5655543109170289	-0.67739933024601362
-0.48891012712879439	-0.49099096469770576
-0.39709316940058137	-0.28516144850622532
-0.29617254730838122	-0.093724392166381759
-0.19143705633984359	0.052281043918897499
-0.088608999809474703	0.13031245275307288
0.0052887954876496644	0.13100606527604333
0.081065963622171083	0.060430991063800267
0.12788480892267631	-0.061384708282884629
0.13499433728312341	-0.20418218644942557
0.094591407820094814	-0.33362762354878539
0.0051153923569070524	-0.41850845604729392
-0.1262374791806215	-0.43697588947138211
-0.28256040154508616	-0.38131348450300367
-0.43870992077880822	-0.25897757576409092
-0.56503410152480105	-0.091123345205242581
-0.63257462094904837	0.092337167120440863
-0.61991619240483775	0.25863076950260572
-0.51873546561652362	0.37879913910723578
-0.33726908929438026	0.43350782685652989
-0.10022700956922971	0.41703452943598174
0.15450218949166725	0.33770259712123679
0.38287411267968718	0.21562679307843796
0.5436188148780885	0.078291513530289292
0.60621734507617142	-0.04525821712382172
0.55783787159898268	-0.13005234805695895
0.40645693846068243	-0.1598776865446882
0.17929883718786074	-0.13048585588381548
-0.082713293364225893	-0.049159787565530487
-0.33258720476432974	0.066586802205162984
-0.52757902528439682	0.1929109829511558
-0.6363894898253859	0.30466930071476916
-0.64514634792788772	0.37923264693409231
-0.55853148412195308	0.40160165079988924
-0.39778678192355182	0.36570720273616858
-0.19481841738932451	0.27562427631538167
0.01508607237460724	0.14401130008173924
0.20071412383457332	-0.010057381583071493
0.34021694251700463	-0.16438616794399613
0.42362384840420098	-0.29712626452746554
0.45301567906507373	-0.3902437457362482
0.43949023486715	-0.43168709398373245
0.39830699131577962	-0.41660102160912521
0.34472542391631256	-0.34758657557356565
0.29027684086313238	-0.23418092806789745
0.24120375486297321	-0.090949942074499968
0.19828648000417676	0.064505964636251648
0.15875056619486125	0.21389276177101182
0.11852103986257527	0.34056374877848988
0.074996854046179673	0.43168709398373245
0.02800460561493183	0.47963305963406466
-0.019074344381687314	0.48284101755280295
-0.059997483236943733	0.44555934444314138
-0.086961670067419894	0.377151809365181
-0.092770674947297391	0.29036354242850371
-0.072482508650411795	0.19967370505011767
-0.024449841434708283	0.1190412492548031
0.04907308600015918	0.059563975410087205
0.1421038656435705	0.028351411876417053
0.24536543000079591	0.027484396222703995
0.34706636618133779	0.054275179922437543
0.43428814094487161	0.10135412991905668
0.49437232574718665	0.15823035680263339
0.51691473274372624	0.21302574611729877
0.49515263983552843	0.25412228810329779
0.42787222510739498	0.27189610900441552
0.32088249343920339	0.26001799454854663
0.18710197807127829	0.21580019620918056
0.046038531212163475	0.14045653590151569
-0.078985126053259747	0.038755599720973768
-0.16447286950936743	-0.081586173014398924
-0.19178386260132882	-0.21129171480987266
-0.15129423157292893	-0.34013024095163336
-0.045865128081420861	-0.45804436985660946
0.10811685201801854	-0.55523682463784341
0.28334071563342794	-0.62338425501968997
0.44555934444314138	-0.65581064046855841
0.5609591279523497	-0.64774739488902688
0.60335619341891822	-0.59694027758144164
0.56061232169086439	-0.50442970733025816
0.43766950199435256	-0.37429065770792791
0.25724354445666481	-0.21458637429398228
0.055142195576150597	-0.036241254325205897
-0.12693109170359196	0.14687245173899233
-0.25022071766158904	0.31923516369714861
-0.28767579390199322	0.46532730134779915
-0.22975914823396082	0.57101650953542116
-0.086614863805934666	0.62607200354620041
0.11409926002863865	0.62529168945785873
0.33310741415655754	0.56962928448948025
0.52809923467662467	0.46662782482836873
0.66248666100214892	0.32946594841096272
0.7121666579599073	0.17600417770375112
0.66959618936259602	0.025750364915277876
0.5439656211395737	-0.10239454870351236
0.35781736028737976	-0.19334449077801233
0.14089004372837222	-0.23790909537886359
-0.075863869699892728	-0.23461443589475398
-0.26634720882065194	-0.18978972659778878
-0.41261274960204514	-0.11696041168589176
-0.50599033550694161	-0.034593924583151081
-0.54526614462014322	0.036761463717433732
-0.53408164268724478	0.078725021357145819
-0.47807243145738115	0.077771304138061464
-0.38270070954894458	0.027831202484189216
-0.25334197401495606	-0.068494236643331721
-0.095631826604550482	-0.20028061600771679
0.082193083971998065	-0.35036102566544741
0.26773443386659285	-0.49827389618889545
0.44365191000497267	-0.62390446441191783
0.58913713669802414	-0.71103953761008032
0.68260142416829195	-0.74988183889642535
0.70627095151465846	-0.73887074009426956
0.65104205437313656	-0.68407535077960413
0.5195157797048654	-0.59806739793126862
0.32764521553816528	-0.49723347740443974
0.1031748627918541	-0.39830699131577962
-0.11886784612406048	-0.31594050421303899
-0.3022416568843726	-0.26019139767928923
-0.41608081221689736	-0.23556815311383833
-0.44139766930531871	-0.24051014234000276
-0.37437735927329918	-0.26851474795493457
-0.22767831066504948	-0.30987139463704755
-0.027831202484189216	-0.35313547575732923
0.18952962190167486	-0.38755599720973771
0.3859953690330542	-0.40428939932639973
0.52697211432679769	-0.39726657253132397
0.58722970225985538	-0.36431997769022773
0.55471661524561566	-0.30692354141442313
0.43168709398373245	-0.22984584979933215
0.23383412180641222	-0.14089004372837222
-0.01248502541346806	-0.050373609480728769
-0.27475726066166861	0.030518951010699704
-0.51856206248578107	0.090169627986158213
-0.71277356891750643	0.11834763673183266
-0.83276853539139384	0.10785674732190463
-0.86398109892506403	0.055922509664492352
-0.80329000316514987	-0.034767327713893695
-0.65945210621415329	-0.1553692051453803
-0.45171515558450415	-0.29149066277833069
-0.20721674123742129	-0.42518447658088449
0.042830573293425149	-0.537549705302097
0.26747432917047892	-0.61167954369456368
0.44027054895549173	-0.63621608669464325
0.54318530705123191	-0.60760457012211222
0.56893567196650985	-0.53139389416073435
0.52168331883914809	-0.42171641396603227
0.41582070752078343	-0.29851348957340645
0.27293652778887123	-0.1845009311101391
0.11774072577423352	-0.10057381583071492
-0.026183872742134403	-0.062078320805855076
-0.14036983433614436	-0.0755170634384075
-0.2131991492480414	-0.13759538424426257
-0.24137715799371584	-0.23574155624458093
-0.22819852005727731	-0.35070783192693267
-0.18207328727974254	-0.46116562620997648
-0.11340564750566821	-0.54708687749294072
-0.032166280752754517	-0.59416582748955982
0.053841672095581009	-0.59572645566624338
0.13958952024780261	-0.5535027933304173
0.2220427089159146	-0.47642510171532632
0.29920710209637691	-0.37784542188815146
0.36934866848176345	-0.27250301996201465
0.42960625641482109	-0.17348983230798326
0.47599159388846979	-0.089822821724672985
0.50338928854580245	-0.025663663349906569
0.50668394802991212	0.018900941250944703
0.48154049407223337	0.046645442169762616
0.42527117814625581	0.060604394194542874
0.33700898459826634	0.062685231763454224
0.21840124317031975	0.052367745484268806
0.073176121173382236	0.026790783699733547
-0.092337167120440863	-0.017860522466489032
-0.26920836047790503	-0.08462072780239463
-0.44573274757388404	-0.17331642917724063
-0.6076912716874836	-0.27891893579949134
-0.73869733696352691	-0.39119746295533253
-0.8222776459814658	-0.49549944609701363
-0.84482005297800544	-0.57483137841175858
-0.79808790924287154	-0.6133268734366184
-0.683468439822005	-0.59867430888886775
-0.51335996856350263	-0.52584499397697071
-0.31125861968298846	-0.39804688661966575
-0.10959077862933075	-0.22707139970745036
0.056442719056720186	-0.03173277292589799
0.15597611610297946	0.16447286950936743
0.16958826186627449	0.33735579085975154
0.095545125039179182	0.46524059978242788
-0.048119368781074819	0.53234761137981867
-0.22594427935762337	0.53096038633387777
-0.39171767234756039	0.46203264186368953
-0.49922761340797978	0.33527495329084023
-0.51318656543276009	0.16716061803587792
-0.41850845604729392	-0.021501988212083881
-0.22577087622688075	-0.20791035376039171
0.02991204005310056	-0.37064919196233304
0.29625924887375249	-0.49229148817827534
0.51570091082852798	-0.56087242638697832
0.63890383522115368	-0.57136331579690636
0.63734320704447023	-0.52645190493456984
0.51049881690624954	-0.43567536599081252
0.28611516572530971	-0.31429317447098415
0.013785548894037649	-0.18094616692991558
-0.24770637226582118	-0.055402300272264518
-0.44529923974702745	0.044564604600851272
-0.54474593522791548	0.10542910349150807
-0.53902363191340918	0.12034177273537269
-0.44928751175410758	0.089129209201702544
-0.3176745355204651	0.018640836554830783
-0.19516522365080974	-0.07924523074937366
-0.1262374791806215	-0.18987642816316008
-0.13612145763295039	-0.29825338487729253
-0.22299642613499895	-0.39232458330515951
-0.35807746498349369	-0.46420018099797217
-0.49402551948570145	-0.51162593725607652
-0.57795263476512559	-0.5372028990406118
-0.56772185005131148	-0.54691347436219806
-0.44469232878942833	-0.54838740097351024
-0.22039537917385979	-0.5485608041042529
0.064419263070880334	-0.55194216515373384
0.34966741314247701	-0.55931179821029486
0.57092980797004989	-0.56824205944353934
0.67635891146155791	-0.57370425806193159
0.64081126965932245	-0.56954258292410898
0.47269693440436017	-0.55003473071556508
0.21250553672507094	-0.5113658325599626
-0.077337796311204923	-0.45188855871524675
-0.32781861866890788	-0.37229652170438787
-0.48050007528777772	-0.27501736535778254
-0.50226216819597547	-0.16343245072491175
-0.39275809113201604	-0.040923138855256419
-0.18398072171791127	0.088782402940217317
0.068754341339445635	0.2221294104812859
0.30137464123065955	0.35478280549938407
0.4575241604643816	0.48067347841852032
0.50208876506523292	0.59199828835527724
0.42977965954556369	0.67939346624955366
0.2645264759478545	0.73323513834513465
0.053234761137981867	0.74563346219323134
-0.14747936269659145	0.71207995639453592
-0.28516144850622532	0.63344163660276143
-0.32452395918479826	0.51717483743984016
-0.25455579593015432	0.37680500310369575
-0.090776538943757354	0.23001925293007475
0.13022575118770158	0.095371721908436569
0.36041840724851892	-0.011357905063641082
0.55176876202299119	-0.079938843272344101
0.66725524709757078	-0.10811685201801854
0.68823702591742686	-0.10230784713814105
0.61705504074758466	-0.075690466569150114
0.47460436884252888	-0.045951829646792168
0.29461191913169771	-0.030432249445328397
0.11513967881309434	-0.043003976424167763
-0.029218427530130112	-0.090169627986158213
-0.11383915533252474	-0.16993506812775971
-0.12701779326896326	-0.27232961683127205
-0.070748477342985672	-0.3815735891991176
0.041269945116741646	-0.47971976119943593
0.18753548589813482	-0.55064164167316421
0.34299139260888645	-0.58289462399129011
0.48362133164114474	-0.57266383927747599
0.58931053982876669	-0.52385085797343067
0.6459266620162295	-0.44685986792371096
0.64679367766994256	-0.35651683680681018
0.59260519931287636	-0.2686014495203059
0.49116436782844836	-0.19707265808897848
0.35547641802235447	-0.15146763470367153
0.20227475201125683	-0.13560124824072253
0.049159787565530487	-0.14765276582733408
-0.087828685721132949	-0.18051265910305903
-0.19689925495823588	-0.22334323239648418
-0.27250301996201465	-0.2641796696863693
-0.31620060890915291	-0.29114385651684543
-0.33588186424843935	-0.29478532226244031
-0.3438584082625995	-0.26903495734716243
-0.35330887888807183	-0.21267893985581354
-0.37515767336164096	-0.12944543709935982
-0.41460688560558517	-0.027657799353446606
-0.46948897648562182	0.080025544837715415
-0.53009337068016471	0.17860522466489032
-0.5815073989453492	0.25212815209975775
-0.60699765916451309	0.28672207668290883
-0.59208498992064851	0.27250301996201465
-0.52861944406885253	0.206002919322223
-0.41746803726283827	0.091643554597470409
-0.26894825578179116	-0.058610258191002837
-0.10170093618054191	-0.22603098092299467
0.060951200456028101	-0.38807620660196551
0.19481841738932451	-0.52177002040451936
0.27961254832246174	-0.60725776386062702
0.30215495531900133	-0.63127409746847885
0.25915097889483357	-0.58939724139413796
0.15727663958354904	-0.4862223786022839
0.01205151758661153	-0.33475474389861237
-0.15458889105703855	-0.15354847227258289
-0.31819474491269295	0.036067851194463284
-0.45526991976472769	0.21354595550952662
-0.54656666810071286	0.36197903542520243
-0.57986006920329436	0.46957567805099315
-0.55176876202299119	0.53009337068016471
-0.46801504987430964	0.54197148513603366
-0.34316479573962905	0.50729085898751125
-0.19837318156954806	0.4308200783300194
-0.05817675036414631	0.31923516369714861
0.053321462703353174	0.18077276379917295
0.11678700855514915	0.026183872742134403
0.12146889308519968	-0.13091936371067203
0.067540519424247353	-0.27389024500795556
-0.033466804233324106	-0.38400123302951417
-0.16013779124080213	-0.44339180530885874
-0.28550825476771058	-0.43758280042898123
-0.38278741111431586	-0.35972479472554847
-0.4311668845915046	-0.21363265707489792
-0.42110950300843314	-0.015346177070721157
-0.35712374776440931	0.20756354749890651
-0.25715684289129354	0.4196355763971209
-0.14912669243864626	0.58350153494888923
-0.063812352113281193	0.66699514240145685
-0.027310993091961382	0.65034844185016616
-0.054275179922437543	0.53104708789924904
-0.14331768755876878	0.32591118423073917
-0.27649129196909478	0.068494236643331721
-0.42310363901197318	-0.19672585182749325
-0.54656666810071286	-0.42327704214271578
-0.61350027656736106	-0.57188352518913421
-0.60196896837297742	-0.61861566892426811
-0.50737756055288252	-0.55931179821029486
-0.34351160200111425	-0.4104452104677625
-0.13932941555168871	-0.2044422911455395
0.068147430381846494	0.017687119335746418
0.24337129399725588	0.21632040560140842
0.36119872133686071	0.36137212446760331
0.41278615273278774	0.43862321921343694
0.40723725254902415	0.45206196184598935
0.36822154813193647	0.42110950300843314
0.32660479675370963	0.37385714988107138
0.31108521655224586	0.33891641903643505
0.33908982216717765	0.33718238772900894
0.41131222612147555	0.37602468901535402
0.51145253412533398	0.44764018201205275
0.61011891551788011	0.5319141035529622
0.67367116293504736	0.60231577463446262
0.67410467076190395	0.63474216008333106
0.59798069636589735	0.61454069535181677
0.45188855871524675	0.54197148513603366
0.26192542898671534	0.43238070650670291
0.067800624120361266	0.31273254629430064
-0.08687496850204858	0.21406616490175445
-0.16638030394753617	0.16247873350582739
-0.15242135192275591	0.17166909943518582
-0.050286907915357462	0.23747558755200707
0.11201842245972732	0.33874301590569245
0.28975663147090458	0.44200458026291783
0.43316102059504463	0.51023871221013561
0.49957441966946503	0.51353337169424529
0.46532730134779915	0.43766950199435256
0.3312866812837601	0.28932312364404805
0.12380983535022493	0.095718528169921796
-0.11201842245972732	-0.10152753304979929
-0.32374364509645648	-0.25663663349906568
-0.46480709195557135	-0.33119997971838883
-0.5067706495952834	-0.30423579288791264
-0.44573274757388404	-0.17817171683803379
-0.30388898662642744	0.021415286646712575
-0.12294281969651187	0.25160794270752995
0.046558740604391309	0.46307306064814518
0.15892396932560385	0.61237315621753408
0.18467433424088173	0.67254404258522049
0.11817423360109004	0.64003095557098066
-0.021675391342826495	0.53408164268724478
-0.19715935965434978	0.39128416452070386
-0.36258594638280156	0.25498930375701084
-0.47685860954218284	0.16273883820194132
-0.51509399987092874	0.13629486076369299
-0.47495117510401413	0.17522386361540937
-0.37706510779980967	0.25724354445666481
-0.25828396324112052	0.34498552861242648
-0.16143831472137171	0.39674636313909611
-0.12242261030428403	0.37853903441112186
-0.15927077558708908	0.27484396222703994
-0.26660731351676586	0.093550989035639145
-0.41651432004375388	-0.13499433728312341
-0.5662479234399993	-0.36527369490931205
-0.66985629405870994	-0.5485608041042529
-0.69170508853227908	-0.6452330494932591
-0.61679493605147073	-0.63595598199852932
-0.45605023385306942	-0.52627850180382729
-0.24467181747782546	-0.34576584270076821
-0.032859893275724965	-0.14054323746688699
0.1264108823113641	0.038582196590231162
0.19239077355892795	0.14886658774253236
0.14695915330436363	0.1668138117743927
0.00095371721908436575	0.093030779643411304
-0.20843056315261957	-0.048466175042560039
-0.42665840319219672	-0.21701401812437884
-0.59520624627401553	-0.36752793560896602
-0.6668217392707142	-0.461599134036833
-0.6175752501398124	-0.47841923771886635
-0.45344918689193026	-0.41894196387415045
-0.20843056315261957	-0.30518951010699702
0.063465545851795979	-0.17357653387335456
0.3022416568843726	-0.064592666201622947
0.45631033854918335	-0.010924397236784553
0.49541274453164236	-0.028784919703273584
0.41764144039358087	-0.1131455428095543
0.24952710513861859	-0.23912291729406188
0.038668898155602462	-0.3684816528280504
-0.15883726776023255	-0.45969169959866429
-0.29149066277833069	-0.47859264084960895
-0.32530427327313999	-0.40775746194125201
-0.25100103174993077	-0.2509143301845595
-0.085140937194622471	-0.032859893275724965
0.13594805450220776	0.2062630240183369
0.36553379960542598	0.41954887483174963
0.55835808099121043	0.56347347334811748
0.68147430381846497	0.60708436072988448
0.72092351606240912	0.53815661625969613
0.68338173825663373	0.36501359021319812
0.59243179618213371	0.11427266315938127
0.48050007528777772	-0.17487705735392414
0.38001296102243409	-0.45804436985660946
0.31524689169006853	-0.69343911983970519
0.29660605513523775	-0.84872162341971413
0.31949526839326253	-0.90464413308420655
0.36700772621673816	-0.85765188465295872
0.41556060282466956	-0.71823576753589868
0.44191787869754656	-0.5088514871641947
0.42925945015333589	-0.25949778515631877
0.37160290918141742	-0.0031212563533670151
0.27475726066166861	0.22880543101487646
0.15441548792629595	0.4106186135985051
0.032252982318125824	0.52515138145400031
-0.06953465542778739	0.5662479234399993
-0.13265339501809814	0.53876352721729537
-0.14617883921602187	0.45813107142198078
-0.10898386767173161	0.34680626148522392
-0.028611516572530971	0.23105967171453043
0.079678738576230188	0.13516774041386601
0.19663915026212195	0.077337796311204923
0.3015480443614022	0.06580648811682123
0.37524437492701224	0.097105753215862692
0.40272877114971622	0.15666972862594988
0.37533107649238356	0.22230281361202853
0.29192417060518722	0.26964186830476156
0.15927077558708908	0.27831202484189216
-0.008496753406387985	0.23738888598663577
-0.19083014538224444	0.14895328930790366
-0.36319285734040074	0.027831202484189216
-0.50044143532317809	-0.10092062209220015
-0.58107389111849261	-0.20782365219502041
-0.59087116800545025	-0.26652061195139454
-0.52575829241159944	-0.25967118828706137
-0.3932783005242439	-0.1843275279793965
-0.21155181950598659	-0.052887954876496647
-0.0071095283604470901	0.10915727080247423
0.19039663755538791	0.26912165891253376
0.35330887888807183	0.39423201774332828
0.46151243247146168	0.45925819177180777
0.5057302308108278	0.45214866341136067
0.48934363495565092	0.37585128588461142
0.42691850788831059	0.24770637226582118
0.34039034564774723	0.094504706254723514
0.25455579593015432	-0.053581567399467095
0.19100354851298706	-0.16993506812775971
0.16438616794399613	-0.23730218442126444
0.17912543405711814	-0.25056752392307424
0.23001925293007475	-0.21684061499363624
0.30414909132254137	-0.15268145661886981
0.38452144242174197	-0.078898424487888433
0.45422950098027198	-0.015779684897577688
0.50009462906169289	0.022195600735054329
0.51552750769778533	0.02843811344178836
0.50061483845392074	0.0052887954876496644
0.46116562620997648	-0.037888584067260714
0.40645693846068243	-0.087568581025019035
0.34637275365836734	-0.12918533240324589
0.28888961581719153	-0.15051391748458717
0.23842930477109142	-0.14366449382025401
0.19551202991229497	-0.10586261131836459
0.15745004271429164	-0.038929002851716382
0.11990826490851617	0.051327326699813138
0.078551618226403205	0.15658302706057858
0.030258846314585783	0.26669401508213719
-0.025923768046020486	0.37099599822381824
-0.088782402940217317	0.45873798237957991
-0.15580271297223683	0.52003598909709325
-0.22360333709259811	0.5463932649699702
-0.28932312364404805	0.53200080511833348
-0.35088123505767527	0.47529798136549933
-0.40697714785291023	0.38018636415317669
-0.45665714481066855	0.25620312567220915
-0.49888080714649458	0.11800083047034743
-0.53148059572610562	-0.016299894289805522
-0.55124855263076333	-0.12736459953044849
-0.55384959959190261	-0.19880668939640458
-0.53442844894872998	-0.21918155725866151
-0.48891012712879439	-0.18519454363310955
-0.4152137965631843	-0.10178763774591321
-0.31420647290561282	0.018467433424088173
-0.19074344381687314	0.15753674427966297
-0.053581567399467095	0.29591244261226729
0.085661146586850298	0.4153871996939269
0.21397946333638315	0.50226216819597547
0.31932186526251988	0.5489076103657381
0.39258468800127344	0.55436980898413035
0.42917274858796456	0.52315724545046027
0.42986636111093501	0.46367997160574437
0.40064793358080492	0.3859953690330542
0.35166154914601705	0.29998741618471869
0.29478532226244031	0.21458637429398228
0.24103035173223061	0.13690177172129214
0.19837318156954806	0.072569210215783095
0.17010847125850231	0.025663663349906569
0.15450218949166725	-0.0010404187844556716
0.14600543608527927	-0.0067627220989618661
0.13681507015592081	0.0068494236643331721
0.11964816021240224	0.035114133975378922
0.090082926420786913	0.069968163254643917
0.048466175042560039	0.10100732365757147
-0.00069361252297044779	0.11670030698977785
-0.04907308600015918	0.10724983636430549
-0.087568581025019035	0.066500100639791684
-0.10898386767173161	-0.0055489001837635823
-0.11037109271767251	-0.10222114557276975
-0.0942446015586096	-0.21042469915615961
-0.068320833512589108	-0.31316605412115717
-0.043264081120281683	-0.39336500208961522
-0.029391830660872725	-0.43784290512509516
-0.033293401102581492	-0.44053065365160565
-0.05470868774929407	-0.40472290715325626
-0.085921251282964226	-0.34229778008591599
-0.11288543811344037	-0.27163600430830159
-0.11886784612406048	-0.21302574611729877
-0.088782402940217317	-0.18398072171791127
-0.014565862982379404	-0.19395140173561146
0.10170093618054191	-0.2425042783435428
0.24640584878525157	-0.31793464021657902
0.39674636313909611	-0.40038782888469099
0.52506467988862893	-0.46558740604391308
0.60535032942245826	-0.49055745687084917
0.61956938614335244	-0.45925819177180777
0.56251975612903315	-0.36579390430153991
0.4440854178318292	-0.21658051029752232
0.28724228607513669	-0.028871621268644888
0.1232896259579971	0.17305632448112673
-0.014912669243864628	0.36293275264428682
-0.10057381583071492	0.51691473274372624
-0.11886784612406048	0.61878907205501077
-0.069621356993158703	0.66196645160992107
0.032513087014239737	0.65026174028479478
0.16299894289805522	0.59607326192772858
0.2928778878242716	0.51630782178612711
0.39605275061612571	0.42856583763036543
0.45509651663398504	0.34749987400819432
0.46428688256334349	0.2816933858913731
0.43003976424167761	0.23279370302195654
0.36787474187045127	0.19559873147766627
0.29755977235432213	0.16057129906765866
0.23773569224812097	0.11661360542440653
0.20132103479217248	0.05444858305318015
0.19247747512429927	-0.031212563533670152
0.20643642714907953	-0.13993632650928783
0.23183998580287218	-0.26504668534008236
0.25360207871106999	-0.39466552557018481
0.25776375384889266	-0.51396687952110176
0.23426762963326875	-0.6076912716874836
0.1798190465800886	-0.66344037822123336
0.097972768869575746	-0.67358446136967609
-0.0015606281766835076	-0.6370831023483563
-0.10508229723002284	-0.55948520134103741
-0.1973327627850924	-0.45214866341136067
-0.26426637125174063	-0.32989945623781924
-0.29478532226244031	-0.20860396628336217
-0.28221359528360096	-0.10213444400739843
-0.22568417466150945	-0.019854658470029068
-0.13022575118770158	0.034420521452408474
-0.0070228267950757841	0.063205441155682052
0.12753800266119109	0.074129838392466604
0.25334197401495606	0.077944707268804064
0.35010092096933354	0.086268057544449439
0.40012772418857706	0.108810464540989
0.39223788173978824	0.15146763470367153
0.32556437796925392	0.21475977742472491
0.21051140072153091	0.29391830660872725
0.069101147600930862	0.37966615476094884
-0.069101147600930862	0.46029861055626342
-0.17218930882741365	0.52307054388508889
-0.21259223829044224	0.5570575575106409
-0.17444354952706762	0.55428310741875908
-0.05852355662563153	0.51084562316773474
0.11635350072829262	0.42726531414979585
0.31585380264766766	0.30909108054870582
0.49662656644684061	0.16568669142456571
0.61584121883238629	0.010404187844556717
0.64115807592080765	-0.14115014842448612
0.55853148412195308	-0.27232961683127205
0.37671830153832447	-0.36666091995525296
0.12580397135376498	-0.4107920167292477
-0.14834637835030451	-0.39622615374686831
-0.39492563026629873	-0.32174950909291644
-0.56884897040113847	-0.19490511895469584
-0.6413314790515503	-0.032252982318125824
-0.60552373255320091	0.14288417973191225
-0.47746552049978197	0.30336877723419958
-0.29166406590907329	0.42327704214271578
-0.092337167120440863	0.48310112224891688
0.077684602572690151	0.47469107040790021
0.18675517180979306	0.40342238367268668
0.22056878230460239	0.28871621268644887
0.1842408264140252	0.1598776865446882
0.098839784523288815	0.050113504784614855
-0.0060691095759914182	-0.011271203498269777
-0.10083392052682885	-0.0060691095759914182
-0.16447286950936743	0.067107011597390825
-0.18935621877093226	0.19169716103595752
-0.18224669041048516	0.33596856581381063
-0.16143831472137171	0.46029861055626342
-0.14973360339624542	0.52662530806531249
-0.16716061803587792	0.50867808403345216
-0.22412354648482594	0.39943411166560661
-0.3175011323897225	0.21380606020564052
-0.43073337676464807	-0.013091936371067201
-0.53763640686746839	-0.23409422650252612
-0.60864498890656793	-0.40082133671154752
-0.61818216109741164	-0.47625169858458372
-0.55133525419613472	-0.4440854178318292
-0.40732395411439548	-0.31411977134024155
-0.20045401913845942	-0.12042847430074399
0.042310363901197315	0.086268057544449439
0.28698218137902276	0.25048082235770297
0.49818719462352412	0.3263446920575957
0.64618676671234343	0.28940982520941932
0.71095283604470894	0.14366449382025401
0.68563597895628769	-0.078378215095660606
0.57630530502307076	-0.32313673413885735
0.40073463514617619	-0.52853274250348126
0.18467433424088173	-0.63977085087486674
-0.04153004981285556	-0.62286404562746212
-0.24735956600433595	-0.47365065162344455
-0.4060234306338259	-0.21952836352014674
-0.49827389618889545	0.08678826693667728
-0.51431368578258707	0.37888584067260711
-0.45605023385306942	0.59286530400899029
-0.33614196894455328	0.68216791634143537
-0.17730470118432071	0.6285863489419683
-0.008496753406387985	0.44547264287777011
0.13915601242094608	0.17418344483095369
0.23782239381349229	-0.12693109170359196
0.26782113543196417	-0.39622615374686831
0.221869305785172	-0.58376163964500316
0.10681632853744896	-0.66196645160992107
-0.057483137841175862	-0.63049378338013706
-0.24155056112445844	-0.51414028265184442
-0.41261274960204514	-0.35400249141104229
-0.54101776791694922	-0.19577213460840889
-0.60691095759914182	-0.077251094745833623
-0.60422320907263138	-0.019681255339286455
-0.54197148513603366	-0.023409422650252611
-0.44139766930531871	-0.070661775777614372
-0.33102657658764623	-0.13291349971421207
-0.2394697235555471	-0.18137967475677211
-0.1885759046825905	-0.19672585182749325
-0.18796899372499135	-0.17505046048466677
-0.23296710615269914	-0.12866512301101807
-0.30579642106459615	-0.081846277710512838
-0.38001296102243409	-0.06199161924048377
-0.42752541884590978	-0.089649418593930372
-0.42483767031939929	-0.16950156030090319
-0.35911788376794934	-0.28715558450976536
-0.2309729701491591	-0.4109654198599903
-0.054188478357066236	-0.50026803219243543
0.14730595956584885	-0.51630782178612711
0.34498552861242648	-0.43446154407561421
0.5110190262984774	-0.25342867558032733
0.62390446441191783	0.0016473297420548135
0.67115681753927958	0.28308061093731401
0.65104205437313656	0.53096038633387777
0.57066970327393596	0.68789021965594155
0.44356520843960134	0.71372728613659076
0.28620186729068103	0.59633336662384251
0.1146194694208665	0.35634343367606758
-0.057136331579690634	0.043610887381766904
-0.21848794473569105	-0.27415034970406948
-0.36206573699057376	-0.52671200963068376
-0.48266761442206035	-0.65832498586432631
-0.57665211128455607	-0.64081126965932245
-0.64141818061692157	-0.48015326902629246
-0.67549189580784486	-0.21415286646712575
-0.67904665998806835	0.097279156346605306
-0.65433671385724623	0.38755599720973771
-0.60621734507617142	0.59910781671572433
-0.54205818670140493	0.69751409341215653
-0.47026929057396361	0.6785264505958406
-0.39943411166560661	0.56728834222445501
-0.33640207364066715	0.40992500107553465
-0.28498804537548272	0.2599312929831753
-0.24597234095839504	0.16299894289805522
-0.21684061499363624	0.14505171886619489
-0.19325778921264103	0.20539600836462385
-0.17080208378147277	0.3178479386512077
-0.1464389439121358	0.43862321921343694
-0.11956145864703094	0.51908227187800882
-0.09216376398969825	0.51968918283560805
-0.068147430381846494	0.42128290613917574
-0.051847536092040972	0.2309729701491591
-0.046211934342906082	-0.018814239685573397
-0.051587431395927051	-0.27805192014577823
-0.065459681855336016	-0.49142447252456228
-0.082019680841255452	-0.61159284212919229
-0.0943313031239809	-0.61046572177936531
-0.095371721908436569	-0.48578887077542737
-0.080112246403086715	-0.26175202585597274
-0.046645442169762616	0.017687119335746418
0.0032079579187383211	0.29816668331192125
0.06415915837476642	0.52731892058828289
0.12883852614176067	0.66526111109403074
0.1887493078133331	0.69196519322839301
0.23582825780995226	0.60994551238713757
0.26322595246728492	0.44148437087069003
0.26600040255916674	0.22238951517739983
0.24059684390537409	-0.0061558111413627242
0.18536794676385218	-0.20652312871445083
0.1000536064384871	-0.35053442879619007
-0.013438742632552425	-0.42379725153494358
-0.15042721591921587	-0.42631159693071147
-0.30267516471122913	-0.37073589352770436
-0.45769756359512426	-0.27848542797263481
-0.59902111515035295	-0.175397266746152
-0.7079182812567133	-0.08678826693667728
-0.76592162849011702	-0.033900312060180633
-0.75811848760669942	-0.029998741618471866
-0.67722592711527096	-0.078811722922517133
-0.52584499397697071	-0.17374993700409716
-0.31819474491269295	-0.29834008644266385
-0.078638319791774519	-0.42891264389185063
0.16169841941748564	-0.537549705302097
0.36986887787399131	-0.59711368071218429
0.51717483743984016	-0.5867961944329988
0.58523556625631534	-0.49671326801221194
0.56954258292410898	-0.33154678597987403
0.48023997059166379	-0.11141151150212818
0.34047704721311856	0.13091936371067203
0.18103286849528688	0.35504291019549794
0.03398701362555194	0.52107640788154885
-0.074043136827095304	0.59798069636589735
-0.12736459953044849	0.5708431064046785
-0.12424334317708147	0.4444322240933144
-0.076297377526749255	0.24328459243188455
-0.0053754970530209703	0.0067627220989618661
0.062165022371226383	-0.21935496038940411
0.10213444400739843	-0.3932783005242439
0.097799365738833133	-0.48630908016765523
0.043784290512509517	-0.48960373965176485
-0.05254114861501142	-0.4148669903016991
-0.17331642917724063	-0.29131725964758809
-0.29435181443558378	-0.15762344584503427
-0.39067725356310473	-0.051414028265184444
-0.44174447556680396	8.6701565371305974e-05
-0.43619557538304038	-0.012658428544210672
-0.3730768357927296	-0.079592037010858888
-0.26201213055208666	-0.17435684796169632
-0.12060187743148661	-0.26149192115985881
0.029478532226244032	-0.30701024297979446
0.16629360238216487	-0.28732898764050802
0.27224291526590078	-0.19637904556600802
0.33579516268306803	-0.04690554686587653
0.3527019679304727	0.13221988719124161
0.32582448266536784	0.30328207566882831
0.26322595246728492	0.42977965954556369
0.17652438709597895	0.48509525825245692
0.078378215095660606	0.45934489333717904
-0.018987642816316007	0.36111201977148938
-0.10534240192613675	0.21467307585935358
-0.17270951821964151	0.053061358007239254
-0.21562679307843796	-0.090689837378386054
-0.23114637327990173	-0.19195726573207142
-0.21900815412791888	-0.24025003764388886
-0.18111957006065818	-0.24068354547074539
-0.1219891024774275	-0.21172522263672919
-0.048032667215703512	-0.17895203092637552
0.032773191710353658	-0.16698721490513529
0.11158491463287079	-0.19273757982041317
0.1800791512762025	-0.26001799454854663
0.23140647797601566	-0.35885777907183541
0.26105841333300228	-0.46818845300505224
0.26816794169344937	-0.56156603890994883
0.25472919906089697	-0.61393378439421764
0.22559747309613815	-0.60829818264508273
0.18753548589813482	-0.53997734913249362
0.14791287052344798	-0.41746803726283827
0.11366575220178213	-0.25949778515631877
0.090082926420786913	-0.090169627986158213
0.080372351099200642	0.067627220989618653
0.085574445021478998	0.1973327627850924
0.1044753862724237	0.29209757373592982
0.1334337091064399	0.35547641802235447
0.16750742429736315	0.39839369288115095
0.20080082539994462	0.43532855972932727
0.22707139970745036	0.47841923771886635
0.24007663451314623	0.53347473172964566
0.23426762963326875	0.59720038227755556
0.20556941149536645	0.657978179602841
0.15207454566127068	0.69864121376198351
0.074736749350065745	0.70176247011535053
-0.022455705431168246	0.65459681855336005
-0.13274009658346944	0.55376289802653123
-0.24709946130822202	0.40645693846068243
-0.35512961176086927	0.23001925293007475
-0.44694656948908229	0.047512457823475671
-0.51448708891332962	-0.11687371012052045
-0.55237567298059032	-0.24423830965096893
-0.55905169351418094	-0.32452395918479826
-0.53668268964838395	-0.35937798846406327
-0.49021065060936397	-0.360158302552405
-0.42674510475756799	-0.34489882704705516
-0.35408919297641361	-0.33232710006821581
-0.27900563736486261	-0.33631537207529588
-0.20686993497593606	-0.36111201977148938
-0.14071664059762959	-0.40038782888469099
-0.081586173014398924	-0.43810300982120909
-0.028871621268644888	-0.45379599315341546
0.019247747512429927	-0.42839243449962283
0.065199577159222089	-0.35105463818841787
0.11115140680601426	-0.22377674022334071
0.15909737245634648	-0.062511828632711611
0.20964438506781785	0.10499559566465154
0.26235893681357186	0.24510532530468199
0.314813383863212	0.32599788579611044
0.36275934951354422	0.32608458736148177
0.39969421636172053	0.23990323138240363
0.41798824665506612	0.080372351099200642
0.40923138855256419	-0.12268271500039796
0.36657421838988163	-0.32929254528022006
0.28663537511753756	-0.49818719462352412
0.17166909943518582	-0.59659347131995644
0.030258846314585783	-0.60821148107971146
-0.12259601343502664	-0.5368560927791266
-0.26695411977825112	-0.40585002750308324
-0.381400186068375	-0.25204145053438648
-0.44703327105445362	-0.11722051638200567
-0.45154175245376149	-0.037194971544290266
-0.39301819582812997	-0.033380102667952799
-0.28065296710691745	-0.10698973166819158
-0.13395391849866772	-0.23886281259794795
0.020981778819856047	-0.39397191304721435
0.15684313175669251	-0.52939975815719431
0.25117443488067343	-0.60474341846485913
0.29140396121295936	-0.59182488522453458
0.27779181544966436	-0.48084688154926292
0.22299642613499895	-0.28247369997971489
0.14895328930790366	-0.025490260219163955
0.080979262056799783	0.25030741922696037
0.041096541985999033	0.50226216819597547
0.041876856074340787	0.69352582140507646
0.083580309017938961	0.80042885150789678
0.15354847227258289	0.81525481918639009
0.22958574510321822	0.74632707471620185
0.28594176259456711	0.61410718752496019
0.29981401305397604	0.44495243348554225
0.25793715697963526	0.26539349160156761
0.16005108967543083	0.096412140692892237
0.019421150643172538	-0.048899682869416566
-0.14019643120540176	-0.16629360238216487
-0.29088375182073156	-0.25811056011037786
-0.40697714785291023	-0.33085317345690357
-0.47130970935841926	-0.39137086608607519
-0.47902614867646548	-0.44451892565868573
-0.43784290512509516	-0.49203138348216141
-0.36562050117079731	-0.53269441764130387
-0.28533485163696798	-0.56364687647886014
-0.21822784003957713	-0.58176750364146312
-0.17886532936100422	-0.58514886469094407
-0.17201590569667105	-0.57370425806193159
-0.19221737042818535	-0.54908101349648075
-0.22672459344596513	-0.51318656543276009
-0.2595844867216901	-0.46775494517819571
-0.2774450091881791	-0.41287285429815906
-0.27345673718109903	-0.34741317244282305
-0.24944040357324729	-0.26912165891253376
-0.21501988212083881	-0.17643768553060765
-0.1844142295447678	-0.06953465542778739
-0.17236271195815628	0.048466175042560039
-0.1888360093787044	0.17080208378147277
-0.23582825780995226	0.28793589859810714
-0.30553631636848227	0.38842301286345077
-0.3820937985913454	0.46090552151386255
-0.44477903035479965	0.49619305861998408
-0.4733038453619593	0.48925693339027959
-0.45232206654210327	0.43923013017103607
-0.37559118118849749	0.35010092096933354
-0.24796647696193508	0.22967244666858952
-0.084880832498508543	0.088782402940217317
0.090429732682272126	-0.060517692629171567
0.25134783801141602	-0.2061763224529656
0.37255662640050174	-0.33709568616363761
0.43463494720635687	-0.4439120147010866
0.42717861258442452	-0.51925567500875147
0.35044772723081874	-0.55835808099121043
0.21484647899009621	-0.55905169351418094
0.039449212243944216	-0.52220352823137584
-0.15190114253052805	-0.45145505088839022
-0.33302071259118626	-0.35356898358418576
-0.47989316433017859	-0.23721548285589314
-0.57353085493118905	-0.11305884124418299
-0.60248917776520516	0.0085834549717592919
-0.56416708587108799	0.11826093516646134
-0.46515389821705655	0.20938428037170392
-0.31949526839326253	0.27891893579949134
-0.14730595956584885	0.32712500614593742
0.028871621268644888	0.3574705540258945
0.18684187337516436	0.37498427023089831
0.30848416959110664	0.38486824868322722
0.38218050015671673	0.39111076138996126
0.40446280245714239	0.39501233183167
0.38018636415317669	0.39553254122389786
0.32114259813531731	0.38894322225567862
0.2438048018241124	0.37030238570084784
0.16568669142456571	0.33458134076786977
0.10239454870351236	0.27813862171114956
0.064766069332365561	0.20010721287697419
0.057136331579690634	0.10239454870351236
0.077511199441947537	-0.0098839784523288808
0.11843433829720396	-0.12918533240324589
0.16889464934330403	-0.24640584878525157
0.21692731655900754	-0.35226846010361618
0.25169464427290122	-0.43818971138658042
0.26574029786305281	-0.49758028366592499
0.25602972254146655	-0.52653860649994122
0.22403684491945464	-0.5241109626695446
0.17496375891929544	-0.49237818974364661
0.11722051638200567	-0.43671578477526818
0.06034428949842896	-0.36484018708245552
0.013958952024780261	-0.28611516572530971
-0.013785548894037649	-0.21033799759078831
-0.018294030293345559	-0.1465256454775071
0.0011271203498269776	-0.10109402522294277
0.040663034159142498	-0.077337796311204923
0.09225046555506955	-0.074043136827095304
0.14461821103933836	-0.086268057544449439
0.18510784206773825	-0.10542910349150807
0.2019279457497716	-0.12129548995445706
0.18675517180979306	-0.12406994004633885
0.13707517485203474	-0.10646952227596373
0.057656540971918475	-0.06580648811682123
-0.040056123201543357	-0.0045084813993079105
-0.13941611711706001	0.069361252297044776
-0.2222161120466572	0.14409800164711054
-0.27232961683127205	0.2062630240183369
-0.27943914519171914	0.24328459243188455
-0.2422441736474289	0.24605904252376634
-0.16889464934330403	0.21068480385227351
-0.075950571265264027	0.13932941555168871
0.015346177070721157	0.039969421636172051
0.083667010583310261	-0.075777168134521428
0.11297213967881169	-0.19395140173561146
0.096238737562149637	-0.30111453653454567
0.037628479371146793	-0.3861687721637968
-0.048986384434787873	-0.44174447556680396
-0.14271077660116963	-0.46454698725945742
-0.22091558856608762	-0.45526991976472769
-0.26522008847082496	-0.41738133569746694
-0.26548019316693888	-0.35686364306829538
-0.22247621674277113	-0.2803061608454322
-0.14704585486973493	-0.19516522365080974
-0.056962928448948028	-0.10837695671413247
0.027744500918817912	-0.026617380568990934
0.090256329551529513	0.044304499904737352
0.12094868369297183	0.099533397046259256
0.11999496647388747	0.13568794980609386
0.096412140692892237	0.15164103783441416
0.065633084986078616	0.14808627365419061
0.044217798339366045	0.12849171988027544
0.044911410862336493	0.098579679827174888
0.073176121173382236	0.065546383420707316
0.12528376196153712	0.036848165282805039
0.18892271094407573	0.019334449077801231
0.2467526550467368	0.017340313074261194
0.2801327577146896	0.032513087014239737
0.27458385753092601	0.063032038024939438
0.22316982926574158	0.104562087837795
0.12857842144564677	0.15060061904995847
0.0026010469611391792	0.19386470017024016
-0.13620815919832169	0.22707139970745036
-0.26634720882065194	0.24432501121634023
-0.36787474187045127	0.24155056112445844
-0.42622489536534014	0.21675391342826494
-0.43480835033709947	0.17002176969313101
-0.39605275061612571	0.1030014596611115
-0.32053568717771819	0.019247747512429927
-0.22507726370391032	-0.076297377526749255
-0.12944543709935982	-0.17765150744580593
-0.053581567399467095	-0.27813862171114956
-0.014045653590151568	-0.37099599822381824
-0.021588689777455188	-0.44989442271170671
-0.078985126053259747	-0.51015201064476434
-0.1799924497108312	-0.54960122288870861
-0.30952458837556235	-0.56867556727039592
-0.44521253818165618	-0.5711899126661637
-0.56000541073326526	-0.56303996552126101
-0.62728582546139877	-0.55124855263076333
-0.62503158476174481	-0.5421448882667762
-0.54153797730917708	-0.5393704381748945
-0.37853903441112186	-0.54283850078974671
-0.15320166601109766	-0.54812729627739631
0.10352166905333933	-0.54717357905831199
0.35096793662304659	-0.53009337068016471
0.54613316027385628	-0.48778300677896741
0.6523425778537062	-0.41478028873632777
0.64731388706217041	-0.31160542594447366
0.5287061456342238	-0.18536794676385218
0.31654741517063811	-0.049333190696273101
0.049506593827015714	0.07933193231474496
-0.2219560073505433	0.18242009354122776
-0.44659976322759709	0.24501862373931069
-0.58306802712203265	0.25811056011037786
-0.60994551238713757	0.22134909639294414
-0.53000666911479344	0.14279747816654093
-0.37021568413547651	0.038322091894117241
-0.1754839683115233	-0.071962299258183954
0.0023409422650252612	-0.16664040864365007
0.11652690385903523	-0.22715810127282166
0.13707517485203474	-0.24042344077463146
0.05817675036414631	-0.20140773635754378
-0.10040041269997231	-0.11305884124418299
-0.29755977235432213	0.014045653590151568
-0.48110698624537684	0.1642127648132535
-0.60006153393480866	0.31906176056640601
-0.61714174231295593	0.46064541681774862
-0.51743494213595409	0.57335745180044639
-0.31238574003281544	0.6462734682777147
-0.036588060586691118	0.6746248801541318
0.25967118828706137	0.65971221091026711
0.52211682666600456	0.60925189986416706
0.7040167108150045	0.53607577869078482
0.77606571163855975	0.45605023385306942
0.73150110703770854	0.3858219659023116
0.58566907408317181	0.34004353938626203
0.37134280448530349	0.32790532023427921
0.12996564649158765	0.35114133975378919
-0.097365857911976605	0.40316227897657275
-0.27848542797263481	0.46914217022413662
-0.39475222713555608	0.52913965346108038
-0.44243808808977436	0.5619995467368053
-0.43012646580704894	0.55038153697705028
-0.37359704518495745	0.48578887077542737
-0.29088375182073156	0.37142950605067482
-0.1973327627850924	0.22308312770037028
-0.1031748627918541	0.066760205335905598
-0.013438742632552425	-0.066066592812935157
0.070141566385386531	-0.14565862982379404
0.14617883921602187	-0.15155433626904286
0.21181192420210049	-0.078291513530289292
0.26123181646374488	0.061904917675112463
0.28689547981365149	0.24085694860148799
0.2818667890221157	0.4196355763971209
0.24293778617039935	0.5567107512491557
0.17357653387335456	0.6175752501398124
0.085054235629251157	0.58298132555666138
-0.0045951829646792165	0.45396939628415806
-0.074650047784694445	0.25204145053438648
-0.10594931288373589	0.014045653590151568
-0.086094654413706825	-0.21606030090529449
-0.013612145763295037	-0.39761337879280917
0.10083392052682885	-0.50260897445746078
0.23591495937532356	-0.52229022979674722
0.3638864698633712	-0.4685352592665375
0.45709065263752507	-0.37030238570084784
0.49437232574718665	-0.26548019316693888
0.46628101856688353	-0.19048333912075924
0.37784542188815146	-0.17097548691221537
0.24753296913507855	-0.21536668838232403
0.10360837061871064	-0.31255914316355804
-0.022282302300425636	-0.4355886644254412
-0.10196104087665582	-0.54899431193110948
-0.11696041168589176	-0.61826886266278291
-0.062945336459568138	-0.61913587831649597
0.049766698523129628	-0.5443124274010589
0.19837318156954806	-0.40489631028399892
0.35261526636510138	-0.22785171379579211
0.48076017998389164	-0.048639578173302653
0.55541022776858606	0.096932350085120078
0.55861818568732435	0.18207328727974254
0.48500855668708559	0.19395140173561146
0.34177757069368814	0.13655496545980692
0.14687245173899233	0.027224291526590075
-0.074823450915437059	-0.10829025514876116
-0.29565233791615336	-0.24337129399725588
-0.48951703808639352	-0.35669023993755278
-0.63578257886778666	-0.43688918790601078
-0.7213570238892657	-0.48327452537965948
-0.74285901210134964	-0.50312918384968852
-0.70549063742631668	-0.50755096368362518
-0.62225713466986299	-0.50555682768008514
-0.51179934038681918	-0.50087494315003456
-0.39535913809315526	-0.48969044121713612
-0.29331139565112813	-0.46272625438665999
-0.22230281361202853	-0.40871117916033634
-0.19187056416670012	-0.3195819699586338
-0.20288166296885599	-0.19464501425858191
-0.24692605817747942	-0.043697588947138211
-0.30787725863350751	0.11375245376715344
-0.36466678395171293	0.25178134583827255
-0.39553254122389786	0.3438584082625995
-0.38278741111431586	0.36917526535102085
-0.31732772925897984	0.31819474491269295
-0.20106093009605855	0.19577213460840889
-0.047599159388846977	0.02089507725448474
0.11964816021240224	-0.17661108866135028
0.27258972152738598	-0.36154552759834591
0.38348102363728631	-0.50009462906169289
0.43186049711447505	-0.56616122187462803
0.40879788072570766	-0.54569965244699981
0.3194085668278912	-0.43862321921343694
0.18189988414899994	-0.25837066480649179
0.023322721084881308	-0.029131725964758808
-0.12563056822302235	0.21822784003957713
-0.23773569224812097	0.45067473680004844
-0.29478532226244031	0.63760331174058416
-0.29105715495147416	0.75491052968796113
-0.23348731554492699	0.78699010887534437
-0.13932941555168871	0.72933356790342585
-0.030518951010699704	0.58827012104431098
0.071962299258183954	0.38087997667614715
0.15354847227258289	0.1334337091064399
0.2089507725448474	-0.1219891024774275
0.24259097990891412	-0.35148814601527439
0.26617380568990934	-0.52419766423491587
0.29374490347798465	-0.61740184700906986
0.33674887990215241	-0.62086990962392208
0.39969421636172053	-0.53902363191340918
0.47763892363052463	-0.3904171488669908
0.55714425907601217	-0.2047023958416534
0.6193959830126099	-0.016299894289805522
0.6452330494932591	0.14245067190505573
0.62078320805855081	0.24822658165804901
0.54162467887454846	0.29201087217055854
0.41582070752078343	0.28065296710691745
0.26244563837894319	0.23470113746012528
0.10829025514876116	0.18302700449882692
-0.017600417770375111	0.15458889105703855
-0.09060313581301474	0.17062868065073017
-0.09589193130066441	0.23868940946720535
-0.031559369795155376	0.34940730844636309
0.089996224855415599	0.47824583458812375
0.24510532530468199	0.591391377397678
0.40255536801897362	0.65381650446501838
0.52983326598405078	0.63855702895966848
0.59910781671572433	0.53390823955650224
0.59208498992064851	0.34741317244282305
0.50312918384968852	0.10508229723002284
0.33969673312477683	-0.15372187540332549
0.12120878838908575	-0.38408793459488544
-0.12433004474245277	-0.54526614462014322
-0.36449338082097033	-0.60864498890656793
-0.56763514848594021	-0.56356017491348886
-0.70765817656059937	-0.41859515761266525
-0.76739555510142921	-0.19958700348474634
-0.74112498079392342	0.056182614360606273
-0.63560917573704412	0.30744375080665098
-0.46931557335487922	0.5159610155246418
-0.26955516673939028	0.65225587628833481
-0.068407535077960407	0.69985503567718177
0.10213444400739843	0.65581064046855841
0.21545338994769533	0.53009337068016471
0.2551627068877535	0.34290469104351512
0.2178810337780919	0.12068857899685792
0.11444606629012388	-0.10707643323356288
-0.031646071360526683	-0.31212563533670151
-0.1886626062479618	-0.47035599213933493
-0.32183621065828777	-0.56460059369794446
-0.40038782888469099	-0.58705629912911272
-0.40342238367268668	-0.54015075226323617
-0.32374364509645648	-0.43619557538304038
-0.16950156030090319	-0.29591244261226729
0.03745507624040418	-0.14548522669305142
0.26626050725528067	-0.011357905063641082
0.48310112224891688	0.084187219975538102
0.65771807490672707	0.12788480892267631
0.76930298953959786	0.11869444299331788
0.80927241117576998	0.067453817858876053
0.78204811964917986	-0.0056356017491348883
0.70306299359592017	-0.076470780657491869
0.59451263375104502	-0.12354973065411101
0.48006656746092119	-0.13386721693329642
0.38001296102243409	-0.10724983636430549
0.30735704924127966	-0.05635601749134888
0.26617380568990934	-0.0031212563533670151
0.25273506305735693	0.027484396222703995
0.25707014132592221	0.016039789593691605
0.26669401508213719	-0.044824709296965186
0.26955516673939028	-0.14609213765065057
0.25672333506443701	-0.26348605716339885
0.22351663552722681	-0.36267264794817289
0.16984836656238841	-0.40836437289885114
0.099446695480887956	-0.37446406083867051
0.017947224031860335	-0.25282176462272821
-0.068234131947217808	-0.057049630014319327
-0.15320166601109766	0.17860522466489032
-0.23218679206435741	0.4067170431567963
-0.30163474592677347	0.57821273946123952
-0.35937798846406327	0.6551170279455879
-0.40385589149954321	0.62121671588540728
-0.43411473781412901	0.48665588642914043
-0.45006782584244931	0.28715558450976536
-0.45214866341136067	0.074736749350065745
-0.44200458026291783	-0.094678109385466128
-0.42232332492363139	-0.17635098396523635
-0.39622615374686831	-0.14791287052344798
-0.36718112934748082	-0.016039789593691605
-0.33761589555586546	0.18510784206773825
-0.30883097585259189	0.4019484570613745
-0.28047956397617485	0.57569839406547163
-0.2507409270538169	0.65702446238375667
-0.21701401812437884	0.61922257988186724
-0.17687119335746418	0.46498049508631395
-0.12875182457638937	0.22611768248836597
-0.07334952430412485	-0.044651306166222579
-0.012831831674953284	-0.28706888294439409
0.048639578173302653	-0.4483337945350232
0.10612271601447851	-0.49619305861998408
0.15502239888389507	-0.42648500006145407
0.19221737042818535	-0.2640062665556267
0.21666721186289362	-0.054968792445407991
0.23010595449544605	0.14453150947396706
0.23643516876755138	0.28308061093731401
0.24068354547074539	0.3263446920575957
0.24831328322342031	0.26487328220933976
0.26374616185951277	0.11583329133606478
0.29010343773238978	-0.082019680841255452
0.32781861866890788	-0.27839872640726349
0.37472416553478444	-0.42414405779642883
0.42691850788831059	-0.48249421129131775
0.47867934241498028	-0.43723599416749603
0.52402426110417333	-0.29582574104689596
0.55731766220675483	-0.086268057544449439
0.57361755649656032	0.14930009556938889
0.5701494938817081	0.36475348551708425
0.54613316027385628	0.51899557031263754
0.50364939324191638	0.58445525216797356
0.44711997261982489	0.55072834323853559
0.38278741111431586	0.42553128284236974
0.3176745355204651	0.23123307484527303
0.25845736637186312	-0.00043350782685652988
0.20990448976393175	-0.23470113746012528
0.17444354952706762	-0.43914342860566474
0.1511208284421863	-0.58809671791356843
0.13594805450220776	-0.66560791735551594
0.12285611813114057	-0.66586802205162987
0.10586261131836459	-0.59251849774750498
0.080459052664571942	-0.4571773542028964
0.045171515558450413	-0.27683809823057998
0.0027744500918817912	-0.072135702388926567
-0.040663034159142498	0.13542784510997993
-0.077251094745833623	0.32573778109999657
-0.09962009861163057	0.4821474050298325
-0.10369507218408194	0.59373231966270335
-0.089996224855415599	0.65676435768764274
-0.064505964636251648	0.67488498485024573
-0.037975285632632014	0.65815158273358365
-0.023236019519510001	0.62121671588540728
-0.031299265099041455	0.58012017389940829
-0.068754341339445635	0.54873420723499555
-0.13447412789089558	0.53546886773318569
-0.21978846821626064	0.54119117104769188
-0.30978469307167622	0.55913839507955221
-0.38642887685991073	0.57587179719621429
-0.43359452842190116	0.57517818467324378
-0.44079075834771958	0.54171138043991973
-0.4061968337645685	0.46498049508631395
-0.33657547677140981	0.34316479573962905
-0.24571223626228114	0.1841541248486539
-0.15034051435384455	0.0047685860954218284
-0.065026174028479475	-0.17184250256592845
0.0019941360035400373	-0.32062238874308951
0.051067222003699217	-0.41920206857026437
0.090949942074499968	-0.45223536497673195
0.13534114354460863	-0.41408667621335732
0.19828648000417676	-0.30961128994093362
0.28793589859810714	-0.15398198009943942
0.40272877114971622	0.030779055706813621
0.52939975815719431	0.21857464630106235
0.6452330494932591	0.38391453146414284
0.72326445832743447	0.50521002141859994
0.73887074009426956	0.56763514848594021
0.67748603181138489	0.56460059369794446
0.5397172444363797	0.49758028366592499
0.34359830356648557	0.37567788275386876
0.1219024009120562	0.21389276177101182
-0.08453402623702333	0.031299265099041455
-0.23556815311383833	-0.1508607237460724
-0.30102783496917435	-0.31177882907521626
-0.26816794169344937	-0.43333442372578723
-0.14479161417008096	-0.50139515254226241
0.042223662335826008	-0.50798447151048165
0.25282176462272821	-0.45232206654210327
0.44339180530885874	-0.34099725660534641
0.57639200658844214	-0.18762218746350612
0.62841294581122564	-0.010837695671413248
0.59546635097012945	0.16820103682033358
0.49229148817827534	0.32903244058410619
0.34775997870430825	0.45518321819935637
0.197506165915835	0.53702949590986915
0.074129838392466604	0.57396436275804552
-0.00026010469611391791	0.57327075023507512
-0.018814239685573397	0.5489076103657381
0.0091036643639871278	0.51821525622429576
0.061644812978998549	0.49714677583906847
0.11063119741378642	0.49714677583906847
0.12961884023010242	0.52124981101229151
0.10031371113460101	0.56356017491348886
0.017253611508889887	0.61037902021399404
-0.11132480993675686	0.64271870409749121
-0.26548019316693888	0.64124477748617903
-0.4192887701356357	0.5910445711361928
-0.5463932649699702	0.4858755723407987
-0.62615870511157179	0.3307664718915323
-0.64757399175828434	0.1421038656435705
-0.61063912491010797	-0.055055494010779291
-0.52532478458474285	-0.2309729701491591
-0.40827767133347981	-0.3574705540258945
-0.27839872640726349	-0.41295955586353034
-0.15294156131498374	-0.38712248938288119
-0.043957693643252131	-0.28282050624120009
0.043003976424167763	-0.11539978350920825
0.108810464540989	0.089649418593930372
0.15909737245634648	0.3015480443614022
0.2016678410536577	0.49003724747862137
0.24432501121634023	0.62997357398790921
0.29253108156278634	0.70609754838391581
0.34871369592339263	0.71450760022493254
0.41157233081758948	0.66292016882900551
0.47703201267292544	0.56806865631279679
0.53919703504415184	0.4525821712382172
0.59147807896304938	0.34056374877848988
0.62832624424585437	0.25368878027644126
0.64583996045085823	0.20756354749890651
0.64254530096674856	0.20999119132930308
0.61956938614335244	0.2594110835909475
0.58072708485700741	0.34593924583151081
0.53208750668370475	0.453102380630445
0.48102028468000552	0.56061232169086439
0.43550196286006992	0.64696708080068521
0.40272877114971622	0.69343911983970519
0.38703578781750986	0.68650299461000075
0.38955013321327775	0.62034970023169422
0.40697714785291023	0.49801379149278152
0.43264081120281683	0.33102657658764623
0.45691724950678247	0.13828899676723302
0.46966237961636448	-0.057223033145061941
0.46211934342906086	-0.23210009049898608
0.42960625641482109	-0.36666091995525296
0.3727300295312444	-0.44842049610039447
0.29807998174654993	-0.47391075631955848
0.21692731655900754	-0.44980772114633538
0.14331768755876878	-0.3905905519977334
0.091296748335985195	-0.31542029482081113
0.071355388300584813	-0.243978204954855
0.088262193547989476	-0.19187056416670012
0.13906931085557478	-0.16794093212421968
0.21311244768267007	-0.17227601039278498
0.29391830660872725	-0.19785297217732023
0.36206573699057376	-0.23253359832584261
0.39882720070800748	-0.26305254933654232
0.38955013321327775	-0.27952584675709047
0.32677819988445223	-0.27753171075355043
0.21181192420210049	-0.25984459141780403
0.054535284618551456	-0.23426762963326875
-0.12736459953044849	-0.21137841637524396
-0.31177882907521626	-0.19984710818086027
-0.47521127980012806	-0.20357527549182641
-0.59650676975458505	-0.21926825882403281
-0.66014571873712369	-0.23686867659440791
-0.65867179212581151	-0.2422441736474289
-0.59399242435881727	-0.22160920108905807
-0.4773788189344107	-0.16603349768605094
-0.32773191710353661	-0.0755170634384075
-0.16924145560478926	0.03936251067857291
-0.027137589961218771	0.15892396932560385
0.076210675961377955	0.25871747106797705
0.12563056822302235	0.3151601901246972
0.11591999290143609	0.31221233690207278
0.053234761137981867	0.24623244565450897
-0.045778426516049554	0.12823161518416154
-0.15597611610297946	-0.017427014639632501
-0.24926700044250469	-0.15814365523726209
-0.29938050522711951	-0.26036480081003183
-0.28793589859810714	-0.29738636922357947
-0.20843056315261957	-0.25585631941072395
-0.068494236643331721	-0.13898260929020348
0.11063119741378642	0.033380102667952799
0.297819877050436	0.22993255136470345
0.45813107142198078	0.4150403934324417
0.55948520134103741	0.5570575575106409
0.5793398598110665	0.63543577260630146
0.50919829342568002	0.64540645262400165
0.35686364306829538	0.59806739793126862
0.14479161417008096	0.51708813587446878
-0.094678109385466128	0.43212060181058898
-0.32521757170776872	0.37082259509307564
-0.51396687952110176	0.35183495227675965
-0.6367362960868711	0.38001296102243409
-0.68260142416829195	0.44529923974702745
-0.65407660916113231	0.52532478458474285
-0.56538090778628625	0.5906977648747076
-0.43766950199435256	0.6122864546521628
-0.29452521756632638	0.56832876100891061
-0.15614951923372206	0.44937421331947885
-0.036414657455948511	0.26088501020225968
0.058610258191002837	0.022108899169683022
0.13013904962233028	-0.23808249850960619
0.18389402015253997	-0.4865691848637691
0.22733150440356426	-0.69222529792450693
0.26695411977825112	-0.83129460878008166
0.306316630456824	-0.89033837479794109
0.34602594739688214	-0.86736245997454497
0.38374112833340024	-0.7706035130201675
0.41694782787061041	-0.61584121883238629
0.4439120147010866	-0.42275683275048792
0.46446028569408609	-0.21155181950598659
0.48058677685314899	-0.0011271203498269776
0.4947191320086719	0.19256417668967057
0.50902489029493736	0.35660353837218145
0.52359075327731674	0.48093358311463424
0.53503535990632911	0.55801127472972523
0.53702949590986915	0.58280792242591872
0.52177002040451936	0.55367619646115995
0.4819740018990899	0.47287033753510277
0.41373986995187212	0.34793338183505085
0.31810804334732162	0.19230407199355665
0.20201464731514293	0.024449841434708283
0.07699099004971971	-0.13395391849866772
-0.042483767031939929	-0.26114511489837361
-0.14253737347042703	-0.33874301590569245
-0.21267893985581354	-0.35564982115309712
-0.24857338791953423	-0.31013149933316148
-0.25299516775347081	-0.21155181950598659
-0.2352213468523531	-0.079071827618631046
-0.2088640709794761	0.061818216109741156
-0.1885759046825905	0.18354721389105474
-0.18649506711367914	0.26175202585597274
-0.20990448976393175	0.28056626554154612
-0.25923768046020484	0.2352213468523531
-0.32833882806113573	0.1335204106718112
-0.4061968337645685	-0.0060691095759914182
-0.47876604398035161	-0.15814365523726209
-0.53286782077204653	-0.29547893478541076
-0.55818467786046788	-0.39492563026629873
-0.54916771506185202	-0.44165777400143263
-0.50555682768008514	-0.43229400494133158
-0.43238070650670291	-0.37437735927329918
-0.33839620964420719	-0.28412102972176967
-0.2350479437216105	-0.18242009354122776
-0.13430072476015295	-0.089215910767073844
-0.047425756258104371	-0.019161045947058621
0.016473297420548136	0.021415286646712575
0.051240625134441831	0.035374238671492836
0.053928373660952315	0.033119997971838885
0.025490260219163955	0.028958322834016195
-0.029565233791615336	0.036501359021319818
-0.10334826592259672	0.064419263070880334
-0.18588815615608001	0.11340564750566821
-0.26634720882065194	0.17583077457300852
-0.33492814702935497	0.23704207972515054
-0.38478154711785589	0.27943914519171914
-0.41347976525575819	0.28698218137902276
-0.4238839531003149	0.24952710513861859
-0.42345044527345838	0.16551328829382311
-0.42258342961974532	0.043003976424167763
-0.43168709398373245	-0.10239454870351236
-0.45821777298735206	-0.25048082235770297
-0.50338928854580245	-0.38183369389523153
-0.56139263577920617	-0.4819740018990899
-0.6190491767511247	-0.54387891957420242
-0.65832498586432631	-0.56936917979336632
-0.66049252499860889	-0.56720164065908363
-0.61081252804085062	-0.54968792445407988
-0.50295578071894598	-0.5283593393727386
-0.34238448165128726	-0.5106722200369922
-0.14626554078139317	-0.49714677583906847
0.058696959756374144	-0.48206070346446123
0.24120375486297321	-0.45535662133009897
0.37212311857364522	-0.4065436400260537
0.43073337676464807	-0.32920584371484879
0.40957819481404945	-0.22447035274631116
0.31628731047452419	-0.10291475809574019
0.17270951821964151	0.017080208378147277
0.010057381583071493	0.11279873654806907
-0.1377687873750052	0.16221862880971347
-0.24137715799371584	0.15042721591921587
-0.28282050624120009	0.073869733696352691
-0.25889087419871964	-0.057396436275804555
-0.18207328727974254	-0.22082888700071632
-0.076904288484348396	-0.38538845807545508
0.025576961784535262	-0.51804185309355322
0.095285020343065269	-0.59052436174396494
0.10993758489081598	-0.58558237251780054
0.059737378540829819	-0.50104834628077721
-0.05063371417684269	-0.35018762253470481
-0.20322846923034121	-0.15901067089097515
-0.37116940135456089	0.03936251067857291
-0.52419766423491587	0.21146511794061526
-0.63552247417167274	0.32963935154170532
-0.68615618834851544	0.3773252124959236
-0.66864247214351169	0.35096793662304659
-0.58722970225985538	0.2599312929831753
-0.45622363698381202	0.12276941656576926
-0.29660605513523775	-0.037194971544290266
-0.13126616997215723	-0.19689925495823588
0.018640836554830783	-0.33718238772900894
0.13707517485203474	-0.44547264287777011
0.21432626959786838	-0.51544080613241405
0.2468393566121081	-0.54595975714311373
0.23652187033292268	-0.53893693034803791
0.18900941250944703	-0.49679996957758321
0.11201842245972732	-0.42223662335826007
0.013872250459408956	-0.31732772925897984
-0.097192454781233992	-0.18580145459070871
-0.2134592539441553	-0.033900312060180633
-0.32721170771130875	0.12753800266119109
-0.4311668845915046	0.28299390937194269
-0.51830195778966714	0.41313295899427299
-0.58237441459906225	0.49784038836203892
-0.61835556422815419	0.52012269066246453
-0.6232975534543187	0.47026929057396361
-0.59720038227755556	0.34923390531562049
-0.54318530705123191	0.17002176969313101
-0.46688792952448266	-0.04309067798953907
-0.37619809214609662	-0.25819726167574919
-0.27987265301857567	-0.44079075834771958
-0.18649506711367914	-0.56017881386400792
-0.1030014596611115	-0.59511954470864425
-0.034160416756294554	-0.53798321312895359
0.017687119335746418	-0.39605275061612571
0.052367745484268806	-0.18996312972853138
0.071355388300584813	0.049679996957758321
0.07707769161509101	0.28784919703273582
0.072309105519669181	0.49151117408993356
0.059477273844715899	0.63491556321407361
0.040316227897657278	0.70262948576906359
0.016646700551290746	0.69187849166302162
-0.0094504706254723517	0.61107263273696455
-0.035114133975378922	0.47807243145738115
-0.05626931592597758	0.31646071360526679
-0.067713922554989966	0.15129423157292893
-0.063899053678652507	0.0057223033145061943
-0.039449212243944216	-0.10196104087665582
0.008843559667873209	-0.16005108967543083
0.080545754229943256	-0.16438616794399613
0.17054197908535884	-0.11834763673183266
0.2682546432588207	-0.032166280752754517
0.35885777907183541	0.078985126053259747
0.42475096875402796	0.19655244869675065
0.44937421331947885	0.30146134279603087
0.41989568109323483	0.37645819684221055
0.33154678597987403	0.40879788072570766
0.18918281564018963	0.39163097078218906
0.008323350275645373	0.32565107953462524
-0.18701527650590699	0.21866134786643365
-0.36822154813193647	0.08453402623702333
-0.50737756055288252	-0.059390572279344592
-0.58324143025277531	-0.19542532834692367
-0.58592917877928574	-0.30865757272184929
-0.51994928753172187	-0.38911662538642122
-0.40350908523805801	-0.43324772216041596
-0.26548019316693888	-0.44365191000497267
-0.13898260929020348	-0.42752541884590978
-0.054188478357066236	-0.39423201774332828
-0.031559369795155376	-0.35261526636510138
-0.07699099004971971	-0.30891767741796317
-0.18033925597231643	-0.26600040255916674
-0.31845484960880682	-0.22369003865796941
-0.46038531212163469	-0.18042595753768773
-0.57569839406547163	-0.13568794980609386
-0.64159158374766423	-0.091643554597470409
-0.64878781367348259	-0.054621986183922763
-0.60274928246131909	-0.033726908929438026
-0.52177002040451936	-0.039102405982458996
-0.4313402877222472	-0.078204811964917992
-0.35669023993755278	-0.15233465035738458
-0.3151601901246972	-0.25446909436478304
-0.31143202281373106	-0.3688284590895356
-0.33570846111769675	-0.4729570391004741
-0.36718112934748082	-0.54197148513603366
-0.37983955789169149	-0.55419640585338781
-0.35088123505767527	-0.49706007427369714
-0.26782113543196417	-0.37125610291993216
-0.13317360441032597	-0.19221737042818535
0.035460940236864143	0.012138219151982836
0.20999119132930308	0.20678323341056476
0.35903118220257801	0.35712374776440931
0.45691724950678247	0.43688918790601078
0.49099096469770576	0.43446154407561421
0.4656741076092844	0.35625673211069625
0.40186175549600317	0.22533736840002422
0.33067977032616097	0.076904288484348396
0.28498804537548272	-0.050026803219243549
0.2891497205133054	-0.12172899778131359
0.35148814601527439	-0.11748062107811959
0.46090552151386255	-0.034767327713893695
0.58835682260968236	0.11002428645618728
0.69473964332027471	0.28585506102919578
0.7412116823592948	0.45379599315341546
0.7001151403732957	0.57647870815381341
0.56382027960960279	0.62650551137305699
0.34802008340042218	0.59260519931287636
0.089042507636331231	0.48128038937611944
-0.16429946637862483	0.3146399807324694
-0.36241254325205896	0.12433004474245277
-0.46706133265522526	-0.0566161221874628
-0.4614257309060904	-0.2016678410536577
-0.35417589454178489	-0.29643265200449515
-0.17713129805357811	-0.34091055503997508
0.022282302300425636	-0.3482801880965361
0.19334449077801233	-0.3392632252979203
0.29461191913169771	-0.33596856581381063
0.30388898662642744	-0.35478280549938407
0.22369003865796941	-0.40142824766914664
0.079938843272344101	-0.46992248431247835
-0.085140937194622471	-0.54379221800883104
-0.22429694961556856	-0.60162216211149211
-0.29651935356986642	-0.62251723936597692
-0.27787851701503563	-0.59277860244361891
-0.16698721490513529	-0.50911159186030863
0.014739266113122016	-0.38018636415317669
0.22845862475339124	-0.22421024805019724
0.42726531414979585	-0.064505964636251648
0.56702823752834108	0.076384079092120569
0.61575451726701502	0.18198658571437124
0.56026551542937919	0.24484522060856806
0.40819096976810854	0.26730092603973632
0.18510784206773825	0.25923768046020484
-0.07170219456207004	0.23366071867566959
-0.32088249343920339	0.20262155827274206
-0.52532478458474285	0.17262281665427021
-0.65875849369118278	0.14297088129728355
-0.70930550630265421	0.10672962697207765
-0.68000037720715278	0.054015075226323622
-0.5867961944329988	-0.024103035173223059
-0.45466300880712851	-0.1306592590145581
-0.31229903846744411	-0.26027809924466055
-0.18770888902887745	-0.39874049914263615
-0.10343496748796803	-0.52523808301937158
-0.073696330565610077	-0.61731514544369859
-0.10291475809574019	-0.65641755142615754
-0.18484773737162433	-0.6331815319066475
-0.30397568819179877	-0.55064164167316421
-0.43732269573286731	-0.42492437188477056
-0.55853148412195308	-0.28212689371822963
-0.6416782853130355	-0.15268145661886981
-0.66586802205162987	-0.064592666201622947
-0.61965608770872382	-0.036674762152062425
-0.5032158854150599	-0.074563346219323132
-0.32989945623781924	-0.16898135090867533
-0.12354973065411101	-0.29738636922357947
0.084967534063879857	-0.42960625641482109
0.2638328634248841	-0.53364813486038831
0.38677568312139593	-0.58280792242591872
0.43870992077880822	-0.56113253108309225
0.41937547170100697	-0.46541400291317048
0.34342490043574297	-0.3059698241953388
0.23730218442126444	-0.10369507218408194
0.1334337091064399	0.1145327678554952
0.062685231763454224	0.32114259813531731
0.046818845300505223	0.49315850383198839
0.093897795297124373	0.61488750161330197
0.19551202991229497	0.68008707877252406
0.32920584371484879	0.69118487914005122
0.46402677786722957	0.65754467177598452
0.56728834222445501	0.59312540870510422
0.612633260913648	0.51301316230201743
0.58592917877928574	0.4311668845915046
0.48769630521359608	0.35833756967960761
0.33328081728730014	0.30128793966528827
0.14817297521956191	0.26235893681357186
-0.038322091894117241	0.23998993294777493
-0.19967370505011767	0.22932564040710429
-0.3176745355204651	0.22334323239648418
-0.38530175651008375	0.21467307585935358
-0.40715055098365283	0.19681255339286455
-0.39596604905075439	0.16586009455530834
-0.36839495126267907	0.12181569934668489
-0.3396100315594055	0.069361252297044776
-0.31923516369714861	0.017166909943518584
-0.31021820089853275	-0.023496124215623918
-0.30848416959110664	-0.041269945116741646
-0.30605652576071007	-0.027831202484189216
-0.29435181443558378	0.019421150643172538
-0.26764773230122152	0.094938214081580041
-0.22568417466150945	0.18554134989459478
-0.17348983230798326	0.27206951213515812
-0.12016836960463008	0.33319411572192886
-0.075603765003778814	0.35036102566544741
-0.047078949996619143	0.31264584472892937
-0.036761463717433732	0.22082888700071632
-0.040229526332285971	0.08843559667873209
-0.048032667215703512	-0.059910781671572426
-0.047945965650332205	-0.19325778921264103
-0.029218427530130112	-0.28117317649914525
0.01421905672089418	-0.30024752088083256
0.080632455795314556	-0.24068354547074539
0.16083140376377258	-0.10907056923710291
0.23929632042480448	0.072395807085040481
0.29807998174654993	0.27042218239310334
0.32070909030846079	0.44746677888131015
0.29677945826598034	0.5704963001431933
0.22481715900779639	0.61818216109741164
0.11236522872121255	0.58558237251780054
-0.024796647696193507	0.48535536294857085
-0.16664040864365007	0.3440318113933421
-0.29279118625890027	0.19542532834692367
-0.38677568312139593	0.072482508650411795
-0.43914342860566474	-0.00052020939222783581
-0.44894070549262233	-0.01335204106718112
-0.42249672805437399	0.028784919703273584
-0.37177631231216002	0.10716313479893419
-0.31082511185613193	0.19577213460840889
-0.25238825679587168	0.26886155421641983
-0.20513590366850992	0.30796396019887884
-0.17227601039278498	0.30683683984905186
-0.15198784409589938	0.27276312465812858
-0.13854910146334695	0.22369003865796941
-0.12398323848096754	0.18311370606419822
-0.10040041269997231	0.17253611508889888
-0.061644812978998549	0.20496250053776732
-0.0047685860954218284	0.2803061608454322
0.069794760123901303	0.38512835337934115
0.15814365523726209	0.49549944609701363
0.25429569123404044	0.58272122086054745
0.34992751783859088	0.62104331275466473
0.43602217225229772	0.5945993353164164
0.50338928854580245	0.50217546663060419
0.54387891957420242	0.35773065872200843
0.55124855263076333	0.18779559059424875
0.52211682666600456	0.025056752392307428
0.45657044324529727	-0.099446695480887956
0.35903118220257801	-0.16334574915954045
0.23825590164034882	-0.15805695367189079
0.10612271601447851	-0.09051643424764344
-0.023496124215623918	0.019507852208543845
-0.1376820858096339	0.14479161417008096
-0.22663789188059383	0.25785045541426399
-0.28576835946382451	0.33813610494809332
-0.31689422143212331	0.37654489840758182
-0.32747181240742268	0.377151809365181
-0.32903244058410619	0.35495620863012667
-0.33423453450638452	0.33050636719541837
-0.35330887888807183	0.32365694353108521
-0.39119746295533253	0.34680626148522392
-0.44599285226999791	0.40168835236526057
-0.5085046809027095	0.47807243145738115
-0.56520750465554359	0.55714425907601217
-0.60144875898074956	0.61670823448609935
-0.60569713568394357	0.63812352113281201
-0.57335745180044639	0.61185294682530622
-0.50807117307585303	0.54067096165546402
-0.42188981709677487	0.43923013017103607
-0.33198029380673055	0.32998615780319052
-0.25637652880295175	0.23652187033292268
-0.2087773694141048	0.17652438709597895
-0.19429820799709668	0.15588941453760813
-0.20747684593353519	0.1667271102090214
-0.23305380771807047	0.1886626062479618
-0.24978720983473252	0.19473171582395321
-0.23608836250606616	0.15996438811005953
-0.17609087926912242	0.06953465542778739
-0.065112875593850789	-0.074996854046179673
0.08834889511336079	-0.25360207871106999
0.26279244464042839	-0.43090677989539067
0.4281323298035089	-0.56416708587108799
0.55263577767670424	-0.61419388909033157
0.61011891551788011	-0.55653734811841304
0.58696959756374145	-0.38998364104013428
0.48509525825245692	-0.13880920615946085
0.3219229122236591	0.15025381278847325
0.1264975838767354	0.41807494822043739
-0.067367116293504739	0.60604394194542877
-0.22932564040710429	0.6703765034509378
-0.33908982216717765	0.59381902122807462
-0.39111076138996126	0.39015704417087688
-0.39466552557018481	0.10248125026888366
-0.37012898257010518	-0.2062630240183369
-0.34307809417425772	-0.46810175143968097
-0.33640207364066715	-0.62537839102323001
-0.36353966360188594	-0.64471284010103125
-0.42475096875402796	-0.52515138145400031
-0.50668394802991212	-0.29773317548506473
-0.5861025819100284	-0.017773820901117725
-0.63621608669464325	0.24866008948490553
-0.63430865225647448	0.44035725052086305
-0.56789525318205414	0.5156142092631566
-0.43905672704029347	0.46133902934071908
-0.2643530728171119	0.29478532226244031
-0.071442089865956127	0.057569839406547169
0.10733653792967679	-0.19568543304303759
0.24267768147428542	-0.41165903238296075
0.3146399807324694	-0.55185546358836257
0.31680751986675204	-0.60066844489240778
0.25698343976055088	-0.56789525318205414
0.15450218949166725	-0.48388143633725866
0.034940730844636309	-0.38946343164790642
-0.076470780657491869	-0.32365694353108521
-0.16074470219840128	-0.31247244159818671
-0.20912417567559	-0.36180563229445983
-0.22351663552722681	-0.45596353228769809
-0.21545338994769533	-0.56260645769440443
-0.20132103479217248	-0.64245859940137728
-0.1975928674812063	-0.66023242030249496
-0.21597359933992319	-0.5945993353164164
-0.26097171176763095	-0.44460562722405705
-0.32903244058410619	-0.23010595449544605
-0.41018510577164857	0.012658428544210672
-0.49142447252456228	0.24025003764388886
-0.56000541073326526	0.41200583864444601
-0.60682425603377055	0.49974782280020763
-0.6282395426804831	0.49359201165884492
-0.62633210824231433	0.40350908523805801
-0.60751786855674095	0.2555095131492387
-0.58012017389940829	0.085054235629251157
-0.55194216515373384	-0.07170219456207004
-0.5280125331112534	-0.18502114050236695
-0.50980520438327914	-0.23764899068274967
-0.49515263983552843	-0.2262910856191086
-0.47954635806869333	-0.16022449280617343
-0.45821777298735206	-0.057309734710433248
-0.42752541884590978	0.061644812978998549
-0.3859953690330542	0.17704459648820681
-0.33466804233324104	0.27441045440018341
-0.27657799353446605	0.34524563330854041
-0.21588689777455186	0.38694908625213859
-0.15718993801817774	0.40047453045006232
-0.10386847531482456	0.38876981912493597
-0.058090048798775003	0.35478280549938407
-0.020634972558370823	0.3015480443614022
0.0091903659293584329	0.23201338893361478
0.033380102667952799	0.14973360339624542
0.05444858305318015	0.06034428949842896
0.075603765003778814	-0.028524815007159664
0.10031371113460101	-0.10768334419116202
0.13169967779901379	-0.16776752899347705
0.17244941352352758	-0.20088752696531595
0.22403684491945464	-0.20262155827274206
0.28533485163696798	-0.17218930882741365
0.35209505697287358	-0.1132322443749256
0.41668772317449648	-0.033033296406467579
0.46810175143968097	0.059217169148601978
0.49402551948570145	0.15372187540332549
0.48284101755280295	0.24155056112445844
0.42691850788831059	0.314813383863212
0.32461066075016959	0.36718112934748082
0.18276689980271299	0.39301819582812997
0.016559998985919443	0.38772940034048031
-0.15216124722664198	0.34784668026967958
-0.29816668331192125	0.27146260117755899
-0.39709316940058137	0.16013779124080213
-0.43038657050316287	0.019507852208543845
-0.38894322225567862	-0.13950281868243131
-0.27562427631538167	-0.30094113340380302
-0.10464878940316631	-0.44573274757388404
0.10057381583071492	-0.55445651054950174
0.31203893377133018	-0.61133273743307837
0.50200206349986154	-0.60760457012211222
0.64792079801976954	-0.5436188148780885
0.73618299156775902	-0.43012646580704894
0.76392749248657699	-0.28672207668290883
0.73791702287518512	-0.1380288920711191
0.67185043006224998	-0.0092770674947297398
0.58280792242591872	0.078898424487888433
0.48700269269062563	0.11435936472475258
0.39639955687761091	0.09597863286603571
0.31724102769360857	0.032946594841096272
0.24978720983473252	-0.057049630014319327
0.19013653285927401	-0.15242135192275591
0.13247999188735554	-0.23201338893361478
0.071528791431327426	-0.27926574206097654
0.0051153923569070524	-0.28507474694085405
-0.065199577159222089	-0.24822658165804901
-0.13456082945626688	-0.17479035578855284
-0.19620564243526542	-0.0754303618730362
-0.2438915033894837	0.037368374675032873
-0.27328333405035643	0.15198784409589938
-0.28342741719879921	0.2594110835909475
-0.27718490449206518	0.35391578984567096
-0.26053820394077443	0.43238070650670291
-0.24059684390537409	0.49350531009347359
-0.22447035274631116	0.53616248025615609
-0.21658051029752232	0.55879158881806701
-0.21857464630106235	0.55905169351418094
-0.22854532631876254	0.53434174738335871
-0.2421574720820576	0.48249421129131775
-0.25394888497255519	0.40324898054194408
-0.25897757576409092	0.29912040053100564
-0.25394888497255519	0.1757440730076372
-0.23747558755200707	0.041963557639712094
-0.21059810228690221	-0.091383449901356495
-0.1754839683115233	-0.21267893985581354
-0.13438742632552425	-0.31021820089853275
-0.088608999809474703	-0.37368374675032873
-0.037541777805775486	-0.39527243652778393
0.020374867862256903	-0.37038908726621911
0.087395177894276421	-0.29842678800803518
0.16464627264011003	-0.18328710919494082
0.25082762861918817	-0.03364020736406672
0.34065045034386116	0.13690177172129214
0.42475096875402796	0.31117191811761713
0.4902973521747353	0.46966237961636448
0.5234173501465742	0.59312540870510422
0.51153923569070525	0.6654345142247734
0.44703327105445362	0.67653231459230057
0.32920584371484879	0.62503158476174481
0.16629360238216487	0.51899557031263754
-0.024796647696193507	0.37567788275386876
-0.22056878230460239	0.21840124317031975
-0.39397191304721435	0.073089419608010936
-0.51873546561652362	-0.036674762152062425
-0.57370425806193159	-0.094764810950837428
-0.54691347436219806	-0.095371721908436569
-0.43775620355972389	-0.0449981124277078
-0.25741694758740746	0.03962261537468683
-0.027571097788075299	0.13473423258700948
0.22342993396185548	0.21475977742472491
0.46446028569408609	0.25854406793723439
0.66656163457460027	0.25308186931884213
0.80684476734537336	0.19698595652360718
0.87195764293922418	0.10040041269997231
0.85860560187204304	-0.017947224031860335
0.77337796311204932	-0.13499433728312341
0.63058048494550833	-0.22906553571099039
0.44963431801559278	-0.28429443285251227
0.25195474896901515	-0.29435181443558378
0.058003347233403696	-0.26348605716339885
-0.11496627568235172	-0.2046156942762821
-0.25412228810329779	-0.13655496545980692
-0.35166154914601705	-0.078985126053259747
-0.40437610089177106	-0.048206070346446118
-0.41313295899427299	-0.054015075226323622
-0.38261400798357326	-0.09805947043494706
-0.32027558248160426	-0.17392334013483979
-0.23608836250606616	-0.26938176360864768
-0.14115014842448612	-0.3688284590895356
-0.047425756258104371	-0.45709065263752507
0.033900312060180633	-0.52142321414303416
0.093290884339525232	-0.55332939019967475
0.12519706039616582	-0.54899431193110948
0.12857842144564677	-0.50876478559882343
0.10724983636430549	-0.43619557538304038
0.069968163254643917	-0.33648877520603848
0.028264710311045747	-0.21614700247066579
-0.0048552876607931344	-0.081759576145141538
-0.018033925597231642	0.059563975410087205
-0.0032946594841096271	0.20088752696531595
0.042310363901197315	0.33492814702935497
0.11565988820532216	0.45396939628415806
0.2088640709794761	0.55038153697705028
0.31047830559464668	0.6172284438783272
0.40758405881050941	0.64852770897736867
0.48778300677896741	0.64046446339783725
0.54119117104769188	0.59156478052842065
0.56113253108309225	0.50295578071894598
0.54491933835865802	0.37845233284575058
0.49289839913587447	0.22464375587705379
0.40836437289885114	0.050893818872956603
0.29643265200449515	-0.13048585588381548
0.16360585385565438	-0.30466930071476916
0.017687119335746418	-0.45492311350324244
-0.13195978249512769	-0.56425378743645926
-0.27501736535778254	-0.616881637616842
-0.40064793358080492	-0.60162216211149211
-0.4991409118426085	-0.51396687952110176
-0.56312666708663228	-0.35937798846406327
-0.58913713669802414	-0.15337506914184026
-0.57925315824569523	0.078378215095660606
-0.54093106635157795	0.30328207566882831
-0.4860489754715413	0.48682928955988303
-0.4284791360649941	0.59824080106201127
-0.38122678293763235	0.61670823448609935
-0.35356898358418576	0.53624918182152748
-0.34897380061950656	0.36752793560896602
-0.364406679255599	0.13698847328666344
-0.39171767234756039	-0.11774072577423352
-0.42032918892009136	-0.35469610393401274
-0.44070405678234825	-0.53555556929855697
-0.44798698827353794	-0.63387514442961801
-0.44347850687423007	-0.63959744774412419
-0.43437484251024294	-0.56069902325623577
-0.43125358615687592	-0.42136960770454701
-0.4439120147010866	-0.25542281158386737
-0.47711871423829677	-0.098839784523288815
-0.52679871119605515	0.018294030293345559
-0.57925315824569523	0.078378215095660606
-0.6133268734366184	0.079071827618631046
-0.60543703098782964	0.032859893275724965
-0.53659598808301268	-0.037888584067260714
-0.39900060383875008	-0.1074232394950481
-0.20114763166142985	-0.15398198009943942
0.031992877622011903	-0.16568669142456571
0.26183872742134406	-0.14297088129728355
0.44417211939720053	-0.097886067304204447
0.53945713974026577	-0.050026803219243549
0.52307054388508889	-0.02046156942762821
0.39267138956664477	-0.025403558653792652
0.17097548691221537	-0.071181985169842199
-0.09805947043494706	-0.15276815818424114
-0.35790406185275103	-0.25490260219163957
-0.55220226984984777	-0.35677694150292411
-0.63803681956744063	-0.43810300982120909
-0.59607326192772858	-0.48474845199097172
-0.43602217225229772	-0.49229148817827534
-0.19438490956246798	-0.46680122795911139
0.073089419608010936	-0.42232332492363139
0.30475600228014049	-0.37541777805775489
0.44711997261982489	-0.33969673312477683
0.46766824361282444	-0.32044898561234686
0.36189233385983116	-0.31238574003281544
0.15398198009943942	-0.30111453653454567
-0.1088971661063603	-0.26730092603973632
-0.36813484656656514	-0.19343119234338363
-0.56746174535519756	-0.070661775777614372
-0.66517440952865947	0.096585543823634851
-0.64315221192434768	0.28906301894793412
-0.50902489029493736	0.47581819075772719
-0.2932246940857568	0.62130341745077866
-0.040402929463028585	0.69378592610119039
0.20201464731514293	0.67393126763116129
0.39457882400481348	0.56121923264846352
0.51327326699813136	0.37559118118849749
0.55332939019967475	0.15337506914184026
0.52714551745754035	-0.060257587933057653
0.45917149020643644	-0.2220427089159146
0.3776720187574088	-0.30102783496917435
0.30718364611053706	-0.28559495633308185
0.26287914620579972	-0.18692857494053569
0.24839998478879161	-0.036154552759834591
0.25689673819517961	0.12372313378485363
0.27510406692315387	0.24831328322342031
0.288456107990335	0.30302197097271438
0.28689547981365149	0.27111579491607379
0.26756103073585025	0.15831705836800472
0.23565485467920963	-0.0092770674947297398
0.20253485670737076	-0.19178386260132882
0.18198658571437124	-0.34576584270076821
0.18606155928682261	-0.43472164877172814
0.22074218543534502	-0.43810300982120909
0.2843811344178836	-0.35608332897995365
0.36735453247822342	-0.2088640709794761
0.45500981506861377	-0.031906176056640596
0.53044017694164991	0.13282679814884074
0.57907975511495258	0.24709946130822202
0.59173818365916331	0.2847279406793688
0.56633462500537057	0.23764899068274967
0.50815787464122431	0.11687371012052045
0.42787222510739498	-0.050200206349986155
0.33891641903643505	-0.2262910856191086
0.25342867558032733	-0.37212311857364522
0.18042595753768773	-0.45422950098027198
0.12354973065411101	-0.45136834932301889
0.080979262056799783	-0.35833756967960761
0.046472039039020002	-0.18588815615608001
0.011271203498269777	0.041269945116741646
-0.033033296406467579	0.2891497205133054
-0.092337167120440863	0.52029609379320718
-0.1685478430818188	0.6990747215888401
-0.25906427732946224	0.79782780454675761
-0.3572971508951519	0.79999534368104019
-0.45405609784952938	0.70323639672666272
-0.53980394600175097	0.51925567500875147
-0.60604394194542877	0.27337003561572776
-0.64705378236605648	0.0006069109575991418
-0.66075262969472282	-0.25889087419871964
-0.64878781367348259	-0.46576080917465568
-0.61575451726701502	-0.58801001634819716
-0.56824205944353934	-0.60630404664154269
-0.51301316230201743	-0.51804185309355322
-0.45639704011455462	-0.33874301590569245
-0.40272877114971622	-0.1000536064384871
-0.35460940236864141	0.15580271297223683
-0.31273254629430064	0.38356772520265764
-0.27614448570760952	0.54327200861660319
-0.24345799556262718	0.60795137638359753
-0.21302574611729877	0.56876226883576719
-0.18320040762956952	0.43662908320989691
-0.15233465035738458	0.2396431266862897
-0.11860774142794657	0.016299894289805522
-0.079592037010858888	-0.19282428138578447
-0.032686490144982351	-0.35365568514955709
0.024709946130822204	-0.44538594131239878
0.093637690601010445	-0.46333316534425911
0.17288292135038411	-0.41859515761266525
0.25741694758740746	-0.33371432511415672
0.33822280651346459	-0.2351346452869818
0.40220856175748843	-0.14617883921602187
0.43446154407561421	-0.081499471449027611
0.42093609987769048	-0.044131096773994738
0.35183495227675965	-0.026704082134362241
0.22516396526928162	-0.01508607237460724
0.049159787565530487	0.0051153923569070524
-0.15736334114892034	0.042830573293425149
-0.36674762152062429	0.097452559477347919
-0.54674007123145552	0.15788355054114817
-0.6668217392707142	0.20539600836462385
-0.70393000924963323	0.21874804943180498
-0.64809420115051219	0.18111957006065818
-0.50555682768008514	0.086181355979078139
-0.29894699740026298	-0.05852355662563153
-0.063465545851795979	-0.23183998580287218
0.15944417871783167	-0.40333568210731541
0.33024626249930444	-0.5397172444363797
0.41920206857026437	-0.61324017187124713
0.41235264490593121	-0.608384884210454
0.314813383863212	-0.52584499397697071
0.14921339400401759	-0.38278741111431586
-0.04872627973867396	-0.2087773694141048
-0.23816920007497752	-0.038582196590231162
-0.3817469923298602	0.096498842258263551
-0.45344918689193026	0.1757440730076372
-0.44347850687423007	0.19395140173561146
-0.3599848994216624	0.16178512098285694
-0.2264644887498512	0.10222114557276975
-0.075863869699892728	0.044044395208623438
0.056962928448948028	0.013438742632552425
0.14305758286265485	0.027310993091961382
0.16568669142456571	0.088695701374846017
0.12294281969651187	0.18588815615608001
0.02800460561493183	0.29660605513523775
-0.094764810950837428	0.39397191304721435
-0.21554009151306666	0.45457630724175724
-0.30544961480311095	0.46532730134779915
-0.34316479573962905	0.42648500006145407
-0.31888835743566335	0.3525285647997301
-0.23608836250606616	0.26738762760510765
-0.11037109271767251	0.19811307687343416
0.034420521452408474	0.16655370707827877
0.17097548691221537	0.18224669041048516
0.27415034970406948	0.23912291729406188
0.32513087014239739	0.31620060890915291
0.31472668229784068	0.38296081424505851
0.24458511591245416	0.40732395411439548
0.1264975838767354	0.3645800823863416
-0.020201464731514292	0.24545213156616721
-0.17184250256592845	0.059997483236943733
-0.30440919601865529	-0.16299894289805522
-0.39709316940058137	-0.38200709702597413
-0.43472164877172814	-0.55237567298059032
-0.41009840420627724	-0.6363894898253859
-0.32469736231554086	-0.61315347030587586
-0.18788229215962005	-0.48414154103337254
-0.016299894289805522	-0.2731966324849851
0.1685478430818188	-0.021068480385227351
0.34281798947814385	0.22395014335408334
0.48318782381428821	0.41781484352432346
0.56988938918559418	0.53044017694164991
0.58948394295950934	0.55220226984984777
0.53702949590986915	0.49532604296627103
0.41746803726283827	0.38937673008253515
0.24588563939302374	0.27163600430830159
0.045605023385306941	0.17721799961894941
-0.15493569731852377	0.12849171988027544
-0.32573778109999657	0.12996564649158765
-0.44096416147846218	0.16759412586273445
-0.48284101755280295	0.21363265707489792
-0.44573274757388404	0.23652187033292268
-0.33735579085975154	0.21077150541764483
-0.17825841840340509	0.1263241807459928
0.0013872250459408956	-0.007369633056561008
0.16716061803587792	-0.16239203194045609
0.28680877824828016	-0.29981401305397604
0.33674887990215241	-0.38001296102243409
0.30683683984905186	-0.37455076240404178
0.20270825983811336	-0.27527747005389647
0.045344918689193027	-0.098319575131060974
-0.13308690284495467	0.11843433829720396
-0.29504542695855424	0.32443725761942693
-0.40550322124159804	0.46862196083190877
-0.43905672704029347	0.51301316230201743
-0.38530175651008375	0.44330510374348742
-0.2509143301845595	0.2726764230927573
-0.058090048798775003	0.039796018505429444
0.16005108967543083	-0.20045401913845942
0.36648751682451036	-0.3902437457362482
0.52792583154588202	-0.48310112224891688
0.62147682058152121	-0.45526991976472769
0.63907723835189634	-0.31143202281373106
0.58818341947893971	-0.083146801191082434
0.48899682869416566	0.17912543405711814
0.36943537004713478	0.41868185917803652
0.25819726167574919	0.58662279130225625
0.17799831370729116	0.65320959350741925
0.14097674529374352	0.61436729222107411
0.1466123470428784	0.49142447252456228
0.18233339197585646	0.32461066075016959
0.22793841536116341	0.16204522567897087
0.26019139767928923	0.047772562519589591
0.25880417263334832	0.010664292540670636
0.21120501324450136	0.05817675036414631
0.11496627568235172	0.17522386361540937
-0.021675391342826495	0.32920584371484879
-0.18215998884511386	0.47798572989200983
-0.34576584270076821	0.58046698016089349
-0.49125106939381963	0.60561043411857218
-0.60162216211149211	0.53911033347878057
-0.66604142518237253	0.3858219659023116
-0.68121419912235104	0.16768082742810575
-0.65069524811165136	-0.081326068318284997
-0.58332813181814658	-0.3222697184851443
-0.4902973521747353	-0.51899557031263754
-0.38322091894117238	-0.64393252601268947
-0.27198281056978685	-0.68216791634143537
-0.1639526601171396	-0.63257462094904837
-0.06407245680939512	-0.50703075429139732
0.025056752392307428	-0.32712500614593742
0.10161423461517061	-0.12042847430074399
0.16481967577085266	0.083493607452567647
0.2132858508134127	0.25759035071815006
0.24571223626228114	0.38035976728391929
0.26079830863688835	0.43827641295195169
0.25767705228352134	0.42804562823813758
0.23626176563680878	0.35651683680681018
0.19785297217732023	0.2393830219901758
0.14522512199693752	0.098579679827174888
0.082193083971998065	-0.041269945116741646
0.013958952024780261	-0.15710323645280641
-0.053581567399467095	-0.23210009049898608
-0.11418596159400997	-0.25897757576409092
-0.16109150845988651	-0.24094365016685931
-0.18822909842110527	-0.19135035477447229
-0.19074344381687314	-0.13005234805695895
-0.16586009455530834	-0.078985126053259747
-0.11340564750566821	-0.056529420622091493
-0.036761463717433732	-0.073089419608010936
0.057223033145061941	-0.12823161518416154
0.15875056619486125	-0.21051140072153091
0.25594302097609523	-0.30076773027306042
0.33596856581381063	-0.37671830153832447
0.38746929564436638	-0.41894196387415045
0.4022952633228597	-0.41608081221689736
0.37680500310369575	-0.36804814500119387
0.31290594942504324	-0.28654867355216623
0.217620929081978	-0.19204396729744272
0.10178763774591321	-0.10933067393321683
-0.021501988212083881	-0.061124603586770708
-0.13906931085557478	-0.062685231763454224
-0.24016333607851756	-0.1176540242088622
-0.31758783395509377	-0.21666721186289362
-0.36839495126267907	-0.3397834346901481
-0.39414531617795695	-0.46055871525237735
-0.39926070853486401	-0.55194216515373384
-0.3902437457362482	-0.59199828835527724
-0.37299013422735827	-0.56850216413965327
-0.35174825071138832	-0.48093358311463424
-0.32807872336502181	-0.34065045034386116
-0.30033422244620389	-0.16811433525496228
-0.2645264759478545	0.011357905063641082
-0.21519328525158143	0.17236271195815628
-0.14687245173899233	0.29426511287021245
-0.056095912795234966	0.3642332761248564
0.057309734710433248	0.37879913910723578
0.18918281564018963	0.34394510982797077
0.33085317345690357	0.27310993091961383
0.46966237961636448	0.18467433424088173
0.5903509586132224	0.098492978261803588
0.67722592711527096	0.032599788579611044
0.7164150346631013	-0.00026010469611391791
0.69803430280438439	0.0060691095759914182
0.61844226579352546	0.049766698523129628
0.48110698624537684	0.12129548995445706
0.2972996676582082	0.2046156942762821
0.084794130933137243	0.28039286241080352
-0.13412732162941035	0.32894573901873486
-0.33570846111769675	0.33414783294101325
-0.49714677583906847	0.28663537511753756
-0.60058174332703651	0.18614826085219394
-0.63517566791018754	0.042136960770454701
-0.59893441358498167	-0.12710449483433456
-0.49870740401575198	-0.2972996676582082
-0.34949401001173436	-0.44269819278588829
-0.17218930882741365	-0.54049755852472148
0.0090169627986158209	-0.5754382893693577
0.16993506812775971	-0.54249169452826151
0.28966992990553325	-0.44781358514279535
0.35339558045344316	-0.30727034767590838
0.35391578984567096	-0.14366449382025401
0.29244437999741507	0.018380731858716866
0.17808501527266246	0.15640962392983598
0.026704082134362241	0.25507600532238217
-0.14123684998985744	0.30779055706813618
-0.30388898662642744	0.31715432612823724
-0.44044395208623432	0.2932246940857568
-0.53460185207947264	0.25004731453084644
-0.57604520032695694	0.20236145357662813
-0.5623463529982905	0.16169841941748564
-0.49836059775426672	0.13395391849866772
-0.3951857349624126	0.11886784612406048
-0.2686014495203059	0.11097800367527165
-0.13629486076369299	0.10135412991905668
-0.015432878636092464	0.081152665187542397
0.080025544837715415	0.044131096773994738
0.14071664059762959	-0.011357905063641082
0.16273883820194132	-0.081152665187542397
0.14765276582733408	-0.15640962392983598
0.10092062209220015	-0.22455705431168246
0.030865757272184928	-0.27224291526590078
-0.053061358007239254	-0.28793589859810714
-0.14193046251282787	-0.2645264759478545
-0.22759160909967818	-0.20045401913845942
-0.30310867253808571	-0.10074721896145754
-0.36249924481743029	0.023842930477109142
-0.40038782888469099	0.15814365523726209
-0.41226594334055988	0.2845545375486262
-0.39431871930869955	0.38608207059842548
-0.34463872235094123	0.4485071976657658
-0.26409296812099797	0.46263955282128866
-0.15718993801817774	0.42527117814625581
-0.032599788579611044	0.33987013625551943
0.097886067304204447	0.21588689777455186
0.22030867760848849	0.067800624120361266
0.32079579187383211	-0.08678826693667728
0.38833631129807944	-0.22984584979933215
0.41729463413209567	-0.34515893174316908
0.40845107446422246	-0.42015578578934876
0.36986887787399131	-0.44781358514279535
0.31524689169006853	-0.42700520945368192
0.26114511489837361	-0.36310615577502942
0.22334323239648418	-0.26652061195139454
0.21371935864026922	-0.1511208284421863
0.23730218442126444	-0.032166280752754517
0.29140396121295936	0.075863869699892728
0.36605400899765383	0.16204522567897087
0.44651306166222576	0.22013527447774586
0.51682803117835496	0.24952710513861859
0.56390698117497406	0.25542281158386737
0.58003347233403701	0.24701275974285072
0.56494739995942977	0.23634846720218008
0.52558488928085678	0.2350479437216105
0.47425756258104368	0.25204145053438648
0.42535787971162708	0.29114385651684543
0.39137086608607519	0.34975411470784828
0.37966615476094884	0.4192887701356357
0.39015704417087688	0.48648248329839783
0.41564730439004083	0.53590237556004228
0.44278489435125962	0.55358949489578868
0.45518321819935637	0.53009337068016471
0.43758280042898123	0.46385337473648697
0.37923264693409231	0.36128542290223198
0.2769247997959513	0.23660857189829401
0.13629486076369299	0.10941737549858814
-0.028784919703273584	0.00034680626148522389
-0.19845988313491938	-0.07326282273875355
-0.35036102566544741	-0.10170093618054191
-0.46315976221351651	-0.085314340325365084
-0.52064290005469238	-0.034333819887037167
-0.51414028265184442	0.032686490144982351
-0.4439120147010866	0.093724392166381759
-0.31888835743566335	0.12762470422656239
-0.1553692051453803	0.12034177273537269
0.0260971711767631	0.068494236643331721
0.20357527549182641	-0.019421150643172538
0.35721044932978063	-0.12406994004633885
0.47139641092379059	-0.21935496038940411
0.5372028990406118	-0.27865883110337741
0.5524623745459617	-0.28117317649914525
0.52177002040451936	-0.21718742125512147
0.45500981506861377	-0.090949942074499968
0.36622741212839643	0.07933193231474496
0.27094239178533119	0.26469987907859716
0.1843275279793965	0.4306466751992768
0.11930135395091702	0.54422572583568762
0.084967534063879857	0.58055368172626476
0.085747848152221612	0.52775242841513947
0.12077528056222922	0.38946343164790642
0.18346051232568344	0.1842408264140252
0.26235893681357186	-0.057569839406547169
0.34203767538980206	-0.29964060992323344
0.40541651967622672	-0.50564352924545641
0.43532855972932727	-0.64505964636251645
0.41807494822043739	-0.69820770593512704
0.34550573800465428	-0.65875849369118278
0.2177943322127206	-0.53460185207947264
0.044564604600851272	-0.34576584270076821
-0.15554260827612293	-0.12181569934668489
-0.35669023993755278	0.10352166905333933
-0.52974656441867951	0.29643265200449515
-0.64714048393142776	0.42873924076110803
-0.68789021965594155	0.48188730033371863
-0.64280540566286248	0.44989442271170671
-0.51665462804761231	0.34073715190923248
-0.32816542493039313	0.17513716205003807
-0.10733653792967679	-0.016559998985919443
0.11028439115230119	-0.19915349565788981
0.29019013929776111	-0.33917652373254897
0.4061968337645685	-0.41027180733701984
0.44581944913925531	-0.39874049914263615
0.41278615273278774	-0.30640333202219533
0.32599788579611044	-0.15060061904995847
0.21493318055546751	0.039015704417087689
0.11305884124418299	0.22611768248836597
0.048986384434787873	0.37550447962312616
0.040402929463028585	0.45986510272940689
0.089215910767073844	0.46558740604391308
0.18181318258362864	0.39501233183167
0.29227097686667242	0.26565359629768148
0.38902992382104989	0.10603601444910721
0.44287159591663089	-0.051327326699813138
0.43420143937950034	-0.17721799961894941
0.35842427124497889	-0.25178134583827255
0.2265511903152225	-0.26834134482419197
0.062598530198082911	-0.23296710615269914
-0.10291475809574019	-0.16143831472137171
-0.23998993294777493	-0.073783032130981377
-0.32747181240742268	0.011964816021240225
-0.3574705540258945	0.084447324671652016
-0.33692228303289501	0.14158365625134264
-0.28507474694085405	0.18987642816316008
-0.22785171379579211	0.24033673920926016
-0.19074344381687314	0.30380228506105611
-0.19204396729744272	0.38530175651008375
-0.23782239381349229	0.48076017998389164
-0.32079579187383211	0.57665211128455607
-0.42301693744660185	0.65216917472296354
-0.52081630318543504	0.68502906799868846
-0.59173818365916331	0.65719786551449932
-0.62052310336243688	0.5609591279523497
-0.6034428949842896	0.40151494923451797
-0.54899431193110948	0.1974194643504637
-0.47521127980012806	-0.023582825780995225
-0.40463620558788499	-0.23045276075693127
-0.35764395715663716	-0.39613945218149699
-0.34767327713893698	-0.5032158854150599
-0.3769784062344384	-0.54734698218905464
-0.43636897851378298	-0.53728960060598308
-0.50815787464122431	-0.49073086000159183
-0.5708431064046785	-0.42873924076110803
-0.60535032942245826	-0.36934866848176345
-0.599888130804066	-0.32261652474662955
-0.55324268863430337	-0.28819600329422107
-0.47434426414641501	-0.25646323036832308
-0.37975285632632017	-0.21224543202895702
-0.2888029142518202	-0.14106344685911482
-0.21814113847420583	-0.034420521452408474
-0.17678449179209288	0.10542910349150807
-0.16429946637862483	0.26478658064396843
-0.1710621884775867	0.42093609987769048
-0.18120627162602948	0.54700017592756944
-0.17782491057654856	0.6190491767511247
-0.14799957208881931	0.62208373153912033
-0.086614863805934666	0.55428310741875908
0.0014739266113122016	0.42856583763036543
0.10213444400739843	0.26998867456624681
0.19551202991229497	0.1101976895869299
0.26140521959448754	-0.019247747512429927
0.2845545375486262	-0.094071198427866987
0.25906427732946224	-0.10204774244202713
0.19074344381687314	-0.045605023385306941
0.095718528169921796	0.059303870713973285
-0.0029478532226244031	0.18666847024442176
-0.080285649533829329	0.3066634367183092
-0.11557318663995086	0.39180437391293171
-0.097539261042719219	0.42214992179288879
-0.027137589961218771	0.38876981912493597
0.082799994929597207	0.29487202382781164
0.21007789289467438	0.15476229418778117
0.32773191710353661	-0.0092770674947297398
0.40992500107553465	-0.17140899473907192
0.43732269573286731	-0.3066634367183092
0.40108144140766144	-0.39466552557018481
0.30380228506105611	-0.42284353431585925
0.15909737245634648	-0.38772940034048031
-0.012658428544210672	-0.29547893478541076
-0.18788229215962005	-0.16091810532914388
-0.34472542391631256	-0.0053754970530209703
-0.46706133265522526	0.1464389439121358
-0.54647996653534159	0.26998867456624681
-0.58237441459906225	0.34446531922019863
-0.58046698016089349	0.35625673211069625
-0.55064164167316421	0.30146134279603087
-0.50382279637265903	0.18684187337516436
-0.44989442271170671	0.028871621268644888
-0.39631285531223959	-0.14869318461178974
-0.34793338183505085	-0.3195819699586338
-0.30787725863350751	-0.45951829646792164
-0.27857212953800609	-0.55116185106539206
-0.26287914620579972	-0.58748980695596931
-0.26443977438248323	-0.57301064553896119
-0.28689547981365149	-0.52289714075434635
-0.33258720476432974	-0.45873798237957991
-0.40047453045006232	-0.40368248836880061
-0.48552876607931345	-0.37671830153832447
-0.57734572380752647	-0.38772940034048031
-0.66161964534843587	-0.43463494720635687
-0.72213733797760749	-0.50382279637265903
-0.74398613245117651	-0.57257713771210461
-0.7171086471860717	-0.61523430787478717
-0.63942404461338154	-0.60829818264508273
-0.51778174839743929	-0.53659598808301268
-0.36744123404359469	-0.39700646783521004
-0.20973108663318915	-0.19958700348474634
-0.06797402725110388	0.033813610494809326
0.037541777805775486	0.27406364813869816
0.093984496862495673	0.49012394904399265
0.098926486088660115	0.6551170279455879
0.060777797325285488	0.7507488545501384
-0.0027744500918817912	0.77008330362793964
-0.068580938208703021	0.71762885657829956
-0.11288543811344037	0.60760457012211222
-0.11696041168589176	0.46055871525237735
-0.070835178908356985	0.29851348957340645
0.023929632042480449	0.14193046251282787
0.15493569731852377	0.0062425127067340302
0.30146134279603087	-0.099359993915516642
0.43879662234417954	-0.17201590569667105
0.54353211331271711	-0.21415286646712575
0.59789399480052596	-0.23201338893361478
0.59303870713973283	-0.23374742024104089
0.53052687850702129	-0.22811181849190601
0.42128290613917574	-0.22299642613499895
0.28230029684897223	-0.22429694961556856
0.1334337091064399	-0.23574155624458093
-0.0072829314911897021	-0.25811056011037786
-0.12675768857284933	-0.28966992990553325
-0.21874804943180498	-0.32608458736148177
-0.28412102972176967	-0.36128542290223198
-0.32920584371484879	-0.38833631129807944
-0.36327955890577202	-0.40064793358080492
-0.39535913809315526	-0.39319159895887257
-0.43168709398373245	-0.36371306673262854
-0.47356395005807322	-0.31394636820949895
-0.51743494213595409	-0.24883349261564813
-0.55532352620321479	-0.17609087926912242
-0.57734572380752647	-0.10412858001093847
-0.57431116901953072	-0.040923138855256419
-0.53989064756712235	0.0079765440141601491
-0.47235012814287497	0.040402929463028585
-0.37481086710015571	0.057743242537289775
-0.25490260219163957	0.06415915837476642
-0.12268271500039796	0.064332561505509034
0.011357905063641082	0.06199161924048377
0.13837569833260432	0.05852355662563153
0.25247495836124301	0.052020939222783585
0.35105463818841787	0.038408793459488548
0.43376793155264376	0.012311622282725448
0.50130845097689114	-0.030258846314585783
0.55384959959190261	-0.090343031116900827
0.58974404765562327	-0.16455957107473873
0.60517692629171571	-0.24501862373931069
0.59520624627401553	-0.32105589656994604
0.55489001837635821	-0.381400186068375
0.4818005987683473	-0.41694782787061041
0.3776720187574088	-0.42319034057734445
0.24970050826936122	-0.4017750539306319
0.10933067393321683	-0.3599848994216624
-0.028784919703273584	-0.30891767741796317
-0.15051391748458717	-0.26071160707151708
-0.24484522060856806	-0.22464375587705379
-0.30640333202219533	-0.20513590366850992
-0.33683558146752368	-0.20019391444234549
-0.3443786176548273	-0.2019279457497716
-0.34091055503997508	-0.19889339096177591
-0.33822280651346459	-0.17955894188397467
-0.34411851295871343	-0.13620815919832169
-0.35946469002943454	-0.067193713162762125
-0.37723851093055227	0.020981778819856047
-0.38400123302951417	0.11539978350920825
-0.3642332761248564	0.19915349565788981
-0.30484270384551182	0.2551627068877535
-0.20097422853068725	0.27076898865458854
-0.059303870713973285	0.24051014234000276
0.10126742835368538	0.16811433525496228
0.25221485366512908	0.065893189682192543
0.36137212446760331	-0.048032667215703512
0.40090803827691884	-0.15302826288035504
0.35469610393401274	-0.2307995670184165
0.22369003865796941	-0.2686014495203059
0.027831202484189216	-0.26157862272523014
-0.19767956904657763	-0.2132858508134127
-0.40871117916033634	-0.13473423258700948
-0.56269315925977581	-0.041269945116741646
-0.62841294581122564	0.049853400088500935
-0.59373231966270335	0.12285611813114057
-0.46966237961636448	0.16568669142456571
-0.28828270485959234	0.1713222931737006
-0.095024915646951341	0.13811559363649042
0.061731514544369856	0.069881461689272617
0.14279747816654093	-0.025923768046020486
0.12753800266119109	-0.13863580302871825
0.019421150643172538	-0.25637652880295175
-0.15476229418778117	-0.36700772621673816
-0.35122804131916052	-0.45969169959866429
-0.5198625859663506	-0.52601839710771336
-0.61636142822461415	-0.56104582951772097
-0.61384708282884626	-0.56468729526331585
-0.50919829342568002	-0.54153797730917708
-0.32409045135794173	-0.50044143532317809
-0.099533397046259256	-0.453102380630445
0.11357905063641083	-0.41174573394833208
0.26764773230122152	-0.38686238468676726
0.32885903745336353	-0.38478154711785589
0.28594176259456711	-0.40611013219919717
0.15181444096515676	-0.44573274757388404
-0.039969421636172051	-0.49437232574718665
-0.24354469712799848	-0.54058426009009275
-0.41191913707907468	-0.57413776588878818
-0.50833127777196696	-0.58879033043653883
-0.51370677482498794	-0.58384834121037443
-0.43073337676464807	-0.56477399682868712
-0.28099977336840265	-0.54136457417843453
-0.099013187654031429	-0.52419766423491587
0.076644183788234482	-0.52159661727377671
0.21276564142118487	-0.53590237556004228
0.288456107990335	-0.56191284517143403
0.29807998174654993	-0.58731640382522665
0.2507409270538169	-0.59511954470864425
0.16490637733622396	-0.56798195474742541
0.06225172393659769	-0.49307180226661707
-0.039015704417087689	-0.36622741212839643
-0.12875182457638937	-0.19369129703949756
-0.2063497255837082	0.007716439318046232
-0.27883223423412001	0.21449967272861098
-0.3557365227184684	0.40125484453840404
-0.4439120147010866	0.54595975714311373
-0.54327200861660319	0.63578257886778666
-0.64419263070880339	0.66890257683962562
-0.72890006007656927	0.65546383420707321
-0.77571890537707455	0.61358697813273233
-0.76496791127103259	0.56494739995942977
-0.68537587426017377	0.5287061456342238
-0.53902363191340918	0.51682803117835496
-0.34273128791277252	0.53104708789924904
-0.12589067291913628	0.56356017491348886
0.074996854046179673	0.59910781671572433
0.22412354648482594	0.6204364017970655
0.29452521756632638	0.6133268734366184
0.27406364813869816	0.57101650953542116
0.16794093212421968	0.49688667114295454
-0.0019941360035400373	0.40385589149954321
-0.20288166296885599	0.31125861968298846
-0.3977000803581805	0.23990323138240363
-0.55376289802653123	0.2063497255837082
-0.64930802306571045	0.21866134786643365
-0.67722592711527096	0.27423705126944081
-0.64497294479714518	0.35972479472554847
-0.57092980797004989	0.45448960567638591
-0.47867934241498028	0.53529546460244304
-0.3904171488669908	0.58142069737997781
-0.32114259813531731	0.58012017389940829
-0.27597108257686692	0.52861944406885253
-0.24970050826936122	0.4354152612946986
-0.22975914823396082	0.3175011323897225
-0.20149443792291508	0.19655244869675065
-0.15294156131498374	0.0944180046893522
-0.079765440141601501	0.027917904049560523
0.013525444197923732	0.0059824080106201123
0.11383915533252474	0.027744500918817912
0.20322846923034121	0.083667010583310261
0.26322595246728492	0.15745004271429164
0.28021945928006092	0.22967244666858952
0.24892019418101946	0.2818667890221157
0.17383663856946849	0.29964060992323344
0.068494236643331721	0.27510406692315387
-0.047859264084960898	0.20739014436816389
-0.15458889105703855	0.10274135496499757
-0.23461443589475398	-0.027484396222703995
-0.27735830762280783	-0.16872124621256143
-0.28091307180303138	-0.30553631636848227
-0.25117443488067343	-0.4235371468388297
-0.19976040661548897	-0.51041211534087827
-0.14097674529374352	-0.55731766220675483
-0.088262193547989476	-0.55948520134103741
-0.051067222003699217	-0.51613441865538445
-0.033553505798695413	-0.43038657050316287
-0.034247118321665861	-0.30909108054870582
-0.047425756258104371	-0.16239203194045609
-0.065026174028479475	-0.0033813610494809331
-0.078291513530289292	0.15285485974961244
-0.079678738576230188	0.29079705025536023
-0.063812352113281193	0.39570594435464046
-0.028091307180303136	0.45535662133009897
0.027224291526590075	0.46220604499443213
0.09979350174237317	0.41443348247484257
0.18510784206773825	0.31698092299749464
0.2769247997959513	0.18137967475677211
0.36822154813193647	0.024796647696193507
0.45102154306153369	-0.13230658875661291
0.51786844996281056	-0.26903495734716243
0.56208624830217657	-0.36674762152062429
0.57959996450718043	-0.41252604803667381
0.56936917979336632	-0.40090803827691884
0.53390823955650224	-0.33475474389861237
0.47833253615349508	-0.22464375587705379
0.40897128385645026	-0.08678826693667728
0.33215369693747321	0.059824080106201119
0.25178134583827255	0.19707265808897848
0.16820103682033358	0.31004479776779015
0.077944707268804064	0.38998364104013428
-0.024796647696193507	0.43420143937950034
-0.14548522669305142	0.44564604600851271
-0.28594176259456711	0.43108018302613332
-0.44165777400143263	0.39848039444652228
-0.60014823550017993	0.35452270080327014
-0.74147178705540873	0.30284856784197178
-0.84117858723241057	0.2438048018241124
-0.87585921338093298	0.17487705735392414
-0.82886696494968515	0.093290884339525232
-0.69604016680084435	-0.0020808375689113433
-0.48838991773656654	-0.10872376297561769
-0.23314050928344177	-0.21918155725866151
0.030518951010699704	-0.32157610596217384
0.25854406793723439	-0.40168835236526057
0.41070531516387637	-0.44607955383536924
0.45986510272940689	-0.44564604600851271
0.39804688661966575	-0.39830699131577962
0.23912291729406188	-0.31065170872538933
0.016299894289805522	-0.19715935965434978
-0.22429694961556856	-0.078118110399546678
-0.43376793155264376	0.025143453957678731
-0.5708431064046785	0.093984496862495673
-0.61089922960622189	0.11704711325126306
-0.55142195576150599	0.092423868685812163
-0.41183243551370335	0.027571097788075299
-0.22915223727636169	-0.06225172393659769
-0.048899682869416566	-0.15805695367189079
0.084967534063879857	-0.24146385955908714
0.14080334216300089	-0.29912040053100564
0.10534240192613675	-0.32478406388091219
-0.013005234805695896	-0.32053568717771819
-0.18710197807127829	-0.29426511287021245
-0.3774986156266662	-0.25741694758740746
-0.54119117104769188	-0.22030867760848849
-0.64159158374766423	-0.1888360093787044
-0.65537713264170183	-0.16343245072491175
-0.57743242537289774	-0.13880920615946085
-0.42076269674694788	-0.10681632853744896
-0.21224543202895702	-0.059910781671572426
0.013091936371067201	0.0052020939222783584
0.22013527447774586	0.08470742936776593
0.38044646884929062	0.16716061803587792
0.4772054158036681	0.23496124215623918
0.50651054489916947	0.26851474795493457
0.47685860954218284	0.2510877333153021
0.40558992280696937	0.17453025109243891
0.31403306977487022	0.042310363901197315
0.22334323239648418	-0.1290119292725033
0.15016711122310195	-0.31221233690207278
0.10473549096853761	-0.47408415945030108
0.089822821724672985	-0.58194090677220567
0.10196104087665582	-0.61055242334473669
0.13317360441032597	-0.54812729627739631
0.17305632448112673	-0.39908730540412141
0.21085820698301613	-0.18398072171791127
0.23678197502903661	0.064852770897736875
0.24311118930114195	0.30926448367944842
0.22447035274631116	0.51257965447516096
0.17851852309951899	0.64679367766994256
0.10577590975299329	0.69760079497752792
0.010057381583071493	0.66621482831311507
-0.10109402522294277	0.56815535787816807
-0.21623370403603709	0.42925945015333589
-0.32114259813531731	0.27943914519171914
-0.39960751479634921	0.1466990486082497
-0.43662908320989691	0.051587431395927051
-0.42058929361620528	0.0040749735724513805
-0.34628605209299607	0.0021675391342826492
-0.217620929081978	0.034680626148522388
-0.048639578173302653	0.084100518410166789
0.13750868267889127	0.13100606527604333
0.31134532124835973	0.15857716306411862
0.44191787869754656	0.1551958020146377
0.50278237758820332	0.11635350072829262
0.4773788189344107	0.044391201470108659
0.36371306673262854	-0.05280125331112534
0.17635098396523635	-0.1640393616825109
-0.055228897141521904	-0.2769247997959513
-0.29114385651684543	-0.37949275163020624
-0.48830321617119526	-0.46151243247146168
-0.60968540769102364	-0.51535410456704267
-0.63144750059922139	-0.53581567399467089
-0.54873420723499555	-0.52012269066246453
-0.377151809365181	-0.46810175143968097
-0.15042721591921587	-0.38270070954894458
0.086961670067419894	-0.27024877926236074
0.28906301894793412	-0.14054323746688699
0.41850845604729392	-0.0068494236643331721
0.45509651663398504	0.11583329133606478
0.39986761949246313	0.21189862576747179
0.27484396222703994	0.2682546432588207
0.11774072577423352	0.27649129196909478
-0.027050888395847465	0.23548145154846703
-0.11947475708165964	0.15181444096515676
-0.13291349971421207	0.039882720070800751
-0.061211305152142015	-0.08080585892605717
0.08089256049142847	-0.1887493078133331
0.26149192115985881	-0.26487328220933976
0.4400104442593778	-0.29617254730838122
0.57717232067678381	-0.27883223423412001
0.64488624323177379	-0.21866134786643365
0.6331815319066475	-0.13039915431844418
0.55228897141521904	-0.034247118321665861
0.42925945015333589	0.048032667215703512
0.30076773027306042	0.097712664173461833
0.20262155827274206	0.1031748627918541
0.16109150845988651	0.061731514544369856
0.18640836554830784	-0.019074344381687314
0.27024877926236074	-0.12415664161171015
0.38876981912493597	-0.23357401711029829
0.50919829342568002	-0.3268649014498235
0.59902111515035295	-0.38712248938288119
0.63465545851795968	-0.40368248836880061
0.60734446542599829	-0.37368374675032873
0.52515138145400031	-0.30258846314585786
0.41035850890239117	-0.2019279457497716
0.2930512909550142	-0.087481879459647721
0.20322846923034121	0.02436313986933698
0.16317234602879785	0.11878114455868918
0.18172648101825731	0.18458763267551043
0.25325527244958473	0.21588689777455186
0.3598114962909198	0.21224543202895702
0.47642510171532632	0.17869192623026162
0.57812603789586825	0.12441674630782407
0.64610006514697216	0.061558111413627242
0.67211053475836391	0.003728167310966157
0.65919200151803936	-0.036674762152062425
0.61948268457798117	-0.049679996957758321
0.56928247822799505	-0.030085443183843173
0.52428436580028726	0.021762092908197798
0.49480583357404317	0.099273292350145342
0.48336122694503081	0.19091684694761576
0.48466175042560039	0.28230029684897223
0.48830321617119526	0.35877107750646414
0.48266761442206035	0.40957819481404945
0.45951829646792164	0.43003976424167761
0.41651432004375388	0.42379725153494358
0.35877107750646414	0.40186175549600317
0.29677945826598034	0.38087997667614715
0.24363139869336978	0.37862573597649318
0.21042469915615961	0.40853777602959374
0.20244815514199946	0.47547138449624193
0.21736082438586407	0.57275054084284727
0.24449841434708283	0.68190781164532144
0.26782113543196417	0.7755455022463319
0.26955516673939028	0.82331806476592151
0.23487454059086788	0.79930173115806979
0.15623622079909336	0.68919074313651119
0.035460940236864143	0.49549944609701363
-0.11513967881309434	0.2393830219901758
-0.27545087318463907	-0.042483767031939929
-0.42058929361620528	-0.30458259914939789
-0.52636520336919856	-0.50174195880374772
-0.57327075023507512	-0.5991945182810956
-0.55064164167316421	-0.58064038329163614
-0.45795766829123813	-0.4525821712382172
-0.30492940541088309	-0.24345799556262718
-0.10976418176007337	0.0020808375689113433
0.10404187844556717	0.23201338893361478
0.31143202281373106	0.39856709601189355
0.48951703808639352	0.46827515457042357
0.62104331275466473	0.42865253919573676
0.69604016680084435	0.29036354242850371
0.71277356891750643	0.083927115279424189
0.67739933024601362	-0.14808627365419061
0.60248917776520516	-0.36050510881389025
0.50477651359174336	-0.51535410456704267
0.40246866645360235	-0.5900041523517372
0.31264584472892937	-0.58064038329163614
0.24866008948490553	-0.50165525723837634
0.21883475099717628	-0.38061987198003322
0.22516396526928162	-0.25152124114215862
0.26365946029414145	-0.1464389439121358
0.32530427327313999	-0.089389313897816458
0.39804688661966575	-0.091470151466727809
0.46827515457042357	-0.15042721591921587
0.52359075327731674	-0.25238825679587168
0.55393630115727388	-0.37654489840758182
0.55358949489578868	-0.49957441966946503
0.52072960162006365	-0.60084184802315044
0.4575241604643816	-0.66482760326717416
0.3690018622202782	-0.68286152886440588
0.26183872742134406	-0.65277608568056267
0.14305758286265485	-0.57760582850364039
0.018987642816316007	-0.46394007630185824
-0.10508229723002284	-0.32079579187383211
-0.22507726370391032	-0.15883726776023255
-0.33752919399049414	0.010057381583071493
-0.43897002547492214	0.17279621978501281
-0.52541148615011424	0.3153335932554398
-0.59217169148601978	0.4237105499695723
-0.6335283381681327	0.48518195981782825
-0.64384582444731819	0.49090426313233443
-0.61870237048963939	0.43792960669046649
-0.55558363089932872	0.33024626249930444
-0.45561672602621289	0.17947224031860337
-0.32374364509645648	0.0033813610494809331
-0.16941485873553186	-0.17652438709597895
-0.0062425127067340302	-0.33848291120957852
0.14921339400401759	-0.46428688256334349
0.27917904049560521	-0.54188478357066239
0.36657421838988163	-0.56763514848594021
0.39778678192355182	-0.54647996653534159
0.36484018708245552	-0.4902973521747353
0.26730092603973632	-0.41564730439004083
0.11349234907103951	-0.34039034564774723
-0.079852141706972801	-0.28047956397617485
-0.2888029142518202	-0.24761967070044985
-0.48500855668708559	-0.24753296913507855
-0.64020435870172332	-0.27926574206097654
-0.72994047886102498	-0.33622867050992455
-0.73817712757129905	-0.40689044628753895
-0.66075262969472282	-0.47711871423829677
-0.50651054489916947	-0.53165399885684828
-0.29695286139672294	-0.55645064655304177
-0.063552247417167279	-0.54041085695935009
0.15771014741040557	-0.47703201267292544
0.33146008441450275	-0.36579390430153991
0.42977965954556369	-0.21276564142118487
0.43680248634063951	-0.03034554787995709
0.35218175853824485	0.16360585385565438
0.19161045947058619	0.34767327713893698
-0.015866386462948995	0.50018133062706416
-0.23236019519510001	0.60205566993834869
-0.41790154508969479	0.64072456809395117
-0.53711619747524053	0.61237315621753408
-0.56564101248240017	0.52350405171194547
-0.49411222105107272	0.39033044730161948
-0.32972605310707664	0.23643516876755138
-0.095198318777693955	0.089042507636331231
0.1756573714422659	-0.0260971711767631
0.44321840217811614	-0.089562717028559072
0.66872917370888296	-0.091903659293584336
0.82045691310866842	-0.035721044932978063
0.87846026034207214	0.065112875593850789
0.83753712148681569	0.18796899372499135
0.70705126560300025	0.30622992889145267
0.50893818872956609	0.39457882400481348
0.27363014031184163	0.43428814094487161
0.035200835540750222	0.41651432004375388
-0.17418344483095369	0.34394510982797077
-0.32851223119187833	0.22949904353784692
-0.41148562925221815	0.092944078078040004
-0.41842175448192265	-0.04335078268565299
-0.35530301489161187	-0.15944417871783167
-0.23738888598663577	-0.24146385955908714
-0.085747848152221612	-0.28386092502565574
0.076297377526749255	-0.28966992990553325
0.22707139970745036	-0.26799453856270677
0.34975411470784828	-0.23140647797601566
0.43472164877172814	-0.19221737042818535
0.47997986589554986	-0.1596175818485743
0.4902973521747353	-0.1378554889403765
0.47512457823475673	-0.1261507776152502
0.44599285226999791	-0.12008166803925878
0.41365316838650079	-0.11444606629012388
0.38556186120619768	-0.10490889409928023
0.36466678395171293	-0.090169627986158213
0.34888709905413523	-0.072222403954297881
0.33224039850284448	-0.055489001837635825
0.30753045237202231	-0.04525821712382172
0.26816794169344937	-0.045084813993079106
0.21111831167913003	-0.054361881487808843
0.13863580302871825	-0.068234131947217808
0.058696959756374144	-0.078031408834175378
-0.016126491159062912	-0.073436225869496163
-0.070748477342985672	-0.045431620254564327
-0.091036643639871268	0.010664292540670636
-0.066933608466648212	0.092944078078040004
0.0042483767031939925	0.19213066886281405
0.11644020229366392	0.2932246940857568
0.25498930375701084	0.37827892971500798
0.39813358818503702	0.43090677989539067
0.52072960162006365	0.44035725052086305
0.59858760732349647	0.40480960871862759
0.61324017187124713	0.33206699537210188
0.55532352620321479	0.23877611103257665
0.42691850788831059	0.1465256454775071
0.24146385955908714	0.077511199441947537
0.021588689777455188	0.049246489130901794
-0.20409548488405427	0.070661775777614372
-0.40628353532993977	0.13984962494391653
-0.55922509664492348	0.24458511591245416
-0.6452330494932591	0.36475348551708425
-0.65624414829541489	0.47668520641144024
-0.5949461415779016	0.55766446846824003
-0.4733038453619593	0.59009085391710847
-0.31021820089853275	0.56477399682868712
-0.12797151048804761	0.4816271956376047
0.051327326699813138	0.34906050218487783
0.20869066784873347	0.18155307788751471
0.33033296406467577	-0.0029478532226244031
0.40888458229107899	-0.18597485772145131
0.44330510374348742	-0.35044772723081874
0.43827641295195169	-0.48206070346446123
0.40307557741120148	-0.56954258292410898
0.35018762253470481	-0.60500352316097306
0.29331139565112813	-0.58384834121037443
0.24571223626228114	-0.50512331985322856
0.21831454160494845	-0.37220982013901655
0.21727412282049277	-0.1931710876472697
0.24302448773577065	0.018467433424088173
0.28923642207867672	0.24449841434708283
0.34290469104351512	0.46333316534425911
0.3861687721637968	0.65225587628833481
0.39908730540412141	0.79019806679408267
0.36371306673262854	0.86129335039855359
0.2687748526510485	0.85678486899924566
0.1132322443749256	0.77736623511912939
-0.091210046770613881	0.63222781468756317
-0.32062238874308951	0.43784290512509516
-0.54162467887454846	0.21588689777455186
-0.71684854248995777	-0.0101440831484428
-0.812393667529137	-0.21710071968975017
-0.80519743760331852	-0.38452144242174197
-0.68893063844039726	-0.49593295392387016
-0.47694531110755417	-0.53997734913249362
-0.20149443792291508	-0.51058551847162092
0.091816957728213022	-0.40801756663736594
0.35218175853824485	-0.23929632042480448
0.53356143329501693	-0.019074344381687314
0.60396310437651746	0.23010595449544605
0.55228897141521904	0.47945965650332201
0.390763955128476	0.69604016680084435
0.15242135192275591	0.84776790620062981
-0.11539978350920825	0.90845900196054397
-0.36111201977148938	0.8637209942289501
-0.53954384130563704	0.71528791431327432
-0.62078320805855081	0.48301442068354555
-0.59633336662384251	0.20322846923034121
-0.47980646276480726	-0.07707769161509101
-0.30354218036494224	-0.30909108054870582
-0.11089130210990034	-0.45180185714987542
0.053321462703353174	-0.48102028468000552
0.15190114253052805	-0.39553254122389786
0.16282553976731262	-0.21822784003957713
0.082626591798854593	0.0081499471449027611
-0.073869733696352691	0.22993255136470345
-0.27735830762280783	0.39440542087407088
-0.49133777095919096	0.461599134036833
-0.679220063118811	0.41347976525575819
-0.81143995031005256	0.25854406793723439
-0.86987680537031287	0.029565233791615336
-0.8499354453349125	-0.22316982926574158
-0.75915890639115513	-0.44347850687423007
-0.61436729222107411	-0.58176750364146312
-0.43688918790601078	-0.60595724038005749
-0.24839998478879161	-0.50798447151048165
-0.067280414728133439	-0.30518951010699702
0.093637690601010445	-0.03554764180223545
0.22724480283819296	0.25100103174993077
0.33119997971838883	0.50399619950340158
0.4065436400260537	0.68234131947217802
0.45570342759158422	0.76228016274452215
0.48136709094149077	0.7408648760978096
0.4860489754715413	0.63422195069110321
0.47209002344676104	0.47200332188138971
0.44235138652440309	0.28949652677479065
0.40064793358080492	0.12025507117000138
0.35218175853824485	-0.010837695671413248
0.30336877723419958	-0.091036643639871268
0.26123181646374488	-0.12025507117000138
0.23175328423750086	-0.108810464540989
0.21874804943180498	-0.07334952430412485
0.22238951517739983	-0.03181947449126929
0.23929632042480448	0.00026010469611391791
0.26244563837894319	0.013091936371067201
0.28264710311045749	0.0030345547879957091
0.29019013929776111	-0.027397694657332688
0.2769247997959513	-0.07178889612744134
0.23808249850960619	-0.12129548995445706
0.17314302604649803	-0.16768082742810575
0.086094654413706825	-0.2044422911455395
-0.015259475505349852	-0.22802511692653471
-0.12060187743148661	-0.23799579694423489
-0.21935496038940411	-0.23660857189829401
-0.3022416568843726	-0.22837192318801994
-0.36319285734040074	-0.21840124317031975
-0.39986761949246313	-0.21198532733284312
-0.41321966055964426	-0.21241883515969964
-0.4067170431567963	-0.22022197604311716
-0.38504165181396982	-0.23236019519510001
-0.35261526636510138	-0.24259097990891412
-0.31281924785967197	-0.2423308752128002
-0.2682546432588207	-0.2222161120466572
-0.22100229013145892	-0.17444354952706762
-0.17409674326558239	-0.095285020343065269
-0.13256669345272684	0.012831831674953284
-0.10395517688019586	0.14019643120540176
-0.097886067304204447	0.27094239178533119
-0.12424334317708147	0.38495495024859855
-0.19030993599001661	0.46185923873294693
-0.2972996676582082	0.48509525825245692
-0.43810300982120909	0.44555934444314138
-0.59581315723161465	0.34489882704705516
-0.74519995436637487	0.19585883617378019
-0.85591785334553261	0.02046156942762821
-0.89900853133507164	-0.15285485974961244
-0.85340350794976472	-0.29504542695855424
-0.71190655326379337	-0.38105337980688975
-0.48518195981782825	-0.3951857349624126
-0.20132103479217248	-0.33371432511415672
0.097192454781233992	-0.2063497255837082
0.36180563229445983	-0.034073715190923247
0.54743368375442591	0.15346177070721156
0.62243053780060553	0.32331013726959995
0.57587179719621429	0.4440854178318292
0.42067599518157661	0.49168457722067616
0.19178386260132882	0.45344918689193026
-0.060864498890656794	0.33015956093393317
-0.28282050624120009	0.13655496545980692
-0.42752541884590978	-0.10031371113460101
-0.465847510740027	-0.34463872235094123
-0.39284479269738737	-0.5574043637721261
-0.22793841536116341	-0.70236938107294966
-0.0094504706254723517	-0.75248288585756451
0.21484647899009621	-0.6948263448856461
0.39934741010023533	-0.53425504581798744
0.51127913099459132	-0.29357150034724205
0.53815661625969613	-0.010924397236784553
0.48891012712879439	0.26643391038602326
0.39093735825921866	0.49012394904399265
0.28134657962988791	0.61956938614335244
0.19611894086989412	0.63040708181476568
0.16109150845988651	0.52012269066246453
0.1845009311101391	0.31004479776779015
0.25576961784535263	0.041443348247484253
0.34914720375024916	-0.23210009049898608
0.4308200783300194	-0.45492311350324244
0.46931557335487922	-0.58081378642237869
0.44365191000497267	-0.58306802712203265
0.34966741314247701	-0.46021190899089209
0.20114763166142985	-0.23686867659440791
0.026443977438248324	0.041269945116741646
-0.13915601242094608	0.31732772925897984
-0.26175202585597274	0.53442844894872998
-0.31715432612823724	0.64809420115051219
-0.29625924887375249	0.63491556321407361
-0.20643642714907953	0.49714677583906847
-0.069014446035559548	0.26131851802911621
0.086528162240563367	-0.028698218137902277
0.23010595449544605	-0.32114259813531731
0.33770259712123679	-0.56711493909371236
0.39587934748538306	-0.72985377729565371
0.40324898054194408	-0.79045817149019659
0.368655055958793	-0.74979513733105407
0.30735704924127966	-0.62503158476174481
0.23600166094069486	-0.443738611570344
0.16820103682033358	-0.23678197502903661
0.1117583177636134	-0.031992877622011903
0.06797402725110388	0.15042721591921587
0.032946594841096272	0.29886029583489171
0.00034680626148522389	0.40888458229107899
-0.035634343367606756	0.48050007528777772
-0.077771304138061464	0.51431368578258707
-0.12502365726542322	0.50971850281790787
-0.17262281665427021	0.46411347943260089
-0.21397946333638315	0.37472416553478444
-0.24207077051668627	0.24129045642834451
-0.25160794270752995	0.069361252297044776
-0.23998993294777493	-0.12727789796507716
-0.20782365219502041	-0.32703830458056615
-0.15831705836800472	-0.50330258698043118
-0.096238737562149637	-0.62875975207271095
-0.027484396222703995	-0.68173440851457889
0.041616751378226867	-0.65130215906925049
0.10473549096853761	-0.54084436478620668
0.1553692051453803	-0.36908856378564953
0.18727538120202089	-0.1667271102090214
0.19516522365080974	0.029305129095501418
0.17591747613837982	0.18328710919494082
0.12987894492621635	0.26790783699733545
0.062338425501968997	0.27033548082773201
-0.016386595855176829	0.19395140173561146
-0.091470151466727809	0.057916645668032389
-0.14635224234676447	-0.10768334419116202
-0.16577339298993701	-0.26851474795493457
-0.13976292337854523	-0.39319159895887257
-0.066760205335905598	-0.45995180429477817
0.044391201470108659	-0.46055871525237735
0.17522386361540937	-0.40160165079988924
0.30102783496917435	-0.30180814905751607
0.39596604905075439	-0.18736208276739222
0.43862321921343694	-0.085921251282964226
0.41712123100135307	-0.020808375689113433
0.33241380163358708	-0.0062425127067340302
0.19854658470029068	-0.045691724950678247
0.039796018505429444	-0.13109276684141463
-0.11505297724772302	-0.24640584878525157
-0.23886281259794795	-0.37047578883159044
-0.31238574003281544	-0.48206070346446123
-0.32825212649576441	-0.56295326395588974
-0.29218427530130114	-0.60092854958852171
-0.22074218543534502	-0.59061106330933633
-0.13629486076369299	-0.53269441764130387
-0.061384708282884629	-0.43298761746430203
-0.012918533240324589	-0.30033422244620389
0.0016473297420548135	-0.14505171886619489
-0.014652564547750709	0.021762092908197798
-0.050460311046100076	0.18892271094407573
-0.090343031116900827	0.34498552861242648
-0.12016836960463008	0.47841923771886635
-0.13195978249512769	0.57786593319975432
-0.1262374791806215	0.63300812877590495
-0.11210512402509862	0.63647619139075717
-0.10369507218408194	0.58549567095242927
-0.11583329133606478	0.48370803320651601
-0.15849046149874732	0.34177757069368814
-0.23253359832584261	0.17695789492283548
-0.32825212649576441	0.01101109880215586
-0.42579138753848361	-0.1334337091064399
-0.50018133062706416	-0.23669527346366531
-0.52714551745754035	-0.28602846415993843
-0.48943033652102225	-0.27831202484189216
-0.3815735891991176	-0.22100229013145892
-0.21250553672507094	-0.13091936371067203
-0.0040749735724513805	-0.030865757272184928
0.21354595550952662	0.054795389314665377
0.40810426820273721	0.10516899879539415
0.55272247924207563	0.10681632853744896
0.63153420216459266	0.05635601749134888
0.64280540566286248	-0.039535913809315523
0.59876101045423902	-0.16577339298993701
0.52229022979674722	-0.30215495531900133
0.44044395208623432	-0.42743871728053845
0.37845233284575058	-0.52367745484268813
0.3530487741919579	-0.57873294885346738
0.36943537004713478	-0.58818341947893971
0.42041589048546268	-0.55471661524561566
0.48882342556342306	-0.48700269269062563
0.55254907611133297	-0.3975266772274379
0.59009085391710847	-0.29990071461934736
0.58670949286762752	-0.20721674123742129
0.53694279434449788	-0.13005234805695895
0.44633965853148316	-0.074996854046179673
0.32920584371484879	-0.044651306166222579
0.20522260523388125	-0.037021568413547652
0.093897795297124373	-0.046038531212163475
0.010057381583071493	-0.061904917675112463
-0.039535913809315523	-0.072222403954297881
-0.057309734710433248	-0.064419263070880334
-0.053668268964838395	-0.028351411876417053
-0.043957693643252131	0.040836437289885112
-0.044131096773994738	0.14036983433614436
-0.067367116293504739	0.25906427732946224
-0.12060187743148661	0.37723851093055227
-0.20348857392645511	0.47000918587784968
-0.30865757272184929	0.51179934038681918
-0.42345044527345838	0.48318782381428821
-0.53347473172964566	0.37628479371146795
-0.6246847785002595	0.19845988313491938
-0.68667639774074329	-0.026964186830476158
-0.7132070767443629	-0.26391956499025537
-0.70297629203054879	-0.47018258900859228
-0.65849838899506885	-0.60682425603377055
-0.58558237251780054	-0.64757399175828434
-0.49125106939381963	-0.5861025819100284
-0.38330762050654371	-0.43870992077880822
-0.26938176360864768	-0.24172396425520107
-0.15727663958354904	-0.043610887381766904
-0.054361881487808843	0.10620941757984982
0.032599788579611044	0.17028187438924494
0.097886067304204447	0.13317360441032597
0.1380288920711191	0.0058957064452488063
0.15250805348812721	-0.1756573714422659
0.14496501730082359	-0.35929128689869194
0.12250931186965534	-0.48934363495565092
0.095631826604550482	-0.52133651257766278
0.076037272830635341	-0.43463494720635687
0.075343660307664886	-0.23877611103257665
0.10178763774591321	0.027744500918817912
0.15883726776023255	0.3061432273260814
0.2438048018241124	0.5319141035529622
0.34775997870430825	0.65060854654627998
0.45743745889901033	0.63240121781830583
0.5570575575106409	0.48041337372240639
0.63101399277236492	0.23036605919155997
0.66630152987848645	-0.057223033145061941
0.65494362481484536	-0.31229903846744411
0.59477273844715894	-0.47209002344676104
0.48943033652102225	-0.49723347740443974
0.34758657557356565	-0.38114008137226107
0.18181318258362864	-0.15172773939978546
0.0065026174028479482	0.13534114354460863
-0.1638659585517683	0.41070531516387637
-0.31568039951692506	0.6076912716874836
-0.43758280042898123	0.67791953963824136
-0.52107640788154885	0.60248917776520516
-0.56191284517143403	0.39509903339704133
-0.56052562012549312	0.097539261042719219
-0.52255033449286115	-0.23175328423750086
-0.45839117611809466	-0.53208750668370475
-0.38261400798357326	-0.754303618730362
-0.31186553064058758	-0.87109062728551112
-0.26244563837894319	-0.88054109791098345
-0.24701275974285072	-0.80337670473052114
-0.27154930274293032	-0.67488498485024573
-0.33336751885267146	-0.53408164268724478
-0.42058929361620528	-0.41313295899427299
-0.51370677482498794	-0.32946594841096272
-0.58853022574042491	-0.28342741719879921
-0.62130341745077866	-0.26053820394077443
-0.59364561809733196	-0.23808249850960619
-0.49732017896981107	-0.19334449077801233
-0.33692228303289501	-0.11123810837138556
-0.13005234805695895	0.01101109880215586
0.095371721908436569	0.16334574915954045
0.3064900335875666	0.32565107953462524
0.47139641092379059	0.47365065162344455
0.5662479234399993	0.58549567095242927
0.57959996450718043	0.64722718549679914
0.5149205967401862	0.65607074516467234
0.38955013321327775	0.6193959830126099
0.23123307484527303	0.55194216515373384
0.072309105519669181	0.47018258900859228
-0.057223033145061941	0.38772940034048031
-0.13516774041386601	0.31160542594447366
-0.1511208284421863	0.24094365016685931
-0.10768334419116202	0.16880794777793273
-0.018467433424088173	0.085487743456107684
0.095458423473807882	-0.016213192724434219
0.21042469915615961	-0.13733527954814867
0.30570971949922487	-0.27059558552384594
0.36683432308599556	-0.40012772418857706
0.38781610190585164	-0.50494991672248601
0.37064919196233304	-0.56347347334811748
0.32348354040034261	-0.55896499194880966
0.25724354445666481	-0.48388143633725866
0.18276689980271299	-0.34255788478202992
0.10777004575653333	-0.15138093313830023
0.035634343367606756	0.063725650547909893
-0.034333819887037167	0.27146260117755899
-0.10560250662225068	0.44096416147846218
-0.18198658571437124	0.54647996653534159
-0.26539349160156761	0.57162342049302028
-0.35391578984567096	0.51179934038681918
-0.44113756460920478	0.37429065770792791
-0.51665462804761231	0.17695789492283548
-0.56780855161668287	-0.05470868774929407
-0.58263451929517618	-0.29175076747444462
-0.55176876202299119	-0.50555682768008514
-0.47165651561990452	-0.67159032536613605
-0.34550573800465428	-0.77190403650073713
-0.18398072171791127	-0.7974809982852723
-0.0040749735724513805	-0.74866801698122709
0.17366323543872586	-0.63508896634481626
0.32764521553816528	-0.47408415945030108
0.43888332390955082	-0.288456107990335
0.49350531009347359	-0.1031748627918541
0.48518195981782825	0.057656540971918475
0.41564730439004083	0.17461695265781024
0.29452521756632638	0.2352213468523531
0.13742198111351997	0.23600166094069486
-0.036501359021319818	0.18302700449882692
-0.20660983027982213	0.090256329551529513
-0.35400249141104229	-0.022108899169683022
-0.46298635908277391	-0.13169967779901379
-0.52255033449286115	-0.21701401812437884
-0.52705881589216896	-0.26157862272523014
-0.47607829545384112	-0.2556829162799813
-0.37455076240404178	-0.19837318156954806
-0.23183998580287218	-0.097192454781233992
-0.062078320805855076	0.033900312060180633
0.11722051638200567	0.17695789492283548
0.28585506102919578	0.31290594942504324
0.42284353431585925	0.4242307593618001
0.50893818872956609	0.49749358210055367
0.53000666911479344	0.52471787362714373
0.47997986589554986	0.50382279637265903
0.36362636516725727	0.43784290512509516
0.1973327627850924	0.33440793763712712
0.007803140883417538	0.20400878331868297
-0.17140899473907192	0.058783661321745451
-0.3061432273260814	-0.088695701374846017
-0.36813484656656514	-0.2262910856191086
-0.34255788478202992	-0.34316479573962905
-0.23192668736824348	-0.43021316737242027
-0.057136331579690634	-0.48084688154926292
0.14531182356230882	-0.49159787565530488
0.33102657658764623	-0.46246614969054606
0.4568305479414112	-0.39683306470446744
0.49133777095919096	-0.30180814905751607
0.42293023588123052	-0.18779559059424875
0.26322595246728492	-0.067193713162762125
0.045691724950678247	0.047078949996619143
-0.18207328727974254	0.14262407503579833
-0.36856835439342167	0.20973108663318915
-0.47165651561990452	0.2425042783435428
-0.46879536396265142	0.2395564251209184
-0.36310615577502942	0.20487579897239602
-0.18311370606419822	0.14626554078139317
0.02453654300007959	0.074389943088580532
0.20669653184519343	0.0013872250459408956
0.31758783395509377	-0.061471409848255935
0.33041966563004704	-0.10499559566465154
0.24501862373931069	-0.1233763275233684
0.087481879459647721	-0.1145327678554952
-0.096498842258263551	-0.079938843272344101
-0.25403558653792652	-0.023842930477109142
-0.33969673312477683	0.047685860954218284
-0.32816542493039313	0.12840501831490414
-0.22134909639294414	0.21259223829044224
-0.048552876607931346	0.29599914417763862
0.14123684998985744	0.37585128588461142
0.29261778312815767	0.45024122897319191
0.35929128689869194	0.51778174839743929
0.31724102769360857	0.57630530502307076
0.17218930882741365	0.62269064249671946
-0.041096541985999033	0.65286278724593394
-0.26721422447436499	0.66213985474066372
-0.44451892565868573	0.6462734682777147
-0.52133651257766278	0.60326949185354695
-0.47052939527007753	0.53416834425261606
-0.29686615983135167	0.4442588209625718
-0.036848165282805039	0.34229778008591599
0.25004731453084644	0.24016333607851756
0.49662656644684061	0.15051391748458717
0.64410592914343212	0.08470742936776593
0.65754467177598452	0.050026803219243549
0.53425504581798744	0.048552876607931346
0.30406238975717004	0.076817586918977096
0.021588689777455188	0.12580397135376498
-0.24779307383119248	0.18372061702179734
-0.44399871626645787	0.23799579694423489
-0.52662530806531249	0.27813862171114956
-0.48414154103337254	0.29799328018117865
-0.3353616548562115	0.29695286139672294
-0.1232896259579971	0.27926574206097654
0.096845648519748778	0.25256165992661428
0.27163600430830159	0.22568417466150945
0.36258594638280156	0.2060896208875943
0.35382908828029969	0.19828648000417676
0.25412228810329779	0.20314176766496989
0.093030779643411304	0.2177943322127206
-0.088955806070959931	0.23773569224812097
-0.2509143301845595	0.25802385854500659
-0.36189233385983116	0.27553757475001039
-0.40767076037588068	0.28975663147090458
-0.39223788173978824	0.30267516471122913
-0.33440793763712712	0.31732772925897984
-0.26157862272523014	0.33588186424843935
-0.20114763166142985	0.35790406185275103
-0.17314302604649803	0.37914594536872104
-0.18606155928682261	0.39137086608607519
-0.2352213468523531	0.38426133772562809
-0.30536291323773962	0.34802008340042218
-0.37585128588461142	0.27701150136132258
-0.42553128284236974	0.17201590569667105
-0.43862321921343694	0.042050259205083394
-0.40723725254902415	-0.096065334431407023
-0.33267390632970101	-0.22030867760848849
-0.22395014335408334	-0.30796396019887884
-0.095371721908436569	-0.34039034564774723
0.036934866848176345	-0.30822406489499271
0.15753674427966297	-0.21397946333638315
0.25368878027644126	-0.072482508650411795
0.31672081830138071	0.091210046770613881
0.34134406286683161	0.2468393566121081
0.32643139362296697	0.36492688864782685
0.27475726066166861	0.42284353431585925
0.19273757982041317	0.41009840420627724
0.090343031116900827	0.32981275467244792
-0.019334449077801231	0.19871998783103328
-0.12138219151982836	0.04309067798953907
-0.20088752696531595	-0.10707643323356288
-0.24588563939302374	-0.22421024805019724
-0.24987391140010382	-0.2889763173825628
-0.21363265707489792	-0.29357150034724205
-0.14557192825842272	-0.24293778617039935
-0.060777797325285488	-0.15242135192275591
0.02262910856191086	-0.044131096773994738
0.08687496850204858	0.05852355662563153
0.1190412492548031	0.13646826389443562
0.11418596159400997	0.17817171683803379
0.076123974396006641	0.18215998884511386
0.01682010368203336	0.15614951923372206
-0.047425756258104371	0.1146194694208665
-0.1000536064384871	0.074996854046179673
-0.12927203396861719	0.053494865834095788
-0.13126616997215723	0.061384708282884629
-0.11045779428304381	0.10326156435722542
-0.078031408834175378	0.1756573714422659
-0.048206070346446118	0.26868815108567723
-0.033033296406467579	0.36813484656656514
-0.038408793459488548	0.45821777298735206
-0.060777797325285488	0.52480457519251511
-0.088088790417246876	0.55757776690286875
-0.10213444400739843	0.55168206045761992
-0.084360623106280716	0.50789776994511038
-0.021848794473569105	0.43229400494133158
0.087741984155761649	0.3350148485947263
0.23340061397955569	0.22819852005727731
0.39197777704367431	0.12467685100393799
0.53243431294518995	0.036067851194463284
0.62303744875820477	-0.028264710311045747
0.63873043209041114	-0.062858634894196824
0.56824205944353934	-0.06571978655144993
0.41729463413209567	-0.039189107547830303
0.20843056315261957	0.011097800367527165
-0.023322721084881308	0.076123974396006641
-0.23877611103257665	0.14496501730082359
-0.40255536801897362	0.206002919322223
-0.49090426313233443	0.24822658165804901
-0.49688667114295454	0.26270574307505712
-0.43055997363390547	0.2437181002587411
-0.31585380264766766	0.18952962190167486
-0.18406742328328257	0.1030881612264828
-0.065633084986078616	-0.0087568581025019038
0.017427014639632501	-0.13525444197923731
0.055922509664492352	-0.26391956499025537
0.055315598706893211	-0.38148688763374627
0.032252982318125824	-0.47633840014995504
0.0089302612332445158	-0.53989064756712235
0.0056356017491348883	-0.56754844692056894
0.034767327713893695	-0.55965860447178006
0.096325439127520937	-0.52116310944692024
0.17765150744580593	-0.46064541681774862
0.25733024602203614	-0.38868311755956469
0.31160542594447366	-0.31654741517063811
0.32114259813531731	-0.25368878027644126
0.2776184123189217	-0.20704333810667866
0.18718867963664959	-0.18016585284157383
0.069361252297044776	-0.17296962291575541
-0.046992248431247836	-0.18285360136808429
-0.13135287153752856	-0.20565611306073778
-0.16022449280617343	-0.23704207972515054
-0.12380983535022493	-0.27380354344258429
-0.029738636922357949	-0.31446657760172675
0.09814617200031836	-0.35894448063720674
0.22499056213853899	-0.40767076037588068
0.31359956194801369	-0.46012520742552082
0.33449463920249844	-0.51388017795573049
0.27380354344258429	-0.56373357804423141
0.13811559363649042	-0.60179556524223476
-0.046125232777534775	-0.61861566892426811
-0.23842930477109142	-0.60535032942245826
-0.39405861461258562	-0.55679745281452697
-0.47469107040790021	-0.47339054692733062
-0.45847787768346598	-0.36327955890577202
-0.34524563330854041	-0.24103035173223061
-0.15718993801817774	-0.1264975838767354
0.066413399074420371	-0.041009840420627726
0.27865883110337741	-0.0027744500918817912
0.43688918790601078	-0.022195600735054329
0.51249295290978958	-0.098753082957917501
0.49810049305815279	-0.21952836352014674
0.40775746194125201	-0.36093861664074678
0.2728498262234999	-0.49263829443976054
0.13230658875661291	-0.58306802712203265
0.022022197604311719	-0.60630404664154269
-0.035287537106121529	-0.54760708688516857
-0.036067851194463284	-0.40723725254902415
0.003814868876337463	-0.20045401913845942
0.054188478357066236	0.044564604600851272
0.080719157360685856	0.29244437999741507
0.055489001837635825	0.5071174558567686
-0.032859893275724965	0.65875849369118278
-0.17479035578855284	0.72898676164194065
-0.34013024095163336	0.71346718144047683
-0.48578887077542737	0.62165022371226386
-0.56720164065908363	0.47365065162344455
-0.55072834323853559	0.29452521756632638
-0.42457756562328536	0.10915727080247423
-0.20374867862256904	-0.062685231763454224
0.07170219456207004	-0.20912417567559
0.34524563330854041	-0.3263446920575957
0.55731766220675483	-0.41712123100135307
0.66014571873712369	-0.48708939425599695
0.62980017085716655	-0.5411044694823206
0.47304374066584537	-0.58038027859552221
0.22594427935762337	-0.60170886367686349
-0.054275179922437543	-0.59850090575812509
-0.30310867253808571	-0.56373357804423141
-0.46446028569408609	-0.49307180226661707
-0.50382279637265903	-0.38842301286345077
-0.41625421534763996	-0.2594110835909475
-0.22663789188059383	-0.12285611813114057
0.017166909943518584	0.00017340313074261195
0.25715684289129354	0.089129209201702544
0.43923013017103607	0.12875182457638937
0.52662530806531249	0.11349234907103951
0.50746426211825391	0.049333190696273101
0.39596604905075439	-0.046732143735133923
0.22663789188059383	-0.1509474253114437
0.043870992077880824	-0.23756228911737837
-0.11071789897915772	-0.28542155320233925
-0.2090374741102187	-0.28308061093731401
-0.24293778617039935	-0.23131977641064433
-0.22447035274631116	-0.14314428442802615
-0.18094616692991558	-0.040056123201543357
-0.14531182356230882	0.053754970530209702
-0.14548522669305142	0.1176540242088622
-0.19637904556600802	0.14036983433614436
-0.29469862069706898	0.12302952126188317
-0.42015578578934876	0.078811722922517133
-0.5411044694823206	0.029131725964758808
-0.62312415032357604	-0.0026010469611391792
-0.63881713365578241	0.0025143453957678732
-0.57561169250010036	0.052454447049640113
-0.43897002547492214	0.1423639703396844
-0.25195474896901515	0.25464249749552564
-0.049679996957758321	0.36362636516725727
0.12849171988027544	0.44217798339366049
0.24805317852730638	0.46948897648562182
0.28628856885605231	0.43723599416749603
0.23626176563680878	0.3523551616689875
0.1075099410604194	0.23608836250606616
-0.077337796311204923	0.11912795082017441
-0.28732898764050802	0.033553505798695413
-0.48917023182490832	0.0049419892261644404
-0.65355639976890445	0.044738007731593879
-0.75872539856429855	0.14687245173899233
-0.79279911375522183	0.28923642207867672
-0.75387011090350542	0.43853651764806562
-0.64887451523885387	0.55879158881806701
-0.49211808504753268	0.62069650649317942
-0.30293526940734306	0.60890509360268186
-0.1030014596611115	0.52627850180382729
0.085487743456107684	0.39353840522035782
0.24285108460502802	0.24354469712799848
0.35400249141104229	0.11245193028658385
0.41122552455610423	0.030518951010699704
0.41564730439004083	0.013872250459408956
0.3776720187574088	0.060257587933057653
0.31490008542858328	0.14912669243864626
0.24952710513861859	0.24735956600433595
0.20314176766496989	0.3175011323897225
0.19187056416670012	0.32807872336502181
0.22160920108905807	0.26227223524820059
0.28620186729068103	0.12224920717354142
0.36856835439342167	-0.070401671081500444
0.4439120147010866	-0.28004605614931827
0.48665588642914043	-0.4656741076092844
0.47746552049978197	-0.5906977648747076
0.40923138855256419	-0.63274802407979103
0.29036354242850371	-0.58818341947893971
0.14323098599339748	-0.4734772484927019
-0.00017340313074261195	-0.32010217935086166
-0.10594931288373589	-0.16733402116662052
-0.14791287052344798	-0.052107640788154892
-0.11418596159400997	-0.00026010469611391791
-0.011704711325126306	-0.020288166296885599
0.13490763571775211	-0.10213444400739843
0.2889763173825628	-0.22056878230460239
0.4106186135985051	-0.34186427225905947
0.46697463108985399	-0.43281421433355943
0.44061735521697698	-0.46810175143968097
0.33440793763712712	-0.43697588947138211
0.17097548691221537	-0.34446531922019863
-0.012918533240324589	-0.20955768350244655
-0.1754839683115233	-0.059303870713973285
-0.28056626554154612	0.078204811964917992
-0.30640333202219533	0.18016585284157383
-0.2510877333153021	0.23357401711029829
-0.13195978249512769	0.23738888598663577
0.018814239685573397	0.20045401913845942
0.16334574915954045	0.1380288920711191
0.26816794169344937	0.065979891247563843
0.31238574003281544	-0.003554764180223545
0.2930512909550142	-0.065026174028479475
0.22481715900779639	-0.12016836960463008
0.13577465137146516	-0.175397266746152
0.059130467583230671	-0.23834260320572012
0.024276438303965673	-0.31411977134024155
0.048552876607931346	-0.40186175549600317
0.13265339501809814	-0.49367871322421619
0.26053820394077443	-0.57621860345769949
0.40272877114971622	-0.63361503973350408
0.5241109626695446	-0.65173566689610696
0.59191158678990585	-0.62303744875820477
0.58358823651426051	-0.5485608041042529
0.49177127878604748	-0.43923013017103607
0.32565107953462524	-0.31377296507875629
0.10915727080247423	-0.19499182052006714
-0.12424334317708147	-0.10482219253390893
-0.33822280651346459	-0.059650676975458512
-0.50035473375780681	-0.066933608466648212
-0.58766321008671185	-0.12415664161171015
-0.58957064452488062	-0.21926825882403281
-0.50893818872956609	-0.33371432511415672
-0.36024500411777632	-0.44651306166222576
-0.1668138117743927	-0.53789651156358231
0.043784290512509517	-0.59329881183584676
0.243978204954855	-0.60474341846485913
0.40983829951016332	-0.57205692831987687
0.5244577689310298	-0.50139515254226241
0.57881965041883865	-0.40376918993417193
0.57327075023507512	-0.2930512909550142
0.51630782178612711	-0.18380731858716867
0.4235371468388297	-0.089476015463187758
0.31472668229784068	-0.021588689777455188
0.21094490854838743	0.011878114455868918
0.1307459605799294	0.0065893189682192542
0.087308476328905121	-0.036848165282805039
0.086007952848335525	-0.11331894594029691
0.12380983535022493	-0.21293904455192747
0.19004983129390268	-0.32235642005051562
0.2684280463895633	-0.42648500006145407
0.34047704721311856	-0.5106722200369922
0.38955013321327775	-0.56382027960960279
0.40437610089177106	-0.58038027859552221
0.38148688763374627	-0.5619995467368053
0.32582448266536784	-0.51752164370132536
0.24918029887713336	-0.46090552151386255
0.16820103682033358	-0.40879788072570766
0.1000536064384871	-0.37593798744998269
0.058436855060260223	-0.37186301387753135
0.050807117307585303	-0.39822028975040835
0.076210675961377955	-0.44842049610039447
0.12537046352690845	-0.5088514871641947
0.18294030293345562	-0.56251975612903315
0.23001925293007475	-0.59355891653196069
0.24831328322342031	-0.59078446644007887
0.22377674022334071	-0.55150865732687726
0.14956020026550282	-0.4816271956376047
0.027571097788075299	-0.39371180835110042
-0.13169967779901379	-0.30362888193031351
-0.310565007160018	-0.22559747309613815
-0.4863957817330265	-0.16820103682033358
-0.63552247417167274	-0.13195978249512769
-0.73652979782924421	-0.10967748019470205
-0.77372476937353452	-0.088955806070959931
-0.73973775574798262	-0.0566161221874628
-0.63647619139075717	-0.0041616751378226865
-0.47547138449624193	0.068580938208703021
-0.27657799353446605	0.15155433626904286
-0.065199577159222089	0.22620438405373727
0.13117946840678593	0.26964186830476156
0.28767579390199322	0.26140521959448754
0.38495495024859855	0.18987642816316008
0.41304625742890166	0.056789525318205414
0.37203641700827395	-0.12129548995445706
0.27232961683127205	-0.31455327916709808
0.13187308092975639	-0.48613567703691257
-0.027484396222703995	-0.599888130804066
-0.18363391545642604	-0.62849964737659703
-0.31880165587029208	-0.56035221699475046
-0.42188981709677487	-0.40186175549600317
-0.48995054591325005	-0.17687119335746418
-0.52697211432679769	0.078898424487888433
-0.54101776791694922	0.32539097483851132
-0.54127787261306315	0.52679871119605515
-0.53460185207947264	0.65841168742969758
-0.52289714075434635	0.71121294074082286
-0.50295578071894598	0.69153168540153642
-0.46732143735133919	0.61818216109741164
-0.40758405881050941	0.51639452335149838
-0.31758783395509377	0.41122552455610423
-0.19715935965434978	0.32131600126605991
-0.053148059572610561	0.25585631941072395
0.099966904873115783	0.21389276177101182
0.2423308752128002	0.18640836554830784
0.35278866949584403	0.16126491159062911
0.41304625742890166	0.12727789796507716
0.41226594334055988	0.078985126053259747
0.34975411470784828	0.018207328727974256
0.23539474998309573	-0.045691724950678247
0.088522298244103403	-0.098666381392546201
-0.066239995943677771	-0.12563056822302235
-0.20357527549182641	-0.11435936472475258
-0.30241506001511526	-0.059390572279344592
-0.34992751783859088	0.036674762152062425
-0.34316479573962905	0.16282553976731262
-0.28949652677479065	0.30120123809991695
-0.2044422911455395	0.43029986893779154
-0.10872376297561769	0.52775242841513947
-0.023842930477109142	0.5747446768463873
0.031385966664412762	0.55818467786046788
0.044131096773994738	0.47304374066584537
0.0091036643639871278	0.32348354040034261
-0.070921880473728285	0.12242261030428403
-0.18554134989459478	-0.1088971661063603
-0.31871495430492075	-0.3436850051318569
-0.45102154306153369	-0.55237567298059032
-0.56182614360606276	-0.70670445934151505
-0.63222781468756317	-0.78360874782586343
-0.64774739488902688	-0.76973649736645444
-0.60014823550017993	-0.66396058761346111
-0.48934363495565092	-0.47893944711109421
-0.32339683883497128	-0.2396431266862897
-0.11843433829720396	0.019681255339286455
0.1030881612264828	0.26140521959448754
0.3151601901246972	0.45102154306153369
0.49168457722067616	0.56399368274034534
0.61072582647547924	0.5903509586132224
0.65745797021061325	0.53676939121375533
0.62693901919991346	0.42509777501551321
0.52471787362714373	0.28758909233662189
0.36605400899765383	0.15883726776023255
0.17331642917724063	0.068580938208703021
-0.027137589961218771	0.034073715190923247
-0.20964438506781785	0.056962928448948028
-0.35226846010361618	0.12268271500039796
-0.4396636379978926	0.2047023958416534
-0.46437358412871482	0.27076898865458854
-0.42657170162682539	0.29183746903981589
-0.33328081728730014	0.24900689574639076
-0.19637904556600802	0.13889590772483218
-0.030779055706813621	-0.025663663349906569
0.14730595956584885	-0.21805443690883453
0.3219229122236591	-0.40402929463028586
0.47798572989200983	-0.55003473071556508
0.60205566993834869	-0.63014697711865186
0.683468439822005	-0.63257462094904837
0.71424749552881861	-0.56061232169086439
0.6905779681824521	-0.43194719867984638
0.61324017187124713	-0.2728498262234999
0.48804311147508134	-0.11236522872121255
0.32565107953462524	0.024883349261564814
0.14036983433614436	0.12363643221948231
-0.051500729830555751	0.18025255440694513
-0.23366071867566959	0.2018412441844003
-0.39223788173978824	0.20314176766496989
-0.51752164370132536	0.20106093009605855
-0.60465671689948786	0.21016459446004568
-0.65372980289964699	0.23808249850960619
-0.66907597997036816	0.28429443285251227
-0.65737126864524187	0.34013024095163336
-0.62624540667694306	0.39189107547830299
-0.58272122086054745	0.42440416249254276
-0.53200080511833348	0.42518447658088449
-0.47781232676126723	0.38755599720973771
-0.42223662335826007	0.31195223220595891
-0.36648751682451036	0.2060896208875943
-0.31143202281373106	0.082453188668111979
-0.25785045541426399	-0.044391201470108659
-0.20652312871445083	-0.16057129906765866
-0.15745004271429164	-0.25576961784535263
-0.11028439115230119	-0.32426385448868433
-0.063465545851795979	-0.36536039647468338
-0.015259475505349852	-0.38278741111431586
0.03554764180223545	-0.38322091894117238
0.089129209201702544	-0.37463746396941311
0.14349109068951138	-0.36449338082097033
0.19421150643172538	-0.35911788376794934
0.23565485467920963	-0.36249924481743029
0.26209883211745794	-0.37611139058072529
0.26955516673939028	-0.39900060383875008
0.25819726167574919	-0.42787222510739498
0.23270700145658524	-0.45726405576826773
0.20218805044588553	-0.47971976119943593
0.17773820901117723	-0.48708939425599695
0.17002176969313101	-0.47104960466230533
0.18571475302533741	-0.42483767031939929
0.22499056213853899	-0.34489882704705516
0.27969924988783307	-0.23218679206435741
0.3350148485947263	-0.093204182774153918
0.37203641700827395	0.060257587933057653
0.3730768357927296	0.21172522263672919
0.32660479675370963	0.34195097382443074
0.23140647797601566	0.43229400494133158
0.098406276696432274	0.46749484048208179
-0.050200206349986155	0.43888332390955082
-0.18545464832922348	0.34663285835448127
-0.27805192014577823	0.20028061600771679
-0.30510280854162575	0.018294030293345559
-0.25602972254146655	-0.17444354952706762
-0.13542784510997993	-0.35027432410007614
0.037541777805775486	-0.48318782381428821
0.23296710615269914	-0.5524623745459617
0.41755473882820959	-0.54656666810071286
0.56243305456366188	-0.46463368882482869
0.64956812776182438	-0.31715432612823724
0.67557859737321613	-0.12441674630782407
0.65156226376536441	0.086354759109820753
0.5991945182810956	0.28498804537548272
0.54413902427031624	0.44304499904737354
0.50807117307585303	0.537549705302097
0.50243557132671812	0.55471661524561566
0.52497797832325765	0.49125106939381963
0.56061232169086439	0.35478280549938407
0.5857557756485432	0.16239203194045609
0.5750914831078725	-0.061558111413627242
0.51006530907939307	-0.28966992990553325
0.38434803929099937	-0.49463243044330057
0.20739014436816389	-0.65346969820353318
0.0029478532226244031	-0.7497084357656828
-0.19533862678155237	-0.77571890537707455
-0.35244186323435878	-0.73254152582216414
-0.43975033956326393	-0.62910655833419615
-0.44269819278588829	-0.48032667215703512
-0.3638864698633712	-0.30423579288791264
-0.22273632143888505	-0.11921465238554571
-0.05063371417684269	0.058263451929517616
0.11600669446680739	0.21580019620918056
0.24519202687005329	0.34550573800465428
0.31559369795155373	0.44469232878942833
0.32157610596217384	0.51431368578258707
0.27328333405035643	0.55783787159898268
0.1931710876472697	0.57959996450718043
0.10967748019470205	0.58306802712203265
0.049940101653872242	0.57058300170856457
0.032946594841096272	0.54266509765900406
0.065026174028479475	0.49836059775426672
0.13924271398631741	0.43619557538304038
0.23790909537886359	0.35486950706475534
0.33726908929438026	0.2553361100184961
0.41443348247484257	0.14071664059762959
0.45327578376118766	0.017166909943518584
0.44798698827353794	-0.10646952227596373
0.40437610089177106	-0.21978846821626064
0.33778929868660806	-0.31229903846744411
0.26868815108567723	-0.37463746396941311
0.21727412282049277	-0.40056123201543359
0.19793967374269153	-0.38790280347122291
0.21554009151306666	-0.33908982216717765
0.2645264759478545	-0.26079830863688835
0.32998615780319052	-0.16351915229028308
0.39145756765144646	-0.059824080106201119
0.4281323298035089	0.0377151809365181
0.42345044527345838	0.1176540242088622
0.36891516065490693	0.17210260726204235
0.26582699942842414	0.19655244869675065
0.12502365726542322	0.19109025007835836
-0.036067851194463284	0.1596175818485743
-0.19681255339286455	0.10907056923710291
-0.33856961277494985	0.04872627973867396
-0.44746677888131015	-0.011618009759755001
-0.51734824057058271	-0.062771933328825524
-0.54960122288870861	-0.097105753215862692
-0.55228897141521904	-0.10933067393321683
-0.53728960060598308	-0.096585543823634851
-0.51726153900521143	-0.058696959756374144
-0.50304248228431725	0.0019941360035400373
-0.50139515254226241	0.080979262056799783
-0.51440038734795834	0.17201590569667105
-0.54015075226323617	0.26764773230122152
-0.57344415336581767	0.35946469002943454
-0.60760457012211222	0.43940353330177867
-0.63569587730241539	0.49974782280020763
-0.65112875593850783	0.53390823955650224
-0.64809420115051219	0.53668268964838395
-0.62139011901614993	0.50521002141859994
-0.56607452030925676	0.43905672704029347
-0.47781232676126723	0.34082385347460376
-0.35356898358418576	0.21623370403603709
-0.19351789390875493	0.073783032130981377
-0.0023409422650252612	-0.0754303618730362
0.20921087724096132	-0.21848794473569105
0.4238839531003149	-0.34134406286683161
0.61896247518575331	-0.430993481460762
0.76878278014737012	-0.47642510171532632
0.84906842968119944	-0.47070279840082013
0.84195890132075235	-0.41235264490593121
0.74034466670558174	-0.30701024297979446
0.55150865732687726	-0.1668138117743927
0.29755977235432213	-0.0101440831484428
0.013178637936438508	0.14097674529374352
-0.25923768046020484	0.26391956499025537
-0.47703201267292544	0.33882971747106372
-0.60517692629171571	0.35200835540750225
-0.62321085188894731	0.29964060992323344
-0.52965986285330824	0.1888360093787044
-0.34264458634740119	0.03745507624040418
-0.097019051650491378	-0.12840501831490414
0.16247873350582739	-0.27857212953800609
0.38972353634402035	-0.38426133772562809
0.54647996653534159	-0.42284353431585925
0.60968540769102364	-0.38304751581042978
0.5754382893693577	-0.26686741821287979
0.45891138551032251	-0.089996224855415599
0.29019013929776111	0.12042847430074399
0.1075099410604194	0.33119997971838883
-0.050893818872956603	0.50867808403345216
-0.15493569731852377	0.62503158476174481
-0.18805569529036265	0.66326697509049071
-0.14964690183087412	0.61982949083946637
-0.053581567399467095	0.50486321515711463
0.075950571265264027	0.3396100315594055
0.21094490854838743	0.15207454566127068
0.32660479675370963	-0.028524815007159664
0.40593672906845457	-0.17721799961894941
0.44295829748200222	-0.27666469509983738
0.44235138652440309	-0.3195819699586338
0.41668772317449648	-0.30865757272184929
0.38166029076448887	-0.25429569123404044
0.35148814601527439	-0.17140899473907192
0.33414783294101325	-0.076210675961377955
0.32963935154170532	0.017080208378147277
0.33067977032616097	0.097799365738833133
0.32452395918479826	0.1597909849793169
0.2976464739196934	0.20097422853068725
0.2396431266862897	0.2222161120466572
0.14678575017362103	0.22611768248836597
0.023756228911737835	0.21554009151306666
-0.11713381481663437	0.19325778921264103
-0.25854406793723439	0.16195852411359957
-0.3820937985913454	0.12433004474245277
-0.47243682970824624	0.083580309017938961
-0.52064290005469238	0.042743871728053842
-0.52610509867308464	0.0046818845300505224
-0.49653986488146928	-0.029045024399387501
-0.44547264287777011	-0.058870362887116758
-0.38929002851716382	-0.087481879459647721
-0.34316479573962905	-0.11973486177777355
-0.31758783395509377	-0.16178512098285694
-0.31706762456286597	-0.21918155725866151
-0.33917652373254897	-0.29487202382781164
-0.37628479371146795	-0.38712248938288119
-0.41772814195895219	-0.48856332086730914
-0.453102380630445	-0.5864493881715136
-0.47434426414641501	-0.66422069230957503
-0.47711871423829677	-0.70488372646871755
-0.46107892464460515	-0.69439283705878951
-0.42899934545722196	-0.62477148006563088
-0.38443474085637069	-0.49697337270832587
-0.3309398750222749	-0.32105589656994604
-0.27050888395847461	-0.11548648507457955
-0.20435558958016817	0.09589193130066441
-0.13369381380255382	0.2886295111210776
-0.061384708282884629	0.44165777400143263
0.0065026174028479482	0.54075766322083541
0.059997483236943733	0.58107389111849261
0.086441460675192053	0.56720164065908363
0.073002718042639636	0.51145253412533398
0.0101440831484428	0.43125358615687592
-0.104562087837795	0.34463872235094123
-0.26322595246728492	0.26678071664750846
-0.44668646479296836	0.20747684593353519
-0.62624540667694306	0.16967496343164579
-0.7680891676243996	0.14964690183087412
-0.84057167627481144	0.13872250459408955
-0.82071701780478235	0.12571726978839365
-0.70046194663478101	0.1001403080038584
-0.4902973521747353	0.054621986183922763
-0.21892145256254758	-0.013091936371067201
0.071268686735213513	-0.09979350174237317
0.33241380163358708	-0.19663915026212195
0.52090300475080631	-0.29062364712461763
0.60665085290302789	-0.36726783091285209
0.57942656137643778	-0.41278615273278774
0.45188855871524675	-0.41660102160912521
0.25698343976055088	-0.37333694048884353
0.041096541985999033	-0.28394762659102707
-0.1464389439121358	-0.15632292236446468
-0.26391956499025537	-0.0045951829646792165
-0.28602846415993843	0.15294156131498374
-0.2089507725448474	0.29634595043912382
-0.050373609480728769	0.40723725254902415
0.15554260827612293	0.47174321718527579
0.36657421838988163	0.48292771911817428
0.54240499296289013	0.44226468495903176
0.65381650446501838	0.35903118220257801
0.68867053374428333	0.24952710513861859
0.65355639976890445	0.1333470075410686
0.57032289701245065	0.03017214474921448
0.46992248431247835	-0.044217798339366045
0.38296081424505851	-0.080545754229943256
0.33180689067598795	-0.078291513530289292
0.32530427327313999	-0.044824709296965186
0.35703704619903798	0.0060691095759914182
0.40741065567976675	0.056962928448948028
0.44980772114633538	0.09060313581301474
0.45769756359512426	0.093377585904896532
0.41217924177518861	0.057743242537289775
0.30701024297979446	-0.016646700551290746
0.1508607237460724	-0.12302952126188317
-0.035114133975378922	-0.24926700044250469
-0.22160920108905807	-0.38035976728391929
-0.37819222814963666	-0.50122174941151987
-0.48015326902629246	-0.5988477120196104
-0.51309986386738871	-0.66448079700568896
-0.47625169858458372	-0.69430613549341824
-0.38166029076448887	-0.68962425096336777
-0.25134783801141602	-0.65607074516467234
-0.11149821306749948	-0.60240247619983389
0.012658428544210672	-0.53885022878266664
0.10248125026888366	-0.47607829545384112
0.14834637835030451	-0.42327704214271578
0.15120753000755763	-0.38712248938288119
0.12112208682371445	-0.37056249039696171
0.074043136827095304	-0.37212311857364522
0.028351411876417053	-0.3858219659023116
0.00086701565371305976	-0.40246866645360235
0.0033813610494809331	-0.41087871829461903
0.041356646682112946	-0.40108144140766144
0.11331894594029691	-0.36666091995525296
0.21111831167913003	-0.30761715393739358
0.3222697184851443	-0.2309729701491591
0.43142698928761852	-0.1508607237460724
0.52298384231971762	-0.085747848152221612
0.58280792242591872	-0.05470868774929407
0.59997483236943738	-0.072395807085040481
0.56824205944353934	-0.14418470321248184
0.48674258799451176	-0.26322595246728492
0.36024500411777632	-0.40992500107553465
0.19950030191937504	-0.55471661524561566
0.020288166296885599	-0.66378718448271856
-0.15745004271429164	-0.70653105621077239
-0.31229903846744411	-0.66274676569826285
-0.4238839531003149	-0.52861944406885253
-0.47590489232309852	-0.31828144647806422
-0.45891138551032251	-0.062511828632711611
-0.37264332796587307	0.19776627061194893
-0.22715810127282166	0.42032918892009136
-0.042743871728053842	0.57110321110079243
0.15285485974961244	0.63170760529533532
0.32799202179965048	0.60413650750726
0.4527555743689598	0.50954509968716521
0.50364939324191638	0.38348102363728631
0.46862196083190877	0.26643391038602326
0.35010092096933354	0.19369129703949756
0.16525318359770919	0.18640836554830784
-0.05626931592597758	0.2464925503506229
-0.27779181544966436	0.35582322428383972
-0.461599134036833	0.4814537925068621
-0.57691221598067	0.58376163964500316
-0.60561043411857218	0.62676561606917092
-0.54700017592756944	0.58757650852134058
-0.41772814195895219	0.46203264186368953
-0.24900689574639076	0.26608710412453801
-0.080025544837715415	0.03207957918738321
0.050286907915357462	-0.19924019722326114
0.1117583177636134	-0.38798950503659424
0.089822821724672985	-0.50477651359174336
-0.011097800367527165	-0.53598907712541355
-0.16785423055884838	-0.48613567703691257
-0.34377170669722817	-0.37541777805775489
-0.49575955079312756	-0.23314050928344177
-0.5842818490372309	-0.090343031116900827
-0.58176750364146312	0.028351411876417053
-0.47867934241498028	0.10950407706395944
-0.28576835946382451	0.15250805348812721
-0.03181947449126929	0.16776752899347705
0.24293778617039935	0.17201590569667105
0.4950659382701571	0.18233339197585646
0.68676309930611457	0.21033799759078831
0.79314592001670703	0.25880417263334832
0.80658466264925943	0.32122929970068864
0.73600958843701636	0.38374112833340024
0.60387640281114607	0.42917274858796456
0.43914342860566474	0.44252478965514569
0.27068228708921727	0.41469358717095645
0.12103538525834313	0.34576584270076821
0.0031212563533670151	0.24467181747782546
-0.08089256049142847	0.12762470422656239
-0.13742198111351997	0.014739266113122016
-0.17678449179209288	-0.074823450915437059
-0.20921087724096132	-0.1262374791806215
-0.24068354547074539	-0.13204648406049899
-0.27154930274293032	-0.092683973381926091
-0.29677945826598034	-0.015692983332206381
-0.30831076646036404	0.086614863805934666
-0.29807998174654993	0.19950030191937504
-0.26209883211745794	0.30900437898333449
-0.2016678410536577	0.40385589149954321
-0.12424334317708147	0.47668520641144024
-0.041009840420627726	0.52471787362714373
0.035721044932978063	0.54908101349648075
0.096325439127520937	0.55393630115727388
0.13629486076369299	0.54595975714311373
0.15684313175669251	0.53243431294518995
0.16455957107473873	0.52090300475080631
0.16863454464719013	0.51743494213595409
0.17730470118432071	0.52558488928085678
0.19525192521618107	0.54604645870848501
0.22117569326220154	0.57569839406547163
0.24779307383119248	0.608384884210454
0.2638328634248841	0.63534907104093019
0.25733024602203614	0.64696708080068521
0.21952836352014674	0.63474216008333106
0.14808627365419061	0.59347221496658942
0.048986384434787873	0.52272373762360369
-0.06407245680939512	0.42839243449962283
-0.17218930882741365	0.32148940439680257
-0.25481590062626824	0.21744752595123537
-0.29426511287021245	0.13274009658346944
-0.27961254832246174	0.082366487102740679
-0.20851726471799087	0.076037272830635341
-0.088522298244103403	0.11644020229366392
0.065026174028479475	0.1975928674812063
0.23123307484527303	0.30605652576071007
0.38772940034048031	0.42275683275048792
0.51353337169424529	0.52619180023845591
0.59234509461676244	0.59615996349309985
0.61436729222107411	0.616881637616842
0.57699891754604127	0.58012017389940829
0.48440164572948646	0.4860489754715413
0.34671955991985259	0.34307809417425772
0.17886532936100422	0.16629360238216487
-0.00095371721908436575	-0.024883349261564814
-0.17296962291575541	-0.20973108663318915
-0.3180213417819503	-0.3690018622202782
-0.4192887701356357	-0.48708939425599695
-0.46463368882482869	-0.55402300272264515
-0.4485071976657658	-0.56564101248240017
-0.3730768357927296	-0.52359075327731674
-0.24866008948490553	-0.43454824564098554
-0.091903659293584336	-0.30883097585259189
0.07699099004971971	-0.15918407402171778
0.23738888598663577	0.00095371721908436575
0.37212311857364522	0.15840375993337602
0.47035599213933493	0.3018948506228874
0.52939975815719431	0.42223662335826007
0.55436980898413035	0.51275305760590351
0.55567033246469999	0.56988938918559418
0.54491933835865802	0.59217169148601978
0.53148059572610562	0.58055368172626476
0.51899557031263754	0.5372028990406118
0.5039094979380303	0.46541400291317048
0.47625169858458372	0.36934866848176345
0.42284353431585925	0.25360207871106999
0.33206699537210188	0.12354973065411101
0.19863328626566198	-0.014565862982379404
0.027137589961218771	-0.15363517383795419
-0.16664040864365007	-0.28533485163696798
-0.3572971508951519	-0.40073463514617619
-0.51466049204407227	-0.4908175615669631
-0.61029231864862277	-0.54682677279682679
-0.62407786754266037	-0.56208624830217657
-0.54916771506185202	-0.53252101451056133
-0.39544583965852653	-0.45813107142198078
-0.18788229215962005	-0.34281798947814385
0.037975285632632014	-0.19499182052006714
0.24267768147428542	-0.026617380568990934
0.39128416452070386	0.14739266113122015
0.45977840116403557	0.31143202281373106
0.4398370411286352	0.45058803523467716
0.3392632252979203	0.55298258393818955
0.1799924497108312	0.61115933430233582
-0.007889842448788844	0.62355765815043251
-0.19221737042818535	0.59555305253550073
-0.34593924583151081	0.53841672095581006
-0.45119494619227629	0.46766824361282444
-0.50191536193449027	0.40064793358080492
-0.50252227289208939	0.35365568514955709
-0.46489379352094262	0.33856961277494985
-0.40411599619565713	0.36024500411777632
-0.33380102667952799	0.41478028873632777
-0.26348605716339885	0.49021065060936397
-0.19646574713137935	0.56798195474742541
-0.13109276684141463	0.62685231763454219
-0.062425127067340304	0.64722718549679914
0.014479161417008097	0.61540771100552982
0.10256795183425496	0.52714551745754035
0.20080082539994462	0.38937673008253515
0.30414909132254137	0.21952836352014674
0.40402929463028586	0.042223662335826008
0.4902973521747353	-0.11513967881309434
0.55341609176504603	-0.22871872944950516
0.5861025819100284	-0.28308061093731401
0.58471535686408749	-0.27423705126944081
0.54951452132333722	-0.21120501324450136
0.48431494416411519	-0.11349234907103951
0.3951857349624126	-0.0071962299258183961
0.28975663147090458	0.08089256049142847
0.17626428239986505	0.12944543709935982
0.063118739590310752	0.12719119639970586
-0.041443348247484253	0.074736749350065745
-0.12996564649158765	-0.016126491159062912
-0.19577213460840889	-0.12571726978839365
-0.23374742024104089	-0.23140647797601566
-0.24120375486297321	-0.31307935255578589
-0.21840124317031975	-0.35764395715663716
-0.16915475403941796	-0.36206573699057376
-0.10031371113460101	-0.33224039850284448
-0.021675391342826495	-0.28108647493377398
0.055922509664492352	-0.22395014335408334
0.1219024009120562	-0.17470365422318154
0.16776752899347705	-0.14193046251282787
0.18840250155184787	-0.12719119639970586
0.18207328727974254	-0.12571726978839365
0.15016711122310195	-0.1290119292725033
0.09589193130066441	-0.12875182457638937
0.023322721084881308	-0.12042847430074399
-0.063378844286424665	-0.10508229723002284
-0.16065800063302996	-0.089909523290044299
-0.26556689473231021	-0.086094654413706825
-0.37472416553478444	-0.10516899879539415
-0.48292771911817428	-0.15493569731852377
-0.58263451929517618	-0.23582825780995226
-0.66422069230957503	-0.3394366284286629
-0.71728205031681436	-0.44954761645022145
-0.7327149289529068	-0.54535284618551461
-0.70523053273020275	-0.60691095759914182
-0.63595598199852932	-0.62052310336243688
-0.53356143329501693	-0.58246111616443352
-0.41417337777872865	-0.50130845097689114
-0.29920710209637691	-0.39605275061612571
-0.21103161011375873	-0.29209757373592982
-0.16802763368959098	-0.21519328525158143
-0.18016585284157383	-0.18484773737162433
-0.24562553469690981	-0.2089507725448474
-0.35001421940396221	-0.28204019215285836
-0.4688820655280227	-0.38590866746768288
-0.57223033145061941	-0.49393881792033012
-0.63118739590310746	-0.57743242537289774
-0.62477148006563088	-0.612633260913648
-0.54526614462014322	-0.5867961944329988
-0.40090803827691884	-0.50044143532317809
-0.21467307585935358	-0.36718112934748082
-0.019854658470029068	-0.20973108663318915
0.14695915330436363	-0.054188478357066236
0.25368878027644126	0.07699099004971971
0.28047956397617485	0.17019517282387361
0.22351663552722681	0.22395014335408334
0.096412140692892237	0.24813988009267771
-0.072742613346525709	0.26027809924466055
-0.24718616287359332	0.2797859514532044
-0.39033044730161948	0.32131600126605991
-0.4727836359697315	0.3902437457362482
-0.47885274554572288	0.47997986589554986
-0.40888458229107899	0.57327075023507512
-0.27865883110337741	0.64644687140845736
-0.11479287255160911	0.6756652989385874
0.051500729830555751	0.64367242131657554
0.19213066886281405	0.54543954775088588
0.28741568920587929	0.39033044730161948
0.32963935154170532	0.20132103479217248
0.32287662944274342	0.0096238737562149637
0.28047956397617485	-0.15138093313830023
0.22030867760848849	-0.25420898966866912
0.15918407402171778	-0.28316731250268529
0.10855035984487509	-0.23790909537886359
0.072395807085040481	-0.13369381380255382
0.046992248431247836	0.0025143453957678732
0.024103035173223059	0.13811559363649042
-0.0055489001837635823	0.24198406895131497
-0.048032667215703512	0.29105715495147416
-0.10352166905333933	0.27510406692315387
-0.16638030394753617	0.19776627061194893
-0.2262910856191086	0.075256958742293587
-0.27180940743904425	-0.068667639774074335
-0.29478532226244031	-0.20773695062964911
-0.29365820191261333	-0.3194085668278912
-0.27484396222703994	-0.38824960973270817
-0.25160794270752995	-0.40897128385645026
-0.24042344077463146	-0.38538845807545508
-0.2555095131492387	-0.32911914214947746
-0.30414909132254137	-0.25559621471461003
-0.38278741111431586	-0.18068606223380165
-0.47642510171532632	-0.1175673226434909
-0.56147933734457744	-0.074650047784694445
-0.61089922960622189	-0.055228897141521904
-0.60196896837297742	-0.058090048798775003
-0.52272373762360369	-0.078725021357145819
-0.37706510779980967	-0.11080460054452904
-0.18545464832922348	-0.14756606426196275
0.018294030293345559	-0.18285360136808429
0.19395140173561146	-0.21172522263672919
0.30406238975717004	-0.23045276075693127
0.32331013726959995	-0.23686867659440791
0.24501862373931069	-0.23027935762618867
0.083667010583310261	-0.21181192420210049
-0.12736459953044849	-0.1844142295447678
-0.34299139260888645	-0.15181444096515676
-0.51552750769778533	-0.11843433829720396
-0.60578383724931484	-0.087915387286504262
-0.5910445711361928	-0.062945336459568138
-0.46957567805099315	-0.043524185816395597
-0.26071160707151708	-0.027397694657332688
0.00043350782685652988	-0.010230784713814105
0.27102909335070247	0.012658428544210672
0.50980520438327914	0.044651306166222579
0.68572268052165897	0.085574445021478998
0.78291513530289292	0.13091936371067203
0.80216288281532289	0.17158239786981452
0.75794508447595688	0.19516522365080974
0.67263074415059176	0.18900941250944703
0.56954258292410898	0.14357779225488268
0.46706133265522526	0.055749106533749739
0.37463746396941311	-0.068927744470188249
0.29192417060518722	-0.21623370403603709
0.21103161011375873	-0.36510029177856945
0.12112208682371445	-0.49133777095919096
0.013438742632552425	-0.57266383927747599
-0.11409926002863865	-0.59355891653196069
-0.25507600532238217	-0.54873420723499555
-0.39457882400481348	-0.4440854178318292
-0.51231954977904703	-0.29547893478541076
-0.5864493881715136	-0.12511035883079452
-0.59928121984646687	0.043610887381766904
-0.54084436478620668	0.19135035477447229
-0.41183243551370335	0.30640333202219533
-0.22369003865796941	0.38660227999065333
0.0033813610494809331	0.43784290512509516
0.24337129399725588	0.47113630622767666
0.46896876709339402	0.49792708992741019
0.65529043107633056	0.52549818771548551
0.78360874782586343	0.55445651054950174
0.84308602167057933	0.57812603789586825
0.83190151973768078	0.58471535686408749
0.75699136725687244	0.5609591279523497
0.63240121781830583	0.49766698523129627
0.4772054158036681	0.39284479269738737
0.31281924785967197	0.25420898966866912
0.16005108967543083	0.098232873565689674
0.036154552759834591	-0.053581567399467095
-0.046645442169762616	-0.18016585284157383
-0.083406905887196348	-0.26608710412453801
-0.076297377526749255	-0.306316630456824
-0.033900312060180633	-0.30779055706813618
0.031039160402927538	-0.28767579390199322
0.10412858001093847	-0.26868815108567723
0.17227601039278498	-0.27232961683127205
0.22689799657670773	-0.31273254629430064
0.2645264759478545	-0.39163097078218906
0.28758909233662189	-0.49706007427369714
0.30276186627660046	-0.60517692629171571
0.31810804334732162	-0.68580938208703024
0.34056374877848988	-0.71060602978322374
0.3727300295312444	-0.66049252499860889
0.41131222612147555	-0.53156729729147689
0.44711997261982489	-0.33735579085975154
0.46706133265522526	-0.10681632853744896
0.45691724950678247	0.12146889308519968
0.40550322124159804	0.30744375080665098
0.30779055706813618	0.41850845604729392
0.16733402116662052	0.43610887381766905
-0.0031212563533670151	0.3598114962909198
-0.18328710919494082	0.20739014436816389
-0.34897380061950656	0.010230784713814105
-0.47616499701921239	-0.19343119234338363
-0.54535284618551461	-0.36666091995525296
-0.54526614462014322	-0.48093358311463424
-0.47538468293087066	-0.52142321414303416
-0.34654615678910999	-0.48830321617119526
-0.17903873249174684	-0.39492563026629873
-8.6701565371305974e-05	-0.26409296812099797
0.16057129906765866	-0.12216250560817012
0.27475726066166861	0.0060691095759914182
0.32018888091623299	0.10230784713814105
0.284207731287141	0.15666972862594988
0.16620690081679354	0.1682877383857049
-0.021155181950598657	0.14375119538562531
-0.25351537714569866	0.094591407820094814
-0.49688667114295454	0.034073715190923247
-0.71277356891750643	-0.024709946130822204
-0.86380769579432137	-0.071528791431327426
-0.92059722111252684	-0.099359993915516642
-0.86718905684380232	-0.10534240192613675
-0.70540393586094541	-0.090169627986158213
-0.45587683072232682	-0.057829944102661082
-0.15571601140686553	-0.014652564547750709
0.14713255643510623	0.030865757272184928
0.40255536801897362	0.069708058558530003
0.56789525318205414	0.093290884339525232
0.616881637616842	0.095458423473807882
0.54509274148940068	0.073176121173382236
0.37186301387753135	0.027744500918817912
0.13672836859054951	-0.035460940236864143
-0.10837695671413247	-0.1075099410604194
-0.30987139463704755	-0.17773820901117723
-0.4240573562310575	-0.23600166094069486
-0.42657170162682539	-0.27519076848852514
-0.31715432612823724	-0.29253108156278634
-0.11973486177777355	-0.28993003460164718
0.12311622282725448	-0.27310993091961383
0.360158302552405	-0.24883349261564813
0.54275179922437544	-0.22290972456962765
0.63552247417167274	-0.19715935965434978
0.62381776284654644	-0.1685478430818188
0.5159610155246418	-0.12944543709935982
0.34021694251700463	-0.070401671081500444
0.1376820858096339	0.016646700551290746
-0.04716565156199045	0.13395391849866772
-0.17687119335746418	0.27579767944612432
-0.22811181849190601	0.42683180632293932
-0.19603223930452279	0.56425378743645926
-0.093811093731753059	0.66179304847917853
0.051500729830555751	0.69604016680084435
0.20591621775685168	0.65216917472296354
0.33605526737918195	0.52887954876496646
0.41599411065152608	0.34065045034386116
0.43125358615687592	0.11548648507457955
0.38070657354540455	-0.10967748019470205
0.27423705126944081	-0.29677945826598034
0.13022575118770158	-0.41512709499781303
-0.029998741618471866	-0.44824709296965187
-0.18571475302533741	-0.3977000803581805
-0.32036228404697559	-0.28290720780657141
-0.42397065466568623	-0.13655496545980692
-0.49289839913587447	0.0027744500918817912
-0.52922635502645166	0.09979350174237317
-0.53885022878266664	0.1305725574491868
-0.52922635502645166	0.087915387286504262
-0.50824457620659558	-0.017427014639632501
-0.48206070346446123	-0.15909737245634648
-0.45483641193787117	-0.30198155218825873
-0.42769882197665238	-0.40957819481404945
-0.39960751479634921	-0.4529289774997024
-0.36744123404359469	-0.41582070752078343
-0.3268649014498235	-0.29842678800803518
-0.27371684187721296	-0.11600669446680739
-0.2047023958416534	0.10464878940316631
-0.1189545476894318	0.3312866812837601
-0.018900941250944703	0.53243431294518995
0.089389313897816458	0.68260142416829195
0.19646574713137935	0.76592162849011702
0.29062364712461763	0.77667262259615888
0.35929128689869194	0.71866927536275527
0.39111076138996126	0.60248917776520516
0.37775872032278013	0.44278489435125962
0.31559369795155373	0.2556829162799813
0.20652312871445083	0.056876226883576721
0.058610258191002837	-0.13906931085557478
-0.11539978350920825	-0.31949526839326253
-0.29860019113877778	-0.4733038453619593
-0.47217672501213231	-0.59156478052842065
-0.61731514544369859	-0.66838236744739776
-0.71702194562070043	-0.70184917168072181
-0.75846529386818462	-0.69508644958176002
-0.73436225869496163	-0.65641755142615754
-0.64427933227417467	-0.59850090575812509
-0.49515263983552843	-0.53659598808301268
-0.30068102870768909	-0.48570216921005605
-0.079852141706972801	-0.45761086202975293
0.14496501730082359	-0.45839117611809466
0.35174825071138832	-0.48691599112525435
0.52142321414303416	-0.53494865834095784
0.64124477748617903	-0.58887703200191022
0.70644435464540112	-0.63231451625293444
0.72005650040869607	-0.64939472463108172
0.69144498383616515	-0.62806613954974044
0.63300812877590495	-0.56225965143291923
0.5570575575106409	-0.4525821712382172
0.47217672501213231	-0.3059698241953388
0.3817469923298602	-0.13438742632552425
0.28351411876417054	0.04716565156199045
0.17192920413129975	0.22247621674277113
0.042310363901197315	0.37541777805775489
-0.10473549096853761	0.49185798035141881
-0.2601046961139179	0.56009211229863654
-0.40558992280696937	0.57188352518913421
-0.51587431395927053	0.52307054388508889
-0.56399368274034534	0.41495369186707037
-0.529052951895709	0.2553361100184961
-0.40307557741120148	0.058696959756374144
-0.19629234400063672	-0.15406868166481072
0.06225172393659769	-0.35764395715663716
0.32773191710353661	-0.52593169554234198
0.54864750566962417	-0.63630278826001452
0.67757273337675616	-0.6742780738926466
0.6831216335605198	-0.63725650547909896
0.55844478255658181	-0.53607577869078482
0.32461066075016959	-0.39371180835110042
0.027571097788075299	-0.24120375486297321
-0.27094239178533119	-0.11193172089435602
-0.50746426211825391	-0.033726908929438026
-0.63092729120699353	-0.022715810127282163
-0.61471409848255931	-0.078985126053259747
-0.46333316534425911	-0.18614826085219394
-0.21059810228690221	-0.31429317447098415
0.08834889511336079	-0.42674510475756799
0.36978217630861998	-0.48821651460582394
0.57708561911141254	-0.4734772484927019
0.67375786450041875	-0.37342364205421485
0.65138886063462176	-0.19811307687343416
0.53018007224553598	0.02453654300007959
0.3528753710612153	0.25446909436478304
0.17270951821964151	0.44807368983890927
0.039882720070800751	0.56685483439759843
-0.011357905063641082	0.58558237251780054
0.029998741618471866	0.49740688053518239
0.14947349870013149	0.31455327916709808
0.31290594942504324	0.065633084986078616
0.47529798136549933	-0.21025129602541698
0.59312540870510422	-0.47165651561990452
0.63517566791018754	-0.68242802103754929
0.58948394295950934	-0.81794256771290053
0.46532730134779915	-0.86814277406288676
0.28966992990553325	-0.83788392774830089
0.09979350174237317	-0.74389943088580524
-0.066586802205162984	-0.61072582647547924
-0.17973234501471727	-0.46472039039020002
-0.22447035274631116	-0.32911914214947746
-0.201754542619029	-0.22030867760848849
-0.12736459953044849	-0.1464389439121358
-0.026530679003619627	-0.10681632853744896
0.072569210215783095	-0.093897795297124373
0.14565862982379404	-0.095631826604550482
0.17704459648820681	-0.098666381392546201
0.16221862880971347	-0.091210046770613881
0.1074232394950481	-0.065112875593850789
0.027571097788075299	-0.017340313074261194
-0.057396436275804555	0.049419892261644408
-0.12667098700747803	0.12736459953044849
-0.16221862880971347	0.20513590366850992
-0.15164103783441416	0.26938176360864768
-0.090169627986158213	0.30735704924127966
0.017947224031860335	0.30943788681019102
0.16031119437154476	0.27137589961218772
0.31706762456286597	0.19577213460840889
0.46367997160574437	0.09216376398969825
0.57387766119267425	-0.023669527346366532
0.62442467380414557	-0.13187308092975639
0.59928121984646687	-0.21207202889821442
0.49359201165884492	-0.2466659534813655
0.31611390734378159	-0.22447035274631116
0.089562717028559072	-0.14331768755876878
-0.15233465035738458	-0.010837695671413248
-0.37021568413547651	0.15614951923372206
-0.52593169554234198	0.33449463920249844
-0.59026425704785102	0.49836059775426672
-0.5492544166272233	0.62338425501968997
-0.40767076037588068	0.69083807287856602
-0.18926951720556093	0.6905779681824521
0.067800624120361266	0.62217043310449172
0.31836814804343555	0.49454572887792925
0.518822167181895	0.32374364509645648
0.63569587730241539	0.13022575118770158
0.65199577159222089	-0.064679367766994261
0.56971598605485152	-0.24146385955908714
0.40879788072570766	-0.38495495024859855
0.2018412441844003	-0.48526866138319952
-0.013438742632552425	-0.53806991469432486
-0.2018412441844003	-0.5443124274010589
-0.33726908929438026	-0.5088514871641947
-0.4061968337645685	-0.43992374269400653
-0.40862447759496506	-0.34767327713893698
-0.3553897164569832	-0.24345799556262718
-0.26365946029414145	-0.13837569833260432
-0.15207454566127068	-0.042917274858796456
-0.036414657455948511	0.034420521452408474
0.072916016477268322	0.087741984155761649
0.1713222931737006	0.11479287255160911
0.25906427732946224	0.11687371012052045
0.33856961277494985	0.099273292350145342
0.41209254020981728	0.070054864820015231
0.47945965650332201	0.039102405982458996
0.53728960060598308	0.015953088028320298
0.57925315824569523	0.008670156537130597
0.59815409949663989	0.021675391342826495
0.58774991165208323	0.055402300272264518
0.54413902427031624	0.10551580505687937
0.46740813891671051	0.1638659585517683
0.36197903542520243	0.21926825882403281
0.23652187033292268	0.26019139767928923
0.10326156435722542	0.27588438101149559
-0.023582825780995225	0.25811056011037786
-0.12918533240324589	0.20270825983811336
-0.20010721287697419	0.10976418176007337
-0.22568417466150945	-0.015692983332206381
-0.20002051131160289	-0.16447286950936743
-0.12320292439262578	-0.32383034666182781
-0.0032079579187383211	-0.47911285024183681
0.14470491260470966	-0.61471409848255931
0.29842678800803518	-0.71615492996698737
0.43194719867984638	-0.77216414119685095
0.51925567500875147	-0.77580560694244582
0.53919703504415184	-0.72664581937691541
0.47997986589554986	-0.63127409746847885
0.34325149730500037	-0.50278237758820332
0.14522512199693752	-0.36007160098703372
-0.08470742936776593	-0.22455705431168246
-0.30805066176425011	-0.11730721794737699
-0.48448834729485779	-0.055489001837635825
-0.57977336763792309	-0.048466175042560039
-0.57292394397358992	-0.096065334431407023
-0.46107892464460515	-0.18796899372499135
-0.26045150237540315	-0.30544961480311095
-0.0039882720070800745	-0.42440416249254276
0.26539349160156761	-0.5198625859663506
0.50304248228431725	-0.57092980797004989
0.67150362380076478	-0.56503410152480105
0.74780100132751404	-0.50052813688854936
0.72733943189988581	-0.38686238468676726
0.62338425501968997	-0.2423308752128002
0.46324646377888784	-0.09060313581301474
0.28117317649914525	0.044477903035479965
0.11089130210990034	0.14375119538562531
-0.021068480385227351	0.19681255339286455
-0.10031371113460101	0.20366197705719774
-0.12545716509227975	0.17409674326558239
-0.10577590975299329	0.12502365726542322
-0.057483137841175862	0.076557482222863169
0.0019941360035400373	0.047425756258104371
0.058610258191002837	0.050720415742213996
0.10404187844556717	0.091816957728213022
0.13672836859054951	0.16716061803587792
0.159530880283203	0.26582699942842414
0.17739140274969203	0.37194971544290262
0.19351789390875493	0.46818845300505224
0.20782365219502041	0.53902363191340918
0.21666721186289362	0.57335745180044639
0.21406616490175445	0.56564101248240017
0.19507852208543844	0.51622112022075572
0.15831705836800472	0.43012646580704894
0.108810464540989	0.31568039951692506
0.057743242537289775	0.18302700449882692
0.020981778819856047	0.042397065466568622
0.014652564547750709	-0.096152035996778323
0.050460311046100076	-0.22360333709259811
0.13100606527604333	-0.33154678597987403
0.24735956600433595	-0.41278615273278774
0.37923264693409231	-0.4614257309060904
0.49853400088500938	-0.47373735318881582
0.57517818467324378	-0.44902740705799365
0.58480205842945876	-0.39119746295533253
0.51483389517481493	-0.30822406489499271
0.36926196691639213	-0.21241883515969964
0.16889464934330403	-0.11886784612406048
-0.052107640788154892	-0.04309067798953907
-0.25325527244958473	0.0018207328727974255
-0.39665966157372484	0.0072829314911897021
-0.45544332289547029	-0.02800460561493183
-0.42076269674694788	-0.097886067304204447
-0.30380228506105611	-0.18926951720556093
-0.13378051536792512	-0.2847279406793688
0.048119368781074819	-0.36588060586691123
0.19837318156954806	-0.41694782787061041
0.28065296710691745	-0.42882594232647936
0.27406364813869816	-0.40030112731931966
0.17739140274969203	-0.33882971747106372
0.0094504706254723517	-0.25854406793723439
-0.19585883617378019	-0.17678449179209288
-0.39709316940058137	-0.10985088332544467
-0.55497671994172959	-0.069621356993158703
-0.64081126965932245	-0.06008418480231504
-0.64211179313989208	-0.076817586918977096
-0.56425378743645926	-0.10777004575653333
-0.4279589266727663	-0.13646826389443562
-0.26313925090191365	-0.14600543608527927
-0.10135412991905668	-0.12354973065411101
0.031906176056640596	-0.063725650547909893
0.12250931186965534	0.029391830660872725
0.16941485873553186	0.14314428442802615
0.18337381076031214	0.25811056011037786
0.18181318258362864	0.3528753710612153
0.18276689980271299	0.40871117916033634
0.19924019722326114	0.41356646682112952
0.23435433119864005	0.36553379960542598
0.28082637023766005	0.27337003561572776
0.32296333100811475	0.15510910044926637
0.34125736130146034	0.034333819887037167
0.31888835743566335	-0.064419263070880334
0.24709946130822202	-0.12051517586611531
0.12857842144564677	-0.12112208682371445
-0.022195600735054329	-0.063292142721053365
-0.18163977945288601	0.045084813993079106
-0.32261652474662955	0.18788229215962005
-0.42067599518157661	0.34351160200111425
-0.46029861055626342	0.48943033652102225
-0.43836311451732302	0.60552373255320091
-0.36501359021319812	0.67722592711527096
-0.26088501020225968	0.69734069028141399
-0.15181444096515676	0.6661281267477438
-0.06199161924048377	0.58983074922099454
-0.008843559667873209	0.47893944711109421
0.0018207328727974255	0.34602594739688214
-0.023669527346366532	0.20366197705719774
-0.068667639774074335	0.063292142721053365
-0.11158491463287079	-0.065199577159222089
-0.13135287153752856	-0.17392334013483979
-0.1131455428095543	-0.25611642410683783
-0.051674132961298358	-0.3064900335875666
0.047339054692733064	-0.32122929970068864
0.16915475403941796	-0.29877359426952038
0.29409170973946985	-0.24077024703611669
0.40246866645360235	-0.15216124722664198
0.47963305963406466	-0.041703452943598174
0.51830195778966714	0.078898424487888433
0.51960248127023667	0.19629234400063672
0.49090426313233443	0.29721296609283687
0.44313170061274482	0.37064919196233304
0.38590866746768288	0.40957819481404945
0.32504416857702612	0.41226594334055988
0.26062490550614575	0.3819203954606028
0.18814239685573397	0.3261712889268531
0.10109402522294277	0.25455579593015432
-0.0057223033145061943	0.17695789492283548
-0.13247999188735554	0.10126742835368538
-0.27250301996201465	0.032252982318125824
-0.41209254020981728	-0.02843811344178836
-0.53286782077204653	-0.081759576145141538
-0.61636142822461415	-0.12961884023010242
-0.64800749958514081	-0.17331642917724063
-0.62182362684300641	-0.21250553672507094
-0.54266509765900406	-0.24449841434708283
-0.42561798440774101	-0.2643530728171119
-0.29391830660872725	-0.26634720882065194
-0.17383663856946849	-0.24545213156616721
-0.088955806070959931	-0.19915349565788981
-0.055315598706893211	-0.12857842144564677
-0.077858005703432764	-0.038495495024859855
-0.15025381278847325	0.062598530198082911
-0.25585631941072395	0.16464627264011003
-0.37229652170438787	0.25698343976055088
-0.47616499701921239	0.33137338284913143
-0.54812729627739631	0.38287411267968718
-0.57673881284992734	0.4109654198599903
-0.55991870916789399	0.4191153670048931
-0.50494991672248601	0.41399997464798605
-0.42605149223459754	0.40376918993417193
-0.34125736130146034	0.39639955687761091
-0.26868815108567723	0.3978734834889231
-0.22308312770037028	0.41157233081758948
-0.21389276177101182	0.43697588947138211
-0.2438048018241124	0.47052939527007753
-0.30857087115647797	0.5057302308108278
-0.3978734834889231	0.53486195677558657
-0.49653986488146928	0.54960122288870861
-0.58636268660614232	0.54292520235511799
-0.64861441054273994	0.50997860751402169
-0.66621482831311507	0.44911410862336493
-0.62693901919991346	0.36301945420965809
-0.52541148615011424	0.25845736637186312
-0.36536039647468338	0.1464389439121358
-0.16048459750228736	0.040489631028399892
0.066326697509049071	-0.044824709296965186
0.28576835946382451	-0.096325439127520937
0.46697463108985399	-0.1044753862724237
0.58298132555666138	-0.066239995943677771
0.61610132352850022	0.014132355155522873
0.56243305456366188	0.12459014943856668
0.43316102059504463	0.24692605817747942
0.25334197401495606	0.35929128689869194
0.056876226883576721	0.44035725052086305
-0.12103538525834313	0.47287033753510277
-0.25160794270752995	0.44772688357742407
-0.31871495430492075	0.36605400899765383
-0.32287662944274342	0.23981652981703233
-0.28056626554154612	0.089822821724672985
-0.21944166195477541	-0.057743242537289775
-0.17062868065073017	-0.17643768553060765
-0.1597909849793169	-0.2438048018241124
-0.19941360035400374	-0.24614574408913767
-0.2843811344178836	-0.18033925597231643
-0.39275809113201604	-0.054188478357066236
-0.4908175615669631	0.11496627568235172
-0.54231829139751886	0.30388898662642744
-0.51856206248578107	0.48760960364822481
-0.40706384941828155	0.64341231662046161
-0.21658051029752232	0.75343660307664895
0.024189736738594366	0.80684476734537336
0.27215621370052945	0.80016874681178285
0.48067347841852032	0.73618299156775902
0.61072582647547924	0.62234383623523426
0.64124477748617903	0.46896876709339402
0.57413776588878818	0.28767579390199322
0.43437484251024294	0.09060313581301474
0.26391956499025537	-0.11054449584841512
0.11011098802155858	-0.30406238975717004
0.014132355155522873	-0.47867934241498028
-0.00043350782685652988	-0.62347095658506124
0.066500100639791684	-0.72829314911897014
0.19169716103595752	-0.78473586817569041
0.33475474389861237	-0.78707681044071565
0.448854003927251	-0.73332183991050592
0.49341860852810232	-0.62598530198082913
0.44555934444314138	-0.47217672501213231
0.30605652576071007	-0.28368752189491314
0.1001403080038584	-0.075863869699892728
-0.12866512301101807	0.13386721693329642
-0.32894573901873486	0.32703830458056615
-0.45414279941490071	0.48578887077542737
-0.47365065162344455	0.5945993353164164
-0.38027306571854802	0.64185168844377816
-0.19109025007835836	0.62156352214689248
0.057223033145061941	0.53442844894872998
0.3175011323897225	0.38868311755956469
0.54387891957420242	0.20028061600771679
0.70176247011535053	-0.0082366487102740679
0.7751986959848467	-0.21016459446004568
0.7684359738858848	-0.37775872032278013
0.7033230982920341	-0.48674258799451176
0.61141943899844975	-0.52055619848932111
0.52532478458474285	-0.47356395005807322
0.46983578274710708	-0.35322217732270056
0.45665714481066855	-0.17964564344934597
0.48258091285668903	0.017600417770375111
0.53208750668370475	0.20383538018794034
0.58306802712203265	0.34611264896225347
0.61358697813273233	0.4192887701356357
0.60847158577582527	0.41070531516387637
0.56330007021737494	0.32296333100811475
0.48474845199097172	0.17253611508889888
0.38833631129807944	-0.013091936371067201
0.29348479878187073	-0.20210134888051423
0.2178810337780919	-0.36449338082097033
0.17210260726204235	-0.47859264084960895
0.15710323645280641	-0.53486195677558657
0.1639526601171396	-0.5368560927791266
0.17661108866135028	-0.49905421027723718
0.17652438709597895	-0.44235138652440309
0.14791287052344798	-0.38755599720973771
0.081499471449027611	-0.35010092096933354
-0.022282302300425636	-0.33614196894455328
-0.15415538323018202	-0.34082385347460376
-0.29807998174654993	-0.35010092096933354
-0.43498175346784207	-0.34533233487391168
-0.54734698218905464	-0.30839746802573537
-0.62355765815043251	-0.22767831066504948
-0.65919200151803936	-0.10118072678831407
-0.65806488116821238	0.061558111413627242
-0.63014697711865186	0.24111705329760191
-0.58913713669802414	0.41183243551370335
-0.54873420723499555	0.54743368375442591
-0.51994928753172187	0.62641880980768561
-0.50841797933733823	0.63682299765224237
-0.51414028265184442	0.57821273946123952
-0.53243431294518995	0.46107892464460515
-0.55567033246469999	0.30388898662642744
-0.57535158780398643	0.1290119292725033
-0.5842818490372309	-0.042310363901197315
-0.57777923163438305	-0.19377799860486886
-0.55471661524561566	-0.31585380264766766
-0.51665462804761231	-0.40611013219919717
-0.46697463108985399	-0.46775494517819571
-0.40975159794479205	-0.50616373863768427
-0.34897380061950656	-0.52619180023845591
-0.28810930172884974	-0.53000666911479344
-0.23010595449544605	-0.51604771709001318
-0.17773820901117723	-0.48050007528777772
-0.13473423258700948	-0.4196355763971209
-0.10586261131836459	-0.33276060789507234
-0.097019051650491378	-0.22438365118093986
-0.11409926002863865	-0.10551580505687937
-0.16169841941748564	0.007889842448788844
-0.24111705329760191	0.097279156346605306
-0.34888709905413523	0.14617883921602187
-0.47547138449624193	0.14444480790859576
-0.60561043411857218	0.091903659293584336
-0.71979639571258225	-0.0006069109575991418
-0.79722089358915837	-0.11236522872121255
-0.81932979275884144	-0.21684061499363624
-0.77363806780816324	-0.28715558450976536
-0.6569377608183854	-0.30276186627660046
-0.47711871423829677	-0.25420898966866912
-0.25264836149198561	-0.14617883921602187
-0.0098839784523288808	0.003814868876337463
0.22117569326220154	0.1682877383857049
0.41157233081758948	0.31646071360526679
0.53876352721729537	0.42041589048546268
0.5906977648747076	0.46151243247146168
0.56798195474742541	0.43411473781412901
0.48344792851040214	0.34628605209299607
0.3599848994216624	0.21684061499363624
0.22559747309613815	0.069881461689272617
0.10846365827950377	-0.071181985169842199
0.031385966664412762	-0.18944292033630356
0.0079765440141601491	-0.27770511388429303
0.041009840420627726	-0.33900312060180637
0.12224920717354142	-0.38391453146414284
0.2350479437216105	-0.42544458127699841
0.35781736028737976	-0.47365065162344455
0.4685352592665375	-0.53104708789924904
0.54864750566962417	-0.5906977648747076
0.58618928347539967	-0.63734320704447023
0.57673881284992734	-0.65182236846147834
0.52324394701583155	-0.61696833918221328
0.43463494720635687	-0.52393755953880194
0.32322343570422868	-0.37654489840758182
0.201754542619029	-0.19247747512429927
0.081846277710512838	-0.00034680626148522389
-0.027484396222703995	0.16586009455530834
-0.11999496647388747	0.27536417161926779
-0.19230407199355665	0.30831076646036404
-0.2422441736474289	0.26079830863688835
-0.26903495734716243	0.14747936269659145
-0.27180940743904425	-0.0020808375689113433
-0.25030741922696037	-0.14947349870013149
-0.20530930679925255	-0.25724354445666481
-0.13872250459408955	-0.29790657861580733
-0.054535284618551456	-0.26123181646374488
0.041356646682112946	-0.15614951923372206
0.14149695468597134	-0.0098839784523288808
0.23747558755200707	0.13924271398631741
0.3220963153544017	0.2509143301845595
0.3904171488669908	0.29270448469352894
0.44044395208623432	0.24831328322342031
0.47391075631955848	0.12164229621594227
0.49480583357404317	-0.063899053678652507
0.5088514871641947	-0.26990197300087548
0.52081630318543504	-0.45171515558450415
0.53304122390278907	-0.56789525318205414
0.54405232270494497	-0.58948394295950934
0.54838740097351024	-0.50555682768008514
0.53737630217135446	-0.32513087014239739
0.50122174941151987	-0.075343660307664886
0.43194719867984638	0.20418218644942557
0.32582448266536784	0.4690554686587653
0.18519454363310955	0.67861315216121187
0.019247747512429927	0.80190277811920896
-0.15658302706057858	0.82297125850443631
-0.32322343570422868	0.74207869801300785
-0.46116562620997648	0.57500478154250123
-0.55402300272264515	0.34914720375024916
-0.59156478052842065	0.099273292350145342
-0.57145001736227763	-0.13846239989797565
-0.4996611212348363	-0.33146008441450275
-0.38911662538642122	-0.45466300880712851
-0.25689673819517961	-0.49393881792033012
-0.12077528056222922	-0.44738007731593882
0.0034680626148522391	-0.32513087014239739
0.10464878940316631	-0.14773946739270538
0.17695789492283548	0.056876226883576721
0.21944166195477541	0.25741694758740746
0.23461443589475398	0.42449086405791403
0.2263777871844799	0.53468855364484391
0.19828648000417676	0.57431116901953072
0.15268145661886981	0.54119117104769188
0.090689837378386054	0.44469232878942833
0.013872250459408956	0.30328207566882831
-0.074910152480808359	0.14028313277077306
-0.16924145560478926	-0.020201464731514292
-0.25889087419871964	-0.15875056619486125
-0.33024626249930444	-0.26322595246728492
-0.36822154813193647	-0.33041966563004704
-0.35972479472554847	-0.36536039647468338
-0.29669275670060902	-0.37810552658426533
-0.17964564344934597	-0.38027306571854802
-0.01872753812020209	-0.38070657354540455
0.16594679612067964	-0.38330762050654371
0.34749987400819432	-0.38538845807545508
0.49679996957758321	-0.37888584067260711
0.58801001634819716	-0.35339558045344316
0.60326949185354695	-0.29955390835786216
0.53711619747524053	-0.21285234298655617
0.39813358818503702	-0.096152035996778323
0.20756354749890651	0.040142824766914664
-0.0045084813993079105	0.17955894188397467
-0.2047023958416534	0.30258846314585786
-0.36223914012131636	0.39137086608607519
-0.45466300880712851	0.43342112529115856
-0.47139641092379059	0.42483767031939929
-0.41478028873632777	0.37108269978918956
-0.29894699740026298	0.28602846415993843
-0.14617883921602187	0.1886626062479618
0.018120627162602949	0.099446695480887956
0.16984836656238841	0.03589444806372067
0.29088375182073156	0.0092770674947297398
0.37160290918141742	0.022455705431168246
0.4111388229907329	0.070054864820015231
0.41616751378226868	0.14002302807465913
0.39856709601189355	0.21597359933992319
0.37194971544290262	0.28091307180303138
0.34897380061950656	0.32018888091623299
0.33865631434032112	0.32417715292331306
0.34446531922019863	0.28949652677479065
0.36510029177856945	0.21987516978163196
0.39440542087407088	0.12554386665765105
0.4235371468388297	0.021155181950598657
0.44269819278588829	-0.076384079092120569
0.44295829748200222	-0.15042721591921587
0.41781484352432346	-0.18736208276739222
0.36414657455948507	-0.17860522466489032
0.28256040154508616	-0.12276941656576926
0.17799831370729116	-0.026704082134362241
0.058350153494888923	0.095371721908436569
-0.066066592812935157	0.22342993396185548
-0.1845009311101391	0.33440793763712712
-0.28706888294439409	0.40611013219919717
-0.36622741212839643	0.42110950300843314
-0.41816164978580872	0.37038908726621911
-0.44313170061274482	0.2551627068877535
-0.44573274757388404	0.087221774763533808
-0.43359452842190116	-0.11219182559046993
-0.41608081221689736	-0.31611390734378159
-0.40246866645360235	-0.49610635705461276
-0.40004102262320579	-0.62737252702677004
-0.41261274960204514	-0.69274550731673468
-0.4398370411286352	-0.68554927739091631
-0.47711871423829677	-0.60977210925639491
-0.51665462804761231	-0.47885274554572288
-0.54899431193110948	-0.31299265099041457
-0.56512080309017232	-0.13482093415238078
-0.55792457316435395	0.034420521452408474
-0.52393755953880194	0.17817171683803379
-0.46385337473648697	0.28568165789845318
-0.38270070954894458	0.3528753710612153
-0.28819600329422107	0.38061987198003322
-0.19013653285927401	0.3732502389234722
-0.097972768869575746	0.33648877520603848
-0.020201464731514292	0.27588438101149559
0.037108269978918959	0.19594553773915149
0.071268686735213513	0.10083392052682885
0.082713293364225893	-0.0058957064452488063
0.074823450915437059	-0.11956145864703094
0.05254114861501142	-0.23452773432938265
0.021762092908197798	-0.34359830356648557
-0.011878114455868918	-0.43888332390955082
-0.043784290512509517	-0.51309986386738871
-0.07161549299669874	-0.56104582951772097
-0.095111617212322655	-0.58072708485700741
-0.11600669446680739	-0.57370425806193159
-0.13672836859054951	-0.54517944305477195
-0.16005108967543083	-0.50269567602283205
-0.18701527650590699	-0.45448960567638591
-0.21675391342826494	-0.40810426820273721
-0.24545213156616721	-0.36856835439342167
-0.26669401508213719	-0.33787600025197939
-0.27276312465812858	-0.3151601901246972
-0.25594302097609523	-0.29721296609283687
-0.21085820698301613	-0.2797859514532044
-0.13681507015592081	-0.25863076950260572
-0.039449212243944216	-0.23010595449544605
0.069708058558530003	-0.19230407199355665
0.17418344483095369	-0.14453150947396706
0.25524940845312477	-0.087568581025019035
0.29539223322003944	-0.023236019519510001
0.28195349058748703	0.045344918689193027
0.21051140072153091	0.11401255846326735
0.08687496850204858	0.17756480588043463
-0.073783032130981377	0.23001925293007475
-0.24857338791953423	0.26522008847082496
-0.41053191203313377	0.27753171075355043
-0.53364813486038831	0.26357275872877017
-0.59746048697366949	0.22316982926574158
-0.59095786957082153	0.16065800063302996
-0.51388017795573049	0.085054235629251157
-0.37671830153832447	0.008670156537130597
-0.19819977843880546	-0.054188478357066236
-0.0015606281766835076	-0.089649418593930372
0.18918281564018963	-0.087741984155761649
0.35356898358418576	-0.044391201470108659
0.47703201267292544	0.036761463717433732
0.55228897141521904	0.14496501730082359
0.57959996450718043	0.2640062665556267
0.56468729526331585	0.37524437492701224
0.51691473274372624	0.46090552151386255
0.44703327105445362	0.50763766524899645
0.36544709804005465	0.50876478559882343
0.28065296710691745	0.46472039039020002
0.19889339096177591	0.38200709702597413
0.12406994004633885	0.27111579491607379
0.057569839406547169	0.14375119538562531
-0.0012138219151982836	0.010404187844556717
-0.05444858305318015	-0.12146889308519968
-0.10516899879539415	-0.24735956600433595
-0.15675643019132121	-0.36518699334394078
-0.21224543202895702	-0.4727836359697315
-0.27337003561572776	-0.56711493909371236
-0.33952332999403417	-0.64263200253211983
-0.40741065567976675	-0.69257210418599213
-0.47130970935841926	-0.70991241726025334
-0.52359075327731674	-0.69083807287856602
-0.55662404968378432	-0.6363894898253859
-0.56390698117497406	-0.55489001837635821
-0.54223158983214759	-0.46099222307923388
-0.49324520539735967	-0.37403055301181398
-0.42310363901197318	-0.31403306977487022
-0.34177757069368814	-0.29608584574300989
-0.26097171176763095	-0.3266914983190809
-0.19143705633984359	-0.40064793358080492
-0.14054323746688699	-0.50122174941151987
-0.11071789897915772	-0.60283598402669047
-0.099273292350145342	-0.67661901615767184
-0.09962009861163057	-0.69708058558530006
-0.1030881612264828	-0.64783409645439827
-0.10213444400739843	-0.52653860649994122
-0.092597271816554777	-0.34559243957002561
-0.074910152480808359	-0.13039915431844418
-0.054621986183922763	0.086181355979078139
-0.040056123201543357	0.27050888395847461
-0.040489631028399892	0.39570594435464046
-0.062598530198082911	0.44651306166222576
-0.10863706141024639	0.42232332492363139
-0.17505046048466677	0.33614196894455328
-0.25386218340718392	0.21077150541764483
-0.33423453450638452	0.073176121173382236
-0.40567662437234064	-0.051760834526669665
-0.46055871525237735	-0.1466990486082497
-0.49619305861998408	-0.20435558958016817
-0.51431368578258707	-0.22759160909967818
-0.52038279535857845	-0.22776501223042078
-0.52090300475080631	-0.21996187134700326
-0.52038279535857845	-0.21909485569329021
-0.51942907813949413	-0.23617506407143748
-0.51405358108647314	-0.27553757475001039
-0.49723347740443974	-0.33484144546398364
-0.46151243247146168	-0.4061968337645685
-0.40255536801897362	-0.47789902832663855
-0.32174950909291644	-0.53789651156358231
-0.22837192318801994	-0.57526488623861516
-0.1380288920711191	-0.58272122086054745
-0.070314969516129144	-0.55688415437989824
-0.04343748425102429	-0.49870740401575198
-0.069621356993158703	-0.41313295899427299
-0.15051391748458717	-0.30796396019887884
-0.27527747005389647	-0.19351789390875493
-0.42162971240066094	-0.081846277710512838
-0.55948520134103741	0.014739266113122016
-0.6572845670798706	0.085314340325365084
-0.68858383217891206	0.12146889308519968
-0.63812352113281201	0.11982156334314485
-0.5057302308108278	0.082106382406626752
-0.30657673515293793	0.016386595855176829
-0.068927744470188249	-0.065026174028479475
0.17192920413129975	-0.14704585486973493
0.38053317041466189	-0.21614700247066579
0.52809923467662467	-0.26305254933654232
0.59772059166978342	-0.28516144850622532
0.58722970225985538	-0.28741568920587929
0.50859138246808089	-0.28082637023766005
0.38521505494471242	-0.27874553266874869
0.2465792519159942	-0.29270448469352894
0.12259601343502664	-0.32738511084205135
0.037628479371146793	-0.37827892971500798
0.0068494236643331721	-0.43038657050316287
0.033900312060180633	-0.46185923873294693
0.11097800367527165	-0.44902740705799365
0.22117569326220154	-0.37359704518495745
0.34169086912831687	-0.22915223727636169
0.44859389923113713	-0.025750364915277876
0.52098970631617758	0.20981778819856045
0.5443124274010589	0.43827641295195169
0.51309986386738871	0.6151476063094159
0.43160039241836112	0.70141566385386533
0.31290594942504324	0.67341105823893355
0.17678449179209288	0.52922635502645166
0.045431620254564327	0.29140396121295936
-0.059997483236943733	0.003814868876337463
-0.12433004474245277	-0.2774450091881791
-0.14089004372837222	-0.49575955079312756
-0.11357905063641083	-0.60647744977228524
-0.055835808099121045	-0.58731640382522665
0.011444606629012389	-0.44295829748200222
0.065199577159222089	-0.2044422911455395
0.08462072780239463	0.078031408834175378
0.056789525318205414	0.34637275365836734
-0.020288166296885599	0.54726028062368326
-0.13620815919832169	0.64419263070880339
-0.26998867456624681	0.62503158476174481
-0.39397191304721435	0.50347599011117383
-0.47954635806869333	0.31524689169006853
-0.50330258698043118	0.10924397236784553
-0.45249546967284587	-0.063985755244023806
-0.32833882806113573	-0.16343245072491175
-0.1465256454775071	-0.16638030394753617
0.065546383420707316	-0.072309105519669181
0.27276312465812858	0.097712664173461833
0.43940353330177867	0.30675013828368053
0.53520876303707177	0.51041211534087827
0.54119117104769188	0.66630152987848645
0.4527555743689598	0.7419052948822652
0.28099977336840265	0.7210102176277805
0.050807117307585303	0.60509022472634444
-0.20279496140348469	0.41278615273278774
-0.44018384739012045	0.17453025109243891
-0.62286404562746212	-0.072395807085040481
-0.71953629101646832	-0.29149066277833069
-0.71121294074082286	-0.45188855871524675
-0.59416582748955982	-0.53347473172964566
-0.381400186068375	-0.529052951895709
-0.10135412991905668	-0.44451892565868573
0.20556941149536645	-0.29755977235432213
0.49263829443976054	-0.11427266315938127
0.71433419709418988	0.074476644653951832
0.83380895417584955	0.23799579694423489
0.82982068216876947	0.34984081627321961
0.70158906698460799	0.39206447860904559
0.47009588744322101	0.35738385246052323
0.17531056518078067	0.25048082235770297
-0.1308326621453007	0.087048371632791194
-0.39379850991647175	-0.10863706141024639
-0.56754844692056894	-0.30744375080665098
-0.62355765815043251	-0.48076017998389164
-0.5580979762950965	-0.6044833137687452
-0.39267138956664477	-0.66318027352511943
-0.17062868065073017	-0.65251598098444874
0.052974656441867947	-0.57942656137643778
0.22316982926574158	-0.46012520742552082
0.29842678800803518	-0.31715432612823724
0.2599312929831753	-0.17418344483095369
0.11652690385903523	-0.052020939222783585
-0.096758946954377464	0.03554764180223545
-0.32712500614593742	0.084013816844795489
-0.51587431395927053	0.09805947043494706
-0.6129800671751332	0.090082926420786913
-0.58887703200191022	0.076817586918977096
-0.44183117713217523	0.075256958742293587
-0.19898009252714721	0.098926486088660115
0.089822821724672985	0.15424208479555332
0.36284605107891549	0.23877611103257665
0.56104582951772097	0.34177757069368814
0.64072456809395117	0.44512583661628485
0.58350153494888923	0.52749232371902555
0.39917400696949268	0.56841546257428199
0.12302952126188317	0.55237567298059032
-0.19256417668967057	0.4727836359697315
-0.49012394904399265	0.33406113137564192
-0.71953629101646832	0.15190114253052805
-0.84776790620062981	-0.048466175042560039
-0.86432790518654923	-0.23634846720218008
-0.78100770086472426	-0.38087997667614715
-0.62702572076528484	-0.45631033854918335
-0.44105086304383351	-0.44764018201205275
-0.26201213055208666	-0.35365568514955709
-0.12086198212760053	-0.1885759046825905
-0.035721044932978063	0.02046156942762821
-0.0097105753215862688	0.23730218442126444
-0.033380102667952799	0.42379725153494358
-0.088002088851875562	0.54682677279682679
-0.15198784409589938	0.58462865529871622
-0.2047023958416534	0.53113378946462042
-0.2308862685837878	0.39743997566206657
-0.2221294104812859	0.20929757880633262
-0.17687119335746418	0.0018207328727974255
-0.099533397046259256	-0.18770888902887745
0.0018207328727974255	-0.32738511084205135
0.11696041168589176	-0.39726657253132397
0.2353080484177244	-0.39275809113201604
0.34671955991985259	-0.32478406388091219
0.44269819278588829	-0.21701401812437884
0.51708813587446878	-0.099273292350145342
0.56685483439759843	-0.0015606281766835076
0.59234509461676244	0.053234761137981867
0.59737378540829811	0.053148059572610561
0.58861692730579629	-0.0010404187844556716
0.57431116901953072	-0.097539261042719219
0.56182614360606276	-0.21718742125512147
0.55593043716081392	-0.33856961277494985
0.5567107512491557	-0.44278489435125962
0.55887829038343828	-0.51691473274372624
0.55202886671910512	-0.55558363089932872
0.52333064858120282	-0.55991870916789399
0.46038531212163469	-0.53538216616781442
0.35564982115309712	-0.48873672399805179
0.2088640709794761	-0.42518447658088449
0.028784919703273584	-0.34723976931208045
-0.16750742429736315	-0.25507600532238217
-0.35799076341812236	-0.14851978148104714
-0.52003598909709325	-0.029565233791615336
-0.63560917573704412	0.095718528169921796
-0.69560665897398788	0.21597359933992319
-0.70150236541923661	0.31568039951692506
-0.66552121579014467	0.3774986156266662
-0.60691095759914182	0.38677568312139593
-0.54752038531979719	0.33527495329084023
-0.50564352924545641	0.22438365118093986
-0.49211808504753268	0.066413399074420371
-0.50720415742213998	-0.1175673226434909
-0.54153797730917708	-0.30137464123065955
-0.57890635198421003	-0.45917149020643644
-0.60058174332703651	-0.5708431064046785
-0.59113127270156418	-0.62633210824231433
-0.54205818670140493	-0.62685231763454219
-0.45466300880712851	-0.58402174434111709
-0.33908982216717765	-0.51613441865538445
-0.21137841637524396	-0.44261149122051702
-0.089215910767073844	-0.37853903441112186
0.013091936371067201	-0.33067977032616097
0.087395177894276421	-0.29591244261226729
0.1333470075410686	-0.26305254933654232
0.15762344584503427	-0.21640710716677972
0.17088878534684407	-0.14175705938208527
0.18389402015253997	-0.031646071360526683
0.20400878331868297	0.11123810837138556
0.23253359832584261	0.27250301996201465
0.26513338690545368	0.42925945015333589
0.29279118625890027	0.55445651054950174
0.30588312262996747	0.6243379722387743
0.29721296609283687	0.62416456910803175
0.26487328220933976	0.55272247924207563
0.21380606020564052	0.42336374370808705
0.15406868166481072	0.26183872742134406
0.098319575131060974	0.10057381583071492
0.057916645668032389	-0.02843811344178836
0.039709316940058137	-0.10048711426534362
0.043177379554910376	-0.10378177374945326
0.060170886367686346	-0.041876856074340787
0.07707769161509101	0.067540519424247353
0.078811722922517133	0.1974194643504637
0.053581567399467095	0.31715432612823724
-0.0034680626148522391	0.39986761949246313
-0.088002088851875562	0.42778552354202365
-0.18606155928682261	0.39570594435464046
-0.27753171075355043	0.31143202281373106
-0.34004353938626203	0.19334449077801233
-0.35512961176086927	0.065546383420707316
-0.31281924785967197	-0.046818845300505223
-0.21493318055546751	-0.12294281969651187
-0.075083555611550973	-0.14973360339624542
0.083927115279424189	-0.12363643221948231
0.23461443589475398	-0.050807117307585303
0.35122804131916052	0.055315598706893211
0.41530049812855563	0.17669779022672158
0.41998238265860616	0.2933980972164994
0.37134280448530349	0.38686238468676726
0.28672207668290883	0.44200458026291783
0.19065674225150184	0.44946091488485018
0.10898386767173161	0.40628353532993977
0.062945336459568138	0.31680751986675204
0.064419263070880334	0.19265087825504187
0.11288543811344037	0.051067222003699217
0.19585883617378019	-0.086614863805934666
0.29140396121295936	-0.19906679409251851
0.37333694048884353	-0.26912165891253376
0.41694782787061041	-0.28724228607513669
0.40463620558788499	-0.25438239279941172
0.32937924684559139	-0.18302700449882692
0.19681255339286455	-0.095198318777693955
0.023669527346366532	-0.018207328727974256
-0.16525318359770919	0.021675391342826495
-0.34186427225905947	0.0065026174028479482
-0.48050007528777772	-0.067713922554989966
-0.56225965143291923	-0.1888360093787044
-0.57795263476512559	-0.32972605310707664
-0.52957316128793686	-0.45388269471878678
-0.42865253919573676	-0.52454447049640118
-0.29374490347798465	-0.51379347639035922
-0.1466123470428784	-0.41157233081758948
-0.0080632455795314559	-0.22975914823396082
0.10551580505687937	-0.0013872250459408956
0.18398072171791127	0.2263777871844799
0.22421024805019724	0.40350908523805801
0.22880543101487646	0.48934363495565092
0.20487579897239602	0.46420018099797217
0.16161171785211434	0.33527495329084023
0.10863706141024639	0.13586135293683646
0.053754970530209702	-0.081499471449027611
0.0026877485265104852	-0.25828396324112052
-0.04118324355137034	-0.34515893174316908
-0.076210675961377955	-0.31472668229784068
-0.10161423461517061	-0.16950156030090319
-0.11713381481663437	0.058003347233403696
-0.12285611813114057	0.31281924785967197
-0.11930135395091702	0.53130719259536296
-0.10785674732190463	0.65745797021061325
-0.090863240509128654	0.65702446238375667
-0.071875597692812654	0.52688541276142642
-0.055142195576150597	0.29513212852392551
-0.044738007731593879	0.013872250459408956
-0.043524185816395597	-0.25490260219163957
-0.052367745484268806	-0.45526991976472769
-0.06944795386241609	-0.55228897141521904
-0.090689837378386054	-0.54006405069786489
-0.11037109271767251	-0.44261149122051702
-0.12259601343502664	-0.30553631636848227
-0.12294281969651187	-0.18302700449882692
-0.10950407706395944	-0.12164229621594227
-0.083146801191082434	-0.14678575017362103
-0.047772562519589591	-0.25542281158386737
-0.008843559667873209	-0.41668772317449648
0.02817800874567444	-0.58029357703015083
0.059477273844715899	-0.6909247744439373
0.084100518410166789	-0.70384330768426184
0.10378177374945326	-0.59720038227755556
0.1219024009120562	-0.37992625945706276
0.1422772687743131	-0.089649418593930372
0.16716061803587792	0.21562679307843796
0.19507852208543844	0.47165651561990452
0.22056878230460239	0.62381776284654644
0.23452773432938265	0.64003095557098066
0.22594427935762337	0.51786844996281056
0.18493443893699565	0.28481464224474012
0.10551580505687937	-0.0093637690601010449
-0.011618009759755001	-0.30458259914939789
-0.15797025210651949	-0.54457253209717282
-0.3176745355204651	-0.6884104290481694
-0.47000918587784968	-0.71884267849349781
-0.59234509461676244	-0.64323891348971907
-0.66422069230957503	-0.48969044121713612
-0.67133022067002213	-0.29834008644266385
-0.60812477951434007	-0.11167161619824209
-0.47919955180720814	0.035200835540750222
-0.29851348957340645	0.12060187743148661
-0.08687496850204858	0.13924271398631741
0.1306592590145581	0.10022700956922971
0.32859893275724966	0.024103035173223059
0.48466175042560039	-0.063552247417167279
0.5825478177298048	-0.13724857798277737
0.61350027656736106	-0.17609087926912242
0.57734572380752647	-0.16655370707827877
0.48223410659520383	-0.10386847531482456
0.34411851295871343	0.0079765440141601491
0.1845009311101391	0.15701653488743511
0.028091307180303136	0.32461066075016959
-0.099966904873115783	0.48760960364822481
-0.17851852309951899	0.62113001432003601
-0.1931710876472697	0.70167576854997926
-0.14002302807465913	0.71173315013305072
-0.026357275872877017	0.64306551035897641
0.12866512301101807	0.49974782280020763
0.29669275670060902	0.29938050522711951
0.44469232878942833	0.070921880473728285
0.54119117104769188	-0.14930009556938889
0.56260645769440443	-0.32400374979257041
0.49905421027723718	-0.42284353431585925
0.35686364306829538	-0.42891264389185063
0.15866386462948992	-0.34290469104351512
-0.060170886367686346	-0.18328710919494082
-0.25854406793723439	0.017773820901117725
-0.39796018505429442	0.22117569326220154
-0.45076143836541976	0.38963683477864902
-0.40585002750308324	0.49610635705461276
-0.27137589961218772	0.52922635502645166
-0.072395807085040481	0.4948925351394145
0.15441548792629595	0.41321966055964426
0.36960877317787738	0.31177882907521626
0.53997734913249362	0.2177943322127206
0.64505964636251645	0.15016711122310195
0.68130090068772231	0.11470617098623781
0.66144624221769333	0.10360837061871064
0.60968540769102364	0.098492978261803588
0.55480331681098694	0.077511199441947537
0.52133651257766278	0.02236900386579694
0.52307054388508889	-0.074303241523209218
0.55896499194880966	-0.2063497255837082
0.61419388909033157	-0.35434929767252754
0.66361378135197591	-0.49055745687084917
0.67948016781492493	-0.58653608973688487
0.63899053678652507	-0.62078320805855081
0.53139389416073435	-0.58514886469094407
0.36180563229445983	-0.48795640990971001
0.15051391748458717	-0.35244186323435878
-0.070141566385386531	-0.21111831167913003
-0.26261904150968579	-0.09814617200031836
-0.39223788173978824	-0.041009840420627726
-0.43454824564098554	-0.053061358007239254
-0.37975285632632017	-0.13109276684141463
-0.2351346452869818	-0.2555095131492387
-0.023062616388767387	-0.39509903339704133
0.22325653083111288	-0.51431368578258707
0.46576080917465568	-0.58081378642237869
0.66846906901276903	-0.57301064553896119
0.80250968907680809	-0.48414154103337254
0.85071575942325417	-0.32322343570422868
0.80918570961039871	-0.1132322443749256
0.68658969617537202	0.11427266315938127
0.50226216819597547	0.32461066075016959
0.28256040154508616	0.4863957817330265
0.057049630014319327	0.57647870815381341
-0.14531182356230882	0.58350153494888923
-0.30094113340380302	0.50893818872956609
-0.39414531617795695	0.36648751682451036
-0.41937547170100697	0.17938553875323207
-0.3815735891991176	-0.022542406996539553
-0.29539223322003944	-0.20765024906427781
-0.18233339197585646	-0.34680626148522392
-0.067020310032019512	-0.41772814195895219
0.02800460561493183	-0.40827767133347981
0.08687496850204858	-0.31914846213177728
0.10378177374945326	-0.16369255542102568
0.084187219975538102	0.033033296406467579
0.043957693643252131	0.23834260320572012
0.0051153923569070524	0.41764144039358087
-0.0096238737562149637	0.54015075226323617
0.017080208378147277	0.58514886469094407
0.091903659293584336	0.54587305557774246
0.20799705532576304	0.4311668845915046
0.34602594739688214	0.26409296812099797
0.47807243145738115	0.07699099004971971
0.57370425806193159	-0.094938214081580041
0.60786467481822615	-0.22143579795831544
0.56685483439759843	-0.28282050624120009
0.4529289774997024	-0.27467055909629734
0.28394762659102707	-0.20808375689113434
0.089909523290044299	-0.10646952227596373
-0.094071198427866987	-0.00043350782685652988
-0.23574155624458093	0.079938843272344101
-0.31359956194801369	0.1118450193289847
-0.32183621065828777	0.08453402623702333
-0.27146260117755899	0.0016473297420548135
-0.18744878433276352	-0.11999496647388747
-0.10161423461517061	-0.25481590062626824
-0.044738007731593879	-0.37394385144644265
-0.039275809113201603	-0.45145505088839022
-0.093204182774153918	-0.46966237961636448
-0.19880668939640458	-0.42223662335826007
-0.33406113137564192	-0.314813383863212
-0.46862196083190877	-0.16369255542102568
-0.57136331579690636	0.0079765440141601491
-0.61705504074758466	0.17444354952706762
-0.59217169148601978	0.31125861968298846
-0.49740688053518239	0.39952081323097793
-0.34654615678910999	0.42743871728053845
-0.16221862880971347	0.39206447860904559
0.029045024399387501	0.29886029583489171
0.20340187236108381	0.16039789593691606
0.34394510982797077	-0.0052020939222783584
0.44295829748200222	-0.17730470118432071
0.5014818541076338	-0.3351882517254689
0.52671200963068376	-0.46099222307923388
0.529052951895709	-0.54205818670140493
0.51743494213595409	-0.57309734710433247
0.49784038836203892	-0.55653734811841304
0.47104960466230533	-0.50174195880374772
0.43402803624875769	-0.42310363901197318
0.38166029076448887	-0.33700898459826634
0.30978469307167622	-0.25793715697963526
0.2177076306473493	-0.19507852208543844
0.10985088332544467	-0.15060061904995847
-0.0045951829646792165	-0.1190412492548031
-0.11236522872121255	-0.089476015463187758
-0.19871998783103328	-0.04872627973867396
-0.25004731453084644	0.01421905672089418
-0.25620312567220915	0.104562087837795
-0.21267893985581354	0.21909485569329021
-0.12138219151982836	0.34524563330854041
0.0092770674947297398	0.46376667317111564
0.16620690081679354	0.55254907611133297
0.33232710006821581	0.59165148209379193
0.48917023182490832	0.56850216413965327
0.61878907205501077	0.48102028468000552
0.70531723429557414	0.33874301590569245
0.7369633056561008	0.16100480689451518
0.70722466873374279	-0.026964186830476158
0.61566781570164375	-0.19906679409251851
0.4683618561357949	-0.33328081728730014
0.27813862171114956	-0.41590740908615476
0.063292142721053365	-0.44278489435125962
-0.15354847227258289	-0.41842175448192265
-0.3486269943580213	-0.35356898358418576
-0.49922761340797978	-0.26088501020225968
-0.58714300069448411	-0.15190114253052805
-0.60170886367686349	-0.034680626148522388
-0.54101776791694922	0.08687496850204858
-0.41304625742890166	0.21181192420210049
-0.23461443589475398	0.33987013625551943
-0.028958322834016195	0.46844855770116617
0.17799831370729116	0.5906977648747076
0.36111201977148938	0.69508644958176002
0.50061483845392074	0.76678864414383008
0.58445525216797356	0.79045817149019659
0.61063912491010797	0.75421691716499062
0.58662279130225625	0.65286278724593394
0.52792583154588202	0.4906441584362205
0.45474971037249984	0.2816933858913731
0.38798950503659424	0.048466175042560039
0.34559243957002561	-0.18163977945288601
0.33891641903643505	-0.38070657354540455
0.37021568413547651	-0.52463117206177245
0.43298761746430203	-0.59746048697366949
0.51231954977904703	-0.59303870713973283
0.58835682260968236	-0.5156142092631566
0.63994425400560939	-0.37879913910723578
0.64861441054273994	-0.20253485670737076
0.60292268559206175	-0.010057381583071493
0.50035473375780681	0.17583077457300852
0.34836688966190738	0.33614196894455328
0.16360585385565438	0.45787096672586686
-0.030865757272184928	0.53512206147170049
-0.20973108663318915	0.56936917979336632
-0.34975411470784828	0.56858886570502454
-0.43428814094487161	0.54543954775088588
-0.45631033854918335	0.51448708891332962
-0.41902866543952177	0.48995054591325005
-0.33631537207529588	0.48240750972594643
-0.22932564040710429	0.49706007427369714
-0.1232896259579971	0.53217420824907602
-0.042223662335826008	0.57925315824569523
-0.0046818845300505224	0.6243379722387743
-0.020721674123742127	0.6505218449809087
-0.089736120159301686	0.64124477748617903
-0.20071412383457332	0.58436855060260229
-0.33440793763712712	0.47503787666938541
-0.46662782482836873	0.31776123708583637
-0.57327075023507512	0.12589067291913628
-0.63404854756036055	-0.079592037010858888
-0.6363894898253859	-0.27363014031184163
-0.57760582850364039	-0.43151369085298985
-0.46532730134779915	-0.53312792546816046
-0.31611390734378159	-0.56676813283222716
-0.15198784409589938	-0.53096038633387777
0.0033813610494809331	-0.43454824564098554
0.12866512301101807	-0.29573903948152469
0.2088640709794761	-0.13846239989797565
0.23704207972515054	0.011531308194383694
0.21632040560140842	0.13091936371067203
0.15788355054114817	0.20236145357662813
0.079592037010858888	0.21744752595123537
0.0018207328727974255	0.17756480588043463
-0.055575703403007132	0.093724392166381759
-0.076817586918977096	-0.01508607237460724
-0.053061358007239254	-0.12537046352690845
0.016213192724434219	-0.21250553672507094
0.1232896259579971	-0.25507600532238217
0.25334197401495606	-0.23834260320572012
0.38694908625213859	-0.15762344584503427
0.50295578071894598	-0.019681255339286455
0.58202760833757705	0.15745004271429164
0.60951200456028098	0.34680626148522392
0.57838614259198218	0.51665462804761231
0.48943033652102225	0.63578257886778666
0.35192165384213092	0.67913336155343973
0.18215998884511386	0.6335283381681327
0.0011271203498269776	0.50035473375780681
-0.16880794777793273	0.29660605513523775
-0.30753045237202231	0.052367745484268806
-0.40073463514617619	-0.19438490956246798
-0.44174447556680396	-0.40446280245714239
-0.43298761746430203	-0.54457253209717282
-0.38547515964082635	-0.59399242435881727
-0.31654741517063811	-0.54812729627739631
-0.2468393566121081	-0.41894196387415045
-0.19585883617378019	-0.23192668736824348
-0.17782491057654856	-0.020981778819856047
-0.19863328626566198	0.17886532936100422
-0.25438239279941172	0.33761589555586546
-0.33189359224135928	0.43602217225229772
-0.41139892768684683	0.46766824361282444
-0.47044269370470621	0.43897002547492214
-0.48951703808639352	0.36536039647468338
-0.45570342759158422	0.26721422447436499
-0.36648751682451036	0.16499307890159526
-0.23010595449544605	0.074996854046179673
-0.06424585994013772	0.0068494236643331721
0.10759664262579072	-0.036414657455948511
0.26149192115985881	-0.057569839406547169
0.37801882501889406	-0.06225172393659769
0.44677316635833969	-0.056442719056720186
0.46810175143968097	-0.044651306166222579
0.45284227593433107	-0.028958322834016195
0.41894196387415045	-0.0090169627986158209
0.38712248938288119	0.016646700551290746
0.37472416553478444	0.049159787565530487
0.39171767234756039	0.08843559667873209
0.43758280042898123	0.13204648406049899
0.50139515254226241	0.1754839683115233
0.56408038430571672	0.21276564142118487
0.60326949185354695	0.23764899068274967
0.59858760732349647	0.24467181747782546
0.53676939121375533	0.23010595449544605
0.41547390125929823	0.19161045947058619
0.243978204954855	0.12918533240324589
0.042397065466568622	0.044911410862336493
-0.16204522567897087	-0.057223033145061941
-0.3399568378208907	-0.171148890042958
-0.46506719665168522	-0.2889763173825628
-0.51864876405115234	-0.40108144140766144
-0.49237818974364661	-0.49697337270832587
-0.38972353634402035	-0.56633462500537057
-0.22516396526928162	-0.60066844489240778
-0.021415286646712575	-0.59546635097012945
0.19351789390875493	-0.55124855263076333
0.39119746295533253	-0.47408415945030108
0.54613316027385628	-0.37533107649238356
0.63933734304801026	-0.26912165891253376
0.66040582343323762	-0.16932815717016056
0.60942530299490971	-0.086441460675192053
0.49627976018535541	-0.025143453957678731
0.33934992686329157	0.016299894289805522
0.16299894289805522	0.045865128081420861
-0.0062425127067340302	0.075170257176922273
-0.14340438912414008	0.11522638037846564
-0.22949904353784692	0.17296962291575541
-0.25429569123404044	0.24813988009267771
-0.21848794473569105	0.33250050319895841
-0.13282679814884074	0.41148562925221815
-0.016559998985919443	0.46792834830893831
0.10724983636430549	0.4865691848637691
0.21554009151306666	0.45943159490255037
0.29010343773238978	0.38833631129807944
0.32062238874308951	0.28654867355216623
0.306316630456824	0.1757440730076372
0.25481590062626824	0.081932979275884152
0.17921213562248944	0.028611516572530971
0.094591407820094814	0.031299265099041455
0.012918533240324589	0.093204182774153918
-0.059130467583230671	0.20340187236108381
-0.1219024009120562	0.33874301590569245
-0.18137967475677211	0.4683618561357949
-0.24588563939302374	0.56052562012549312
-0.3224431216158869	0.58896373356728149
-0.41252604803667381	0.53859012408655271
-0.51006530907939307	0.40871117916033634
-0.60110195271926437	0.213372552378784
-0.66621482831311507	-0.021415286646712575
-0.68511576956405984	-0.26253233994431446
-0.64185168844377816	-0.47547138449624193
-0.52983326598405078	-0.63014697711865186
-0.35426259610715621	-0.70531723429557414
-0.13291349971421207	-0.69135828227079388
0.10777004575653333	-0.59165148209379193
0.33631537207529588	-0.42119620457380441
0.52315724545046027	-0.2047023958416534
0.64566655732011558	0.027050888395847465
0.69274550731673468	0.24189736738594367
0.66517440952865947	0.4104452104677625
0.57500478154250123	0.51049881690624954
0.44139766930531871	0.53078698320313522
0.28620186729068103	0.47304374066584537
0.12979224336084505	0.35261526636510138
-0.012918533240324589	0.19603223930452279
-0.13369381380255382	0.036934866848176345
-0.22993255136470345	-0.090169627986158213
-0.30267516471122913	-0.15666972862594988
-0.35443599923789881	-0.14565862982379404
-0.3861687721637968	-0.056789525318205414
-0.39674636313909611	0.093290884339525232
-0.38270070954894458	0.27328333405035643
-0.3396100315594055	0.4439120147010866
-0.26487328220933976	0.56607452030925676
-0.15927077558708908	0.60925189986416706
-0.028698218137902277	0.55896499194880966
0.11626679916292131	0.42024248735472003
0.26123181646374488	0.21701401812437884
0.390763955128476	-0.01335204106718112
0.49073086000159183	-0.22802511692653471
0.55090174636927813	-0.38850971442882209
0.56607452030925676	-0.4683618561357949
0.5368560927791266	-0.45943159490255037
0.46922887178950795	-0.37220982013901655
0.37281673109661567	-0.23279370302195654
0.25967118828706137	-0.075950571265264027
0.1421905672089418	0.063378844286424665
0.032513087014239737	0.15805695367189079
-0.058870362887116758	0.19377799860486886
-0.12363643221948231	0.17140899473907192
-0.15640962392983598	0.104562087837795
-0.15554260827612293	0.015259475505349852
-0.12346302908873971	-0.072655911781154409
-0.067367116293504739	-0.13950281868243131
0.0014739266113122016	-0.17392334013483979
0.068927744470188249	-0.17470365422318154
0.11990826490851617	-0.14964690183087412
0.1420171640781992	-0.11201842245972732
0.12857842144564677	-0.076817586918977096
0.080459052664571942	-0.056702823752834107
0.007629737752674926	-0.058870362887116758
-0.072569210215783095	-0.084013816844795489
-0.13846239989797565	-0.12658428544210673
-0.16898135090867533	-0.17652438709597895
-0.14886658774253236	-0.22126239482757284
-0.073002718042639636	-0.24787977539656378
0.051500729830555751	-0.24536543000079591
0.2060896208875943	-0.20582951619148038
0.36449338082097033	-0.1262374791806215
0.49844729931963805	-0.008843559667873209
0.58436855060260229	0.1376820858096339
0.60890509360268186	0.29920710209637691
0.57249043614673334	0.45648374167992595
0.48899682869416566	0.58774991165208323
0.38244060485283066	0.67211053475836391
0.2803061608454322	0.69395932923193304
0.20695663654130736	0.64748729019291296
0.17652438709597895	0.53919703504415184
0.18987642816316008	0.38876981912493597
0.23400752493715482	0.22620438405373727
0.28628856885605231	0.086614863805934666
0.32105589656994604	0.0020808375689113433
0.31706762456286597	-0.0056356017491348883
0.26443977438248323	0.067453817858876053
0.1682877383857049	0.2060896208875943
0.048032667215703512	0.377151809365181
-0.067020310032019512	0.53737630217135446
-0.14505171886619489	0.64289210722823376
-0.16039789593691606	0.66066592812935154
-0.10118072678831407	0.57760582850364039
0.026530679003619627	0.40532981811085544
0.19924019722326114	0.17860522466489032
0.38061987198003322	-0.052020939222783585
0.53018007224553598	-0.23296710615269914
0.61245985778290535	-0.32027558248160426
0.60578383724931484	-0.29140396121295936
0.50815787464122431	-0.15198784409589938
0.33718238772900894	0.065199577159222089
0.12667098700747803	0.30683683984905186
-0.081499471449027611	0.51257965447516096
-0.2466659534813655	0.62901985676882488
-0.33830950807883592	0.62338425501968997
-0.34238448165128726	0.49073086000159183
-0.26322595246728492	0.2551627068877535
-0.12146889308519968	-0.036327955890577204
0.052367745484268806	-0.32573778109999657
0.22585757779225207	-0.55801127472972523
0.37194971544290262	-0.69430613549341824
0.47425756258104368	-0.71988309727795352
0.52931305659182293	-0.64653357297382863
0.5443124274010589	-0.50763766524899645
0.53286782077204653	-0.3484535912272787
0.50859138246808089	-0.21449967272861098
0.47989316433017859	-0.14019643120540176
0.44677316635833969	-0.14123684998985744
0.40099473984229012	-0.21241883515969964
0.32981275467244792	-0.3309398750222749
0.22143579795831544	-0.46359327004037304
0.070921880473728285	-0.57535158780398643
-0.11522638037846564	-0.63786341643669808
-0.3176745355204651	-0.63543577260630146
-0.50668394802991212	-0.56728834222445501
-0.64792079801976954	-0.44521253818165618
-0.71017252195636726	-0.28975663147090458
-0.67358446136967609	-0.12389653691559624
-0.53598907712541355	0.03173277292589799
-0.314813383863212	0.16256543507119869
-0.045431620254564327	0.26157862272523014
0.22577087622688075	0.32816542493039313
0.44989442271170671	0.36648751682451036
0.58592917877928574	0.38278741111431586
0.60890509360268186	0.38313421737580111
0.514573790478701	0.37229652170438787
0.3197553730893764	0.3530487741919579
0.058003347233403696	0.32695160301519482
-0.22785171379579211	0.29417841130484118
-0.49411222105107272	0.25412228810329779
-0.70471032333797501	0.2045289927109108
-0.83632329957161744	0.1421905672089418
-0.88132141199932523	0.063205441155682052
-0.84560036706634711	-0.036067851194463284
-0.74493984967026095	-0.15684313175669251
-0.5991945182810956	-0.29591244261226729
-0.42761212041128105	-0.44382531313571527
-0.24475851904319676	-0.58462865529871622
-0.06034428949842896	-0.69751409341215653
0.12025507117000138	-0.76037272830635338
0.29296458938964287	-0.75525733594944633
0.45232206654210327	-0.67341105823893355
0.58939724139413796	-0.5195157797048654
0.69170508853227908	-0.31394636820949895
0.74493984967026095	-0.089649418593930372
0.73635639469850167	0.11305884124418299
0.65901859838729671	0.2555095131492387
0.514573790478701	0.30935118524481969
0.31550699638618246	0.26443977438248323
0.084360623106280716	0.13265339501809814
-0.14938679713476019	-0.053668268964838395
-0.35382908828029969	-0.24831328322342031
-0.49983452436557896	-0.40142824766914664
-0.5662479234399993	-0.47156981405453319
-0.54335871018197457	-0.4357620675561838
-0.43411473781412901	-0.29513212852392551
-0.25325527244958473	-0.075603765003778814
-0.025316857088421345	0.17808501527266246
0.21996187134700326	0.41330636212501559
0.45145505088839022	0.5818542052068344
0.64081126965932245	0.65130215906925049
0.7660083300554883	0.61185294682530622
0.81360748944433525	0.47867934241498028
0.78057419303786768	0.28672207668290883
0.67419137232727522	0.082366487102740679
0.51162593725607652	-0.089215910767073844
0.3178479386512077	-0.19455831269321061
0.12250931186965534	-0.21944166195477541
-0.044044395208623438	-0.17080208378147277
-0.155282503580009	-0.073696330565610077
-0.19377799860486886	0.036154552759834591
-0.15432878636092465	0.12268271500039796
-0.046558740604391309	0.15892396932560385
0.10620941757984982	0.1334337091064399
0.27033548082773201	0.052454447049640113
0.40801756663736594	-0.062685231763454224
0.48466175042560039	-0.18163977945288601
0.47651180328069764	-0.2731966324849851
0.37628479371146795	-0.31342615881727109
0.19655244869675065	-0.29062364712461763
-0.032426385448868437	-0.20739014436816389
-0.2684280463895633	-0.078638319791774519
-0.46558740604391308	0.073089419608010936
-0.5842818490372309	0.22386344178871204
-0.599888130804066	0.35348228201881443
-0.50824457620659558	0.44954761645022145
-0.3265180951883383	0.50876478559882343
-0.089649418593930372	0.53538216616781442
0.15779684897577687	0.53798321312895359
0.37116940135456089	0.52515138145400031
0.51474719360944354	0.50243557132671812
0.56928247822799505	0.47078949996619146
0.53399494112187351	0.42674510475756799
0.42553128284236974	0.36510029177856945
0.27146260117755899	0.28134657962988791
0.10274135496499757	0.17522386361540937
-0.054275179922437543	0.052454447049640113
-0.18320040762956952	-0.074823450915437059
-0.2801327577146896	-0.18978972659778878
-0.35174825071138832	-0.27423705126944081
-0.4106186135985051	-0.31299265099041457
-0.46948897648562182	-0.29712626452746554
-0.53520876303707177	-0.22672459344596513
-0.60578383724931484	-0.11158491463287079
-0.66994299562408122	0.030518951010699704
-0.71077943291396639	0.17721799961894941
-0.71060602978322374	0.30553631636848227
-0.65780477647209845	0.39665966157372484
-0.55090174636927813	0.43897002547492214
-0.40108144140766144	0.43021316737242027
-0.2306261638876739	0.377151809365181
-0.068841042904816949	0.29331139565112813
0.055228897141521904	0.19533862678155237
0.11921465238554571	0.099273292350145342
0.1132322443749256	0.016906805247404663
0.042310363901197315	-0.045778426516049554
-0.074996854046179673	-0.090169627986158213
-0.21051140072153091	-0.12294281969651187
-0.33293401102581494	-0.15363517383795419
-0.41512709499781303	-0.19100354851298706
-0.43992374269400653	-0.24007663451314623
-0.40281547271508755	-0.29990071461934736
-0.31273254629430064	-0.36345296203651462
-0.18909611407481833	-0.41833505291655132
-0.056529420622091493	-0.45024122897319191
0.060257587933057653	-0.44616625540074056
0.1420171640781992	-0.39874049914263615
0.17773820901117723	-0.30822406489499271
0.16638030394753617	-0.18302700449882692
0.11522638037846564	-0.039015704417087689
0.03745507624040418	0.10386847531482456
-0.052020939222783585	0.22542406996539552
-0.13950281868243131	0.30943788681019102
-0.21545338994769533	0.34628605209299607
-0.27527747005389647	0.33466804233324104
-0.31906176056640601	0.28091307180303138
-0.35105463818841787	0.19637904556600802
-0.37723851093055227	0.094591407820094814
-0.40316227897657275	-0.012745130109581978
-0.4329009158989307	-0.1175673226434909
-0.46732143735133919	-0.21649380873215102
-0.50382279637265903	-0.30943788681019102
-0.53668268964838395	-0.39743997566206657
-0.55731766220675483	-0.47937295493795073
-0.55601713872618519	-0.55055494010779293
-0.52359075327731674	-0.60136205741537818
-0.45301567906507373	-0.61887577362038204
-0.34160416756294554	-0.5903509586132224
-0.19256417668967057	-0.50720415742213998
-0.015346177070721157	-0.36934866848176345
0.17435684796169632	-0.18736208276739222
0.35634343367606758	0.017080208378147277
0.50833127777196696	0.21441297116323968
0.60977210925639491	0.37255662640050174
0.64479954166640252	0.46350656847500171
0.60578383724931484	0.47026929057396361
0.49454572887792925	0.39111076138996126
0.32305003257348608	0.24059684390537409
0.11210512402509862	0.047599159388846977
-0.11201842245972732	-0.15042721591921587
-0.32148940439680257	-0.31550699638618246
-0.49142447252456228	-0.41694782787061041
-0.60326949185354695	-0.43784290512509516
-0.64783409645439827	-0.37784542188815146
-0.62607200354620041	-0.25273506305735693
-0.54916771506185202	-0.090256329551529513
-0.43567536599081252	0.07699099004971971
-0.30900437898333449	0.21883475099717628
-0.19351789390875493	0.31437987603635548
-0.11106470524064295	0.35547641802235447
-0.077944707268804064	0.34767327713893698
-0.10222114557276975	0.30753045237202231
-0.18233339197585646	0.25759035071815006
-0.30692354141442313	0.22030867760848849
-0.45613693541844075	0.21241883515969964
-0.60404980594188873	0.24137715799371584
-0.72196393484686483	0.30423579288791264
-0.78343534469512077	0.38885652069030729
-0.76886948171274139	0.47763892363052463
-0.6700296971894526	0.55159535889224864
-0.49255159287438921	0.59511954470864425
-0.25637652880295175	0.59867430888886775
0.0065893189682192542	0.56061232169086439
0.25750364915277874	0.48674258799451176
0.45856457924883731	0.38885652069030729
0.57959996450718043	0.2816933858913731
0.60543703098782964	0.18033925597231643
0.53850342252118144	0.097799365738833133
0.39943411166560661	0.042917274858796456
0.22178260421980067	0.019681255339286455
0.0449981124277078	0.026964186830476158
-0.095198318777693955	0.059043766017859371
-0.17505046048466677	0.10724983636430549
-0.18840250155184787	0.16091810532914388
-0.14756606426196275	0.20964438506781785
-0.079418633880116274	0.24432501121634023
-0.017513716205003808	0.2594110835909475
0.0082366487102740679	0.25394888497255519
-0.019421150643172538	0.23175328423750086
-0.099099889219402729	0.20114763166142985
-0.21033799759078831	0.17305632448112673
-0.31854155117417815	0.15892396932560385
-0.38434803929099937	0.16759412586273445
-0.37498427023089831	0.20288166296885599
-0.27493066379241127	0.26227223524820059
-0.09225046555506955	0.33588186424843935
0.14184376094745657	0.40836437289885114
0.37957945319557757	0.46168583560220433
0.56824205944353934	0.47841923771886635
0.66430739387494642	0.44573274757388404
0.64540645262400165	0.35851097281035021
0.51700143430909751	0.22065548386997369
0.31281924785967197	0.044911410862336493
0.08687496850204858	-0.14912669243864626
-0.10040041269997231	-0.33856961277494985
-0.19767956904657763	-0.5014818541076338
-0.17713129805357811	-0.62026299866632295
-0.042136960770454701	-0.68459556017183198
0.17236271195815628	-0.69239870105524948
0.40853777602959374	-0.64887451523885387
0.60075514645777905	-0.56520750465554359
0.69274550731673468	-0.45579012915695549
0.6526893841151914	-0.33544835642158283
0.48249421129131775	-0.2178810337780919
0.21796773534346323	-0.11331894594029691
-0.080198947968458029	-0.02843811344178836
-0.34151746599757421	0.033900312060180633
-0.50442970733025816	0.073783032130981377
-0.53165399885684828	0.093724392166381759
-0.42024248735472003	0.09814617200031836
-0.20158113948828638	0.09225046555506955
0.067020310032019512	0.081672874579770224
0.31828144647806422	0.070921880473728285
0.49229148817827534	0.063205441155682052
0.55298258393818955	0.059043766017859371
0.49645316331609801	0.05635601749134888
0.35192165384213092	0.05098052043832791
0.17201590569667105	0.037628479371146793
0.017947224031860335	0.01248502541346806
-0.05817675036414631	-0.024970050826936121
-0.028351411876417053	-0.070488372646871758
0.1030881612264828	-0.11444606629012388
0.30076773027306042	-0.14349109068951138
0.50798447151048165	-0.14366449382025401
0.66196645160992107	-0.10412858001093847
0.71181985169842199	-0.022022197604311719
0.63274802407979103	0.095111617212322655
0.43376793155264376	0.22837192318801994
0.15606281766835076	0.35036102566544741
-0.13733527954814867	0.43012646580704894
-0.37741191406129493	0.44113756460920478
-0.5071174558567686	0.36778804030507994
-0.49593295392387016	0.21207202889821442
-0.34758657557356565	-0.0048552876607931344
-0.099013187654031429	-0.24519202687005329
0.18970302503241748	-0.4617725371675756
0.45032793053856324	-0.60855828734119666
0.62390446441191783	-0.65147556219999314
0.67514508954635966	-0.57751912693826912
0.60049504176166513	-0.39900060383875008
0.42778552354202365	-0.15242135192275591
0.20782365219502041	0.10941737549858814
0.0010404187844556716	0.32877233588799226
-0.13854910146334695	0.457350757333639
-0.17635098396523635	0.46732143735133919
-0.10499559566465154	0.35877107750646414
0.054535284618551456	0.159530880283203
0.2595844867216901	-0.080545754229943256
0.4570039510721538	-0.30206825375363
0.59685357601607036	-0.44989442271170671
0.64358571975120427	-0.4862223786022839
0.58462865529871622	-0.39934741010023533
0.43168709398373245	-0.206002919322223
0.21701401812437884	0.053754970530209702
-0.015172773939978545	0.32625799049222437
-0.21857464630106235	0.55801127472972523
-0.35495620863012667	0.70739807186448544
-0.40108144140766144	0.75387011090350542
-0.3523551616689875	0.70054864820015228
-0.22152249952368677	0.57127661423153508
-0.034420521452408474	0.4022952633228597
0.17661108866135028	0.23166658267212956
0.37871243754186451	0.089736120159301686
0.54405232270494497	-0.007889842448788844
0.65338299663816179	-0.062511828632711611
0.69708058558530006	-0.088695701374846017
0.67479828328487435	-0.10785674732190463
0.59312540870510422	-0.13898260929020348
0.46411347943260089	-0.19230407199355665
0.30267516471122913	-0.26469987907859716
0.12545716509227975	-0.34056374877848988
-0.050807117307585303	-0.39605275061612571
-0.21025129602541698	-0.40663034159142503
-0.3394366284286629	-0.3555631195877258
-0.42873924076110803	-0.23981652981703233
-0.47304374066584537	-0.073002718042639636
-0.47269693440436017	0.11696041168589176
-0.43333442372578723	0.29331139565112813
-0.36501359021319812	0.41902866543952177
-0.28021945928006092	0.46515389821705655
-0.19152375790521489	0.41824835135117999
-0.10941737549858814	0.28334071563342794
-0.041096541985999033	0.08306009962571112
0.010057381583071493	-0.14721925800047755
0.043957693643252131	-0.36744123404359469
0.062425127067340304	-0.54067096165546402
0.066933608466648212	-0.64063786652857979
0.057483137841175862	-0.65598404359930096
0.031906176056640596	-0.59121797426693545
-0.013091936371067201	-0.46394007630185824
-0.080372351099200642	-0.30024752088083256
-0.16984836656238841	-0.12857842144564677
-0.27683809823057998	0.0260971711767631
-0.39111076138996126	0.14609213765065057
-0.49784038836203892	0.22316982926574158
-0.57942656137643778	0.25776375384889266
-0.6193959830126099	0.25741694758740746
-0.60587053881468611	0.23288040458732784
-0.53477525521021529	0.19499182052006714
-0.41191913707907468	0.15242135192275591
-0.25247495836124301	0.10959077862933075
-0.078725021357145819	0.066846906901276912
0.083840413714052875	0.021501988212083881
0.21111831167913003	-0.030779055706813621
0.2843811344178836	-0.093897795297124373
0.29383160504335593	-0.16967496343164579
0.239729828251661	-0.25733024602203614
0.13195978249512769	-0.35261526636510138
-0.012398323848096754	-0.448854003927251
-0.17175580100055712	-0.53763640686746839
-0.32365694353108521	-0.61046572177936531
-0.44798698827353794	-0.66040582343323762
-0.52896625033033773	-0.68260142416829195
-0.55731766220675483	-0.67505838798098827
-0.53009337068016471	-0.63881713365578241
-0.45093484149616236	-0.57708561911141254
-0.32903244058410619	-0.49515263983552843
-0.17808501527266246	-0.39900060383875008
-0.014999370809235933	-0.29469862069706898
0.1420171640781992	-0.18796899372499135
0.27588438101149559	-0.084360623106280716
0.37255662640050174	0.010837695671413248
0.42301693744660185	0.09207706242432695
0.42466426718865669	0.15372187540332549
0.38183369389523153	0.19100354851298706
0.30527621167236835	0.20062742226920202
0.20955768350244655	0.18250679510659906
0.11106470524064295	0.14115014842448612
0.024449841434708283	0.086094654413706825
-0.03962261537468683	0.03173277292589799
-0.076730885353605782	-0.0046818845300505224
-0.088262193547989476	-0.0065893189682192542
-0.080979262056799783	0.0377151809365181
-0.064332561505509034	0.13143957310289986
-0.047599159388846977	0.26600040255916674
-0.038061987198003321	0.42180311553140354
-0.039015704417087689	0.56997609075096545
-0.050547012611471383	0.67843974903046922
-0.070314969516129144	0.71840917066664134
-0.09597863286603571	0.67185043006224998
-0.12675768857284933	0.5368560927791266
-0.16455957107473873	0.33007285936856184
-0.21363265707489792	0.08470742936776593
-0.27917904049560521	-0.15588941453760813
-0.3642332761248564	-0.34680626148522392
-0.46714803422059659	-0.45206196184598935
-0.57942656137643778	-0.45249546967284587
-0.68580938208703024	-0.35062113036156134
-0.76626843475160222	-0.17045527751998754
-0.80016874681178285	0.048466175042560039
-0.77086361771628142	0.2599312929831753
-0.67089671284316565	0.42267013118511665
-0.50503661828785729	0.50963180125253649
-0.29131725964758809	0.51431368578258707
-0.05852355662563153	0.45084813993079104
0.15883726776023255	0.34906050218487783
0.32712500614593742	0.24562553469690981
0.42041589048546268	0.17262281665427021
0.42587808910385494	0.14851978148104714
0.34611264896225347	0.17262281665427021
0.19854658470029068	0.22516396526928162
0.010750994106041941	0.27380354344258429
-0.18510784206773825	0.28316731250268529
-0.35955139159480587	0.22603098092299467
-0.49107766626307703	0.093290884339525232
-0.57032289701245065	-0.10161423461517061
-0.60014823550017993	-0.32400374979257041
-0.59329881183584676	-0.52584499397697071
-0.56754844692056894	-0.65780477647209845
-0.54032415539397882	-0.68208121477606409
-0.52367745484268813	-0.58306802712203265
-0.52116310944692024	-0.372903432661987
-0.52714551745754035	-0.090082926420786913
-0.52939975815719431	0.20860396628336217
-0.51240625134441831	0.46116562620997648
-0.46220604499443213	0.6151476063094159
-0.37099599822381824	0.63959744774412419
-0.2395564251209184	0.53252101451056133
-0.078725021357145819	0.32053568717771819
0.093030779643411304	0.052974656441867947
0.25221485366512908	-0.21042469915615961
0.37507097179626964	-0.41373986995187212
0.44183117713217523	-0.51674132961298358
0.44035725052086305	-0.50382279637265903
0.3684816528280504	-0.38530175651008375
0.23392082337178352	-0.19343119234338363
0.053408164268724481	0.026704082134362241
-0.15008040965773065	0.22889213258024776
-0.35079453349230399	0.37654489840758182
-0.52333064858120282	0.45006782584244931
-0.64636016984308609	0.44946091488485018
-0.70540393586094541	0.39163097078218906
-0.69352582140507646	0.30380228506105611
-0.61254655934827673	0.21510658368621013
-0.47165651561990452	0.14834637835030451
-0.28672207668290883	0.11479287255160911
-0.077597901007318851	0.11245193028658385
0.13438742632552425	0.12857842144564677
0.32859893275724966	0.14444480790859576
0.48795640990971001	0.14184376094745657
0.60040834019629385	0.108810464540989
0.66023242030249496	0.043264081120281683
0.66777545648979864	-0.046038531212163475
0.62945336459568135	-0.1421038656435705
0.55567033246469999	-0.22369003865796941
0.45960499803329297	-0.27076898865458854
0.35530301489161187	-0.26886155421641983
0.25576961784535263	-0.21276564142118487
0.17158239786981452	-0.10707643323356288
0.11002428645618728	0.035287537106121529
0.074476644653951832	0.19559873147766627
0.064679367766994261	0.3530487741919579
0.07707769161509101	0.48786970834433874
0.10577590975299329	0.58410844590648836
0.14349109068951138	0.63127409746847885
0.18285360136808429	0.62425127067340302
0.21805443690883453	0.56356017491348886
0.24562553469690981	0.45448960567638591
0.26504668534008236	0.306316630456824
0.27865883110337741	0.13169967779901379
0.29071034868998891	-0.054188478357066236
0.3061432273260814	-0.23470113746012528
0.32851223119187833	-0.39275809113201604
0.35833756967960761	-0.51240625134441831
0.39249798643590217	-0.5815073989453492
0.42336374370808705	-0.59286530400899029
0.44070405678234825	-0.54630656340459893
0.43376793155264376	-0.44842049610039447
0.39457882400481348	-0.31238574003281544
0.32070909030846079	-0.15614951923372206
0.2175342275166067	0.00026010469611391791
0.098232873565689674	0.13759538424426257
-0.017773820901117725	0.24007663451314623
-0.10872376297561769	0.2974730707889508
-0.1554559067107516	0.30553631636848227
-0.14687245173899233	0.26591370099379541
-0.083580309017938961	0.18484773737162433
0.020981778819856047	0.07161549299669874
0.14253737347042703	-0.062771933328825524
0.25056752392307424	-0.20739014436816389
0.31542029482081113	-0.35174825071138832
0.31559369795155373	-0.4858755723407987
0.2438048018241124	-0.60040834019629385
0.10941737549858814	-0.68667639774074329
-0.062511828632711611	-0.73705000722147207
-0.23678197502903661	-0.74563346219323134
-0.37602468901535402	-0.70904540160654028
-0.44980772114633538	-0.62754593015751259
-0.44278489435125962	-0.50555682768008514
-0.35877107750646414	-0.35122804131916052
-0.22074218543534502	-0.17626428239986505
-0.065112875593850789	0.0060691095759914182
0.066500100639791684	0.18233339197585646
0.1377687873750052	0.34013024095163336
0.12675768857284933	0.47009588744322101
0.03207957918738321	0.56607452030925676
-0.12684439013822063	0.62529168945785873
-0.31403306977487022	0.64748729019291296
-0.48561546764468477	0.63404854756036055
-0.60032163863092258	0.58722970225985538
-0.62936666303031008	0.51006530907939307
-0.56312666708663228	0.40576332593771197
-0.41269945116741641	0.27883223423412001
-0.20643642714907953	0.13516774041386601
0.017947224031860335	-0.017080208378147277
0.22273632143888505	-0.16768082742810575
0.37931934849946364	-0.30484270384551182
0.47443096571178628	-0.41642761847838261
0.51188604195219045	-0.49168457722067616
0.50954509968716521	-0.52272373762360369
0.49289839913587447	-0.50555682768008514
0.4860489754715413	-0.44070405678234825
0.50460311046100081	-0.33336751885267146
0.55072834323853559	-0.19221737042818535
0.61245985778290535	-0.028524815007159664
0.66777545648979864	0.14539852512768012
0.69083807287856602	0.31698092299749464
0.66014571873712369	0.47425756258104368
0.56572771404777145	0.60595724038005749
0.41252604803667381	0.70280288889980624
0.22065548386997369	0.75725147195298637
0.021068480385227351	0.76453440344417611
-0.15120753000755763	0.72369796615429094
-0.26539349160156761	0.63829692426355455
-0.3017214474921448	0.51700143430909751
-0.25594302097609523	0.37342364205421485
-0.13906931085557478	0.22438365118093986
0.025143453957678731	0.087828685721132949
0.2063497255837082	-0.020548270992999516
0.37420395614255658	-0.09051643424764344
0.5042563041995155	-0.11947475708165964
0.58194090677220567	-0.1131455428095543
0.60370299968040353	-0.08462072780239463
0.57517818467324378	-0.05098052043832791
0.50772436681436783	-0.029305129095501418
0.41460688560558517	-0.031472668229784069
0.3066634367183092	-0.060951200456028101
0.19109025007835836	-0.11115140680601426
0.070835178908356985	-0.1668138117743927
-0.053494865834095788	-0.20704333810667866
-0.18155307788751471	-0.21146511794061526
-0.31047830559464668	-0.16551328829382311
-0.43402803624875769	-0.065286278724593402
-0.54231829139751886	0.079852141706972801
-0.62347095658506124	0.24839998478879161
-0.66656163457460027	0.4111388229907329
-0.66413399074420376	0.53702949590986915
-0.61471409848255931	0.60040834019629385
-0.52393755953880194	0.58688289599837018
-0.40359578680342933	0.49653986488146928
-0.26964186830476156	0.3442052145240847
-0.13941611711706001	0.1551958020146377
-0.027831202484189216	-0.040229526332285971
0.05470868774929407	-0.21432626959786838
0.10395517688019586	-0.34758657557356565
0.12224920717354142	-0.4329009158989307
0.11748062107811959	-0.47529798136549933
0.10074721896145754	-0.48934363495565092
0.084447324671652016	-0.49324520539735967
0.080025544837715415	-0.50286907915357459
0.09589193130066441	-0.52627850180382729
0.13681507015592081	-0.5609591279523497
0.20305506609959859	-0.5945993353164164
0.29079705025536023	-0.60821148107971146
0.39223788173978824	-0.58237441459906225
0.49662656644684061	-0.50269567602283205
0.59165148209379193	-0.36544709804005465
0.66534781265940202	-0.17964564344934597
0.7079182812567133	0.034073715190923247
0.71329377830973428	0.24718616287359332
0.68104079599160838	0.42960625641482109
0.61662153292072808	0.55679745281452697
0.53165399885684828	0.61462739691718804
0.44235138652440309	0.6030960887228044
0.36648751682451036	0.53520876303707177
0.31992877622011906	0.43411473781412901
0.31299265099041457	0.32738511084205135
0.34793338183505085	0.24051014234000276
0.41781484352432346	0.19169716103595752
0.5067706495952834	0.18788229215962005
0.59277860244361891	0.22438365118093986
0.6526893841151914	0.28663537511753756
0.66664833613997165	0.35426259610715621
0.62373106128117517	0.40593672906845457
0.5244577689310298	0.4242307593618001
0.3819203954606028	0.39908730540412141
0.21961506508551804	0.32972605310707664
0.066673503770534298	0.22421024805019724
-0.047945965650332205	0.097365857911976605
-0.10178763774591321	-0.032339683883497131
-0.084013816844795489	-0.14600543608527927
0.0015606281766835076	-0.22776501223042078
0.13750868267889127	-0.26712752290899372
0.29565233791615336	-0.2599312929831753
0.44339180530885874	-0.20929757880633262
0.54977462601945115	-0.12441674630782407
0.59251849774750498	-0.019334449077801231
0.5619995467368053	0.089476015463187758
0.46307306064814518	0.18502114050236695
0.31351286038264242	0.25238825679587168
0.13976292337854523	0.28047956397617485
-0.02817800874567444	0.26365946029414145
-0.16351915229028308	0.20305506609959859
-0.24761967070044985	0.10594931288373589
-0.27345673718109903	-0.014825967678493321
-0.24588563939302374	-0.14383789695099661
-0.18042595753768773	-0.26487328220933976
-0.098839784523288815	-0.3642332761248564
-0.024796647696193507	-0.4329009158989307
0.021241883515969964	-0.46792834830893831
0.025837066480649179	-0.47287033753510277
-0.01508607237460724	-0.45622363698381202
-0.09597863286603571	-0.42925945015333589
-0.20322846923034121	-0.40316227897657275
-0.31828144647806422	-0.38668898155602466
-0.42093609987769048	-0.38382782989877157
-0.49307180226661707	-0.3931048973935013
-0.52150991570840544	-0.40819096976810854
-0.49974782280020763	-0.41920206857026437
-0.42873924076110803	-0.41512709499781303
-0.31585380264766766	-0.38660227999065333
-0.17427014639632502	-0.32764521553816528
-0.020201464731514292	-0.23678197502903661
0.12866512301101807	-0.11782742733960481
0.25542281158386737	0.021155181950598657
0.34602594739688214	0.16872124621256143
0.39085065669384733	0.31203893377133018
0.3858219659023116	0.43818971138658042
0.33319411572192886	0.53590237556004228
0.24146385955908714	0.59650676975458505
0.12519706039616582	0.61488750161330197
0.0031212563533670151	0.58931053982876669
-0.10334826592259672	0.52194342353526191
-0.17348983230798326	0.41798824665506612
-0.19065674225150184	0.28568165789845318
-0.14531182356230882	0.13534114354460863
-0.038322091894117241	-0.021935496038940412
0.1189545476894318	-0.17496375891929544
0.30466930071476916	-0.31377296507875629
0.48943033652102225	-0.43012646580704894
0.6413314790515503	-0.51769504683206802
0.73150110703770854	-0.57197022675450548
0.74025796514021036	-0.58991745078636582
0.6615329437830646	-0.56971598605485152
0.50555682768008514	-0.51041211534087827
0.29790657861580733	-0.41235264490593121
0.075603765003778814	-0.27718490449206518
-0.12016836960463008	-0.10967748019470205
-0.25178134583827255	0.081586173014398924
-0.29383160504335593	0.28334071563342794
-0.23825590164034882	0.47763892363052463
-0.097279156346605306	0.64349901818583288
0.098839784523288815	0.75950571265264033
0.30770385550276491	0.80701817047611601
0.48353463007577341	0.77441838189650491
0.58757650852134058	0.66049252499860889
0.59624666505847113	0.47573148919235586
0.50703075429139732	0.24198406895131497
0.33865631434032112	-0.010317486279185412
0.12753800266119109	-0.2467526550467368
-0.08089256049142847	-0.43480835033709947
-0.24198406895131497	-0.54994802915019381
-0.32200961378903037	-0.58012017389940829
-0.30527621167236835	-0.52783912998051075
-0.1972460612197211	-0.40966489637942072
-0.022108899169683022	-0.25308186931884213
0.18320040762956952	-0.090949942074499968
0.37845233284575058	0.044477903035479965
0.52853274250348126	0.12762470422656239
0.61159284212919229	0.14383789695099661
0.62260394093134819	0.091210046770613881
0.57231703301599068	-0.019941360035400375
0.48258091285668903	-0.16941485873553186
0.37905924380334971	-0.33137338284913143
0.28377422346028447	-0.47945965650332201
0.20973108663318915	-0.59043766017859367
0.15797025210651949	-0.64826760428125474
0.11956145864703094	-0.64497294479714518
0.080632455795314556	-0.5815073989453492
0.028264710311045747	-0.46680122795911139
-0.042830573293425149	-0.31568039951692506
-0.12719119639970586	-0.14626554078139317
-0.20860396628336217	0.022542406996539553
-0.2640062665556267	0.17357653387335456
-0.27042218239310334	0.29391830660872725
-0.21189862576747179	0.37611139058072529
-0.08670156537130598	0.41937547170100697
0.090343031116900827	0.42934615171870716
0.28966992990553325	0.41651432004375388
0.4729570391004741	0.39466552557018481
0.60214237150371996	0.37793212345352273
0.64904791836959652	0.37741191406129493
0.60274928246131909	0.39908730540412141
0.47356395005807322	0.44191787869754656
0.29149066277833069	0.49749358210055367
0.098839784523288815	0.55202886671910512
-0.059650676975458512	0.58948394295950934
-0.14773946739270538	0.59520624627401553
-0.14687245173899233	0.55939849977566614
-0.060604394194542874	0.48006656746092119
0.085921251282964226	0.36353966360188594
0.25238825679587168	0.22360333709259811
0.39353840522035782	0.078031408834175378
0.47035599213933493	-0.055662404968378432
0.45951829646792164	-0.1641260632478822
0.35825086811423629	-0.24129045642834451
0.18484773737162433	-0.28888961581719153
-0.027137589961218771	-0.3149867869939546
-0.23756228911737837	-0.3309398750222749
-0.41053191203313377	-0.34645945522373867
-0.52289714075434635	-0.36588060586691123
-0.56945588135873759	-0.38538845807545508
-0.5623463529982905	-0.39397191304721435
-0.52653860649994122	-0.37576458431924009
-0.4908175615669631	-0.31559369795155373
-0.47893944711109421	-0.2047023958416534
-0.50174195880374772	-0.045084813993079106
-0.55332939019967475	0.14799957208881931
-0.61271996247901928	0.34697966461596652
-0.64956812776182438	0.51743494213595409
-0.63300812877590495	0.62485818163100215
-0.541798082005291	0.64289210722823376
-0.37168961074678869	0.56061232169086439
-0.13872250459408955	0.38573526433694028
0.12276941656576926	0.14470491260470966
0.36700772621673816	-0.12242261030428403
0.54700017592756944	-0.37038908726621911
0.62529168945785873	-0.55801127472972523
0.58358823651426051	-0.65711116394912794
0.42761212041128105	-0.65806488116821238
0.18658176867905046	-0.5708431064046785
-0.092857376512668705	-0.42206322022751747
-0.35634343367606758	-0.24744626756970725
-0.5531559870689321	-0.082886696494968506
-0.64688037923531383	0.044217798339366045
-0.62277734406209084	0.12112208682371445
-0.49021065060936397	0.151034126876815
-0.27935244362634787	0.15051391748458717
-0.034680626148522388	0.14349109068951138
0.19542532834692367	0.15294156131498374
0.36822154813193647	0.19325778921264103
0.45483641193787117	0.26548019316693888
0.4444322240933144	0.35634343367606758
0.34455202078556996	0.44261149122051702
0.17782491057654856	0.49706007427369714
-0.024016333607851756	0.49697337270832587
-0.22707139970745036	0.4311668845915046
-0.40168835236526057	0.30432249445328396
-0.52688541276142642	0.13664166702517822
-0.59251849774750498	-0.040576332593771199
-0.59850090575812509	-0.19282428138578447
-0.55272247924207563	-0.29157736434370202
-0.46818845300505224	-0.32166280752754517
-0.360158302552405	-0.28524815007159665
-0.2438048018241124	-0.2019279457497716
-0.13326030597569727	-0.10326156435722542
-0.040749735724513805	-0.024103035173223059
0.022715810127282163	0.0065893189682192542
0.048206070346446118	-0.025837066480649179
0.029045024399387501	-0.11730721794737699
-0.037021568413547652	-0.24562553469690981
-0.1466990486082497	-0.37602468901535402
-0.28949652677479065	-0.47035599213933493
-0.4483337945350232	-0.49671326801221194
-0.60032163863092258	-0.43897002547492214
-0.71996979884332479	-0.30085443183843175
-0.7836954493912347	-0.10586261131836459
-0.77441838189650491	0.10907056923710291
-0.68598278521777289	0.30250176158048653
-0.52497797832325765	0.43923013017103607
-0.31125861968298846	0.49853400088500938
-0.074996854046179673	0.48015326902629246
0.14843307991567584	0.40316227897657275
0.32469736231554086	0.30033422244620389
0.42726531414979585	0.20921087724096132
0.44209128182828916	0.16109150845988651
0.37090929665844696	0.17236271195815628
0.23027935762618867	0.24025003764388886
0.049159787565530487	0.34299139260888645
-0.13707517485203474	0.44607955383536924
-0.2930512909550142	0.51171263882144791
-0.39007034260550555	0.50937169655642256
-0.41070531516387637	0.42492437188477056
-0.35166154914601705	0.26487328220933976
-0.22342993396185548	0.055835808099121045
-0.048119368781074819	-0.16187182254822824
0.14565862982379404	-0.34394510982797077
0.32773191710353661	-0.45336248532655893
0.47174321718527579	-0.46940227492025055
0.55922509664492348	-0.39223788173978824
0.58142069737997781	-0.24302448773577065
0.53980394600175097	-0.057483137841175862
0.4444322240933144	0.12320292439262578
0.31169212750984499	0.26279244464042839
0.16048459750228736	0.33891641903643505
0.0092770674947297398	0.34793338183505085
-0.12710449483433456	0.30510280854162575
-0.23894951416331928	0.23894951416331928
-0.32270322631200082	0.18285360136808429
-0.38018636415317669	0.16525318359770919
-0.41764144039358087	0.20132103479217248
-0.44339180530885874	0.28906301894793412
-0.46541400291317048	0.40888458229107899
-0.48917023182490832	0.52939975815719431
-0.51604771709001318	0.61462739691718804
-0.54240499296289013	0.63448205538721714
-0.56009211229863654	0.57231703301599068
-0.55818467786046788	0.42960625641482109
-0.52515138145400031	0.22620438405373727
-0.45206196184598935	-0.0043350782685652985
-0.33527495329084023	-0.2221294104812859
-0.17851852309951899	-0.38989693947476295
0.0061558111413627242	-0.48067347841852032
0.19950030191937504	-0.48370803320651601
0.37741191406129493	-0.40576332593771197
0.51518070143630013	-0.26903495734716243
0.59217169148601978	-0.10508229723002284
0.59598656036235731	0.051760834526669665
0.52567159084622817	0.17192920413129975
0.39275809113201604	0.23565485467920963
0.21987516978163196	0.23574155624458093
0.03745507624040418	0.17756480588043463
-0.12155559465057098	0.076384079092120569
-0.22741820596893558	-0.046992248431247836
-0.2597578898524327	-0.17088878534684407
-0.21094490854838743	-0.2772716060574365
-0.087655282590390335	-0.35408919297641361
0.09060313581301474	-0.39665966157372484
0.29461191913169771	-0.40663034159142503
0.49125106939381963	-0.39085065669384733
0.64965482932719565	-0.35877107750646414
0.74632707471620185	-0.32079579187383211
0.76938969110496924	-0.28585506102919578
0.71944958945109694	-0.26062490550614575
0.6087316904719392	-0.24874679105027683
0.45787096672586686	-0.25048082235770297
0.29088375182073156	-0.26313925090191365
0.1308326621453007	-0.28134657962988791
-0.0047685860954218284	-0.297819877050436
-0.10568920818762198	-0.30432249445328396
-0.16993506812775971	-0.29279118625890027
-0.2018412441844003	-0.25672333506443701
-0.20955768350244655	-0.19273757982041317
-0.20236145357662813	-0.10161423461517061
-0.18770888902887745	0.010924397236784553
-0.17010847125850231	0.13430072476015295
-0.15120753000755763	0.25438239279941172
-0.13048585588381548	0.35495620863012667
-0.10733653792967679	0.42032918892009136
-0.082453188668111979	0.43818971138658042
-0.058350153494888923	0.4019484570613745
-0.039015704417087689	0.31221233690207278
-0.02843811344178836	0.17721799961894941
-0.028091307180303136	0.011791412890497613
-0.035721044932978063	-0.16464627264011003
-0.044477903035479965	-0.3309398750222749
-0.043264081120281683	-0.46758154204745311
-0.019941360035400375	-0.55939849977566614
0.035027432410007615	-0.59850090575812509
0.12459014943856668	-0.58454195373334483
0.24198406895131497	-0.52523808301937158
0.37090929665844696	-0.43402803624875769
0.48743620051748221	-0.32799202179965048
0.56486069839405839	-0.22533736840002422
0.58072708485700741	-0.14245067190505573
0.52359075327731674	-0.090689837378386054
0.3977000803581805	-0.075863869699892728
0.22429694961556856	-0.097019051650491378
0.038495495024859855	-0.14782616895807668
-0.11782742733960481	-0.21814113847420583
-0.206002919322223	-0.29573903948152469
-0.20045401913845942	-0.36943537004713478
-0.096672245389006164	-0.43073337676464807
0.086094654413706825	-0.47547138449624193
0.30727034767590838	-0.50416960263414423
0.51405358108647314	-0.52107640788154885
0.6526893841151914	-0.53269441764130387
0.68251472260292068	-0.54535284618551461
0.5861025819100284	-0.56347347334811748
0.37533107649238356	-0.58740310539059792
0.089389313897816458	-0.61271996247901928
-0.21397946333638315	-0.63058048494550833
-0.47130970935841926	-0.62945336459568135
-0.6289331552034535	-0.59780729323515469
-0.65607074516467234	-0.52645190493456984
-0.5524623745459617	-0.41139892768684683
-0.34854029279265003	-0.2556829162799813
-0.097365857911976605	-0.06953465542778739
0.13880920615946085	0.13048585588381548
0.30388898662642744	0.32469736231554086
0.36215243855594503	0.49289839913587447
0.30709694454516578	0.61835556422815419
0.16152501628674304	0.69005775879022424
-0.028611516572530971	0.70488372646871755
-0.20791035376039171	0.66751535179368471
-0.32660479675370963	0.58913713669802414
-0.35391578984567096	0.48518195981782825
-0.28663537511753756	0.37255662640050174
-0.14964690183087412	0.26712752290899372
0.011531308194383694	0.18172648101825731
0.14357779225488268	0.12537046352690845
0.20097422853068725	0.10248125026888366
0.15866386462948992	0.11375245376715344
0.019594553773915151	0.15658302706057858
-0.18536794676385218	0.22533736840002422
-0.40524311654548412	0.31177882907521626
-0.5825478177298048	0.40550322124159804
-0.66829566588202649	0.49367871322421619
-0.63552247417167274	0.56217294986754796
-0.48578887077542737	0.59624666505847113
-0.24944040357324729	0.58315472868740403
0.02262910856191086	0.51448708891332962
0.27232961683127205	0.38859641599419337
0.44902740705799365	0.21259223829044224
0.52237693136211849	0.0031212563533670151
0.48943033652102225	-0.21545338994769533
0.37437735927329918	-0.41356646682112952
0.22126239482757284	-0.56217294986754796
0.081412769883656311	-0.63786341643669808
0	-0.62771933328825524
0.003728167310966157	-0.5326077160759326
0.094071198427866987	-0.36726783091285209
0.24735956600433595	-0.15901067089097515
0.42102280144306181	0.058263451929517616
0.56538090778628625	0.24996061296547512
0.63595598199852932	0.38798950503659424
0.60465671689948786	0.45605023385306942
0.46671452639374006	0.45232206654210327
0.24155056112445844	0.38868311755956469
-0.032599788579611044	0.28784919703273582
-0.30718364611053706	0.17713129805357811
-0.53460185207947264	0.082366487102740679
-0.67843974903046922	0.021588689777455188
-0.71996979884332479	0.0015606281766835076
-0.66101273439083674	0.017340313074261194
-0.52116310944692024	0.054275179922437543
-0.33189359224135928	0.092597271816554777
-0.12935873553398852	0.11245193028658385
0.053148059572610561	0.099273292350145342
0.19169716103595752	0.04690554686587653
0.27449715596555474	-0.04118324355137034
0.30180814905751607	-0.15302826288035504
0.28368752189491314	-0.27198281056978685
0.23617506407143748	-0.38035976728391929
0.17678449179209288	-0.46385337473648697
0.12138219151982836	-0.51388017795573049
0.081152665187542397	-0.52818593624199595
0.062165022371226383	-0.5106722200369922
0.064852770897736875	-0.46862196083190877
0.085140937194622471	-0.4106186135985051
0.11565988820532216	-0.34359830356648557
0.14713255643510623	-0.27224291526590078
0.16967496343164579	-0.19837318156954806
0.17427014639632502	-0.12250931186965534
0.15389527853406809	-0.04525821712382172
0.10430198314168108	0.031212563533670152
0.025230155523050038	0.10222114557276975
-0.078725021357145819	0.16074470219840128
-0.19880668939640458	0.19854658470029068
-0.32235642005051562	0.20782365219502041
-0.43498175346784207	0.18346051232568344
-0.52220352823137584	0.12406994004633885
-0.57153671892764901	0.033293401102581492
-0.57500478154250123	-0.080719157360685856
-0.52983326598405078	-0.20643642714907953
-0.43957693643252127	-0.33050636719541837
-0.31299265099041457	-0.43957693643252127
-0.16265213663656999	-0.52237693136211849
-0.0030345547879957091	-0.57092980797004989
0.15164103783441416	-0.58107389111849261
0.28975663147090458	-0.55298258393818955
0.40316227897657275	-0.49142447252456228
0.48812981304045261	-0.40498301184937019
0.54474593522791548	-0.30544961480311095
0.57673881284992734	-0.20695663654130736
0.58957064452488062	-0.12424334317708147
0.58974404765562327	-0.071355388300584813
0.58263451929517618	-0.058610258191002837
0.57162342049302028	-0.090776538943757354
0.5574043637721261	-0.16551328829382311
0.537549705302097	-0.27232961683127205
0.50703075429139732	-0.39388521148184302
0.45969169959866429	-0.50867808403345216
0.38920332695179249	-0.59451263375104502
0.29192417060518722	-0.63370174129887535
0.16776752899347705	-0.61679493605147073
0.021848794473569105	-0.54535284618551461
-0.13534114354460863	-0.43264081120281683
-0.2891497205133054	-0.30085443183843175
-0.42301693744660185	-0.17678449179209288
-0.52185672196989064	-0.085834549717592912
-0.57526488623861516	-0.046038531212163475
-0.57977336763792309	-0.063465545851795979
-0.54015075226323617	-0.1308326621453007
-0.4687086623972801	-0.22863202788413386
-0.38218050015671673	-0.33007285936856184
-0.29842678800803518	-0.40723725254902415
-0.23140647797601566	-0.43784290512509516
-0.18744878433276352	-0.41070531516387637
-0.1639526601171396	-0.32911914214947746
-0.15008040965773065	-0.20990448976393175
-0.12979224336084505	-0.079418633880116274
-0.086961670067419894	0.032513087014239737
-0.01101109880215586	0.1000536064384871
0.098839784523288815	0.1075099410604194
0.23140647797601566	0.052974656441867947
0.36449338082097033	-0.050893818872956603
0.46948897648562182	-0.18042595753768773
0.51795515152818183	-0.3061432273260814
0.48917023182490832	-0.39960751479634921
0.37671830153832447	-0.43949023486715
0.19152375790521489	-0.41686112630523914
-0.038582196590231162	-0.33622867050992455
-0.27354343874647036	-0.21423956803249705
-0.46931557335487922	-0.075777168134521428
-0.58653608973688487	0.051414028265184444
-0.59910781671572433	0.14271077660116963
-0.50035473375780681	0.18085946536454425
-0.30440919601865529	0.15918407402171778
-0.04309067798953907	0.081499471449027611
0.24042344077463146	-0.038842301286345075
0.50078824158466329	-0.18250679510659906
0.69898802002346871	-0.32825212649576441
0.80961921743725518	-0.45613693541844075
0.82453188668111976	-0.55090174636927813
0.75230948272682197	-0.6034428949842896
0.61436729222107411	-0.61124603586770709
0.43888332390955082	-0.57803933633049698
0.25377548184181259	-0.51266635604053223
0.081499471449027611	-0.42648500006145407
-0.06407245680939512	-0.33232710006821581
-0.17808501527266246	-0.24181066582057237
-0.26253233994431446	-0.1642127648132535
-0.3222697184851443	-0.10499559566465154
-0.36171893072908851	-0.064852770897736875
-0.3817469923298602	-0.040402929463028585
-0.37940605006483497	-0.025056752392307428
-0.34940730844636309	-0.010057381583071493
-0.28706888294439409	0.013005234805695896
-0.19221737042818535	0.050460311046100076
-0.07161549299669874	0.104562087837795
0.060517692629171567	0.17270951821964151
0.1843275279793965	0.24744626756970725
0.27874553266874869	0.31836814804343555
0.3261712889268531	0.37403055301181398
0.3180213417819503	0.40506971341474152
0.25802385854500659	0.40680374472216763
0.16291224133268392	0.38070657354540455
0.059303870713973285	0.33492814702935497
-0.021935496038940412	0.28290720780657141
-0.053408164268724481	0.24025003764388886
-0.018467433424088173	0.22117569326220154
0.083753712148681575	0.23452773432938265
0.23678197502903661	0.28160668432600178
0.40888458229107899	0.3552163133262406
0.56026551542937919	0.44053065365160565
0.65147556219999314	0.51847536092040969
0.6530361903766766	0.56962928448948025
0.55289588237281817	0.57925315824569523
0.36059181037926152	0.54084436478620668
0.10586261131836459	0.45787096672586686
-0.16698721490513529	0.34325149730500037
-0.40845107446422246	0.21692731655900754
-0.5743978705849021	0.10126742835368538
-0.63569587730241539	0.016906805247404663
-0.58480205842945876	-0.022455705431168246
-0.43610887381766905	-0.012224920717354142
-0.22299642613499895	0.042223662335826008
0.010664292540670636	0.12719119639970586
0.22074218543534502	0.22360333709259811
0.37238322326975914	0.31177882907521626
0.44711997261982489	0.37455076240404178
0.44573274757388404	0.40090803827691884
0.38564856277156895	0.38677568312139593
0.29530553165466816	0.33475474389861237
0.20522260523388125	0.25290846618809953
0.13976292337854523	0.15146763470367153
0.11106470524064295	0.041356646682112946
0.11661360542440653	-0.068407535077960407
0.14175705938208527	-0.17071538221610147
0.16533988516308049	-0.26001799454854663
0.16638030394753617	-0.33180689067598795
0.13152627466827116	-0.38166029076448887
0.059043766017859371	-0.40446280245714239
-0.040402929463028585	-0.39587934748538306
-0.14739266113122015	-0.35322217732270056
-0.23981652981703233	-0.27822532327652089
-0.29972731148860476	-0.17799831370729116
-0.3195819699586338	-0.066153294378306457
-0.30458259914939789	0.038582196590231162
-0.27180940743904425	0.11539978350920825
-0.24475851904319676	0.14522512199693752
-0.24588563939302374	0.11626679916292131
-0.28888961581719153	0.027657799353446606
-0.3730768357927296	-0.10855035984487509
-0.48188730033371863	-0.26799453856270677
-0.58601588034465713	-0.41824835135117999
-0.65026174028479478	-0.52480457519251511
-0.64341231662046161	-0.55913839507955221
-0.54743368375442591	-0.50512331985322856
-0.36397317142874247	-0.36397317142874247
-0.11600669446680739	-0.15502239888389507
0.15562930984149423	0.087135073198162508
0.40082133671154752	0.31949526839326253
0.57136331579690636	0.49957441966946503
0.63205441155682052	0.59485944001253033
0.56928247822799505	0.58965734609025189
0.39449212243944221	0.48865002243268046
0.1423639703396844	0.31576710108229633
-0.13664166702517822	0.1088971661063603
-0.38677568312139593	-0.088869104505588617
-0.55948520134103741	-0.23825590164034882
-0.62269064249671946	-0.31255914316355804
-0.56676813283222716	-0.30215495531900133
-0.40567662437234064	-0.21597359933992319
-0.17227601039278498	-0.077771304138061464
0.089129209201702544	0.080112246403086715
0.33232710006821581	0.22516396526928162
0.51873546561652362	0.33189359224135928
0.6232975534543187	0.38677568312139593
0.63847032739429721	0.38963683477864902
0.57318404866970374	0.35200835540750225
0.44928751175410758	0.29192417060518722
0.29599914417763862	0.22793841536116341
0.14349109068951138	0.17383663856946849
0.01855413498945948	0.13525444197923731
-0.059824080106201119	0.108810464540989
-0.082019680841255452	0.084187219975538102
-0.048119368781074819	0.048639578173302653
0.033380102667952799	-0.0081499471449027611
0.14773946739270538	-0.089562717028559072
0.27649129196909478	-0.19030993599001661
0.39969421636172053	-0.29608584574300989
0.4993143149733511	-0.38720919094825246
0.56087242638697832	-0.44261149122051702
0.57630530502307076	-0.44555934444314138
0.54457253209717282	-0.38790280347122291
0.47252353127361757	-0.2730232293542425
0.37342364205421485	-0.11505297724772302
0.26461317751322583	0.062858634894196824
0.1638659585517683	0.23305380771807047
0.085487743456107684	0.36804814500119387
0.037281673109661566	0.44529923974702745
0.018294030293345559	0.45110824462690496
0.019247747512429927	0.38278741111431586
0.024623244565450897	0.24831328322342031
0.017427014639632501	0.065372980289964702
-0.015866386462948995	-0.1422772687743131
-0.081326068318284997	-0.34767327713893698
-0.17409674326558239	-0.52489127675788638
-0.27961254832246174	-0.65182236846147834
-0.37645819684221055	-0.7132070767443629
-0.44157107243606131	-0.70236938107294966
-0.4570039510721538	-0.62165022371226386
-0.4148669903016991	-0.48232080816057515
-0.32062238874308951	-0.30267516471122913
-0.19247747512429927	-0.10560250662225068
-0.057743242537289775	0.08470742936776593
0.054275179922437543	0.2466659534813655
0.11964816021240224	0.36466678395171293
0.12658428544210673	0.4308200783300194
0.079071827618631046	0.44642636009685444
-0.003728167310966157	0.42084939831231921
-0.091990360858955636	0.3688284590895356
-0.15233465035738458	0.30761715393739358
-0.15736334114892034	0.25212815209975775
-0.093117481208782618	0.21233213359432834
0.036327955890577204	0.19100354851298706
0.2090374741102187	0.18320040762956952
0.38911662538642122	0.17791161214191986
0.53529546460244304	0.16178512098285694
0.61055242334473669	0.12224920717354142
0.5906977648747076	0.051587431395927051
0.47035599213933493	-0.050460311046100076
0.26426637125174063	-0.17652438709597895
0.0040749735724513805	-0.31203893377133018
-0.26903495734716243	-0.43810300982120909
-0.51292646073664616	-0.53581567399467089
-0.69387262766656166	-0.58931053982876669
-0.79297251688596448	-0.58957064452488062
-0.80892560491428478	-0.53538216616781442
-0.75664456099538724	-0.43376793155264376
-0.66205315317529245	-0.29868689270414905
-0.55506342150710086	-0.14808627365419061
-0.46220604499443213	-0.00095371721908436575
-0.40108144140766144	0.12580397135376498
-0.37741191406129493	0.21944166195477541
-0.38547515964082635	0.27310993091961383
-0.41157233081758948	0.28568165789845318
-0.43879662234417954	0.26166532429060141
-0.45240876810747455	0.20981778819856045
-0.44330510374348742	0.14149695468597134
-0.40957819481404945	0.068927744470188249
-0.35608332897995365	0.0032079579187383211
-0.29166406590907329	-0.047339054692733064
-0.22603098092299467	-0.078378215095660606
-0.16638030394753617	-0.089736120159301686
-0.11626679916292131	-0.085401041890736384
-0.074823450915437059	-0.072655911781154409
-0.038842301286345075	-0.059563975410087205
-0.0050286907915357464	-0.053581567399467095
0.027310993091961382	-0.058696959756374144
0.055055494010779291	-0.074043136827095304
0.070835178908356985	-0.093464287470267846
0.065199577159222089	-0.10646952227596373
0.029131725964758808	-0.10057381583071492
-0.042310363901197315	-0.064679367766994261
-0.14721925800047755	0.00754303618730362
-0.27562427631538167	0.1146194694208665
-0.41053191203313377	0.24623244565450897
-0.53044017694164991	0.38400123302951417
-0.61428059065570284	0.50434300576488689
-0.6455798557547443	0.58376163964500316
-0.61670823448609935	0.60361629811503215
-0.53052687850702129	0.55523682463784341
-0.40082133671154752	0.44235138652440309
-0.24961380670398989	0.28117317649914525
-0.1030881612264828	0.097279156346605306
0.013785548894037649	-0.079678738576230188
0.081586173014398924	-0.2221294104812859
0.089476015463187758	-0.31082511185613193
0.037108269978918959	-0.33830950807883592
-0.066326697509049071	-0.30995809620241888
-0.20426888801479687	-0.24189736738594367
-0.35608332897995365	-0.15640962392983598
-0.50096164471540594	-0.075950571265264027
-0.62104331275466473	-0.017166909943518584
-0.70358320298814803	0.012745130109581978
-0.74181859331689393	0.017513716205003808
-0.73522927434867469	0.0096238737562149637
-0.6880636227866842	0.0063292142721053362
-0.6080380779489688	0.024103035173223059
-0.50477651359174336	0.073783032130981377
-0.38824960973270817	0.15701653488743511
-0.26808124012807805	0.26556689473231021
-0.15207454566127068	0.38330762050654371
-0.046298635908277389	0.49012394904399265
0.045865128081420861	0.56676813283222716
0.1233763275233684	0.59980142923869473
0.18744878433276352	0.58471535686408749
0.24085694860148799	0.52679871119605515
0.28715558450976536	0.43949023486715
0.32920584371484879	0.34143076443220294
0.36874175752416433	0.25212815209975775
0.40550322124159804	0.18788229215962005
0.43706259103675343	0.15909737245634648
0.45943159490255037	0.16924145560478926
0.46801504987430964	0.21449967272861098
0.45986510272940689	0.28533485163696798
0.43411473781412901	0.36917526535102085
0.39353840522035782	0.45171515558450415
0.34429191608945603	0.51942907813949413
0.29461191913169771	0.56078572482160705
0.25342867558032733	0.56668143126685588
0.22750490753430688	0.53165399885684828
0.21944166195477541	0.45414279941490071
0.22672459344596513	0.33752919399049414
0.24146385955908714	0.19039663755538791
0.25186804740364388	0.026357275872877017
0.24510532530468199	-0.13672836859054951
0.21077150541764483	-0.27943914519171914
0.14375119538562531	-0.38330762050654371
0.046472039039020002	-0.43428814094487161
-0.071268686735213513	-0.42579138753848361
-0.19377799860486886	-0.35989819785629112
-0.30258846314585786	-0.24770637226582118
-0.38035976728391929	-0.10672962697207765
-0.4152137965631843	0.042743871728053842
-0.40359578680342933	0.18189988414899994
-0.35131474288453179	0.2972996676582082
-0.27232961683127205	0.38313421737580111
-0.18623496241756524	0.44079075834771958
-0.11366575220178213	0.47677190797681157
-0.072395807085040481	0.49862070245038065
-0.073522927434867463	0.51093232473310612
-0.11938805551628832	0.51275305760590351
-0.20322846923034121	0.49653986488146928
-0.31117191811761713	0.45067473680004844
-0.42527117814625581	0.36379976829799987
-0.52688541276142642	0.23053946232230257
-0.60032163863092258	0.05635601749134888
-0.63569587730241539	-0.14071664059762959
-0.63032038024939441	-0.3311132781530175
-0.58835682260968236	-0.47963305963406466
-0.51942907813949413	-0.55341609176504603
-0.43671578477526818	-0.53061358007239257
-0.35400249141104229	-0.40853777602959374
-0.28351411876417054	-0.2062630240183369
-0.23374742024104089	0.036848165282805039
-0.2088640709794761	0.26946846517401896
-0.20782365219502041	0.43914342860566474
-0.22585757779225207	0.50512331985322856
-0.25481590062626824	0.4485071976657658
-0.28516144850622532	0.27822532327652089
-0.30761715393739358	0.029565233791615336
-0.3146399807324694	-0.24337129399725588
-0.3015480443614022	-0.48050007528777772
-0.26747432917047892	-0.62971346929179528
-0.21536668838232403	-0.65979891247563849
-0.15129423157292893	-0.56754844692056894
-0.083233502756453734	-0.37793212345352273
-0.019421150643172538	-0.13724857798277737
0.03364020736406672	0.099880203307744483
0.072569210215783095	0.28429443285251227
0.097886067304204447	0.38460814398711329
0.11375245376715344	0.39483892870092741
0.12667098700747803	0.33414783294101325
0.14375119538562531	0.24042344077463146
0.17036857595461624	0.15805695367189079
0.20860396628336217	0.12433004474245277
0.25559621471461003	0.15797025210651949
0.30397568819179877	0.25386218340718392
0.34264458634740119	0.38365442676802891
0.35937798846406327	0.5042563041995155
0.34377170669722817	0.57058300170856457
0.28966992990553325	0.54873420723499555
0.19785297217732023	0.42700520945368192
0.075863869699892728	0.22074218543534502
-0.06199161924048377	-0.02991204005310056
-0.1974194643504637	-0.26998867456624681
-0.31108521655224586	-0.44295829748200222
-0.38651557842528206	-0.50599033550694161
-0.41295955586353034	-0.44105086304383351
-0.38755599720973771	-0.26027809924466055
-0.31568039951692506	-0.003814868876337463
-0.20990448976393175	0.26946846517401896
-0.087481879459647721	0.49567284922775623
0.032686490144982351	0.62130341745077866
0.1334337091064399	0.61558111413627237
0.2019279457497716	0.47781232676126723
0.23157988110675826	0.23678197502903661
0.22230281361202853	-0.056095912795234966
0.17973234501471727	-0.33900312060180637
0.11366575220178213	-0.5531559870689321
0.03580774649834937	-0.65581064046855841
-0.042570468597311235	-0.62815284111511183
-0.11219182559046993	-0.47824583458812375
-0.16742072273199182	-0.23730218442126444
-0.2061763224529656	0.047859264084960898
-0.22975914823396082	0.32504416857702612
-0.24172396425520107	0.54760708688516857
-0.24631914721988027	0.68234131947217802
-0.24727286443896462	0.71468100335567519
-0.24727286443896462	0.64852770897736867
-0.2465792519159942	0.50382279637265903
-0.2438048018241124	0.31108521655224586
-0.23617506407143748	0.10499559566465154
-0.22091558856608762	-0.081846277710512838
-0.19655244869675065	-0.22342993396185548
-0.1639526601171396	-0.30345547879957091
-0.12701779326896326	-0.31602720577841026
-0.092510570251183477	-0.26574029786305281
-0.069274550731673476	-0.16551328829382311
-0.066500100639791684	-0.034333819887037167
-0.091470151466727809	0.10594931288373589
-0.14799957208881931	0.23374742024104089
-0.23435433119864005	0.33050636719541837
-0.34307809417425772	0.38365442676802891
-0.46090552151386255	0.38772940034048031
-0.57075640483930723	0.34524563330854041
-0.65433671385724623	0.26591370099379541
-0.69525985271250257	0.16438616794399613
-0.68182111007995017	0.057309734710433248
-0.60977210925639491	-0.039709316940058137
-0.48318782381428821	-0.11557318663995086
-0.3149867869939546	-0.16551328829382311
-0.12441674630782407	-0.19195726573207142
0.065112875593850789	-0.20279496140348469
0.23001925293007475	-0.20921087724096132
0.35001421940396221	-0.22273632143888505
0.41139892768684683	-0.25186804740364388
0.40923138855256419	-0.29981401305397604
0.3484535912272787	-0.36362636516725727
0.24293778617039935	-0.43446154407561421
0.11435936472475258	-0.50044143532317809
-0.011704711325126306	-0.54873420723499555
-0.10915727080247423	-0.56936917979336632
-0.15606281766835076	-0.5570575575106409
-0.13820229520186172	-0.51266635604053223
-0.051934237657412279	-0.44313170061274482
0.094504706254723514	-0.35989819785629112
0.28160668432600178	-0.27649129196909478
0.48093358311463424	-0.206002919322223
0.65945210621415329	-0.15866386462948992
0.78560288382940346	-0.13941611711706001
0.83484937296030526	-0.14756606426196275
0.79470654819339059	-0.17652438709597895
0.66812226275128384	-0.21527998681695273
0.47373735318881582	-0.25004731453084644
0.24337129399725588	-0.26695411977825112
0.016386595855176829	-0.25420898966866912
-0.16724731960124922	-0.2046156942762821
-0.27493066379241127	-0.1176540242088622
-0.28836940642496367	0.00069361252297044779
-0.20739014436816389	0.13716187641740604
-0.050547012611471383	0.27371684187721296
0.14817297521956191	0.38989693947476295
0.34611264896225347	0.46662782482836873
0.50035473375780681	0.49021065060936397
0.57665211128455607	0.45587683072232682
0.5567107512491557	0.3690018622202782
0.44191787869754656	0.24579893782765244
0.25316857088421346	0.10993758489081598
0.026964186830476158	-0.01101109880215586
-0.1929109829511558	-0.091903659293584336
-0.36345296203651462	-0.11531308194383695
-0.45145505088839022	-0.076037272830635341
-0.43975033956326393	0.017513716205003808
-0.3305930687607897	0.14435810634322443
-0.14444480790859576	0.27510406692315387
0.084447324671652016	0.37836563128037926
0.31507348855932593	0.42761212041128105
0.50763766524899645	0.4067170431567963
0.63084058964162226	0.31403306977487022
0.66734194866294205	0.16282553976731262
0.61575451726701502	-0.021762092908197798
0.49021065060936397	-0.20851726471799087
0.31611390734378159	-0.36674762152062429
0.12476355256930929	-0.4729570391004741
-0.052281043918897499	-0.51544080613241405
-0.18926951720556093	-0.49627976018535541
-0.26990197300087548	-0.42977965954556369
-0.28966992990553325	-0.33874301590569245
-0.2551627068877535	-0.24874679105027683
-0.18198658571437124	-0.18242009354122776
-0.090776538943757354	-0.15450218949166725
-0.0032079579187383211	-0.16967496343164579
0.061904917675112463	-0.22256291830814243
0.091990360858955636	-0.29981401305397604
0.082366487102740679	-0.38426133772562809
0.036674762152062425	-0.45865128081420858
-0.033900312060180633	-0.50954509968716521
-0.11331894594029691	-0.52931305659182293
-0.18363391545642604	-0.51674132961298358
-0.22845862475339124	-0.47581819075772719
-0.23565485467920963	-0.41408667621335732
-0.19941360035400374	-0.34013024095163336
-0.12164229621594227	-0.26149192115985881
-0.011618009759755001	-0.18328710919494082
0.11522638037846564	-0.10829025514876116
0.24007663451314623	-0.037021568413547652
0.34307809417425772	0.030692354141442314
0.40715055098365283	0.094851512516208741
0.42067599518157661	0.15406868166481072
0.37940605006483497	0.20530930679925255
0.28776249546736454	0.24415160808559763
0.15901067089097515	0.26539349160156761
0.013091936371067201	0.2641796696863693
-0.12563056822302235	0.23721548285589314
-0.23218679206435741	0.18389402015253997
-0.28507474694085405	0.10664292540670635
-0.27033548082773201	0.01101109880215586
-0.18476103580625303	-0.095198318777693955
