% Real_Part	Imag_Part
0.3327371812305549	0.43152305534541896
0.14380127233461709	0.54518285058256311
-0.01313405091814724	0.59730070805230351
-0.13762887674932572	0.58590720227609427
-0.23100294049415562	0.51691060968957325
-0.29244558725687925	0.38707704481358896
-0.32790807595206922	0.22186356791396306
-0.34519963964678535	0.037314248700935117
-0.3379357009878089	-0.14156582663790016
-0.30405561373608625	-0.28878768632519664
-0.23839681761618239	-0.39125891741996888
-0.13022867427397453	-0.4253088580442832
0.0058052282935274774	-0.39668328323163815
0.16895277227087899	-0.29531813195083212
0.32827018546750719	-0.14497225051803184
0.4593949120164571	0.043401629493797556
0.54183118513143036	0.24144922488625267
0.54205898733158797	0.42183755183487442
0.47478851483359608	0.57054998064486506
0.32928536918182788	0.66106201329762038
0.14836331691232429	0.70356427094009966
-0.040112648131666602	0.69158005428245173
-0.20203060632739372	0.64858682661650358
-0.2915604962111491	0.59107600094384816
-0.31599174946255548	0.53352902884533726
-0.25321237345015774	0.49849807764522691
-0.14559657964348094	0.47826241311489615
-0.016114425814394259	0.47951215139273495
0.099133619575589998	0.48156690870196639
0.15399620407666736	0.46929283268754685
0.15565592188184502	0.4327404452226668
0.08095728020427681	0.35232337431952188
-0.025236812466281778	0.2418184492060525
-0.13844553137341004	0.099656400625857622
-0.22067811810394977	-0.047710847955842704
-0.22219922859212823	-0.17928201937074972
-0.15376179503936849	-0.28027444398450047
0.0087276197197494049	-0.32532565374375938
0.21046525165046942	-0.32517376673714593
0.42133160327479491	-0.27358638884781306
0.59136731208786775	-0.19611258863882472
0.65930011553093526	-0.11069494768501401
0.62894921628768385	-0.033920532834227128
0.46396798853185328	0.0099352275115893902
0.22358165523453119	0.025994836439903447
-0.066923845486736189	0.0054978329896114841
-0.34207728489758471	-0.034182319095518672
-0.53310463154555932	-0.08186912224426901
-0.62462835546738671	-0.12773213890009366
-0.56222288235903251	-0.15630506424057858
-0.39425831379032622	-0.17331900249211019
-0.1271013032147616	-0.17570879588209506
0.16766337932268857	-0.17439692558505851
0.42883500740413621	-0.17887112962822474
0.61889479669483283	-0.19037047968090412
0.67251738199141231	-0.21676417179698371
0.61192177948183846	-0.2476495708499579
0.41787970796395557	-0.27791416811653752
0.14940769440475582	-0.29955678044096001
-0.15706611533553183	-0.30044838443492539
-0.45300485913877353	-0.28785999207275631
-0.68041243157448106	-0.25928030623674098
-0.83123841671948873	-0.23192723081468264
-0.86913300993956855	-0.21997049279253827
-0.82099827193741992	-0.23004332575813477
-0.69026936869659017	-0.27948260229227673
-0.51099717974030845	-0.35034713240198823
-0.31190079129545251	-0.44097917462255354
-0.11241074923462258	-0.51986525594999611
0.059172183058805228	-0.55986452029431077
0.2007395718902806	-0.54620137544886804
0.2988948656484065	-0.44735378103879586
0.35920165470034743	-0.28642022547881751
0.38062429888132121	-0.059640309120523281
0.36956393817577132	0.18393134422155913
0.32933564720473313	0.40869091502128618
0.26816198189364837	0.57804639006191494
0.19144977863252072	0.64036664811346633
0.11096127064869973	0.60516519368950472
0.036985512398214668	0.44715248529742335
-0.020651123414969774	0.21910653972575594
-0.048583764839851967	-0.053357752335782133
-0.047138855161513393	-0.31404055408334264
-0.0079840000924852033	-0.50316723958490139
0.056269159600583228	-0.60584728553527079
0.14101797268346369	-0.57452171732208612
0.23056786484636158	-0.4474212629348544
0.30971293026352176	-0.22667688035036426
0.3723845122485977	0.02697109500559337
0.404739460699235	0.26384618003893112
0.41489535003770106	0.44862585977774949
0.40159648504743994	0.52447020180014947
0.37911952454256792	0.506254975362042
0.35888966567502534	0.37371447968873811
0.34820559821478464	0.17543319245013861
0.36024542369405144	-0.060805357835865936
0.38879610397806613	-0.29286402448793303
0.43664748869136716	-0.47157834250182895
0.48996901608826637	-0.59024673832833696
0.53921076785175504	-0.61772242003466227
0.57432066332033405	-0.57817657776730558
0.58159773012880256	-0.47608769826853048
0.56243872507125636	-0.33938709981825377
0.50997525474222016	-0.19416564859625263
0.43530179737520586	-0.050423187645208881
0.34295236890886477	0.071355466801686127
0.24573996282230356	0.17653436813618406
0.15582415006335285	0.26266572601522059
0.07969921416449223	0.33270025541005221
0.028784668092253364	0.39115157185346777
0.00046439449231046662	0.43088318331780573
-0.00095017329977351971	0.44801265763461279
0.015177825612866843	0.43729143075905341
0.044512126353232651	0.38778281358716626
0.076283539578479873	0.31266874912787584
0.10031433346298904	0.21196675849703869
0.11049387057808757	0.11423341826989697
0.096219908375722349	0.042357949455747557
0.060789530388415537	0.013359939868282676
2.8363115141954998e-07	0.058374154319824949
-0.074251464891509425	0.15794428282378006
-0.15632196663544015	0.31883463569791765
-0.2316558192043553	0.49351811684146851
-0.28627683082558186	0.64833476317569372
-0.31280362108415566	0.74844748595227251
-0.29725836935778083	0.74250437618065079
-0.24545420449577882	0.64638993150878887
-0.15297866923531284	0.43880781119408357
-0.036530701290562191	0.17994862141767107
0.094675662583532161	-0.095299925055117848
0.22259817677209176	-0.33232548871947032
0.32881048743429109	-0.46439797098271418
0.40525088249303043	-0.49298293634309615
0.43573945777825712	-0.37796759144570335
0.42620443572800426	-0.17735691125734326
0.37220371001264257	0.085026109322148685
0.28866836276510632	0.34674832344676881
0.18432737273987185	0.54060861401275961
0.073344943742683272	0.6570878968935473
-0.029091709741964893	0.64764473883471563
-0.11732264099584738	0.56214507011603554
-0.17921329327823438	0.4150358487658809
-0.21900028217214507	0.26403255828402705
-0.23380304987534967	0.1696412241287191
-0.23283855980286527	0.13793717845292211
-0.22183111020052909	0.21276360898026908
-0.2083781387736508	0.34132297445700183
-0.20132960844260314	0.50506357096071608
-0.20265224180803446	0.645091074220983
-0.21867107646281464	0.69753378640899732
-0.24516113035065212	0.65877212427748399
-0.28263341317089258	0.48375072905015293
-0.32320498724949404	0.23290522948524398
-0.36162316501150765	-0.071715890783012631
-0.39050820585899998	-0.36000655515887769
-0.40160039300370254	-0.55922679414780763
-0.39228696744167213	-0.6552298028119854
-0.35550802395373021	-0.59106049890686041
-0.29634528439731417	-0.4224037448580894
-0.21363948728345511	-0.16071485020280171
-0.11905367743219293	0.11827260863797062
-0.019253257096101047	0.34484359404200299
0.071928107511389602	0.48948718007574371
0.14104072207479043	0.48686101548929306
0.18026726864770093	0.3747443386094696
0.17559441438643014	0.14708071605325512
0.1321605096673612	-0.12996518829973946
0.044312302479032756	-0.40420762644183761
-0.069588732858712948	-0.63976628414025472
-0.20078872363132641	-0.77739046319462268
-0.3261181170343907	-0.83500556750001464
-0.42387983815051428	-0.79563216101939105
-0.48090258060407126	-0.70473406534871952
-0.47440812276987843	-0.5928800607939213
-0.41152013547921645	-0.48777583518809536
-0.28347343836870803	-0.43042769050958352
-0.11515636339714411	-0.41150256462857748
0.080507171492354562	-0.44488741346332283
0.2763891046161549	-0.50192848484799957
0.44468753175185627	-0.56413322980781344
0.57450006257264041	-0.61490499468793314
0.64179389493781136	-0.6288870933677706
0.65815836006660267	-0.61386707426980258
0.61937190299986	-0.56292119736598956
0.54883438013205155	-0.49482664188729347
0.46331456544183902	-0.42285002386160192
0.37848415121748724	-0.35659929287009939
0.31666755426535625	-0.31193570096018763
0.2746753750098227	-0.28336595676110288
0.26231756118016569	-0.2745230271929327
0.26292048766803783	-0.27388938943052521
0.26756951546433416	-0.27323602847401662
0.26279763400060602	-0.26633038776763029
0.23162449962325812	-0.24386741210088456
0.17567547257862484	-0.20683558243803135
0.086223316105022804	-0.15197966580563058
-0.022654522427089679	-0.082725748806276908
-0.14433675266437876	-0.00017788336187611262
-0.26518214031715437	0.091953059458944872
-0.37071643915352737	0.19194261925756215
-0.45681739464676141	0.29272751210206077
-0.5131311575948212	0.3904344948350239
-0.54387826579171505	0.47376898473433343
-0.54834351300165252	0.53291093152953328
-0.53098028211199355	0.55956349470821964
-0.49557804040445291	0.54096881232414662
-0.44341332846017673	0.48068989840838344
-0.37634762782386089	0.37232828014102015
-0.29641558288657138	0.23301055612874783
-0.20398953842825285	0.070964273237683964
-0.1059178748269666	-0.093511886130360308
-0.0062260917340904633	-0.24112634106934469
0.08624482389038074	-0.36063024022583934
0.16188797190159165	-0.43365136812636307
0.21897559220274618	-0.46226823622502933
0.24948302739086617	-0.43941038794877024
0.26269406923964217	-0.37415251190564908
0.26097007340923545	-0.27014744359401932
0.25705369083725549	-0.13659028576994314
0.26377850536099912	0.019438862785141946
0.2832330739415661	0.18794215464900765
0.32646363014224905	0.36133689659452001
0.37943072799376587	0.52529752725495837
0.43844722491741706	0.66814250745694759
0.48350244430474781	0.77435707739331672
0.49574228943911924	0.82591336388992276
0.46800987806638433	0.81866916787430621
0.3816969385180492	0.73663234049554382
0.25230354232051549	0.5973248579148841
0.079386873158879767	0.40219207860591794
-0.10783267711143685	0.18347170678069483
-0.2875497187230367	-0.033931945292296983
-0.43796206172675289	-0.22657334330878282
-0.52952016957919334	-0.36089208937459777
-0.56366069229563664	-0.4423284619909244
-0.52420933900306754	-0.45511924812179888
-0.43444939582297593	-0.42931452448449536
-0.30263676833814751	-0.38096174017243989
-0.15767930729167964	-0.33630556502121312
-0.025618087256975574	-0.32831423357834461
0.076690657674096691	-0.35286450080141429
0.12247052155989449	-0.42776109618477165
0.11544094537633857	-0.52018833066563741
0.043414711279159024	-0.61360619178373299
-0.072664610212714614	-0.67699237922590572
-0.22453639339450035	-0.67278719439090862
-0.38633902166802531	-0.604062819682745
-0.5350513018479246	-0.44806515169868433
-0.65389133799099175	-0.24471334925768123
-0.71728471660839688	-0.011134167234204965
-0.72858779715164612	0.20704928594101998
-0.6747618115233428	0.36310126544526367
-0.57941772888136622	0.44323292558007316
-0.45196060989800474	0.40811693048158082
-0.32196941193263479	0.28763300582330037
-0.21766463976840056	0.082059822108139169
-0.15252671180628735	-0.1591267910159507
-0.1549677429802149	-0.3970582900314964
-0.20841314847452452	-0.59963414604415255
-0.31833287732150783	-0.72030721027057321
-0.44700544291123334	-0.76354879886028781
-0.56833181234415264	-0.70825467657943764
-0.65291457352140791	-0.58460434879484124
-0.66048422579452537	-0.40581785166691031
-0.59755800191280584	-0.20166935758100804
-0.44329435765753028	-0.0023616300082803243
-0.23950012328428602	0.18017106814820966
-0.0059204106380594465	0.32240157764470545
0.21210116926806558	0.42890582403214084
0.366241455254528	0.49359513198267696
0.44569398597577281	0.52493614488887419
0.41243828698683654	0.527854412430245
0.29979323640638378	0.50688454041809428
0.11181222268011538	0.46727332799093868
-0.10172875961804194	0.41180974484665506
-0.29806752184019447	0.34329427686656167
-0.45210925776254279	0.26693917463885097
-0.51887523999336038	0.18694041952213894
-0.51525504338853412	0.10914730508647329
-0.43043244638744721	0.040911058776498588
-0.30254611084788352	-0.018078139672959792
-0.15854664568863724	-0.062789355758978732
-0.021181988166060248	-0.10189362634120688
0.074676019542469593	-0.13935080852317394
0.13844848328123679	-0.18426350707031369
0.15988630220637179	-0.24779205212525662
0.16312825420495888	-0.32772312465994252
0.16624008060377043	-0.43121666464961228
0.17719179023987233	-0.54131322522699343
0.21607107904054274	-0.65043461466835106
0.26459062706191727	-0.73759700751831281
0.3189560263818319	-0.78172721488493724
0.3557762368624634	-0.77551513535419669
0.35001411096462176	-0.69930589476638128
0.30281356297024326	-0.56906062246659861
0.19670722708959598	-0.38366139000702282
0.062491795998494887	-0.17469049660674393
-0.086010918098350611	0.035973588003942208
-0.21534363957735575	0.2203373038064797
-0.28842277417647455	0.34532683495108751
-0.30230546560638127	0.40430447920114526
-0.23098709600791098	0.37341578805427794
-0.10656935582853483	0.27123718445796829
0.060318957021860159	0.097463705300424419
0.23126378278968637	-0.11511493974290485
0.3674907628554816	-0.34343467150232099
0.45945199590698277	-0.55862356157236503
0.47588310492429375	-0.72751988737548989
0.44315915841085085	-0.83992895225826203
0.36557309647767161	-0.87018097875742573
0.27810692728211645	-0.83153948672490208
0.21390060249356779	-0.71906073289950678
0.18277323168697759	-0.56169672915730073
0.21344151797902852	-0.37730433785515155
0.28235263241391084	-0.19422526428945494
0.38665172651730684	-0.042974955343882654
0.49296156196142327	0.065110951386525617
0.5711786223219445	0.10412874739978659
0.60862689341412013	0.087267198533059268
0.57685406101193082	0.0092671929087726236
0.49308550881486796	-0.10043134483086655
0.35547670627602995	-0.22300472987667525
0.19278508190857641	-0.33186335460715316
0.027993910895440489	-0.39588159863956363
-0.12341887731960045	-0.40984381544843251
-0.23632158164382144	-0.35141668960673167
-0.31669224184113232	-0.24082760743638695
-0.35731769041084183	-0.080249185247733779
-0.37263984805402811	0.098487582351484929
-0.37256925471966323	0.27001781935614683
-0.36348688516337413	0.41277055364805471
-0.35641949798097339	0.49619093540760845
-0.3473402816008761	0.52186572173389423
-0.33728180191722518	0.4742707942893194
-0.3220926851286493	0.37418392956432023
-0.29634606926519502	0.2294195597805854
-0.26490098472675172	0.0633435994067649
-0.22747065241479109	-0.10206991747262571
-0.19406563885461248	-0.25483091748349435
-0.1737036876435667	-0.37481919538698083
-0.16907648846697099	-0.46445111269287337
-0.18936414220286529	-0.51634756840281293
-0.22411915887043224	-0.53977474480238063
-0.27112579073221466	-0.53885282705692972
-0.31486891193617178	-0.52164070552878616
-0.34129585637451432	-0.49602156068826747
-0.34380349707703045	-0.46664270737675351
-0.3080024864847199	-0.43978347647785754
-0.24319882025615858	-0.41843100033519776
-0.14766940526872224	-0.40716848571650777
-0.04011216030701184	-0.40748704023305504
0.066330142964443284	-0.4237306463625739
0.15671515630805302	-0.45192388627339708
0.21253886584284348	-0.49351514250615752
0.23134349683443678	-0.53657699642168832
0.20122236214393441	-0.57445409557358906
0.13201818510392424	-0.59277862392419201
0.023842654628096996	-0.57655415534522281
-0.10601781316575462	-0.52101116766210209
-0.24631899963939324	-0.41160490788201265
-0.37882262344046225	-0.2626646423313943
-0.48554497095559979	-0.074101712637220096
-0.55447812032958432	0.12537486009492629
-0.56662749271360524	0.31540253543874819
-0.52496934547506724	0.47103052972941145
-0.4189553723209109	0.56134799850711747
-0.27016468538371913	0.58387258373046302
-0.086575384632859326	0.51806192707011256
0.10155779973508008	0.38718518493006432
0.26738122585823437	0.19648511670914182
0.3927135287630652	-0.020501444906467273
0.44697877230608951	-0.23537552781917065
0.44050702813527687	-0.42748079086435836
0.36238211035584467	-0.56554291266024148
0.24576685545256621	-0.6530168617607649
0.11083319223198153	-0.67634871956646547
-0.01436234216599141	-0.65529082615577983
-0.093825226755682598	-0.59919768173955024
-0.13119748426780806	-0.52570888732109811
-0.10700764640173407	-0.45419951833663436
-0.054601665265839788	-0.38881765169833432
0.0092994343382994775	-0.34206763178544031
0.054292338790905829	-0.30825573163296205
0.04233638827855972	-0.287058659178619
-0.020377403419389144	-0.27486945409352415
-0.15481972662335919	-0.26704785813309284
-0.31754612884746558	-0.2663704729821379
-0.4862964501730227	-0.27340197603199601
-0.6184885032188514	-0.29013788191851114
-0.66390406683572945	-0.32129651770379636
-0.62319108240910026	-0.35927412350038096
-0.46367616757792185	-0.40296866526025849
-0.23510507243242862	-0.43759329252714962
0.043376723428060558	-0.45028175675220539
0.31264179089184135	-0.43417021816512835
0.51322849494838041	-0.37353344657992904
0.62699397369484589	-0.28208936469483531
0.60346320685131982	-0.1591964067356528
0.48017103453852628	-0.032207807933658912
0.25820082694412511	0.077498509495032175
-0.0035680264126084485	0.15263817227912516
-0.25588668750061111	0.16452923730795516
-0.46878013166758714	0.12598649188351674
-0.58962611030331935	0.02823345691430075
-0.63711745725050817	-0.092638011529846576
-0.59849506360263538	-0.21307214619187731
-0.51549250899713983	-0.30423715972490573
-0.4182500253116937	-0.3271547006714946
-0.32878854691907777	-0.2887086941062505
-0.28434446794775131	-0.16932872823107145
-0.26941164100835108	-0.009399462206645965
-0.29116436538015161	0.17049007672287608
-0.31879769518569812	0.33052340460598117
-0.32723169587115353	0.42479840614235098
-0.30646563274493899	0.45098294813425011
-0.23056422246288749	0.3782053444052591
-0.12225117642892654	0.24618213859111124
0.015488383584940407	0.068276908750606755
0.14937397202710836	-0.10732313456187448
0.2487144329863647	-0.23280825624866772
0.30275665576952887	-0.29368245188082709
0.28348659870008164	-0.24890727629167556
0.21199589881682601	-0.13030031659674174
0.089476471819032524	0.060757649332640301
-0.052386559951221198	0.27399463893056403
-0.1856848936136184	0.46696819384202687
-0.29789615508360584	0.61480896356298276
-0.36258997670258808	0.67186543518852015
-0.39358203631237459	0.65804163756623291
-0.38900847219915352	0.56331845021637883
-0.36947753537119299	0.43181380821605336
-0.35385339795550008	0.29471313789814585
-0.34550443488204569	0.1807948450155312
-0.35980347069225788	0.1320980215354024
-0.37960132867877217	0.14002603514769435
-0.3987936713474029	0.22123552115159406
-0.39961880560004082	0.34200576868653793
-0.36123572476378712	0.48327618506530651
-0.28677803206882502	0.61772305106705427
-0.16420572114927731	0.71236423860665921
-0.018198614120426167	0.76511438158973155
0.13883635867111938	0.75761943565856826
0.28212052828521722	0.70570330751798716
0.38369066374889038	0.61467961353965639
0.44069352081403435	0.49772518036532176
0.43408086802020768	0.36912589684717606
0.3844744360314441	0.2308681927255449
0.29803188470838182	0.089336171716034696
0.19909719500076575	-0.054377299255004174
0.11150593514123051	-0.20128837299110705
0.04294100314174526	-0.33868588658701065
0.013097746553132214	-0.46058424578716817
0.0097743849914669074	-0.54782289744596557
0.032830903109488649	-0.58047410633814234
0.065777353348028311	-0.55485382444709108
0.093355023342649057	-0.45177918856719518
0.11173019216189335	-0.29781890904022212
0.1085276703369098	-0.098688228002035666
0.094113151115443244	0.10223531313526932
0.071038923148412647	0.2678460272137676
0.050370010757444218	0.37361310933508657
0.044740307488851071	0.37585720543859608
0.051995494319491346	0.29491827585314356
0.078910548197676594	0.11877051885281786
0.11133147475535962	-0.099168133458735166
0.14121327128981753	-0.32425940669919712
0.15700393975338878	-0.51219012943049702
0.14296745330811161	-0.60639784438318134
0.10361089562216394	-0.60899213466907931
0.031982907696798797	-0.48763905621093412
-0.053277209305171165	-0.28910673330654962
-0.14151007327737419	-0.031932883198696534
-0.21572728604923452	0.23152521702478276
-0.25515113492522001	0.44839057175696906
-0.26049018137382784	0.60168461931232209
-0.21894964230371858	0.64776345972788685
-0.15026183869887019	0.61374611222898756
-0.061974058426819356	0.49781092067399141
0.022153382254449173	0.34313601120081355
0.078703887658930008	0.18463900494781882
0.099099008203148375	0.045279760772024696
0.062578369302910899	-0.036559903985193799
-0.017728849725631737	-0.07222824363854477
-0.14388137893690728	-0.050324620620469773
-0.29107586480337383	-0.00071389323639333931
-0.44130182363035292	0.057623545999316177
-0.57623937597368191	0.10343493728104884
-0.67165088234473447	0.10830654142057758
-0.72727913918222298	0.074740904051385448
-0.72978571241943291	-0.011149109928230792
-0.69417665408401807	-0.12860819750093955
-0.62534160649755666	-0.26932822743270446
-0.54029136471155992	-0.40985481947534291
-0.45520801468475636	-0.52812464591795938
-0.37746732601707167	-0.6116564179146553
-0.32131139969961214	-0.63937058543857772
-0.28232332751756534	-0.6149986043216944
-0.26423448751555628	-0.5292550602272984
-0.25684212190637867	-0.40011101363456314
-0.2538878736235804	-0.23459599517888574
-0.2472699185495241	-0.056249180054887937
-0.22748878398546535	0.11455703209379224
-0.19247905860827338	0.26129278397880629
-0.13583021265637144	0.36014640506384338
-0.061078128746353488	0.41259093544915282
0.032914463283225767	0.40571967835849398
0.13853863485982515	0.35886017388502622
0.25227935741914509	0.27963627935820329
0.36299220109790614	0.19025234629290128
0.4622579138846481	0.11315372064624893
0.53838593365961396	0.055241276420942988
0.57869243929646419	0.035526183112295315
0.57773795580348519	0.040122900199589542
0.5229856853437671	0.068148717395203784
0.42304377532655785	0.099606313495166424
0.27472702247938524	0.1161492201355353
0.10087868101049884	0.11194216850860024
-0.085401450932843875	0.07012341285436878
-0.258068208440139	0.0054259156657455853
-0.39029101478598388	-0.079685431142154817
-0.47132630726781766	-0.16526816159595453
-0.47637505200991076	-0.23180443379656299
-0.42077308580636696	-0.27555548360600379
-0.30042414737624884	-0.28076507884370722
-0.14882549706895049	-0.26396778173836294
0.011536344026034838	-0.2300788225406406
0.15172541940994191	-0.19819996500403006
0.23645510660846067	-0.18908740664963716
0.26229088245873255	-0.20269307642528345
0.20589161721974919	-0.2530440948177371
0.091690508151649808	-0.31867108473126399
-0.07484671365492826	-0.39019413703118627
-0.26015877943248772	-0.44537196832110287
-0.43508293583586988	-0.45898289745051563
-0.58095790550742143	-0.43058820854703767
-0.66724843329237338	-0.34338637876340528
-0.70041369923691488	-0.22124414787375024
-0.66944451628920709	-0.072867302693682121
-0.59621073058856566	0.073062820748496543
-0.49252113885256982	0.18834127934291403
-0.37754970229459028	0.26283310751866845
-0.27249564889843964	0.27241142134025109
-0.18309197507037164	0.2308470327916107
-0.12374324717038017	0.13559313217345706
-0.08963398332105775	0.01147570059999831
-0.082933280166455584	-0.1236172253587243
-0.097091968502191345	-0.25141862176950008
-0.12757007163240117	-0.34895525238817354
-0.1705091086755807	-0.4124577175775378
-0.22185986115313333	-0.42797672456109037
-0.27765456516047182	-0.40307871651256277
-0.33486886417409811	-0.33665523923137441
-0.38662331757214824	-0.24078169206395897
-0.42754662317810216	-0.12326299886268136
-0.45009000913243047	0.0041978680908324609
-0.44553008318136145	0.12982007535175394
-0.41201940433110162	0.24603228255732612
-0.34237881089633204	0.3411585935795568
-0.24388007269785694	0.41573184226932308
-0.11723422082753382	0.46373370932701907
0.025055690213115045	0.49314175807610128
0.17378393182375254	0.5077014176910204
0.31834749520896555	0.51409077131918735
0.446703342866063	0.52188494644157313
0.55396583231654173	0.52613823923194747
0.6310195299054997	0.53003938697664155
0.67851077165944207	0.51876019381894256
0.69246915502015594	0.4813822575220037
0.67762946208689412	0.40936493451255745
0.63461514906158334	0.28547774462574121
0.57178979107798944	0.12487179539949353
0.49417214994952852	-0.074653738747747139
0.4124201218391777	-0.278273538622343
0.33660894404235758	-0.46094457940422628
0.27350535497515321	-0.59552080355424863
0.23433840275147039	-0.64356498253787708
0.2157963955732686	-0.6139076045211973
0.2224542085677621	-0.48818908487755303
0.24188118907309247	-0.30954241345063543
0.26666017774292888	-0.10092845693627947
0.28632556975790285	0.095495999848602311
0.28667785721826455	0.23092017812442409
0.27150159001882701	0.3023451930833706
0.23425073657847342	0.2772980560238571
0.19171753342524347	0.19539029984760631
0.15413810516735693	0.070575134120530569
0.13463475598315655	-0.05264545985152401
0.15240791119416577	-0.12717846941648553
0.19945933197906257	-0.14684377904711918
0.28329341440660333	-0.076549202526121102
0.37660267912807627	0.044062060728373653
0.46257867646878442	0.20303035363484048
0.51722871347543931	0.35239723540075213
0.5097528558522284	0.44336089838312859
0.44376437795202561	0.46649178605180336
0.30210106150043975	0.38286315092597906
0.11628945008345271	0.23216475821456814
-0.099022603342922011	0.023430108650278031
-0.31036124516317065	-0.1902987518190741
-0.48145142884715442	-0.35930106860951683
-0.60604888018273462	-0.46457946689680552
-0.65775603550371076	-0.46032423717941356
-0.66075771664212868	-0.37725162890521552
-0.62075714351643208	-0.21384053724108826
-0.56680155820122757	-0.020993315528498677
-0.52839183430016856	0.15968621943572822
-0.50987029714455845	0.30182356285078971
-0.5333783943561613	0.35954033285027071
-0.57501963266724698	0.34974434383418324
-0.62691545746400745	0.26102769152952926
-0.66315350040643939	0.13245915008892417
-0.65485865160140833	-0.0086065598688258929
-0.60304058109449998	-0.13843518201529093
-0.48893072954136962	-0.22105777682883748
-0.34298867521867432	-0.26582367327026957
-0.17855218849149876	-0.26091076184850415
-0.028218133750214893	-0.23386441839756886
0.072473358173198429	-0.20280932752230998
0.11901431623847726	-0.1841854534191891
0.085432132284096976	-0.2034568908122501
0.00058058684186068675	-0.25167593272359279
-0.12781483630896986	-0.33580280438612148
-0.26234185507229518	-0.43357780389146633
-0.36796117577345916	-0.52949923474849914
-0.42982834936887004	-0.6102533059383991
-0.41534498362812466	-0.65534842675448901
-0.3427336144370009	-0.67081629976921109
-0.20764047216734827	-0.65092673858093719
-0.045196081130548203	-0.61047381940520185
0.11931702771590658	-0.56041066266975414
0.26070864393850068	-0.50652994933632134
0.34532762023824209	-0.46109240441837934
0.37327423625406814	-0.41564701618843125
0.32633950124577527	-0.3691651421626862
0.22580007905179517	-0.31164039962350182
0.078054825182699197	-0.23145610126787156
-0.090471826118135076	-0.13241451836809676
-0.25656208237689249	-0.0083898942704493697
-0.40419716277431444	0.12245037454998896
-0.5090599240516851	0.24910080058892453
-0.57282766105356087	0.35620141358772145
-0.58338853166618843	0.42314013784416821
-0.5577928035057802	0.45466780218469804
-0.5021215136045295	0.44119975221666968
-0.43717051160074039	0.40513036189509477
-0.38243110392490143	0.35991950167024633
-0.34789795723265132	0.32278602766369879
-0.35351607892141812	0.31837207672023576
-0.38892575319632294	0.33786767712050297
-0.45885790642566671	0.39055311241033303
-0.53798561951733814	0.44679975363894792
-0.60936247343034511	0.48695321722665164
-0.65257789437963043	0.49037105060603031
-0.64017992891024333	0.42487368855182978
-0.57634629699087359	0.30541808545787541
-0.44575194905826498	0.12152704749680594
-0.27945324025330537	-0.082676545893073411
-0.091349669520359722	-0.27815584736964183
0.082413244114259779	-0.43012995447170721
0.20486309814492262	-0.49063037097729273
0.26458104406521865	-0.4701830308266316
0.22935349969723293	-0.34611811827555117
0.12459226354984927	-0.17005438615529209
-0.049998994700753502	0.029874309447960008
-0.24950947073437513	0.2058830940432122
-0.43935466349462843	0.30018037774246376
-0.58885199351389561	0.31465245065055253
-0.65390288603072499	0.21448151049341005
-0.64017082587023122	0.051988244519754284
-0.52686308220653988	-0.15066966559776612
-0.34924972723116632	-0.33782100540501186
-0.12332134354574258	-0.4483581867390824
0.11387633090595657	-0.47643264905361299
0.32490596936065397	-0.37853913758553381
0.49495175567522481	-0.20654014682206018
0.5931321341366832	0.023170781391400937
0.63020699669133518	0.24769204389249416
0.59925704770243116	0.40417055961732012
0.5224382942061524	0.47606722042510402
0.41355946428806739	0.41078645797931307
0.29074309916326396	0.25364457180332151
0.17383310039468713	0.010215511884220374
0.071474115024333026	-0.2528692415056733
-0.0016057397882838595	-0.47721232990123269
-0.043812972832773779	-0.63253743789379602
-0.047182101586945559	-0.65966850537204336
-0.016100982826689047	-0.58690740797882113
0.052069927485590722	-0.40401047531282502
0.14421390943163051	-0.16743828539518701
0.25508665008251619	0.08149912332807846
0.36371047250779559	0.30759380253292229
0.45314609043361503	0.45859825942019022
0.50603401896126543	0.5443210889691833
0.49853336827253592	0.54540886948081879
0.43314906685207777	0.49710015819109388
0.29524775696827926	0.42025126835901538
0.11240340745171937	0.33865551021647083
-0.10524240490215328	0.28496699797950059
-0.32002586171956021	0.25345963295465357
-0.49785206057163883	0.25658419132932592
-0.61787267682819325	0.2724641626770159
-0.64365925336085739	0.28742821100873212
-0.58785728523527914	0.28931158919933953
-0.43830751205561119	0.25833230526722151
-0.23299574307797524	0.20367075779283225
0.0059288532533356489	0.12140819971084386
0.2431156148986838	0.031060075976985485
0.43862803820394208	-0.052996262860366877
0.58407447956828562	-0.11926528064448166
0.65108196105382898	-0.15000590240282968
0.65965798201762671	-0.14957739403442788
0.61092006486590134	-0.11190425931479667
0.5331651625132644	-0.05054970964189634
0.45054057631665345	0.026902855692065054
0.37661278335531312	0.10858949659431043
0.33563056819081977	0.18211110030109404
0.31969430973311558	0.24148978553311384
0.33475750972655094	0.27702246624605442
0.36350958422947766	0.28748564397121029
0.39367061537721798	0.26749250546969705
0.41610210668321113	0.21982990900773514
0.41574916789996819	0.1425625044259719
0.3980810624455961	0.044470103762242037
0.35937200459318175	-0.071274197383242199
0.31215225153029669	-0.18978559985696625
0.2654175593496152	-0.29959018267648929
0.22604564560891627	-0.38728221572837762
0.20542567369169501	-0.43605016222183024
0.19901906221347684	-0.44463752120650796
0.20978290558247215	-0.40095490408038104
0.22661933980412108	-0.32068943700772062
0.2420144682757491	-0.20739671564917866
0.2481734832299109	-0.085381942913582268
0.23422449201650913	0.025430237493721402
0.20188485268082582	0.10834255230164076
0.14623870388809418	0.13884740919036995
0.076313811128362913	0.12045112160070477
-0.0037681777084511738	0.040922296474728379
-0.084204771156718899	-0.077033539011227101
-0.15529644895968892	-0.22405920123583883
-0.21261264960081089	-0.37234105259199585
-0.24732474564861878	-0.49581777546400885
-0.26292741459110852	-0.57987522625628962
-0.25700533732782377	-0.59839603463469648
-0.23845987619265493	-0.55982856319920071
-0.21242716368683964	-0.4549282560721688
-0.18778757020788051	-0.3106564983522731
-0.17407005977857887	-0.14122216330619231
-0.17446498402427624	0.024361769447726018
-0.19703052279223926	0.15667224376798566
-0.23669215543949407	0.24273061595735385
-0.29428266832592065	0.25577043477516315
-0.36013832029022352	0.20773206671022143
-0.42734597926281731	0.091884945663158413
-0.48848660432845215	-0.062524581842158269
-0.53354388793361041	-0.23767042728146046
-0.56339649792351021	-0.40602238275531988
-0.57283127073559292	-0.53674279872477237
-0.57010739303967284	-0.6219279115841575
-0.55917223294907903	-0.63844746016746157
-0.5477480825707095	-0.60114328761678093
-0.54512622367799646	-0.50881354905075005
-0.55054705538466675	-0.38645904737374076
-0.56977998509723571	-0.25291991135065833
-0.5925292697107698	-0.12547631851853697
-0.61417290831962612	-0.02759173338896791
-0.62345908173244757	0.040443576196814393
-0.60814934873401305	0.066258083505521731
-0.56658157449027247	0.062632100701724161
-0.48930467164598418	0.033335738042608594
-0.38744705654950123	-0.0069719254829637292
-0.26343258520921331	-0.045192726902316085
-0.13392385128976894	-0.072873807909708016
-0.013006459573692933	-0.077455553051810344
0.089164767284254112	-0.058160070798712396
0.15661353246717435	-0.0083146890493961643
0.19271865367895472	0.066955865936145609
0.19131781933417735	0.16828577616195697
0.16505812048385865	0.28507098893694544
0.12080670866700551	0.41161786765298641
0.069741090834228428	0.53382934606522026
0.024915680042687748	0.63948960860935455
-0.012433090488259028	0.71726126663556278
-0.034018072740725207	0.75155263411394091
-0.047936998053138079	0.74291078762042917
-0.056637131016829857	0.68171751059510166
-0.068782723855199082	0.58287699641565294
-0.093671842595986973	0.45134384284153373
-0.13185031041749784	0.3073486201675491
-0.18990692035572784	0.16964996702511448
-0.25901082886534282	0.047618276163848831
-0.33643779870163049	-0.040134114444992958
-0.4104568039987217	-0.1025744018349031
-0.47044836711606286	-0.13641157251110572
-0.51035360613299485	-0.15980792008715011
-0.51923186649976294	-0.18708615832093953
-0.50110898846310015	-0.22647401328463593
-0.45250938480565334	-0.29516792933827524
-0.38499668336992604	-0.38058446537613866
-0.30488819416874741	-0.48391397127764102
-0.2244472834737874	-0.58103151844741807
-0.15568934488574351	-0.65306070416630868
-0.10567560643036229	-0.68544630068511803
-0.085971989300662965	-0.65419473581797138
-0.095079807595524743	-0.56874464015574688
-0.13882015647541313	-0.42109767407639809
-0.20679961394858862	-0.23957117603282507
-0.29607202795483895	-0.040821501496112016
-0.39011668386004766	0.14816674021034107
-0.47655784344853797	0.29760417581917775
-0.54001442540477806	0.39924874169118307
-0.56258069452827419	0.4304367092449779
-0.53945487425823535	0.4046437000396983
-0.45546830727056109	0.31940316228733628
-0.32381590065468702	0.19987788744794507
-0.14302086689840104	0.062935290064243463
0.058070367517453265	-0.069005050899772935
0.26088373548271104	-0.17102240844825692
0.43607894639754807	-0.23375281213404459
0.55100111022140785	-0.23669363205277413
0.59701995816632236	-0.18834011958019159
0.54707260338496277	-0.082710837519013161
0.42380201001485535	0.057266778316033551
0.22670687799714948	0.21914495479570212
-0.0018428869263521007	0.37746614106083282
-0.2308408603770582	0.5062088415155912
-0.42669789832418459	0.5946171172407555
-0.54533477652928619	0.61852387397034192
-0.58721531123675408	0.59214108214880057
-0.52644482749966059	0.51135809622762507
-0.39801957465351734	0.40697566991970091
-0.21393324567656891	0.30110585783997246
-0.017298834693687801	0.21570411173375623
0.15105912693412982	0.18295241047924574
0.27228155793701059	0.19428322729275477
0.30795350886332196	0.26360006610661579
0.27591805289734533	0.35567181365096623
0.16885083847772042	0.45006521497318402
0.023839190389740535	0.51629019905388085
-0.13292954229745202	0.51532054384342674
-0.27607978399676464	0.4523314474799246
-0.37028008252850636	0.3056849720369148
-0.41921071860133013	0.11679430365845468
-0.40688727112749051	-0.094277607376203665
-0.35697239331649172	-0.28511799139910476
-0.28128754670013784	-0.40809319074619071
-0.19937188522378452	-0.45880291912651661
-0.13428487783384158	-0.40388345129591802
-0.087287041058950465	-0.28259144644999601
-0.070898700212517304	-0.10722431423935444
-0.074399897886658004	0.074703921945179386
-0.093550245458755496	0.21564086876142033
-0.12143136188641461	0.30340422641283771
-0.14849588952133277	0.29889400584928866
-0.17839036955861509	0.23531088148942481
-0.21007193951528358	0.11769139079193079
-0.24806145277728467	-0.0085720444134343449
-0.29911008689818591	-0.1008404718100826
-0.35548400689214615	-0.14581694539981638
-0.41788435894176812	-0.10562415345876813
-0.4677573770952877	-0.011364240847359831
-0.49042656042239274	0.13338269158091348
-0.47496126004132888	0.28392782352913853
-0.40093643894080594	0.39929909373507405
-0.28215876057911843	0.46476612424120894
-0.11431310954525026	0.442326403962498
0.068660214564157079	0.36082427101930192
0.24385643141371907	0.22186608571851368
0.38248409863068095	0.069163270415491238
0.44761522258491881	-0.058764628089042356
0.44075467671315555	-0.14473562282428948
0.34029806324460393	-0.15053832034324199
0.17864520217167038	-0.10074139327380857
-0.031754019901812126	0.00667738502518107
-0.25265420058091087	0.13015671019349831
-0.44675360886800064	0.23516559695296538
-0.59877134396732579	0.30263531469860011
-0.67588950190709407	0.29565129448372213
-0.6934173612177903	0.23322006605524795
-0.64669656165704081	0.10981292192224014
-0.56281211557162714	-0.03787899514842008
-0.46285509542256592	-0.18162134627281679
-0.3601489606247763	-0.30157242729299155
-0.27784550406537739	-0.36424181761426594
-0.20755079778878641	-0.38234132766288353
-0.15376426174774535	-0.34798285874084384
-0.10095764510439943	-0.28947571762620083
-0.035867356387343105	-0.22767549154271535
0.043801162550029089	-0.17705524045526622
0.15023236845848495	-0.16296599241750725
0.26702015699694304	-0.17362943038687356
0.38870886917623604	-0.21347045860748542
0.49463162569138924	-0.25923044127294104
0.56381958070548699	-0.29227890495414666
0.59172297482518443	-0.30315626676329793
0.56107743676386657	-0.2718174938727792
0.48905795636442845	-0.21138846267293024
0.37863720060166617	-0.12187512315509902
0.2551577667932623	-0.022592221688645858
0.14037280024195103	0.068262726590787054
0.048023323967374638	0.14733207799069728
0.0012733255065425471	0.20003999944692635
-0.006392943389912204	0.24184354393880012
0.032315656467043444	0.27909758650107597
0.099142450299218851	0.32453282790330101
0.18311664191662766	0.39701768007398225
0.26967173474369005	0.48449388457099712
0.34148704249326001	0.59222195691436785
0.39585433811004961	0.68711398714616689
0.42283760218174232	0.74493678542082631
0.42679952549227784	0.74438670692128939
0.40785668734770253	0.64929039947998801
0.36881140276938068	0.48002379530288836
0.31265441793144499	0.22627269647564363
0.23893701868163683	-0.056065858808375009
0.14719069875723198	-0.32989816602041377
0.040465580663759708	-0.54912842208096813
-0.08248145404337795	-0.65255784199638645
-0.20923918877652356	-0.64840166698035584
-0.33328281519822306	-0.50391527308861539
-0.4381962270024643	-0.28077947080135757
-0.50742349422527955	-0.0084508064267406618
-0.5348592795030821	0.24914255146339281
-0.5040731491412126	0.4212959147539147
-0.42948446216892261	0.49888229576652332
-0.31067115988626037	0.43111441214483448
-0.17572706178617697	0.27226845980796677
-0.045940586792082828	0.037558593244274185
0.058694122087352064	-0.2066163456103334
0.10890623770585214	-0.39397489737375074
0.11123739355282365	-0.50895075989620997
0.052534434171236447	-0.49749756651529214
-0.037389100745876022	-0.40877405138684486
-0.14298151507302942	-0.2529177659056554
-0.23461043356460667	-0.092945891692486446
-0.27885809462972616	0.0084500722318025488
-0.27152896117869701	0.040155526672714957
-0.18872450747888175	-0.048152497644114722
-0.056135937868238728	-0.20154038949993935
0.12015323569671374	-0.40434062197316789
0.30521846180429335	-0.58907791144669774
0.46770888526937537	-0.68644310517220575
0.59081990545576868	-0.68627028362176246
0.64307446399176571	-0.53486145057940604
0.63713907889879118	-0.2935036833609096
0.56574328541478613	0.019498533422720045
0.45722097351849433	0.32889541787314563
0.33057396160927632	0.55853081485188616
0.20652799966322249	0.69281935946836615
0.11217038657809665	0.67097663399022467
0.047418293988239074	0.55244364180433858
0.025697780235599425	0.35154505013718934
0.033569484095113386	0.14284544973760099
0.065661573341869256	0.0011083732636162618
0.11119751931735876	-0.059938337785939912
0.15776668618729134	0.019261083648461658
0.2048995632541023	0.17598639354275106
0.24672777747728092	0.39276098407133525
0.28703728005137458	0.59340971369831275
0.32872772193369137	0.69951927903118993
0.36858963079543905	0.70032755781414946
0.40815778720238688	0.53542140551874717
0.43609908342815862	0.27534058557036867
0.44443563848716305	-0.058359954326265284
0.42463655272281337	-0.37913891153760471
0.36365941717048927	-0.59968370879169874
0.26706087876869983	-0.70075322229902937
0.12959848204647703	-0.61141924365616396
-0.02937287473236801	-0.39943044943289535
-0.19869843583204139	-0.07820461004602268
-0.35902022913945941	0.2601937644489048
-0.48899034213067932	0.52992281878147962
-0.58342384030248451	0.69889681817947724
-0.62635648666318255	0.68899703381866551
-0.62877827615425785	0.55248059258465931
-0.59130609068306639	0.28833066517465422
-0.52909503236030109	-0.021749608670322877
-0.4553608820002838	-0.30772219080304841
-0.37653848539948359	-0.53560860574491753
-0.3051207820504841	-0.6355111775968082
-0.23614927167926336	-0.64514946947304785
-0.17118053909074507	-0.55846505888273013
-0.10316226854067634	-0.43689422674243256
-0.025275345798094505	-0.33371875501639747
0.061623248871947554	-0.26734371807072504
0.16228068305729249	-0.2876034806704395
0.26670362743021636	-0.35349195358301061
0.37010072142328221	-0.45826221193183969
0.46161322634347191	-0.54897112741415599
0.52987734610247528	-0.57235106841112149
0.57161689231873103	-0.52262861999433918
0.57793169922990129	-0.35924193294017348
0.55432990289000572	-0.13328867851550261
0.5007028271279057	0.13697567910427294
0.42500074285673778	0.39358636786835555
0.33351038560011975	0.57519187288220786
0.23111368535546817	0.67369695850164846
0.12419172890514546	0.64436229950118873
0.014533781417931293	0.53576864973021221
-0.094670250552224972	0.36315175242570624
-0.20124120437847018	0.18180731419937043
-0.30351183214119637	0.049542906875994247
-0.39675648316471862	-0.025941321946704558
-0.47722081730338434	-0.0029426806819982561
-0.54032365504748869	0.074338770527872508
-0.58037839344311359	0.19178722826161099
-0.59694696267724601	0.30085261394311319
-0.58628712237394409	0.34900092295151097
-0.55262478126807713	0.33406812999980012
-0.49676493079752398	0.22087922630552873
-0.42522808247731436	0.05593315773417163
-0.34257400317549208	-0.14207099529664094
-0.25548991827089418	-0.32490864522582669
-0.17019250819161963	-0.43876216215951436
-0.092653174657926898	-0.48171159267844088
-0.029499078226303595	-0.4184166651406846
0.015020377183838573	-0.29532070432035029
0.03409791821028877	-0.13058461665616602
0.028779992624956782	0.026284614487658901
-0.0053946959022991223	0.1214705108452563
-0.058710188427535254	0.14974065068287482
-0.12784961830243791	0.073535901821324745
-0.19807700497025893	-0.063980082668946947
-0.25647078434569803	-0.24938867350663052
-0.29427084036609819	-0.43101393150350403
-0.2958956978396251	-0.55753559667514208
-0.26888787006851034	-0.61446800212884523
-0.20843127992776644	-0.5593007969602698
-0.1360202235072161	-0.42478777321992278
-0.065553539507909361	-0.21315945578739701
-0.015001522971176656	0.026524704728908537
-0.0081883967175760044	0.25300024465175991
-0.041451216110474857	0.44065167830806878
-0.12750245537617402	0.54557681298492278
-0.24104008074643149	0.58137130612456056
-0.36939432962185564	0.535151317163027
-0.48738086272219622	0.44245314740599112
-0.56580066043825084	0.32518551980732041
-0.60402800115748412	0.21134732885846352
-0.58303748071603911	0.13538370815876755
-0.52882912715867891	0.099864663338403922
-0.45173413464177126	0.12537677358064775
-0.37973360066664547	0.19231545182553514
-0.34423314905739427	0.29647704993240331
-0.34529039500209507	0.41224533032662414
-0.40414857602990917	0.51805964867639176
-0.48865644894167715	0.5975495771125775
-0.58565568039659577	0.62683803029138918
-0.65941077834875761	0.60688433630501104
-0.67103850492185835	0.52469382933009279
-0.61682376426628549	0.3982514057694474
-0.46816911768919661	0.23279666693138812
-0.26083835584397547	0.053570832276063574
-0.0056900836006173044	-0.11831108281145898
0.25115758038355501	-0.26523086479762165
0.46558465031138652	-0.36164043411159663
0.62073812273237849	-0.41021437348012652
0.67689089014840453	-0.39796318162708866
0.65854527890519221	-0.34633103099025098
0.56376835397866032	-0.26471017794255941
0.43213879198010885	-0.17626686940235742
0.29682499361496317	-0.10574109201203373
0.17512485157676705	-0.057803882972398558
0.1010643568287921	-0.051507873354470282
0.057627615267280559	-0.068448268190013248
0.048203140367062622	-0.10445887668869666
0.045603700355646454	-0.13587651738782425
0.025384573081169145	-0.13892341570201608
-0.017293256843425905	-0.10977716020899241
-0.10384618550167757	-0.02873938396320325
-0.20898679295600198	0.080339821050920357
-0.32453107762567768	0.210950236906434
-0.4205851805236564	0.33077060837642774
-0.46584265365486532	0.40905524618809364
-0.4563572624626569	0.43456723455218133
-0.36872372966913741	0.3782947138281938
-0.23001273544297238	0.26281682629706293
-0.048575241516195564	0.087891108068655285
0.14283487407919088	-0.10702948198433021
0.31193569365634738	-0.2907013743363796
0.44896037444775239	-0.43873886483607166
0.52758723657723938	-0.51347364681120578
0.56519887368390376	-0.52350995829860647
0.56305780273162231	-0.45462932294029529
0.54320257386988358	-0.33763157724848025
0.52717507117665696	-0.18987468916148517
0.51772780983037758	-0.037465788042983957
0.530769784487093	0.08891477777024144
0.54837344079193573	0.18562869725919151
0.56408860864304033	0.23424867152831891
0.5593921299374488	0.24846131587048534
0.51319145396435362	0.23146085250450085
0.42674458844543672	0.19629716175697368
0.28719816222870093	0.15650474876446316
0.11579376122437571	0.11382396131592608
-0.078582567075139803	0.075781148805087448
-0.27171757856835249	0.03855281155420226
-0.43979659166148266	-3.7524865356417317e-05
-0.57273787133899079	-0.037404586807217755
-0.65012501996286098	-0.075253821274586796
-0.67914734380674158	-0.10288954074736287
-0.65506917882237714	-0.11259432969374374
-0.59324903833746345	-0.097138819152039146
-0.50324626858530142	-0.043969293216985068
-0.39772270680081795	0.038658622812499377
-0.29083677947954573	0.15361631744995344
-0.18765806507296853	0.28007646516326606
-0.09874480791164858	0.40349546444233314
-0.021789436853883098	0.50789353173467278
0.039480172034184399	0.57110796447747991
0.092612116045530768	0.59714391819161972
0.14134015704680256	0.57563447802826295
0.19337942525084714	0.52753315253368704
0.25773568522536794	0.46410358918791439
0.3342707957724434	0.40404845634088071
0.43030391141548296	0.37004824628592581
0.53246890955819726	0.36143313467285909
0.63661450378517526	0.39125363151832437
0.72241534007719155	0.44102922601515804
0.77124411469342891	0.50233993421130863
0.77385539038325257	0.55805468555808346
0.70923656858196149	0.58783796268915023
0.59406182949093578	0.59288312210537653
0.42584383764349809	0.56163874432310201
0.24105454147912014	0.51200363992958031
0.066017825526733159	0.45287145103279092
-0.071309453948718002	0.39970626358689559
-0.13185224935651851	0.37217910349386879
-0.12264125014504701	0.36656279301825184
-0.024209545296302936	0.39228090347948152
0.12302511138129073	0.42955221361484619
0.2990269518548061	0.46696910660381963
0.4621169298157583	0.48883434043928281
0.56634558976073257	0.47346975111939904
0.60448839124158982	0.42741048780779539
0.54295622953422884	0.34152706872889493
0.41489334196312166	0.24113522269847412
0.22752331262488862	0.1412998662541467
0.025018996478984104	0.063643954454823154
-0.15162653647660779	0.036065842534922524
-0.28565034726085609	0.054804246505532526
-0.33923736069608201	0.13517398225629065
-0.33455091537424481	0.24784510538596674
-0.26872437323967491	0.37960825985894803
-0.17903258905757971	0.49741649646801972
-0.095899360302496447	0.5674478958282716
-0.037011220790767074	0.57881801243717634
-0.035393592444640687	0.50262662742303776
-0.075453608420933224	0.35909914150845157
-0.16310247266609582	0.14647568566085931
-0.26685339473347197	-0.098188149725973325
-0.36351062455786637	-0.3479815594162583
-0.43411224494134659	-0.57423005696862095
-0.44962985773768044	-0.7405130388670409
-0.4170671557265711	-0.84315805109966746
-0.3263262887508348	-0.85986348815085922
-0.19968348747490092	-0.81009620101596713
-0.049952275964634446	-0.69674681179552966
0.10457707614145509	-0.54724240165834248
0.24260126085622091	-0.38383382152520579
0.36034586915970962	-0.224940384240645
0.44459809228373948	-0.095978708080072195
0.50236982148584919	0.0017922723283726974
0.53329243290235917	0.054194464939169643
0.54629466312874231	0.074568723729047048
0.54846259913119089	0.065915878487600332
0.5449555659338694	0.045077909730708458
0.54341382444669006	0.027196769521030832
0.54348065397860179	0.020373373007821653
0.54937443446214362	0.040232992762870221
0.55501012493645674	0.079344508581230627
0.55902470587893494	0.14172368897979173
0.55147049290736005	0.20865514036483859
0.52400097184959959	0.26815877332314253
0.47044961255279094	0.30404444383013379
0.37928212535738787	0.29578412690504458
0.25825527461130932	0.24441137600324078
0.10327073066402614	0.13688257757453659
-0.061640514148662826	-0.0050987923451811861
-0.22241764693708249	-0.17415772793917775
-0.35324845901339086	-0.34035243210018312
-0.42545728853113363	-0.47720521995861742
-0.43357368207647246	-0.56694874898467562
-0.35457840867245149	-0.58047265353891075
-0.21244213916196886	-0.52532831808066727
-0.010969643808422587	-0.3896824892358931
0.21236060662664275	-0.20257871486532955
0.42622590430617918	0.021626406311413798
0.60835419019329884	0.25070528024499383
0.7234548547189481	0.45324490380173049
0.7792608416425757	0.61244490551502517
0.76372537851705979	0.69916090633125205
0.70089700439306013	0.71901192587781293
0.60647635134381395	0.66088002559143166
0.49346036785446695	0.54583170099051581
0.38274952626834297	0.38312784209784512
0.26633388708414624	0.19706732683702727
0.14653507777877067	0.0092944291717083662
0.013258869760971122	-0.16296614899544595
-0.14736184392236198	-0.29698991777263484
-0.32168680070874167	-0.38763196716361775
-0.51293598605264745	-0.41969132354386951
-0.68439576285628967	-0.40061168790644341
-0.80891177489696497	-0.32719031432053197
-0.86102616500389451	-0.21616556993319258
-0.79913268574782126	-0.076822377188003596
-0.64452215168147631	0.071681675735405501
-0.38382040348646834	0.21108033312126978
-0.079416115346907734	0.32941467513441719
0.22869096933334923	0.40810337633089
0.48670821753193122	0.44874739782128042
0.62574233540380131	0.44214363902072623
0.65109556201309937	0.40212295957163358
0.52341373131998092	0.33378544698776741
0.30777276479136034	0.25412031707018901
0.033125941228690586	0.17841409289702498
-0.23151297741148916	0.11687494015084482
-0.41109907822339797	0.085130882953447951
-0.49477253525330817	0.082208869065271195
-0.42756221770954611	0.11536904881830154
-0.26675712720016903	0.17553983861968808
-0.027006565696036582	0.26011334916699058
0.2187414986829323	0.35695864792096399
0.39993199073493596	0.4568581316962172
0.49473692973476274	0.54846392312874892
0.44208972919960271	0.62008920634564479
0.28915113120044877	0.66353319368825336
0.038985421186327002	0.66710563886214658
-0.23718461745967129	0.62958810190173975
-0.47769923356907917	0.54266512670900069
-0.6508050450489975	0.4159375153868442
-0.6940249292668359	0.24994504491950092
-0.63787035667320069	0.063555334564991156
-0.47277633711450434	-0.13006636504895985
-0.25649512977073791	-0.31327317104723651
-0.032981804655123514	-0.46555681619870182
0.16593706088561963	-0.58233620294369448
0.28868130518864216	-0.64860761096869068
0.35055661118911247	-0.67513064130414158
0.33757155178413456	-0.66265399337569786
0.28603729542505146	-0.62620665168423684
0.2219422528491542	-0.57945066540023105
0.16226327009570254	-0.52723553994054428
0.13754098421450983	-0.48194625270714958
0.13307243291120671	-0.43463843691519155
0.15203455894691509	-0.38400006394438735
0.17132828420497451	-0.319519096702991
0.16930977556719559	-0.2290340609185248
0.14479024079928735	-0.11618123951290102
0.081417289006907964	0.025895296111010328
0.0030378830520205553	0.17788038566856035
-0.079886190835247464	0.32890602103483085
-0.14355179365373089	0.46048667432775975
-0.16025147363000833	0.55022963736437069
-0.13123638285072109	0.59898844292248865
-0.039850444016469519	0.59312346182091968
0.087892106488044547	0.55372147175374287
0.24041514101283498	0.49035527417522323
0.39106041065315439	0.42392716862360907
0.510972331506515	0.3788014394432706
0.59516678091615249	0.35416493367010804
0.62363978784279195	0.36509214631985376
0.61259531353147734	0.38828441779738221
0.56546275981198235	0.41276327374088306
0.5005618338908423	0.41664265346614326
0.436170282869426	0.37264322013247864
0.37584338889300661	0.28596632784749115
0.33277377107668682	0.14156031418776782
0.29632716561234551	-0.027095108094330685
0.2639700905260155	-0.20304206236272182
0.22459281943033724	-0.3517667026919844
0.16604474208157452	-0.43463496744002361
0.088915028074890379	-0.44704962712077717
-0.014296072985015139	-0.36104682067284061
-0.13147241137048934	-0.20809238118014609
-0.25790475604084906	0.0035412094357771956
-0.37887210133048566	0.2322377587491242
-0.48078697208444954	0.43957472034826883
-0.55553954573008058	0.60769867426914503
-0.58945226880121804	0.70028859199989024
-0.58564085882341366	0.73432475277226761
-0.53805788860257109	0.70415557982718313
-0.46051523883147288	0.64135561262534568
-0.35858269756323607	0.57073662862154806
-0.25093911552276138	0.50693533707444316
-0.15357801626862	0.4775138581921019
-0.080125169352917108	0.46850773658106321
-0.05035171459155479	0.48344660236581594
-0.061815064751713465	0.49741031920058121
-0.12587558450291672	0.48928946695053194
-0.22089555795403717	0.45118152710730186
-0.33857372622472598	0.36190160446641251
-0.45026108295217127	0.24018740898137292
-0.52902286933797105	0.088446591026938665
-0.5614150838085471	-0.065515565865108386
-0.51978265727614914	-0.19633399156585762
-0.41982403348489222	-0.29428039549193974
-0.25564097546171444	-0.33549366598838204
-0.064368456270394947	-0.3370071961410841
0.12916146483231597	-0.29944582251799828
0.29393828339839367	-0.24817410301799303
0.39085519015348319	-0.20644038163230283
0.41936904031982475	-0.1812181366517816
0.35548208267122455	-0.19320319774012457
0.23045132727862916	-0.22447685477004253
0.054453913581866416	-0.27156931421972508
-0.13326829775190183	-0.31182965593643081
-0.29615656581107314	-0.32188519392601739
-0.41598439188914138	-0.30043143219087781
-0.4576182004590193	-0.23027298097611151
-0.43522048107084693	-0.13570983555945729
-0.34017991725610008	-0.026693666233032622
-0.20568435154368367	0.070925941801199349
-0.052870256778810534	0.12775244263626201
0.090719574455967525	0.14447504809507844
0.19206194638324653	0.10227081276942569
0.24646159574237017	0.030279662445765257
0.23220318854763175	-0.058381304685318117
0.16732374119677892	-0.13446655124441717
0.05332904754863866	-0.16362201220167996
-0.081902558765733477	-0.1480561723178557
-0.21704714341337902	-0.066921453443650608
-0.33093571464117966	0.044968020720658253
-0.39627668824484669	0.17117596465347659
-0.41011390724493285	0.27741644196804993
-0.35455084164710648	0.32316644821975393
-0.24711702629173143	0.31070090206060363
-0.089846764938458043	0.21516389956491225
0.088670779164905927	0.077424904021160632
0.26647240942418876	-0.083954239786522819
0.42164592211883228	-0.2269065802707676
0.52512583395212642	-0.30381458087245988
0.57640878705835508	-0.31276815172270095
0.55824370421036973	-0.22165535620020582
0.49180826019575652	-0.073464198003018913
0.38390982178743838	0.11589679780224221
0.26040823580225508	0.29730113194258201
0.14641108948559972	0.41941918929887601
0.05098252832473478	0.47295179234289353
-0.0040171693336446528	0.41826917539916619
-0.031868814822443484	0.29503348779028282
-0.032076927299914113	0.11223093121746658
-0.024110104943318968	-0.077740417130654382
-0.02648264663160993	-0.2254015807001781
-0.041561969417970933	-0.31300905588570288
-0.084705424252496206	-0.29619994638611785
-0.13545750832340672	-0.20535345373464847
-0.18601780886253536	-0.040071015486566483
-0.21377840668914069	0.15167697272537747
-0.19275072781735511	0.32951651531857457
-0.12527632389438989	0.47105697458732765
0.0061002941959932486	0.53448889283557244
0.1679765781493131	0.53769473445180049
0.34578042270250586	0.47352579606039064
0.50047598784755776	0.37526612325761821
0.59147339610615701	0.26947796760842363
0.60886265462613498	0.16917800783119072
0.51900829717424313	0.10162177191924238
0.35249686641540912	0.050654963612701456
0.11278721549389395	0.015965055163240233
-0.15237305326155096	-0.022717730970466716
-0.40324494828163671	-0.08757216680708145
-0.6123437841437146	-0.1731837966629218
-0.73544209133369409	-0.29211705655050091
-0.78302923055661222	-0.41261404339989477
-0.74011918029853374	-0.51626596336120711
-0.63891061770228486	-0.57558992478686799
-0.49854750334214892	-0.55387280651370008
-0.34320796540981852	-0.46039650323862846
-0.20308672672167657	-0.2769083053172422
-0.079277963977934851	-0.049298904610372833
0.013654597451759195	0.19822618177576412
0.085924880759330399	0.41886413922173071
0.14243460788907197	0.5606636566985056
0.18455665721423128	0.61486470632862322
0.21906289389265021	0.54314201053425004
0.23465807951483819	0.38224000738746799
0.22454668047064513	0.13866141837600632
0.1820014475198915	-0.13519388432491139
0.092941762512197643	-0.39403874220099999
-0.027367801431986066	-0.61003229278171456
-0.17914824065097257	-0.73610885137552939
-0.33002346491885187	-0.78465572613110179
-0.45525812485233574	-0.74085382880438211
-0.53215099426187218	-0.63925666388196623
-0.52606462448658098	-0.50098235531739266
-0.44807233355715859	-0.35151795646578232
-0.28410298574969228	-0.22306539212651919
-0.074952493667129735	-0.11659817192035178
0.15650042980674544	-0.048602784826643035
0.37057532123835413	-0.0047422175689335686
0.52217920205725166	0.020658532103110576
0.60467090479025143	0.037099008288502662
0.58620195423315624	0.057206244954190952
0.49730129500855258	0.077272774746704437
0.34415321211783717	0.10057503884204354
0.16794320922038328	0.11878834561874219
0.0056220628307763251	0.12445045745821487
-0.1239217606152225	0.11825045352782038
-0.18445950479873005	0.094546830161287926
-0.19106126285452682	0.064869098240920645
-0.13628485835886633	0.035568559131001452
-0.051438343668446039	0.016538337719320131
0.041147165378912567	0.02100557720828395
0.12198303565032836	0.045319524018323357
0.16254712749625411	0.095581885767857339
0.16760884462886674	0.15576242206532756
0.12629955094788176	0.21638194691952675
0.057011226241136408	0.26388900474782068
-0.029375623961068832	0.28078836726936329
-0.12119521298640806	0.26943216658758268
-0.20194371701163075	0.22090385236686028
-0.27525474195921029	0.15151424364349
-0.33653034015211608	0.069496206761438223
-0.39396134856560955	-0.0098329505379312499
-0.45493473564166431	-0.068559502743465936
-0.51726415930311254	-0.10623983682056538
-0.58613357171547209	-0.1117978688021443
-0.64681905859265998	-0.099217285974504729
-0.69046509255781285	-0.074008141681147679
-0.70465046504878925	-0.050515253783390772
-0.67189364033476662	-0.044435688338313198
-0.5985200725449249	-0.057222754102131242
-0.47685346429008763	-0.099479791887586808
-0.33141753439450272	-0.15945377158218219
-0.17627092351174062	-0.23324373277941501
-0.035132568764657465	-0.30789680717404111
0.064427465199818137	-0.37010805200842073
0.11990392030033269	-0.41703273023323811
0.11291675355705959	-0.43876333983733523
0.063520255018489444	-0.44318323294859929
-0.022264859742458822	-0.43200479733361707
-0.12071791027889696	-0.41383342406513202
-0.20801356103998148	-0.39781616289962979
-0.27844506176465922	-0.3840404255524702
-0.31348467507105804	-0.37827383635540024
-0.32777002677079164	-0.37262280721574342
-0.32410273728162353	-0.36331282634139161
-0.31946308540323193	-0.34375428916238737
-0.33186889805796749	-0.30490428704210187
-0.36100915129557626	-0.25034822038844101
-0.41887108612985813	-0.17624068169600804
-0.48657773459100229	-0.095831186068082094
-0.55542399861748448	-0.016734033608292554
-0.60688150949824415	0.047990538189808314
-0.61890174671365239	0.083381658511873569
-0.59334006762788782	0.087526927216657849
-0.51713525528666227	0.049576682717671204
-0.41298851212574583	-0.018618161463699531
-0.29126842547611359	-0.11506725265177864
-0.17591162369786179	-0.22103856989592277
-0.09339454689842	-0.32177482452783601
-0.046466347166763552	-0.40336146702480058
-0.053875469229876911	-0.44726789563173153
-0.094100475281162041	-0.45258497837743389
-0.16093280740949936	-0.40801860587441763
-0.22718227065543792	-0.32619310861648326
-0.26647925020284408	-0.209545098927681
-0.27015344771064642	-0.0773436219297714
-0.21504398960968443	0.055672428700419718
-0.11825298676809216	0.17347598630403793
0.020506927332029287	0.25664834978201695
0.17222819410174164	0.30062552877816645
0.3140967202797833	0.29158915665687007
0.42781947640102302	0.23788366115733925
0.48621901514990651	0.13781260905942516
0.49313449681644167	0.0076802166055921226
0.43692254797102981	-0.14201832416610066
0.33685332245693556	-0.29555237386258665
0.20213751299780827	-0.43637599276650796
0.051310129522894418	-0.55643988981267922
-0.096554873186461262	-0.64183989956586296
-0.23386363696290458	-0.69359470541885859
-0.34632489388623366	-0.7057650477618187
-0.43495691843364676	-0.68532059016744629
-0.49578499208677834	-0.63428824830173036
-0.52949682591211766	-0.56155700627496752
-0.53621205912283265	-0.47408758908506737
-0.51366018876052111	-0.37969168973518114
-0.45938035078244471	-0.28670408088495969
-0.37406326765477804	-0.20051624856281391
-0.25389487884410078	-0.12879330867027941
-0.10992866930645927	-0.073049144247633965
0.054519474613253113	-0.038346991118133548
0.22005081761499767	-0.021703906834379089
0.37093217782727356	-0.023789577630734235
0.4928510086195737	-0.03870935328516683
0.56492600699895912	-0.062862930633655306
0.5911302601812245	-0.090036954736531533
0.56144223778976543	-0.11402316722244643
0.49696448960884043	-0.13120597522242128
0.40828100020996355	-0.13614684445392494
0.316925934854765	-0.1281063407862657
0.24692025993789685	-0.10417008481615334
0.20138755663180752	-0.065424378078851847
0.19746528999793611	-0.010893492015480861
0.21713277476396248	0.056150862494816572
0.25520243386933505	0.13503520781163514
0.29031240774018696	0.21894057277764206
0.30014119642851611	0.30426080981413373
0.2823801439961765	0.38068397054481729
0.22021458572920877	0.43915727710793068
0.13484104800705027	0.47229707038117719
0.033200192508645157	0.4682916783205498
-0.058755051378485933	0.43137236182941802
-0.11443885903652788	0.35586384027796486
-0.12880925447741992	0.25967406622174316
-0.080649721702428664	0.15174479164103211
0.0081019438742432233	0.053299337631835177
0.13211871503478004	-0.013778897215890698
0.2627848031887543	-0.042528393403726682
0.3725392271546995	-0.012984093808830952
0.45289053748791747	0.057726787285484492
0.47999379890094357	0.16953641436328132
0.47234848774061183	0.29123170824528033
0.43238232072893906	0.39863281822066249
0.38446564145291195	0.47057222336810928
0.35261542363258513	0.47503575215694344
0.34031949359077163	0.42038350570442273
0.36623482484775555	0.29301585044861467
0.40887094953117858	0.12679781889641273
0.46047147463117039	-0.060514390730151121
0.49849114908055125	-0.23419390913842425
0.49652407188499936	-0.35662098768971101
0.4583957998160707	-0.41871806620010865
0.36916942447616058	-0.39132168362770048
0.25872644037843023	-0.2970697939078335
0.14306845571901203	-0.13693166501773185
0.048898221051387768	0.05325010621015324
0.010105617946935179	0.24492723128770588
0.021130861548098866	0.41524751720469633
0.099793088663614804	0.53052017222977632
0.20984541586598662	0.59471270403818566
0.33209149079103445	0.59272207713667779
0.43319885705754491	0.54806912929936469
0.47256568151597972	0.47157263316499709
0.45280374210713298	0.38623574864641219
0.35023992995599879	0.31638624753204786
0.20312707236043923	0.26886906683385231
0.02861997636415365	0.26241970693967609
-0.13366040614537575	0.28569424951024996
-0.24025428840605062	0.33985450095601955
-0.28552336799801992	0.40611878741569063
-0.23857877167244687	0.47021305712500433
-0.13171242515419027	0.51977625020330032
0.026743537321529499	0.53697858903454876
0.19579861453463404	0.52395217506059966
0.33694075065791079	0.47188799304907969
0.43440247527754178	0.39577961540662759
0.45347240374616882	0.3018900277675588
0.41247022293720048	0.2076019752164697
0.30723695168059717	0.12999999986749516
0.17049720945934541	0.076241696266334924
0.026793247090329569	0.062389079558798535
-0.10348681059818385	0.078813430058691777
-0.19048279338414492	0.12820744901405906
-0.23806858663201977	0.18966888876799404
-0.2338259510486268	0.24903842542823273
-0.1967710903848591	0.28877998894889234
-0.1359908828345967	0.28654699300129782
-0.068855065775697083	0.24261166254156236
-0.014182241588019992	0.14302977679642148
0.023287306540561367	0.0081040866253327074
0.02988883155170742	-0.15590250789485405
0.013577122676957478	-0.3208146751895809
-0.026791527145724491	-0.46206060842227431
-0.077586376093952039	-0.56256683330213142
-0.12904464059868273	-0.5952432709380534
-0.1707061529619206	-0.56556792829435509
-0.18856090022411082	-0.46176617600046654
-0.18349563460088761	-0.30850584416994348
-0.14704056255187456	-0.11688573802969243
-0.093255308385548172	0.084161697130909333
-0.027111877659985763	0.26760527821100205
0.032596666913991768	0.41664241341812641
0.067856920377117116	0.50476537707966196
0.071357903916652143	0.53405838773523218
0.02486276278543462	0.49217171326310777
-0.056864280172530493	0.39589947997472585
-0.1751024772281515	0.25093075279815713
-0.29995825778385093	0.078230983761771386
-0.40904189034241994	-0.10434786487561307
-0.48112110987366058	-0.28177625887727104
-0.48475181668697165	-0.43450791737088212
-0.42817978326635414	-0.55824111800441367
-0.29753572826877106	-0.64052564077626339
-0.12772071348473485	-0.68626069776281962
0.062143503278263561	-0.69352723602542421
0.23858829141419666	-0.6703298306076142
0.36273465509276076	-0.62233807257813267
0.43169193217929325	-0.55463786092270395
0.41924121510879897	-0.47386626828852835
0.35648824434197185	-0.38103936475992195
0.25341347381527252	-0.27923516498417528
0.14717385553640439	-0.16890490791956531
0.075194001341791147	-0.049929035525689947
0.046651385681732258	0.07290204655412226
0.092739154138057209	0.19794640748888567
0.1848349051525994	0.31587818088197367
0.31878561255354343	0.41933508632195221
0.45237629576366528	0.50078443502225778
0.54867486068931648	0.54983016699277909
0.58767962170795562	0.56770011543272492
0.53042286500248237	0.54850667400185582
0.39687058106292489	0.50320010132840498
0.17886704109717391	0.43654645967347588
-0.078190310865458912	0.36121073179821805
-0.34443573670133537	0.28987847277679651
-0.58142984748554449	0.22725402793126862
-0.74299193670031771	0.18433281982405117
-0.82248021900058954	0.15492717180823132
-0.78871742439721682	0.13974284088195243
-0.669129300304665	0.12909494867246227
-0.46657968455157051	0.11433564286367179
-0.22357703590627834	0.093059602283734069
0.027434799617486197	0.057226509788567081
0.2533981459272287	0.015093500978787035
0.41246509833098477	-0.03160349967061548
0.49856249661343921	-0.07134117592684569
0.48388289462328221	-0.093065906477512159
0.39178124547653326	-0.093632682086414148
0.22315999276190929	-0.062900088230512713
0.017569218910008726	-0.010803719457930934
-0.19612312814394511	0.061508671248193689
-0.38496820132510973	0.13781497371594337
-0.50824159118457646	0.20487044514312475
-0.56040203690932022	0.2525952304374271
-0.51363496278269005	0.26536178637239288
-0.39403590406665523	0.24656843454826921
-0.20482566393254389	0.18987582115600804
0.013186137064370934	0.10886942919703757
0.22694058833389219	0.010172003436166921
0.40996475680946437	-0.091667595225794804
0.52274646788813861	-0.18238301223350734
0.57134453558889731	-0.25450398378575512
0.53778525593523463	-0.29541957748103009
0.45465400831066538	-0.30628544456486961
0.3378279787050178	-0.28183422660880519
0.21945804332284671	-0.22872402023334693
0.13448776095751114	-0.14919458105530412
0.090416269832427065	-0.051233573657311064
0.11315808009467967	0.058875286322443848
0.18241063476662034	0.17378039643381343
0.29626693889948752	0.28604030720703089
0.42545481655370543	0.38964084406276656
0.54543302192841725	0.47719652480306241
0.64010176965870458	0.54537982281403585
0.68352217997359832	0.58805142495525642
0.68067029029039383	0.60626120860841004
0.62224932867325422	0.59711268453845201
0.52513884341060724	0.56630563945514556
0.39785285627925465	0.51575563515742406
0.256191174878237	0.45391885714273161
0.11578096648941338	0.38757057396065181
-0.014345826158870249	0.32366909825370122
-0.12127263937292913	0.27094271220666138
-0.20102616876692048	0.23085677574232152
-0.24520595507207493	0.20921759363704376
-0.25417689924348758	0.2017306135148908
-0.22229490490102824	0.20845718046262274
-0.15918650478160321	0.22213590686850937
-0.065816405172523254	0.23733526896086915
0.037474010957555648	0.24862702030631678
0.13702290498603825	0.24896431152890028
0.21182693758743162	0.23777142768463724
0.23735054458242399	0.21072506317327902
0.21052856190987654	0.17202114058767265
0.11173011321673172	0.12230310956415072
-0.033883228800566163	0.067905083372008193
-0.2208841731466189	0.013348313085875457
-0.40970075107134579	-0.035285165073921133
-0.5665351563055554	-0.071828019823850189
-0.66863761041118153	-0.092014885278896452
-0.67637336457720887	-0.090064707502573657
-0.60659952365329439	-0.064357219365763399
-0.44716679317214719	-0.010012775421216633
-0.24545962227359411	0.068971543313160813
-0.03121559722895649	0.17441684731413648
0.15477398782353985	0.29374820754493924
0.26174238478448114	0.42124190589688265
0.28987836926610999	0.53816542006248014
0.20849135718922293	0.62880514499078977
0.059452679528744751	0.67838061080349144
-0.14154987669815342	0.66572906836663348
-0.34665626369741381	0.5942837503961671
-0.50742356891236295	0.45135669290465152
-0.60991259961367683	0.26414873686831131
-0.61410547782666736	0.042948181340731265
-0.54979534673075436	-0.17419531189760906
-0.4185071477009491	-0.35313475542537259
-0.26502760817578924	-0.47187382711154729
-0.12798719367977954	-0.49208709516596988
-0.027379631330029908	-0.42861490114475786
-0.0026243329492361758	-0.26812640414913003
-0.034074709945145457	-0.056809719753618482
-0.12775492756856188	0.17889117558410322
-0.24607213611301021	0.39307470541224049
-0.36048342979581277	0.53449839536464272
-0.4498631420963804	0.5927409627267044
-0.48008541050845355	0.52895944729809952
-0.46160791720636551	0.37717640716984024
-0.38474993332847846	0.14084862637252446
-0.27580082947644685	-0.12716953311293067
-0.15277795114791567	-0.38349833629181962
-0.030816644793275685	-0.59625711817490934
0.066720510201246974	-0.71578734304107594
0.14649786714551308	-0.75204288809128605
0.20253026289868031	-0.68550720013354549
0.24940366742663189	-0.55493303462561305
0.29900497028733486	-0.38104330076780457
0.3534462495636948	-0.19841098414045374
0.42362174045361906	-0.046331993788737279
0.49507186117006952	0.068639531481558685
0.56178209991499894	0.12080684570562478
0.60931148191934292	0.12830186131535407
0.61994795485292775	0.093411858015138613
0.59749023960103365	0.03797398802267208
0.53264696061669015	-0.018297174572885683
0.44697635486647547	-0.066746615681541055
0.35224454567331626	-0.090701582138408024
0.26853649842119715	-0.094500717079003899
0.21980486283362319	-0.074844214210214671
0.20621270921495974	-0.037974668653048119
0.24266834741797849	0.011720399823706573
0.30888870852096562	0.071975571456507667
0.39700140690945041	0.14022944664951145
0.48468270251447526	0.21298244513083467
0.54878639331397017	0.28949415054008376
0.58390747955280053	0.35892567154694571
0.57219816875520946	0.41452405270873283
0.52784063706099349	0.44329107000217577
0.45245805576784959	0.43037844554080995
0.36587964692631969	0.37458338547153297
0.28569226921876711	0.26354645740116744
0.22024618404742599	0.11588929906347382
0.18654713024076683	-0.063366819978382005
0.17621553420244293	-0.24578022760579424
0.19200279175940246	-0.40664226199985148
0.21752173347023138	-0.52973262269830468
0.241057652803124	-0.58734809005398836
0.25134455685620327	-0.58922875980273981
0.23272140205369968	-0.52659732915905255
0.18665863388548559	-0.42730277403979289
0.10520681845384824	-0.30891751824825531
0.00096455034577387069	-0.19349391533964927
-0.12151247425321303	-0.10936212524978373
-0.24604499403643984	-0.055261152640154493
-0.35866128810406805	-0.046186882839592748
-0.44818303905007112	-0.061698833781901309
-0.49912751885739898	-0.092823544456859905
-0.51043623845928421	-0.12015583702536893
-0.47268550138104032	-0.12152068722864212
-0.39548820182937544	-0.096254173315519095
-0.2802435034550112	-0.030597294936955389
-0.14216890145122132	0.058339736372182913
0.0073160363120015164	0.16448272736969971
0.15541836421409311	0.26848262352662949
0.2868795067244953	0.35103839349851002
0.39767678570319737	0.40593177448963536
0.47678411091334683	0.41752958791436778
0.52995314311491104	0.39477554979804036
0.55599222696241035	0.3363459185080257
0.56470522053533412	0.25740988843256712
0.56354529778511042	0.16927814846085873
0.55837285575044382	0.082202473457420697
0.55842437584004834	0.0099287924035904394
0.56102477889532543	-0.046714668161889343
0.5694158940737768	-0.080094817295917817
0.57508347783581704	-0.096880319230231965
0.57324032288636473	-0.09831805098418564
0.55594714964940906	-0.09304028325182731
0.51392580401065258	-0.088390580678080102
0.44640570228987264	-0.089481938429674099
0.34660038469213522	-0.10513706821792282
0.22327932544727763	-0.13157038505399915
0.077696993727763591	-0.172213304019014
-0.074388055089220625	-0.21423753661446676
-0.22199284490483312	-0.25060387609007312
-0.34953616871157689	-0.26737649228229482
-0.44018100255118364	-0.24841038430003587
-0.4867118211771253	-0.19329385757568607
-0.47398594190230714	-0.088927610225988052
-0.40894781309015993	0.042770536693212409
-0.28706136747172994	0.1953911360179322
-0.12762546925707555	0.33550836795584055
0.058790696313184072	0.43328525211343905
0.25053415959968495	0.47154582313024684
0.42638677600379743	0.41613145385763523
0.5744748851626994	0.28815314926654889
0.67477440894067597	0.0801746034370448
0.73051845605777532	-0.15632087810684217
0.73421286181278267	-0.38665331151674093
0.69801536833377253	-0.56784903768560346
0.62837603150316212	-0.64362300541128681
0.5349237453567095	-0.61922940713070485
0.4288961724674008	-0.46254072706235133
0.31191706310597006	-0.22941703865934401
0.18954477545025	0.056250168872495176
0.061213148351931132	0.33068265857278473
-0.073936233518055158	0.52825505028514685
-0.2094682494395988	0.63061728439174836
-0.34374513136372975	0.58340169942336939
-0.46323323660609644	0.42903572077779284
-0.55662570205354733	0.16987480795882118
-0.6156044209435122	-0.1282328028208245
-0.62494465033492286	-0.40932777008990545
-0.59405943565012131	-0.64138795012017213
-0.51927371224546048	-0.76547375053953559
-0.4246270673778394	-0.80637817580827509
-0.32677831409357949	-0.75235264453730966
-0.24419471038076535	-0.65408232190262994
-0.20310876556171267	-0.55075990355861215
-0.19688353868004974	-0.46511421668102015
-0.23740904934722915	-0.44173137943522273
-0.29533692518209337	-0.45423221450678125
-0.35369572584024078	-0.50589753175168362
-0.38724467482285679	-0.55233348782401936
-0.36290752490557759	-0.55413049686810367
-0.28721924792064935	-0.49961659626924704
-0.1427160091618544	-0.35124132919083079
0.031682018979780603	-0.14723059244295675
0.21611808678355932	0.10405083032366025
0.37086576094470813	0.35057005646747835
0.45070024775538675	0.5422522970939162
0.45225987870409934	0.66485848731137753
0.34336837284747052	0.67485367024188347
0.16524477377329908	0.61005073295000078
-0.069576851004471446	0.47689967262813221
-0.30721785420765096	0.32595420201479247
-0.49699188438119662	0.20595659856525678
-0.61678798654172284	0.12879116532164558
-0.61814472480120275	0.1351324477695611
-0.52942719041851727	0.18735199603383274
-0.3447556869384244	0.2763574746585355
-0.11840314161526523	0.35721508587153494
0.10929622353164853	0.38237163250585854
0.30240598925247081	0.35059297729009598
0.40901523330015127	0.22887797044181923
0.43671324264699118	0.064974452327108148
0.36319300324857362	-0.12062562878828859
0.22623249590800293	-0.27915574638580565
0.045080730698825511	-0.35414120632975238
-0.14698239423470097	-0.34821456320575633
-0.31256632354832609	-0.22665849384579095
-0.44475401876848153	-0.045047937375127668
-0.52030379531998672	0.17109659037454211
-0.55079903616342796	0.36632914269050482
-0.53710062714548823	0.47680688275137406
-0.48813437503269774	0.50219996505147657
-0.41353103774557032	0.40193380762018205
-0.31203664766883837	0.23289978303097514
-0.18474697308136931	0.018517239420409087
-0.034243564221272511	-0.1813723318713531
0.14357046723390504	-0.30091310262306747
0.32756403732360867	-0.33472873534142389
0.50824762441113458	-0.23744581315387453
0.65479342984738298	-0.063199745976887836
0.73674536978069305	0.1697139166107014
0.74349877818204335	0.39914901046854001
0.64404356039237287	0.5613115837417999
0.46913991845013842	0.64284944999507165
0.22045002148491358	0.59427826634439196
-0.045742126435712731	0.46020055028059492
-0.28475721399942228	0.24929479206226407
-0.46011899381082921	0.019848730502186655
-0.51432914933313834	-0.17344484516005051
-0.46577457667825989	-0.31112259594626213
-0.2931488272132699	-0.34490284214988559
-0.058033618635874439	-0.30654781671646614
0.20318576844151467	-0.19559199596328161
0.43622647139593873	-0.060436970068571384
0.57493241609288959	0.057565001045455824
0.61853795645460374	0.13773145029343023
0.52700581148409431	0.13850478204412908
0.35199481180452274	0.081158122012902539
0.11227025796220239	-0.039748896561518997
-0.13352454080931003	-0.1856333918804989
-0.32599384874822251	-0.32657637310006593
-0.44862964489292756	-0.44202653411749371
-0.45347464565026585	-0.49759295235167589
-0.37548090315310084	-0.50487548639378088
-0.21602732179729628	-0.45420475538070981
-0.027876061200691402	-0.374997555094158
0.14487880913743417	-0.28622820123801107
0.27485411446553804	-0.20955475318259875
0.31513504384689939	-0.17323390302920691
0.28022243633777366	-0.17644406828885237
0.15602686877327143	-0.23429771958640566
-0.018595683119894214	-0.32724938968159145
-0.22042068615819579	-0.44870040221693402
-0.41664323587696578	-0.57492285516890529
-0.5695466827953144	-0.68471164856319966
-0.67064172877838102	-0.76389969989467432
-0.69410306680906242	-0.79054590357970267
-0.65422207405319599	-0.76676722887943038
-0.54818280070873948	-0.68139899178518593
-0.4014819206622296	-0.55234504652279481
-0.23095549000594917	-0.38536758443426961
-0.059769412320617721	-0.2057269101623794
0.086433594169440964	-0.034468114579744059
0.19824791730275648	0.11000096966117644
0.25406627718497327	0.20198335604189804
0.2648509587904232	0.24230141528787316
0.22592245279786308	0.21595725567693833
0.16259886219966269	0.144714678033457
0.092152630079343795	0.0355962558175376
0.034041226842207083	-0.082172220600218351
0.015806871242174093	-0.18256882112394751
0.030467761316904245	-0.24895939146932683
0.090874147964324789	-0.25341533771332675
0.16507209135755374	-0.20379804867620346
0.23436283618724055	-0.089976023618467543
0.27183107979871829	0.062000662703673853
0.24056440665955045	0.23803889325917893
0.15185540009369597	0.41239929561204125
-0.011853641857927269	0.5579261856458031
-0.2009242788786321	0.66477538137077663
-0.3864625591781668	0.71128855983556616
-0.52379271913630698	0.70575245980883694
-0.55570524323685488	0.64358425933089758
-0.490907435377479	0.54173431763542179
-0.29728919134228471	0.4108166822593492
-0.040093219955764585	0.26525746633319131
0.24848362593673606	0.12026996072078761
0.50141388261366959	-0.015893320240905708
0.64230941837906663	-0.13108198574818805
0.66705538431084688	-0.22177637433745312
0.52290421580193114	-0.28037711704303347
0.27936592821134554	-0.30697294556741206
-0.039053388067605686	-0.29714471299518985
-0.35008952274483679	-0.25681668621434522
-0.56946938747116738	-0.18583609862418538
-0.67871352603057733	-0.098014903775323778
-0.60987670278986494	-0.0015605098063869952
-0.42708316765139503	0.08686621364735736
-0.14292952226818079	0.15082214903539179
0.1559465242449227	0.18144663196483937
0.38783873498242388	0.16173345182480139
0.52535609166321917	0.099676129718825723
0.49506807964960214	-0.0099347663558693421
0.35338695110589036	-0.14449658769119422
0.10407190034146116	-0.29076420910090278
-0.16834841371656989	-0.4258744920222462
-0.38915056226786654	-0.52472734978183178
-0.52515966062271335	-0.58078850152534489
-0.50336719784086392	-0.5741545259148485
-0.36855062387357473	-0.51983275772781745
-0.11632386586518938	-0.4177453497002877
0.17883101870379975	-0.2932444266186387
0.45499101091298433	-0.1661049503376209
0.67886506793776835	-0.052980562388157085
0.78600068600700279	0.022021588446623965
0.807959229039939	0.0614870620685899
0.73648564586540533	0.054693531482948164
0.62657667798352135	0.017457508596550628
0.52389861260008785	-0.042421057457428059
0.44818776142688987	-0.1116148053527487
0.44460241534437706	-0.17439180253974668
0.4825429240523561	-0.23016581355552371
0.5605677949361364	-0.2705359012571153
0.63636084581965957	-0.30321423813505549
0.66945807533226243	-0.33203742687678578
0.65286144844306881	-0.36023123974861915
0.55435700517667685	-0.39474676298957478
0.40912851899600039	-0.42824465736897516
0.22832500046777698	-0.45899891268683979
0.051836778305133217	-0.47712062809009631
-0.078238158106420291	-0.47192240242870914
-0.15737378021729842	-0.44407372639358716
-0.15621865810044189	-0.38629745976944557
-0.10715100650276273	-0.3117460941248289
-0.021512259889611317	-0.22719149417686099
0.066938670821386367	-0.14449840026451977
0.121126785511061	-0.079143193925665226
0.13965891731869223	-0.027062816280775462
0.098494709351414647	0.0048309092650089206
0.028500731586494112	0.033986248027815399
-0.057798744627403517	0.072441159365743774
-0.12941718029734356	0.1295147377477365
-0.15115473535355192	0.2242497302165545
-0.12312704167788112	0.33951313840884223
-0.022785415949394618	0.47625706904331622
0.11707703629331487	0.59926895391652069
0.28406975189032185	0.68039528854618481
0.43953378702656137	0.69941098848747008
0.54541281539737219	0.61923902199640857
0.58750842131161751	0.46228172648811838
0.53205223987743011	0.22012633452666824
0.3996977923923406	-0.05185887107876061
0.18620838075338794	-0.31586913325062238
-0.067513701729818437	-0.52762664222994204
-0.33371574404871052	-0.62798500640990318
-0.57718569740312475	-0.62374521425648366
-0.75683687605141248	-0.48350147534440513
-0.86254047980946036	-0.26272773474061967
-0.86414396925052284	0.012808301090702516
-0.7806318763608483	0.28539370676649306
-0.60903028093787481	0.49253796176640624
-0.38506200012128777	0.62280614503810361
-0.13245638724388811	0.63007707058056472
0.11578008647623347	0.55591901271948951
0.32306770105772264	0.40866402047963774
0.4763968494575696	0.24189958376280971
0.54653189597523588	0.10658920650497418
0.54557120660195435	0.018936895628384541
0.46621811479237452	0.023332608137673044
0.33742208245570854	0.086181997721671497
0.17592121371457942	0.2051378182853037
0.011052915383404069	0.33084872618492589
-0.12700306820457877	0.4194484796804962
-0.2240356454832115	0.4521345269661331
-0.25314503120281234	0.38630583593461371
-0.22221756208071516	0.24949160574991999
-0.12162292670438143	0.038873534572727901
0.022988715786254343	-0.19710690669426678
0.19951421207111072	-0.42050069457177025
0.37694285610316702	-0.60264878862890037
0.52687146793807005	-0.6985375353629808
0.62937431594773596	-0.71928175051010013
0.65336699119887864	-0.64872089222192786
0.60392234566275049	-0.52366737974904476
0.46519587579140581	-0.36518000536025752
0.26885523920915261	-0.20435910815255792
0.027337179155189122	-0.077806001873513123
-0.21751006476310034	0.009923445159796861
-0.42769212707877774	0.035418983556703948
-0.5792106421313058	0.018642442790405122
-0.63102873762934231	-0.036935517510689846
-0.59626756799836489	-0.10525163720288744
-0.45979262992552128	-0.16362025875035796
-0.26533402433445957	-0.19843791470110017
-0.037655883042355079	-0.18647295124186294
0.18147838994422646	-0.13392426992056605
0.34463057415481158	-0.032235185581917097
0.44406098716394826	0.097559195477699007
0.44616460653293044	0.24498106599233122
0.38109923183104621	0.38691521402597029
0.25458462357568029	0.500621196288215
0.10632987648383734	0.57449689957628991
-0.026656405370675512	0.58672054226739734
-0.13055298954088071	0.54521068633120195
-0.17230725384717349	0.4423858525147944
-0.17260476341362849	0.30292438286309836
-0.13103219703518115	0.13958751725208896
-0.077833591519644543	-0.019454917064297007
-0.040711407834374332	-0.1466070758003806
-0.026877052295677821	-0.22738577017541314
-0.060365810598183495	-0.23527389604777371
-0.11840850557428349	-0.17877735521440002
-0.19524490984875145	-0.048108138243707251
-0.2638834597390714	0.12836912532035785
-0.29571863018749195	0.33633593879629597
-0.28983207794449312	0.54344191302834954
-0.22623808085057318	0.71851881790549699
-0.13353325057792645	0.84370167961203069
-0.023488161526563175	0.88796063029001027
0.073404796646465958	0.85962212195511301
0.12307081981187633	0.74606772146774181
0.12448657698635947	0.57910221643577775
0.054803308829696418	0.37394224617391841
-0.054577503716665976	0.16773382242211562
-0.19196556104599294	-0.0031589449899654667
-0.32107607849436709	-0.12117371101676765
-0.40479426002309243	-0.15119040217338803
-0.4339198401497702	-0.10951809394819835
-0.37851742832706209	0.013092771599562604
-0.26367760371109067	0.17508636766739921
-0.091899480765919681	0.35023878183849239
0.098977936979612949	0.50180382889657382
0.27748778932161278	0.58538118498062963
0.42201453182118537	0.5977093536080772
0.49784702657481755	0.50958343118807714
0.51280519377247091	0.3544333151843862
0.45394057720910097	0.14173696084281118
0.34884716816621331	-0.085854708773636171
0.21161813939429763	-0.28799664149723136
0.069807490281357715	-0.4482932693963057
-0.048194004574492813	-0.5300280943793233
-0.13080349805309396	-0.55381885475816106
-0.15395035131440993	-0.51687882283184527
-0.12670716491995448	-0.45270489854739154
-0.042066342491151779	-0.39001008554332939
0.075802163991765273	-0.34035934504414139
0.21374929010394408	-0.3320209301507076
0.34571996955781947	-0.34359796887236527
0.44523157102110561	-0.37276490463370537
0.50041772520311179	-0.39057604428984671
0.48653243242655236	-0.36788311393246231
0.41573195251892636	-0.3029682992764805
0.28180895668113148	-0.17335912419106905
0.11510821111568495	-0.012171300305181798
-0.064907812692361719	0.16759943427459731
-0.23179955938971378	0.32806563511199094
-0.35306394910005334	0.42875401441441569
-0.42742908390739864	0.46442636414420574
-0.4342305129226457	0.40474719922061214
-0.39914281518884392	0.28453506298030062
-0.33132650667331048	0.11430930107310665
-0.25965932571413769	-0.063367978521228913
-0.21480864996594654	-0.20608329842314904
-0.20056607744646834	-0.3028714211822669
-0.23999470230490055	-0.31893605567450378
-0.30594741380146562	-0.28335688554137828
-0.38996164564880165	-0.20078053267276585
-0.45904685863885925	-0.1097098911995175
-0.47891592392869298	-0.046637053597344671
-0.44499604413562882	-0.022241046721541289
-0.3301675287828385	-0.067948725964058682
-0.16778392830983854	-0.15800869819063618
0.032788330027351362	-0.28889549436936751
0.22670756715506848	-0.42535819758514076
0.37151768350443887	-0.5347613848352748
0.45069551330507679	-0.60573310535057079
0.42433095403292254	-0.60918358520268823
0.32012871638012486	-0.56563087086637087
0.13609684646516751	-0.47569774399582321
-0.078584764515013991	-0.36998022512432333
-0.28529013760642802	-0.27505105816613801
-0.45434948996175878	-0.20360285463250566
-0.53955046631545878	-0.18178629149009201
-0.55189480496823085	-0.19579991628688173
-0.47463206968373717	-0.2489234071029722
-0.3448064288075513	-0.31606404930869125
-0.18422844657336174	-0.37823727952675662
-0.021848499080486049	-0.42039832208009603
0.10638912538602828	-0.4195975353047468
0.19965559914968217	-0.3805649537840976
0.23899980695068401	-0.29400528954731547
0.24284432325386393	-0.17904486859310242
0.21867527578078835	-0.04476601981740113
0.18035088950145647	0.087994553442343609
0.14489864792536658	0.19914492677511555
0.11029690315558759	0.27736843450568627
0.082767268469701352	0.30331548628045868
0.054607443853667344	0.28099293172352213
0.018994078151337287	0.20135751468071936
-0.020488061933383834	0.084209962133193525
-0.067753564902849603	-0.062681546773380586
-0.10712771629443264	-0.21226262468675455
-0.12727402841898808	-0.34097910651191893
-0.11909240945842207	-0.43056214633148204
-0.064813162465168855	-0.45338393894786433
0.020891384861500831	-0.41396719710662072
0.13993696809470205	-0.29841180707173315
0.26032909436484308	-0.13435844309034062
0.35777950257973906	0.065907550307431839
0.41108523298028449	0.27022029770656081
0.38647498454267587	0.44671816384636348
0.29736551996882166	0.58220308373369301
0.1321366445304108	0.6478098622434838
-0.06787207050570114	0.65867825451080908
-0.27695139632404842	0.61078863567142549
-0.45983050029877237	0.53275395059821717
-0.57187203811546528	0.44612385492209983
-0.61546631602430835	0.36806859150473675
-0.56536006188897292	0.32543553865968117
-0.45984666655458023	0.31074294566217892
-0.31559974810224434	0.3326261134486308
-0.17222535268765732	0.369581265349125
-0.073169567805005775	0.40754440037058931
-0.023585887519920124	0.43283149241890623
-0.054135836067047013	0.42531797730689741
-0.1317414104335245	0.39026146832067249
-0.24661603690902315	0.32093231556578422
-0.35954695182059204	0.23316774439672422
-0.43096949961235098	0.13775976085177113
-0.45215278222275812	0.043114372985116299
-0.39144686541096552	-0.03687744151127216
-0.27804420215901204	-0.10787858551244588
-0.11754911026446543	-0.16795872477450324
0.05092393896010923	-0.2260065929623358
0.19116014299230563	-0.29146575062402624
0.28885617766407945	-0.36074138286609975
0.31071204312230061	-0.4394435265920128
0.27750296389981993	-0.50940118695905401
0.18790317473953613	-0.5596728607238356
0.074915645158175712	-0.5741801099918431
-0.033805251016873088	-0.53144891910432202
-0.1235394919746967	-0.43672451811060531
-0.1658419466191301	-0.27863881521638906
-0.17423356897853934	-0.0855577602938285
-0.14460079731670317	0.12856942168882082
-0.10140204783121839	0.33186064781416286
-0.064021771920770187	0.49133031396006605
-0.043568302245872208	0.59633975877248158
-0.0610624490099076	0.6191680985340694
-0.10615123098295305	0.57807639621257267
-0.18174462768212174	0.47164327811122658
-0.26907456706968735	0.33119517050621516
-0.35359434518519883	0.18086774130039762
-0.42554983731394375	0.04081189191698386
-0.46862077822417325	-0.059702437003912368
-0.48795888550654543	-0.12389669521014347
-0.47967624571815881	-0.13935793178645522
-0.45457148672794334	-0.12371940808205389
-0.42024001938623889	-0.085946815075918989
-0.38240358130591373	-0.039629912963476337
-0.34977665558513721	-0.0012603404627380822
-0.32097641661834525	0.028901847015075161
-0.29854399950889204	0.042963229755263316
-0.27942200522819222	0.047332261950252634
-0.26122870950067212	0.045506361064376034
-0.24447822317065068	0.038325217567213556
-0.22768418931236079	0.029906138341080923
-0.21446628696048706	0.013913691612104
-0.20712648749846987	-0.013622536930801253
-0.20813155695427471	-0.055680292793689405
-0.22088264925488679	-0.12025285710387369
-0.2448785720866874	-0.19626403730866215
-0.28195082294378165	-0.28189775749840801
-0.32850248632998313	-0.35736694887128878
-0.38367633295245379	-0.40543064149895897
-0.44108480169525305	-0.41663446285134087
-0.49696881823664296	-0.37083657859955693
-0.54258569290117808	-0.28285840421166158
-0.57005763945191379	-0.15063257129357879
-0.57303087325160917	-0.0046835971028219977
-0.54120149533440343	0.13171226605068137
-0.47854206244921071	0.23887759171824965
-0.37947278722417027	0.28551425687843174
-0.2623468030557472	0.28320809893960852
-0.13587025514114037	0.22140877533212386
-0.023404320706288128	0.13522670296863865
0.051816298609800457	0.047364864447116899
0.080706030849138466	-0.015504779858006634
0.040297642862532915	-0.015991215686659333
-0.050998583415406973	0.036451377902209252
-0.19487429573880369	0.15861079866021682
-0.35399093819065497	0.30915213041573425
-0.50088316119094545	0.46504087457147891
-0.6076229934828371	0.58816357615602866
-0.63482992058790777	0.63264650249775756
-0.58939622259089652	0.59873598809999395
-0.45185310614955193	0.45732914557945409
-0.26190327706642413	0.25059990792434778
-0.038581287843808085	-0.0063063966240027095
0.1755771949597818	-0.26140684120821817
0.3354135911855225	-0.46493635392134736
0.42976208913204483	-0.59509604167078389
0.4227318891287799	-0.60558985428996392
0.34333937492450456	-0.52014419109380949
0.19346828349788051	-0.3308917993004703
0.018625755488685485	-0.086317585033698699
-0.14409241797138289	0.18002074872508955
-0.2675684513794227	0.43120884533073528
-0.30901237861283348	0.61998237774336018
-0.27834495039901297	0.74383355416570596
-0.15929777754323204	0.77572033746832891
0.012351686310730041	0.7419811366079061
0.21759269028695391	0.64959476417768613
0.42239351527658892	0.52959797213851123
0.58991481751640162	0.41069993307678476
0.70956872009362071	0.30686219770907142
0.75343100709815436	0.24394791777451236
0.73667135175873222	0.21496146279178033
0.65618483464504673	0.22728107346781407
0.53887101782411773	0.26364828797695677
0.40367597158145235	0.3136451502204492
0.27135525183128034	0.3641283837245376
0.16734729332064444	0.39920319216274291
0.096549529836612566	0.41670617899448159
0.075746088268216036	0.4066823418938092
0.094715324056607583	0.37661170189032928
0.15461332813779727	0.32718210382224155
0.23809102091624432	0.26881507393781351
0.33293083646622623	0.2097767021713503
0.42489432471429817	0.15722114230293871
0.49720258922584859	0.12096442476789747
0.54525940315865451	0.10128700953483584
0.55672623019879364	0.1042553352411091
0.53805110232675313	0.1223274963157978
0.48752122254757296	0.1543146944527676
0.41728054147367355	0.18722404649501831
0.33539867571047144	0.21170347731157876
0.25238583028401906	0.21564176451822739
0.18064500943453254	0.18453953485917379
0.12256743212493784	0.1162091658181532
0.086887558717780117	-0.0011596883612014011
0.066978669254417769	-0.15319823121437362
0.062897731016297337	-0.33885417849733879
0.063328142645699415	-0.52998833930498879
0.059301399145300526	-0.70693466237070224
0.043830178715359339	-0.84322144453499415
0.0053424642240035101	-0.90739012121462115
-0.051376163329697397	-0.89473522541423778
-0.1310641688862747	-0.78097076567552248
-0.21672143175879813	-0.59337975080416105
-0.29930609350733595	-0.33568702079825641
-0.35968183233142376	-0.054281090622233769
-0.37726421250860404	0.21459021725376698
-0.34735571736492504	0.43677998534878837
-0.25189056403599008	0.5643100406253081
-0.11038911537067736	0.60242632728288092
0.075526235941857062	0.52607847618136772
0.27022736228684313	0.37817725430232751
0.44635298913294275	0.17734230013385599
0.57748016454070394	-0.028603369983795819
0.62608634623964066	-0.19035014781259185
0.59810903069151788	-0.29373817055779194
0.47437296603138146	-0.29831819753475802
0.29269385496890238	-0.23364875417514791
0.070731616015521609	-0.10098179071914867
-0.15022165009902583	0.055212207943464993
-0.32684487449460892	0.19639425832282942
-0.44756504311097484	0.30351790597902445
-0.47767772852955137	0.33768352590598355
-0.44325610194516557	0.31991164631228242
-0.34606030904032875	0.2464458594058927
-0.22432499893341559	0.15271734818255989
-0.11196936273387934	0.06923381031526521
-0.023699920150995112	0.00700929398027305
0.0080418143319017157	-0.0045969498951861226
0.0025416339275384802	0.0098871681089707768
-0.041651755924347174	0.046191480221350854
-0.094768606388121554	0.072902008943612526
-0.12981936161256882	0.057235949427873939
-0.1399147372046978	-0.00097038404863691624
-0.10120870764948167	-0.12533150775171126
-0.037581940461811562	-0.27827773490017332
0.04448876818237392	-0.44321622030051006
0.11663782978124407	-0.58083095545552477
0.14846639179773424	-0.64590161974535887
0.13959745016160757	-0.63954830434448529
0.069096966873379406	-0.53247935794514356
-0.031762808816271582	-0.37070968737417503
-0.14976020589889255	-0.17396631863411779
-0.25167752764729057	0.0081787571098803948
-0.30043753171453652	0.12130765743144482
-0.2943971839513862	0.16023103011171783
-0.20845086395502649	0.086340728317035834
-0.075909088139235054	-0.054524746534558202
0.090878717281760335	-0.24763732042148698
0.25413490211212325	-0.43827385798801716
0.3748710193430046	-0.57136063087336897
0.44437003319921464	-0.63322134407110431
0.43240272387662992	-0.57891717674669307
0.36451719645320285	-0.44716197802363189
0.2447032876779256	-0.24367028162292509
0.10740658273355523	-0.022501212917521
-0.016205920885517998	0.16789159380554533
-0.11230862336520184	0.30497713156752926
-0.15195727554508004	0.34211929270835606
-0.14934082796973422	0.30317974498498085
-0.10044731339151727	0.18210126325275944
-0.030935236026698967	0.022004418556414888
0.040015813981063228	-0.14412412163498808
0.096981061661579604	-0.29193987173911884
0.11688564770684813	-0.38334836407796152
0.10350023498664834	-0.42661287746950743
0.047501931143412675	-0.40905967127734266
-0.034903457448819578	-0.35540533618666648
-0.13639888183247056	-0.2805945133875663
-0.23964096211572353	-0.20126931072896298
-0.32801158614635384	-0.13933174155856293
-0.39201790174800688	-0.093946730570097003
-0.41564953875841554	-0.074547282844268425
-0.4018409389830922	-0.072231170567866654
-0.34282041728448653	-0.08301808860830287
-0.25469598432951968	-0.10157527400441521
-0.14387113285516087	-0.12098671337066888
-0.031687731513715525	-0.14202185284759414
0.062331606740939662	-0.16270795534567936
0.12632562207654946	-0.18435555716951535
0.13854027623561568	-0.2083928165934677
0.10913129153999038	-0.23249413061870047
0.03201549115629039	-0.25633711436014345
-0.065844465707276922	-0.27534027175086506
-0.16649509824898778	-0.28598551895774421
-0.24899204808277478	-0.28476023439427961
-0.28410961345951741	-0.26762056976452375
-0.27873834366665107	-0.23264212136369425
-0.21946316302217528	-0.17628701908572544
-0.13797524468527703	-0.099351813838519529
-0.052431816847573982	0.00081246301073801402
0.0099803612702262529	0.11740712294596257
0.013739539133045001	0.24970198327590259
-0.034306537507622262	0.38214049515887349
-0.15260927008945019	0.50514449868489608
-0.30079296758000706	0.60004864436760297
-0.45784688982908817	0.64734612742382813
-0.5841275856276873	0.63998315383398741
-0.63345694225462057	0.55892325682749322
-0.60442820409621556	0.42060764987418797
-0.46618814394330282	0.22354108771321465
-0.26089806386119085	0.0024964797660843737
-0.0029688993483559384	-0.21846142035533592
0.25520147710387425	-0.40870339048297077
0.46328603056670736	-0.53106202442892858
0.60066131285406077	-0.58108712064079138
0.6214455592918452	-0.53356733253148891
0.55108668441528774	-0.41361868901708637
0.38371790987460114	-0.22615336708293254
0.16740154965073908	-0.0065715759341068592
-0.062737882335749409	0.21536140777396034
-0.27375376425343789	0.41782860940697253
-0.42039046950744841	0.56868275664279622
-0.50445049846758661	0.66914946588951207
-0.50346624672471096	0.7045231129715559
-0.44499240202078544	0.69045014731772791
-0.33944350591151706	0.63282824650795089
-0.21577239254653513	0.54619810191329465
-0.1021546059314979	0.44519493276401118
-0.011336558054025657	0.33543283306247745
0.032675243841349524	0.22759732055789739
0.035485541519704906	0.12110934324004236
-0.010711467888661792	0.019278465158265107
-0.089690657723943967	-0.078875644116974342
-0.19348836715877038	-0.17362976218047657
-0.30512600156553726	-0.26378498348710705
-0.40820896948222224	-0.34947712073842963
-0.49302160058471023	-0.42697879678914996
-0.54368184604344971	-0.49454239160212143
-0.56229424991272847	-0.54636444655446503
-0.54140701802125024	-0.57803863703026381
-0.49380711621621609	-0.58362594097148512
-0.42531041861632346	-0.55571914511779874
-0.34937840623578592	-0.49431649846018128
-0.28074348936939791	-0.39310239223460591
-0.22140875429411405	-0.26361118644575454
-0.18223047484736302	-0.10852395053590255
-0.15138149864251735	0.051915052571756916
-0.12509029551101897	0.20153948334206048
-0.09004627263608829	0.32543450216864367
-0.030997409706021762	0.40165386147445409
0.050003540962967094	0.43512544563639194
0.16277443368177003	0.41583581008236825
0.28695546888077478	0.36666269408229796
0.41249934817159434	0.30046398723597723
0.51828642232144506	0.23728579398167365
0.5796578836348093	0.20300950102827967
0.59718390911150243	0.19298715116371698
0.55471552179473427	0.22033958057642306
0.4777513758588029	0.2576417957737428
0.37718168719188305	0.28938267941432699
0.28068279369555521	0.29294143923269533
0.21891270125495127	0.23717441659617539
0.1938166218075921	0.13213909326499459
0.22685335873128112	-0.036159730114329866
0.2901401435903026	-0.22670766883333965
0.37358232874686559	-0.41556823691593864
0.44527435518499869	-0.56550293751852299
0.47097291207624675	-0.63039072251437467
0.44759660722027	-0.61294275977673973
0.34981080591467578	-0.48536577348833287
0.21013192483716814	-0.29305204659402867
0.039264838719942449	-0.054970692506532165
-0.12269046130286745	0.17740205599493361
-0.23562180313313333	0.35116828729038141
-0.28886085493064284	0.45162392448939892
-0.24821222645859647	0.4356921739268575
-0.14414492080862729	0.33559327430691832
0.019872477476036092	0.15270187509866251
0.19703410298697968	-0.063522049657798466
0.34749057998241667	-0.27185520930128199
0.4469038549192369	-0.44621290422592019
0.45216379083744412	-0.54246982081846573
0.37973726224591003	-0.57352451043987429
0.21796440680524293	-0.52668609340034755
0.008115298100236033	-0.43459754923889937
-0.22351822637961546	-0.31866402393552384
-0.4436613206878095	-0.19990813847748229
-0.61172108446849549	-0.10794730981335211
-0.72335984346022331	-0.038402296039179711
-0.75400484161501735	-0.0027647836527055682
-0.72376842393660246	0.01696059560257503
-0.6364957689144245	0.031511078702949197
-0.51641562004334562	0.051169372991329259
-0.38487761427889705	0.092022366623017007
-0.25436424972852001	0.14739475413713127
-0.14448263714431075	0.22125000644013121
-0.055208575547835294	0.29775868258529758
0.005300974382807494	0.36596058942826459
0.041982386865119903	0.41521145446843105
0.055198442057004964	0.43042537984008611
0.050512961459161565	0.41396704849419269
0.031143802559655313	0.35861254733310305
0.0044916375542890727	0.27804176663693903
-0.024363243963404647	0.17789035754754753
-0.045241836698549191	0.075067124382105041
-0.04837290724053165	-0.01561082875362082
-0.027452850343028308	-0.082232750083556697
0.029279251655668068	-0.10770825061703343
0.11522269492001977	-0.09275913789207077
0.23445259623203366	-0.027139714989436126
0.36670241140078319	0.073337893709782567
0.49991825678654422	0.20443678538029408
0.61353726751771676	0.34167699227394088
0.68384641273037039	0.46497340349077021
0.70824230676177158	0.55690454566087699
0.66904528029546451	0.5919327164366841
0.58777115342868547	0.57432149185125447
0.46996077548935083	0.49093615531187967
0.3458593894689666	0.36843388234829444
0.24309486565863836	0.21887434825207552
0.17506017148748379	0.072915337144988435
0.17029317896048227	-0.038128827958574092
0.21098704464115395	-0.10416808844491669
0.30103137984129075	-0.098209258895903623
0.40387469232105694	-0.039647396710463287
0.49240360052056842	0.07220791649652876
0.54219338371176173	0.20409343879104985
0.516163009644655	0.32963861192213872
0.42516803132511993	0.42885580322573552
0.25406005102754653	0.47029847695815913
0.043769888696398675	0.46197278410731168
-0.18302288943803563	0.3925742012629479
-0.38671291995883866	0.28858821587582917
-0.52213853133042909	0.16565350820216476
-0.58328908167851001	0.045005976415365218
-0.53770240075080422	-0.047116136741371002
-0.41957140214567096	-0.11008118472119904
-0.23606742536414385	-0.1298178269483963
-0.035793022445922008	-0.12040690276639764
0.13903172358382396	-0.087394401238089198
0.26208806618047459	-0.042313532629394274
0.28798650391681707	0.0011920117736218139
0.231719218415461	0.043907685968499165
0.0782434231219645	0.079911616050599668
-0.12772547885973148	0.1156820944403926
-0.36052091649225121	0.15617032454783727
-0.57803918013034106	0.20003569949982558
-0.73364151686266466	0.25148395221766345
-0.81526648545009484	0.29882726672806814
-0.78750284225454603	0.33516565634541368
-0.67376124156155759	0.35034136612803585
-0.47165674293972359	0.32986211075111388
-0.22316488690179359	0.27983149467849111
0.042242678094250107	0.19428179610021201
0.289439216315512	0.094934708512852309
0.4768681913553256	-0.004810436555375084
0.59434735677702177	-0.085954275009336945
0.61177881397101008	-0.12420445366395402
0.54735298304938895	-0.12204060826085145
0.39747993302404561	-0.065417190818158499
0.19740281858602343	0.020382600678716577
-0.029870258680475166	0.12383218299079704
-0.25122407044304079	0.21770725986065909
-0.43021097837670225	0.2728358281161391
-0.55382011087494243	0.28353442526247985
-0.59234956029033348	0.22749130478940252
-0.55942479642063603	0.12541931557130792
-0.44861137730065148	-0.018838714523251573
-0.29038713057182913	-0.17698446898700965
-0.10407665865986279	-0.32332584457400826
0.083294804753178742	-0.44620137363177026
0.24018925080264253	-0.52136776070304558
0.3608204026105869	-0.56087838595619499
0.42357151393184195	-0.56242473267227333
0.44439598400343977	-0.54484919605594795
0.42481232278327219	-0.52504528032506526
0.38650845186359034	-0.50655114172114279
0.34872258274861873	-0.50367385513395302
0.32032235566032846	-0.50100016883657861
0.31963718911993722	-0.49288587272331291
0.3375199597339289	-0.46433091682029765
0.37604933330476198	-0.39591105125366688
0.41987736076573107	-0.29525466561773761
0.45632648507814416	-0.15366082906147768
0.47946419596041912	-0.00069325304706903271
0.47655818727815302	0.14520690325303648
0.45533028955111682	0.25937291382068067
0.41535824551375539	0.30835632980280869
0.36834201238764491	0.30006116053165888
0.32438341237389989	0.21820814096556107
0.28785459326834995	0.10189864537318633
0.26796168121994879	-0.027224711836861232
0.26030456337043772	-0.13306491612605115
0.26533108531617444	-0.17139884186229912
0.27770349784226372	-0.14496220791766254
0.29259564349292427	-0.027041685308833954
0.30892059258717258	0.13823870803017665
0.32434085181489625	0.33180458668509627
0.33778195460769983	0.5052203820800214
0.34998423951963198	0.60681849591646209
0.35316579787324787	0.62722063194790501
0.34336399151174984	0.52672256287294628
0.3098613474272448	0.34463448355776644
0.2402950006560477	0.089343026914058987
0.13563848890873698	-0.1860853484961186
-0.014642889282595876	-0.43291109455715931
-0.18838728134617555	-0.62976684701801855
-0.37773457985879988	-0.73090417361047488
-0.55031425084265795	-0.76072673027045146
-0.67589501413873176	-0.71481909313778436
-0.74019900086744017	-0.63389006933251157
-0.71121519285641266	-0.55202225986259312
-0.61191175782499951	-0.48467885920409809
-0.4387264300911346	-0.46622660986827269
-0.23923949168669653	-0.47403746875754543
-0.048776333206357617	-0.50775426650984545
0.099460636720329523	-0.53493112442991719
0.15641181098002452	-0.52439764168005309
0.13432339442941846	-0.47197021532553712
0.012171696083598998	-0.35239033140908016
-0.15929320364596414	-0.19771232216069404
-0.35174485430499558	-0.019058059188834704
-0.51893605700682466	0.14603358959911864
-0.60553495974273641	0.2577913061493588
-0.61046907142458773	0.31179056929271393
-0.49883963780746859	0.27843975923837061
-0.31679359635296328	0.19346885379744599
-0.080729423716843204	0.068521280048382219
0.15500625192836356	-0.053734929601608257
0.33634997996456778	-0.1297527941237715
0.44605375107268164	-0.15052573230428959
0.43839509331449972	-0.081297949951485329
0.34473394392928519	0.044229895029817216
0.16407016546507094	0.21891990486856117
-0.05223848994265809	0.39783959335512215
-0.26311414894377794	0.53870415799482696
-0.43871731263417268	0.62643264987176561
-0.5320992808363012	0.62293860099742648
-0.55350978402031537	0.55495376609494074
-0.48575591908884436	0.42266309954467357
-0.36421688656691487	0.26762053438641137
-0.20847796993057585	0.12515544868592052
-0.04872801722938961	0.014126461745626909
0.080329974381497776	-0.029234637152529386
0.17265316874278849	-0.021717979881324102
0.20572088670724026	0.042172981655967237
0.19426366008354068	0.13180999683278405
0.13897288246820172	0.22287567505741035
0.059445289350508072	0.30193398432203677
-0.0283768701110131	0.34301550903989864
-0.11283874332757714	0.35940300935614544
-0.17700204043215589	0.34888620908750784
-0.2207748241009527	0.33197480163247867
-0.23589488920077481	0.32780947589720177
-0.22993474929278207	0.33828696917545559
-0.20442492735348944	0.37829703024181266
-0.16922919000363848	0.42800131356003507
-0.13269653924687352	0.4789975472089476
-0.10090179191100102	0.51186725911793418
-0.083396774095931242	0.50247372685732516
-0.078099459988996811	0.4565694295831052
-0.089505252504729085	0.36200945563131598
-0.10743369156144222	0.24834925503211788
-0.12680631208076706	0.13231735249599993
-0.13681253196728513	0.040249612318017838
-0.12530212722024775	0.0055255648230751863
-0.09121555847727629	0.023742736632117501
-0.025520007961046337	0.1131583009936033
0.060014913084353506	0.23917284834989719
0.16197794449953434	0.38478501117477382
0.26432685080772156	0.51545783662246147
0.35181504649605566	0.59206312079672763
0.41864432151340281	0.61137324932273041
0.45070154985877325	0.54680369688045538
0.4576848938688754	0.42929699240918756
0.43945427023424055	0.26862229759822287
0.41141128989241083	0.10171518887751338
0.38725622448294778	-0.034639862814058495
0.3719530085903241	-0.13022037931398805
0.37860858780236134	-0.15490134721376242
0.39649420074857455	-0.13160590131252367
0.42428489811626713	-0.062422659933250087
0.44687618931989503	0.020269840904079534
0.44935281053826287	0.087212707783425963
0.42982213216562887	0.12695839456999214
0.37635565138329458	0.11251849368129674
0.30414572400893491	0.061256696044353444
0.21849003942032946	-0.027105362220955945
0.13714409411846587	-0.12662992427571707
0.0791282982981584	-0.21444387389275793
0.045945600255706424	-0.28163165311696975
0.051653120026695018	-0.30686764682092227
0.077608752588081267	-0.30450891029440813
0.1171114742324167	-0.27530309368370809
0.1483951610485032	-0.2387527972919275
0.1486370905886984	-0.21355036378583792
0.11430603475488677	-0.20287421622072077
0.027592058943937212	-0.2217891542616022
-0.091491439776746328	-0.25332839074601987
-0.23790542220166441	-0.29221305175893897
-0.38453674934823473	-0.31844419722310308
-0.50633840291388665	-0.31128880460367347
-0.59207298165308553	-0.26767024735836231
-0.61804026265274981	-0.17187197745801219
-0.59658169261295069	-0.041080736828392882
-0.52456096370907734	0.12047259971917301
-0.42471111660209604	0.28963697887050172
-0.31426061073969869	0.44574074118844398
-0.20658688193709748	0.57711483023057353
-0.12221704293035771	0.66354299738908884
-0.056930522404612417	0.7099951597229669
-0.01736802821099789	0.71015182585519698
0.0085271644124302881	0.67766497248594071
0.029158360511151098	0.620273653212849
0.048845111383424587	0.54939714596644307
0.077560307457783598	0.47780474520611438
0.10674723638888865	0.40918545494290309
0.13502909949005776	0.3524162743445417
0.15083904621385119	0.30470251240034474
0.14248777925192169	0.26819952212257492
0.10896584020030957	0.23693417061011962
0.04107436689537558	0.207421263648294
-0.048307726692189003	0.174352338190078
-0.15476906493848794	0.13138950042059699
-0.26210589496677555	0.078135848428730059
-0.35451085366625978	0.0095155286111856148
-0.42638339611518339	-0.066772497770399161
-0.46412494121799958	-0.1491090956962986
-0.47592223438528503	-0.22433064004406983
-0.46120512408071318	-0.28133989297482348
-0.43264572004944735	-0.31231855761817334
-0.40117572018338538	-0.30323042845422793
-0.37144620850599763	-0.26163199359261374
-0.35400961669950998	-0.18315900137234289
-0.34209359967955333	-0.089537465585366446
-0.3354449368840296	0.0054322742161347854
-0.32505868642835167	0.082337446973837936
-0.30209327625950327	0.11685531621015402
-0.26580537632067353	0.10991543863070062
-0.20941895474762934	0.046713508450718859
-0.1421905449096218	-0.049871623336250726
-0.067881492847579342	-0.17052993099703281
0.0037986713177634635	-0.28935924453529061
0.061882722345276538	-0.37909777797841004
0.10638239955521808	-0.43451435352204759
0.13044508663731155	-0.43445475764403091
0.1436966252420312	-0.39942631152523278
0.15078965476477157	-0.33397794245261347
0.15979116566049528	-0.26483061858573775
0.18162955732724334	-0.21786047180689219
0.21237324233117497	-0.20015093823487187
0.25650715244643096	-0.23396032906101749
0.29971012944710729	-0.29964015094997842
0.33268764492003972	-0.3942680510743638
0.34484474120114939	-0.48992391910163502
0.32070170123306513	-0.56108740314883532
0.26561827478250005	-0.59763687503982865
0.17326308593241865	-0.57572042847627147
0.063229794676696108	-0.51100854594182832
-0.053045189322025704	-0.40293632672138646
-0.15742149098708225	-0.27635801411293565
-0.22841229238308214	-0.15241103658843244
-0.2646205124235641	-0.041680937910862817
-0.25243570217494193	0.034506134124890259
-0.20701114724319886	0.087234563142561256
-0.13348455223589126	0.1144358269849403
-0.048292211214713679	0.1342424951999775
0.031409171846447898	0.16262459087128359
0.10264312207661168	0.20400123123466654
0.15317262806067966	0.27311191144608116
0.19362259545711449	0.35496552082869776
0.22722941092568372	0.44631435093703381
0.26392162004737441	0.52666769023300264
0.31624786261875382	0.57679384497537534
0.37958424265284851	0.58966805332809635
0.45952905181108772	0.54763869289893641
0.53796436694483019	0.46335465161518824
0.60404608492595468	0.33648935228431281
0.64155103735433061	0.18831756787357559
0.6301824272419605	0.035464697714680513
0.57131703722432314	-0.10844771447822688
0.45270597059133783	-0.22394845732480212
0.29492946839168566	-0.31196113449193813
0.10560525120853421	-0.36415548248909418
-0.088628016271656562	-0.38882189140822682
-0.2638756531368619	-0.39002578136574206
-0.40428798748060885	-0.37211179879775119
-0.4850300951118468	-0.34161913811786343
-0.5091630519722844	-0.29602957550999043
-0.46517521215714253	-0.23580530317811499
-0.37194981701483315	-0.15854426747563313
-0.23660013842669775	-0.059775783780629914
-0.082924438889169033	0.053832062776979064
0.068742678159592813	0.18213537207447891
0.20089696366342863	0.31003227371218234
0.29021527631867217	0.42647862061736386
0.33381968942968454	0.51915734268642311
0.31646516607069464	0.57127660767351185
0.25192989562843238	0.58521655493264846
0.1413993363775059	0.55185398816555076
0.0074066447285089584	0.48890708208327288
-0.13275170005797537	0.40445613596487501
-0.26218020825730665	0.31829157980805556
-0.3577373926571269	0.25100980548088503
-0.42086476646000548	0.20827322665130876
-0.43943615683273468	0.20703978585187022
-0.43101313467028762	0.23401928835684574
-0.40338479961149126	0.28814586245860652
-0.37374239259157643	0.34970448163541179
-0.36230436417537559	0.40128421625167465
-0.36777818511291027	0.43490690394130443
-0.4022554035140235	0.43331276138851582
-0.44580223786408324	0.40693572180680482
-0.48873804073538291	0.35478686099829571
-0.51239495797698986	0.29387496788131839
-0.49333700675357672	0.23912445851483119
-0.43618792569062237	0.19579952727907307
-0.32811824850769905	0.1781620875040634
-0.19805160708719827	0.17414339839941978
-0.061279040210100416	0.18158791821079229
0.054131139099788485	0.18501796316010313
0.11473613616443792	0.16783594872853394
0.12136835716554084	0.13124603538395666
0.052742486671654112	0.064147059822631344
-0.058231105155844586	-0.013142591159424738
-0.19822530402930563	-0.090381669109011561
-0.32977565775898798	-0.14843992230141728
-0.41354713739744819	-0.16282417487501166
-0.44182435893014366	-0.13938195078734966
-0.3834114723075524	-0.065404961955702209
-0.26941484668716997	0.027932531360709206
-0.10588976066209238	0.12317354138200982
0.063206364124004058	0.1918745387528884
0.1985148858554999	0.19808270582483681
0.28018418645512838	0.14686891969757068
0.26867453357889459	0.018254491703841372
0.18369162821136401	-0.14856469850396647
0.017687807823174272	-0.33409373267779607
-0.18711656938788601	-0.49920841527191251
-0.4016042640948862	-0.59854400274149666
-0.59401358221461475	-0.631327220835744
-0.72327655546202574	-0.5680728889053035
-0.78819476711569181	-0.44955198260099621
-0.76577045016446599	-0.29176629664159831
-0.68033368719246157	-0.13953819317389479
-0.53852003721906982	-0.041028412055604077
-0.37041530392730898	-0.002223614872701524
-0.20221993483878636	-0.058086433011986016
-0.052225557457126565	-0.16984969692870538
0.052958153482985632	-0.32542078052656687
0.11208489215312362	-0.47973868484699117
0.11080866798457178	-0.58589476394862616
0.06181886046351235	-0.63733933268349796
-0.034008080928599221	-0.59919656183202008
-0.15557935674629819	-0.50953623766767864
-0.28854878260592837	-0.38020036155740611
-0.41180006384060874	-0.25499645900127554
-0.50307872427970524	-0.18055429342289658
-0.55145312405082048	-0.16024915241859169
-0.53598337380246319	-0.22717629926302585
-0.46443974580128056	-0.33880557034478104
-0.32954378761098091	-0.47939516829118217
-0.15550178398889078	-0.60167525766066543
0.044631723679584338	-0.65463573546500808
0.24467995771497281	-0.63375560697151079
0.41779240462037098	-0.50228667743029853
0.55293573046266931	-0.30590044390467575
0.62719197500290547	-0.059721979606596316
0.64936450366173371	0.18135763865976176
0.61443543720231641	0.3621780768682788
0.540950549358166	0.46842203347282563
0.44146928511170247	0.45475279102050697
0.32893275147936418	0.35906826320550117
0.21979032439541923	0.18589424479246186
0.11607664208879762	-0.0099896248829318152
0.026228372159570194	-0.18013705023311091
-0.052511197571417978	-0.30102220524909096
-0.12016327952965267	-0.32466560292239088
-0.17649770537607062	-0.27598193066393206
-0.22203856955454332	-0.14809633631608796
-0.25454429614175217	0.011602048423978432
-0.27122640631355099	0.16762006755875389
-0.27424970321629394	0.29114464614691576
-0.26227065998958354	0.33811495787171508
-0.24302578782952769	0.31878110086191735
-0.22222056852149724	0.21680199011879259
-0.20460456343730507	0.067890348708077586
-0.19905567552896075	-0.10819288154151359
-0.19889436184124526	-0.27993344191764252
-0.20488538609396972	-0.41190116787636494
-0.20357373121405314	-0.49608283508378442
-0.18288776593462935	-0.5080437232029269
-0.13944209655686479	-0.46161815569908088
-0.059901916855624057	-0.35510379048370438
0.037956166857053955	-0.21067590388131427
0.1501586311585982	-0.043769161123854795
0.24863103360574043	0.12709694659949788
0.30788194649244244	0.28123452524886516
0.31618880218444295	0.40971411814441006
0.24604076226881513	0.49589993845443853
0.11931121137551651	0.54222308259464347
-0.065681474185088087	0.54109813674992457
-0.26578310786714743	0.50593884478096862
-0.44824876865736574	0.44154002244184337
-0.58353228364771192	0.3661730402373074
-0.62766493482728469	0.29618860584814294
-0.59116943649139875	0.24214352350034624
-0.45536579829314849	0.22238632211753223
-0.26389341614829243	0.22989253528762696
-0.040082131979811156	0.27091756083912649
0.17381938258086821	0.32397033497393585
0.33055033210845947	0.37597512966656127
0.42181724606155968	0.40794133542769434
0.41376239148252042	0.3962066063461791
0.33581776019479237	0.34171042366206344
0.19200001656046514	0.22998266452502245
0.024697410005972524	0.083589795295019073
-0.130412970143433	-0.088765336557692406
-0.24918097922211813	-0.25996199721431024
-0.29305722535545675	-0.4038837372235532
-0.26956236084517488	-0.50881485601260557
-0.16312509957510057	-0.55098358397746705
-0.0044718649243018329	-0.54044167876041049
0.19222110488000821	-0.47223608912151155
0.39287454049843706	-0.36760947210336248
0.56498465536664433	-0.24045439181498371
0.68964876293226041	-0.1078680758171664
0.73497474964514764	0.010793182825868363
0.7074271099342706	0.10841401651539029
0.59296577157431363	0.1715412485727498
0.42121232097798011	0.19983201317348367
0.20484206200268823	0.18721478735890454
-0.019346229911021827	0.13742236585303522
-0.21682825483141507	0.04831166599935631
-0.36810528237465778	-0.068561203019192843
-0.43720731370774735	-0.20960623739174711
-0.43902385424645535	-0.35306820365860342
-0.36271401051593866	-0.48339535671765987
-0.2494989803550387	-0.57838722768524764
-0.12568083566965341	-0.6116215890885961
-0.025176060783771072	-0.58021197159290983
0.0071706811422274173	-0.46351949461759356
-0.022158145288378454	-0.28837916442727657
-0.13707367774474505	-0.060608692030777532
-0.29123977256994571	0.17737891738506761
-0.4617111042888935	0.38969093121309012
-0.6022263560252259	0.55094882070546969
-0.65904480036192992	0.61891725343514292
-0.63165934344587027	0.60827390783267099
-0.48405987372098463	0.50508904134999988
-0.26901471687903983	0.35294958449591102
-0.0066012642796165547	0.17904560917578516
0.24111779263679006	0.018637948651770753
0.41010077378655224	-0.082449915858105779
0.48620725373948714	-0.12871585631609783
0.4177284786286693	-0.096350524368189153
0.25332775368069976	-0.024452099745162097
0.0018824584974581615	0.067748629820014714
-0.26895838391381655	0.14445883668791648
-0.49662791985229199	0.16257172582947982
-0.65700226179686894	0.12479841168065169
-0.6918457118460376	0.0057651740672389901
-0.64092684744019746	-0.15338027820940156
-0.50406618256898406	-0.3345711972626737
-0.34287220968317939	-0.49393842052248926
-0.21191335414448556	-0.58408930628212408
-0.13213033120977824	-0.59752754406489084
-0.15597357248902352	-0.49884413249589066
-0.24348235428465234	-0.32438450256303247
-0.39176252471756101	-0.081762250915990736
-0.54206479994231993	0.17823612080543177
-0.64016462167571875	0.41087418300161871
-0.66959366135199627	0.59038812290233644
-0.58129920662381962	0.67071852493837825
-0.4188098505526931	0.6680157679070472
-0.18918930400693817	0.56931109536957736
0.047220498781228339	0.41590249746496916
0.23340572000309326	0.23348635597800194
0.3523183595198241	0.055898739532572385
0.35394604285754605	-0.07595175661412211
0.28016805521267302	-0.15758633057720459
0.13739917943182059	-0.16321312398293464
-0.017979451909491961	-0.11586271104070502
-0.13190393455017466	-0.019676577737316386
-0.19100780070032428	0.094469869633195591
-0.14981076484601469	0.20022222569545109
-0.050590375898224682	0.27987600170668198
0.09719947957803135	0.30518101757203137
0.24056810005878662	0.28141994197238596
0.32626942127822767	0.1965354497501067
0.34561564489687979	0.074297342325913479
0.25716773671499032	-0.074629680986631586
0.10593334004757955	-0.22298763902369481
-0.09477238611164629	-0.34432052116605333
-0.29131102299849798	-0.4255577164663128
-0.42865968780238395	-0.44119578246178121
-0.49765661366880509	-0.40207720307912903
-0.45652829466062861	-0.30076441879112348
-0.34808706521516447	-0.16659411749678266
-0.18423842519100286	-0.016943492272327415
-0.015929372387170272	0.1197465319410836
0.10492950823434252	0.21130173451761622
0.16932347830383804	0.25154480943507629
0.13766944050373228	0.21613604247238247
0.049761886715693898	0.12738843760036225
-0.083644857637249742	-0.012111118168783325
-0.21501339049675902	-0.16752398818025621
-0.2960945774824934	-0.31015989037606861
-0.31826929013742811	-0.41898687395358869
-0.24420017742436859	-0.46084046115230298
-0.11179277270348342	-0.44342795078786873
0.069382288829973077	-0.35415774504689757
0.2516576637184525	-0.22076205605601257
0.38895200382261974	-0.058876733952185574
0.46693668799258059	0.10780073310901833
0.44625802445394269	0.25126168597578391
0.35590987694086551	0.36880378749988962
0.19736721528221621	0.44371843839978165
0.013833029419478879	0.49001576592364188
-0.15781578120480791	0.51253106869265841
-0.2971259752649405	0.52208023330625863
-0.36682288330546103	0.53287559328819734
-0.38049389027309394	0.53956310648668038
-0.33029411937173403	0.54628232270404098
-0.24324568637441232	0.53876479960165335
-0.13916701414981231	0.50529517857360817
-0.031824304614870257	0.44235375822408951
0.056166821280417285	0.3367295956662486
0.13153619776654779	0.20578105676727573
0.18963843656942531	0.053840355989373999
0.24198358425283337	-0.093224995339343225
0.29926541665026446	-0.21181339329818327
0.35928735767849579	-0.29079490120268092
0.42906960808221262	-0.30636732684198531
0.4916556132111834	-0.27294583287456037
0.53730633247465109	-0.18828853084561001
0.55138942443887684	-0.078564381884063908
0.51410787946907366	0.035266305594851791
0.431216661577629	0.13981946190482267
0.2931462460062938	0.2115651903793474
0.12607308943219089	0.25998066354376076
-0.056558027712424172	0.2809887135554171
-0.22612160145119836	0.29172246485175679
-0.35263864401343897	0.30757769098057158
-0.42672482634990933	0.32968927676816201
-0.42364002356829444	0.37072167224405805
-0.35947263542713614	0.41148195534636306
-0.23227974763545373	0.44267425950112277
-0.071415177449500711	0.44727186827403981
0.1016780136967137	0.40159996745767296
0.26521047262743735	0.31630698379749927
0.39089704926505914	0.18210279675822377
0.47678207288114693	0.035128233974722006
0.50676480555455372	-0.10106923836600921
0.49499529878581261	-0.19799965645562875
0.44451360777959087	-0.21524851520143984
0.37254898350233795	-0.16504197226951267
0.29425327611474361	-0.029816117680156958
0.21889874323875408	0.14147335072204251
0.16061521212938679	0.31962131856444931
0.11998182404811808	0.4629399454109086
0.10300175348438297	0.51727471744759868
0.10753272800932281	0.49082054043488377
0.13401579809692271	0.35512595975106487
0.18070416952808643	0.16597554272851064
0.24752623099072046	-0.047789563140221432
0.32989748423780152	-0.23379055295739687
0.42714556591886865	-0.32892333267199386
0.52746246003214192	-0.33652262225131679
0.62385329104868781	-0.2189183885792981
0.70120627419950665	-0.036020796855031643
0.74435308304639514	0.18535209030320746
0.74646846706803083	0.38359399826903051
0.69189909027586649	0.4892758676710306
0.5919608826333721	0.49904799012598688
0.44465875758067663	0.3661431683398656
0.27427242869925589	0.15138480967369772
0.098033664969806977	-0.12308438712967935
-0.064908786365205043	-0.3879894935097194
-0.18883950122426332	-0.57086799425022317
-0.27622674114382584	-0.65913995057531261
-0.31394827011714704	-0.59756662399678473
-0.3230601566923208	-0.44166189843541431
-0.31387709030401512	-0.2048739612883313
-0.30550097228576262	0.041838836361733918
-0.32152306794717089	0.22960436361385553
-0.35878997479468311	0.33871577252548957
-0.4300771966876844	0.3105110810001801
-0.51118927987695606	0.19298356059873728
-0.58942918863808635	-0.0081479750256387463
-0.64307717275603959	-0.22472213424657375
-0.64482228354832882	-0.39477316690028502
-0.598741080692896	-0.49399533494579811
-0.48993906164977963	-0.4644965605472931
-0.34801846439020445	-0.34507011292552375
-0.18762840078146167	-0.1346369968251549
-0.03873374659539016	0.10507807216136664
0.064914703859655212	0.3214511550780616
0.12002559432593107	0.48825891727086262
0.10312108852999959	0.55202292510854134
0.041009832210589459	0.5418845365666014
-0.058170726230874409	0.45227866146248119
-0.16188483105591842	0.33384621063914827
-0.23823291377253161	0.22819074422257274
-0.27716896423990112	0.15685922418118414
-0.25140826784274434	0.16376046854553677
-0.18076736951245914	0.22341246925522648
-0.066004396752449179	0.33981396342476022
0.062990112768585391	0.46843153355995915
0.18074545574175646	0.57268890636152159
0.27324400158422407	0.63271338635932384
0.31437008504001124	0.60945993539856425
0.31494710681964078	0.52386930823397515
0.26986073996619259	0.37086501537157202
0.20080850222601818	0.18945375140270462
0.12386223959578031	0.010039006174311301
0.05078464036762486	-0.1466460955743587
0.0006412641042062143	-0.24606401271205169
-0.032404657009338325	-0.29922450456784272
-0.043484386465831429	-0.29715512986589754
-0.045648877668738742	-0.26526494928969047
-0.048612004191571988	-0.22190846330111302
-0.057516269017015648	-0.17927691128907933
-0.083163422331537798	-0.15888620267965475
-0.11828959609729946	-0.15111682782327712
-0.16292719318262311	-0.1588525689397618
-0.20598915105549245	-0.1660994598470415
-0.23759459178345696	-0.15833282043185179
-0.2541573644361419	-0.13402857470759946
-0.24623603901916022	-0.081317694345303171
-0.22151557479209905	-0.016710356258863128
-0.18032062325267148	0.053060523206990326
-0.13529067769211198	0.11053219067372887
-0.096582842048665338	0.13580023710785469
-0.071968935879013637	0.12945671312954582
-0.073304112890674525	0.079176259019959699
-0.098495474569385982	0.0038066967626604288
-0.15304573656392761	-0.088202008107040944
-0.22602321009269219	-0.17798164596322766
-0.31291879147615498	-0.24419469071387145
-0.39996744105684789	-0.28579912622199594
-0.47486149510523257	-0.28910074925342399
-0.52871972215799545	-0.27071859500772971
-0.54785599849029876	-0.23758400953515746
-0.53437733715717817	-0.20506585704951852
-0.48111763853707801	-0.1916570025284498
-0.40221011693493319	-0.19491678973071919
-0.30315783340718189	-0.22436660538278808
-0.20268514807775917	-0.26261318555921231
-0.11761495003965304	-0.29952603930304034
-0.059154713442143222	-0.32283823443525622
-0.046154167423663905	-0.31380974942046785
-0.072509436109739686	-0.28172936137085175
-0.14543586878692627	-0.22140954231306642
-0.24382551911056444	-0.15753918596827321
-0.35641799164483451	-0.10810324137171944
-0.46088598294977362	-0.088026014607805625
-0.53368535180894505	-0.12293433639153836
-0.56720621611595123	-0.19870558186634665
-0.541780622415308	-0.32166514165686988
-0.47003864353783936	-0.45609580003448341
-0.35030183050564273	-0.57734013972854192
-0.20582779528941392	-0.65854415598974647
-0.05349435816983325	-0.66183951596842516
0.089237554760955975	-0.59561178669504966
0.19956961201593493	-0.442198246023351
0.27663620949904993	-0.24187542863387954
0.30749232219088446	-0.015427578408603766
0.30557788137450814	0.19633115440299984
0.27470189095150666	0.34833739501461619
0.2308121080469144	0.43255457315479251
0.18845957989501108	0.41563099848748858
0.15564344006964606	0.32844865642015075
0.14616813323670283	0.17591889119160548
0.15716877335435922	0.0026019359716726882
0.19346677650334443	-0.1532443916827379
0.24580768098188796	-0.26780150069406888
0.30920359167985578	-0.30058715741358122
0.37567622490306796	-0.26333447199790988
0.43641633255234008	-0.14274550193568109
0.4889289127325519	0.026568828417817283
0.52684772764987076	0.22472714227126803
0.55297723690125	0.42083873944413253
0.56658953028311054	0.58027157163891063
0.57191547940321741	0.69436830641516922
0.57243198601496892	0.73863269659901309
0.56967304947788422	0.72594943809332946
0.56706848209722083	0.65391316133499233
0.56240774678916328	0.54389781554814587
0.5558446706215372	0.41086813051611892
0.54371597344467693	0.27164639499823068
0.52280703686219809	0.14599211830198749
0.49192570268208208	0.040058368566156091
0.44753236481478198	-0.032061410235022958
0.39345474855649942	-0.074428836300464582
0.3300027316973636	-0.083082489689886602
0.26419025066604546	-0.067998040846639823
0.20113835258590668	-0.034601590888176978
0.1468355831630041	0.0074195721480899146
0.10882474787199131	0.047864857213822283
0.087564114530439788	0.082848072224347008
0.08795603425648589	0.1042063089181743
0.10421106262308884	0.11456912477741556
0.13561283692302586	0.1123652330223771
0.17184446311497942	0.10203425817698444
0.20561985611403766	0.087597055454650075
0.2271302263437607	0.068738646007219378
0.22526713012281058	0.048250181143089349
0.19664344468096981	0.020834125606017655
0.13155944125009608	-0.016922592730440212
0.03784449414262632	-0.067882211947280766
-0.086172265673912424	-0.13890275854731282
-0.22168983693293284	-0.22140993939154391
-0.35730100962927175	-0.31498533911687471
-0.47249527901112953	-0.40201935089843438
-0.54546122251118956	-0.46899586449257696
-0.56869438357083879	-0.50321597479252822
-0.52245895496783479	-0.48500879452862794
-0.42163756612574732	-0.42177415994588785
-0.2641434248856297	-0.30545846559451023
-0.081148988772789088	-0.16275114928926332
0.10583830008699749	-0.0087911427109169382
0.26991018765408631	0.1298236411883317
0.37793376274036217	0.22276143029425047
0.42707555466546271	0.26608487041217432
0.39558591693034595	0.23784536614595952
0.30708046580293552	0.16174486898581034
0.16758475840225212	0.043374323697722261
0.0081193256759624962	-0.084881844941822049
-0.14330865373894996	-0.19334906505975644
-0.27163356579141473	-0.26830683317983589
-0.34956244843722384	-0.28074713647053628
-0.3857701670188064	-0.24685793112462881
-0.37377715954335666	-0.16251639024779296
-0.33175374597237084	-0.059646850269778701
-0.27298130448509156	0.038065518647267128
-0.20564709843547374	0.11002604459485622
-0.1443770491145977	0.12538265701633222
-0.083136560890329864	0.091222381694052501
-0.022868040300670647	-0.0048042700420694931
0.042733597873701873	-0.13523982539135823
0.12251079140893704	-0.28532678228609076
0.20790907609655221	-0.42931471719749592
0.30020943902129255	-0.53862374976604199
0.37874796407962413	-0.60698474841628802
0.42752729546532475	-0.61420120450510829
0.43382873937120547	-0.57347536887602513
0.37533412758564499	-0.48476797483681422
0.2648445275157183	-0.36760706635159107
0.09621338926098813	-0.23726442456801086
-0.096034603467630944	-0.10646957124322977
-0.29000076718203477	0.0080274854710414446
-0.45395365111422942	0.10301642361081152
-0.55058288270113398	0.16904410637620856
-0.5747265438399044	0.20808897012316371
-0.50010270449977423	0.21770179431586889
-0.35276102790142988	0.20171241282967023
-0.13680856613524348	0.16082553907282116
0.10820877743860952	0.1019673139107919
0.35113671337751218	0.028626072156906428
0.56269334783841685	-0.048180054624142973
0.70441517639109708	-0.11952718892978956
0.77269274135447219	-0.1756442337603327
0.74373088465177639	-0.20350413787840588
0.6396232030398401	-0.20395088649443985
0.46235700943374791	-0.16836439290973368
0.24845599728197074	-0.11210982161431618
0.024328527073118437	-0.040923747100489336
-0.17769208939814063	0.024928147337267122
-0.31954146993348492	0.065650853076994004
-0.392004465255264	0.074095771608827743
-0.36533912167865268	0.031292849900938925
-0.26306147022685361	-0.047088557102734144
-0.083632529463077449	-0.16121113272736134
0.12752461691752451	-0.28254881519744751
0.33797644143111077	-0.38860933350538923
0.5102932568805415	-0.46145399867268116
0.59622083597835629	-0.47259150198758487
0.59579927151167611	-0.43118743164219653
0.47932828206591488	-0.32703596076929187
0.2877747629587335	-0.18976002583509444
0.034713512462077031	-0.037378493031182528
-0.22737945970149415	0.10550225368573279
-0.44926167279409823	0.20761428949477911
-0.60765774158975483	0.27092337079686213
-0.65574108609671244	0.27846711161972126
-0.61492280987440229	0.25576201426198342
-0.47628250177847953	0.21466702813741637
-0.28398812592852124	0.17919242592833678
-0.069775626245599645	0.17796346184621087
0.13797934781911508	0.20899414071735778
0.29859316659836477	0.28942466073795436
0.41725382681934103	0.39050169600989382
0.47835962600039789	0.49937385035555021
0.50359603210079007	0.58547553280965747
0.50673644575557308	0.61559719138016722
0.49591536645569873	0.58481931296979961
0.48835098939290372	0.46806693452464487
0.47056562809988928	0.29259685392254436
0.43929566070899345	0.064262941862447687
0.3811170886130425	-0.1778009831728791
0.27742449121225427	-0.40007091644590037
0.14049851261679161	-0.57986354602197532
-0.035416809112283454	-0.68070659550067592
-0.21481707642745032	-0.71044295354182785
-0.37313526231046684	-0.65517966811409523
-0.4833152171124358	-0.5436519848905339
-0.50629803018817265	-0.39053725780376958
-0.45352495750829719	-0.22411621004375754
-0.30807190211077384	-0.073759612132832705
-0.11597601214838463	0.049125323993518669
0.09682459137926111	0.12083972720784715
0.28695692397468198	0.14888780456370745
0.40398577165617533	0.12705003961810435
0.44315970187679554	0.072798731733237823
0.37073250574174932	-0.0037253269574687269
0.22325329831287738	-0.086747131210680922
0.010436392818292638	-0.15910398582155844
-0.22096001413561475	-0.21481816854119568
-0.42786585859918846	-0.24017432326344171
-0.58950242937411412	-0.24122265635519186
-0.66526868325273392	-0.21499957440148648
-0.67156155231342185	-0.17483112064174003
-0.59939490431433051	-0.1294306055780238
-0.48431688900846681	-0.089672634007407812
-0.34998960090028419	-0.069598215332883517
-0.22308507349359552	-0.068421446238758066
-0.13747902460884051	-0.09422701338149142
-0.09522249580059107	-0.13444415624761633
-0.11638977425206611	-0.18368119741663252
-0.18078684089776406	-0.22848557426609908
-0.2843113475277394	-0.25391076696659182
-0.39876256875854282	-0.25904696971856023
-0.50106003595707427	-0.23334935731124726
-0.57174063066233993	-0.19077646814884847
-0.58280086710459378	-0.13642334731774686
-0.53678137857699415	-0.086335649560622826
-0.4180959674315311	-0.057855220870689859
-0.25312164072196253	-0.052188532582732039
-0.050875219154176046	-0.081892206515012472
0.15214893587622744	-0.13025763721030756
0.32353846972770101	-0.19100940899769422
0.44203054143219478	-0.24540457433653384
0.47104464630129922	-0.27263554468227119
0.42412142085454629	-0.27262082737573251
0.28826001903582393	-0.2310791517580417
0.10650438388365437	-0.16980226328374989
-0.096287089209345603	-0.09784856248569436
-0.27855860336157157	-0.039136813470141044
-0.39274392093222454	-0.020301129960362208
-0.43201596880627174	-0.042253863638176153
-0.36217920619528882	-0.12396296393338267
-0.21777279847865225	-0.23789575132530957
-0.0059470112305553546	-0.37437019226975088
0.22532699692187624	-0.49880229826710815
0.43339593135038335	-0.57719850512367732
0.59515593448417325	-0.59810550637756998
0.66732410762453997	-0.53118041791349468
0.66778427952696484	-0.3990984084979558
0.58673661411195266	-0.20170153325801382
0.46394920718572796	0.022853751003291158
0.3267983461908987	0.24410019851073506
0.20265962013881883	0.43912812105380949
0.12930417434787905	0.57234949875159957
0.1029216273395772	0.65133208084010097
0.1406252313457439	0.66297527585550176
0.21741523055377143	0.633696086016309
0.32129676536350438	0.57871920037157176
0.43036839936941695	0.5185209669658527
0.52005255706217846	0.47872368194222037
0.58638279615304867	0.45911419005420745
0.61407735962529175	0.47294721179654914
0.61250461615356311	0.50544141608870619
0.58291677575942413	0.55039555419336184
0.53438055738542245	0.59532409957558219
0.47585421309561521	0.62596055376535997
0.40891535354703545	0.64144658383059916
0.33898955532653591	0.63407979818673232
0.2634911727087153	0.61012587432116705
0.18148826257842859	0.57202970918818041
0.093445293691760911	0.52355125280259585
-0.0025288532502542177	0.46965539360840974
-0.10029935719760713	0.40917221327237857
-0.19730546210593292	0.34232924584807034
-0.2847160922572638	0.26989902261904741
-0.35531220730121943	0.18994430037879684
-0.40169694509067277	0.11082193665111228
-0.41479335638001358	0.036486284422098968
-0.39242266211431098	-0.021792385901690744
-0.32714275969236239	-0.051960577890936784
-0.22566667050737241	-0.052413616627837049
-0.08653629018863257	-0.012729780420047869
0.073177106573320314	0.052693286838126116
0.24439855340319505	0.14025971012981242
0.40459722972596324	0.22798590451505826
0.5332979217745426	0.29665921633422676
0.6152588427498038	0.3343709767294975
0.62681018583611414	0.31978565953914473
0.5727607973159009	0.26197118301524702
0.44137015869301671	0.15493766649331234
0.25861655748755291	0.022522980561326587
0.036222625150094466	-0.11995049989617594
-0.1947851886069861	-0.25292616843333277
-0.404498539363216	-0.35204982109022603
-0.57784047979231101	-0.41639187552448731
-0.68652444939469703	-0.43161343134416796
-0.74027094326977017	-0.41358823873809042
-0.73145938611976768	-0.3674364105558493
-0.68382642863659038	-0.31107995842317998
-0.61273765806510583	-0.26213944505580195
-0.5356856894486508	-0.22663933003335762
-0.47553356727286777	-0.21887429749878312
-0.43153559045570511	-0.23165423647791586
-0.41508773338753135	-0.2660945929719698
-0.41262801413672928	-0.31157338019775183
-0.41822027768344572	-0.35916723797212546
-0.42038301768275688	-0.40489573249613464
-0.40582542565297552	-0.44057612808316693
-0.37403925298453911	-0.46989197021305562
-0.31755048091521543	-0.49226116100250267
-0.24396561142132495	-0.51229789485428934
-0.15592626804741136	-0.53483196314348547
-0.060853067326572682	-0.55863447706992742
0.034053352701118048	-0.58668377210179179
0.12549143301204188	-0.61118796680912757
0.2083667585070072	-0.62843026774697031
0.28085725937265887	-0.6291637464285369
0.34089665955477189	-0.60417737864109888
0.38412316267676416	-0.54964665811752955
0.40704505643924271	-0.45675755056398426
0.40498581255641469	-0.33126761584788855
0.3716858683052045	-0.17076353017677695
0.30840261469806723	0.0090560897635219052
0.21086696729204446	0.20031793958311067
0.089398789730300562	0.38195940618666074
-0.052485471141093712	0.5354798877755691
-0.19864464937381579	0.64532004606976145
-0.33624291274632406	0.68887827720293371
-0.45184781323220502	0.66878077613517195
-0.52884746592304399	0.57160101701161203
-0.56394434924330272	0.42289555841080112
-0.54543441116884517	0.23169750762968111
-0.48192535813705034	0.03415069265820269
-0.37270227431697189	-0.13799824207732342
-0.23402897448945145	-0.26252463858903541
-0.076295288544668285	-0.30297134124012892
0.083591744676336871	-0.27028919855112077
0.22880040165712776	-0.15029245915545769
0.34871490653371173	0.01806623292245374
0.42729263128359629	0.21330269326025009
0.46398240886584546	0.39719729441835538
0.45003571585332014	0.52688795779414632
0.39400199338213643	0.59481785245440122
0.29717163909968358	0.56964627131656209
0.17257326004500223	0.47986276422601404
0.029583175082677011	0.33058052721730791
-0.11955135361653482	0.16058791464038821
-0.26244996458524611	0.0050584180161722617
-0.3901356368487619	-0.12005017813370782
-0.49129894922977718	-0.18104822271151014
-0.5605567408687353	-0.19595782392464681
-0.58899603137108292	-0.16103016733775666
-0.57589685816450553	-0.10788836978141739
-0.51539858004726991	-0.06233728797027846
-0.41401025251307966	-0.038082887816763542
-0.27137062908000559	-0.062938727541328898
-0.10222997447321204	-0.12038688693452619
0.084707009402587741	-0.21303463916098025
0.27166488056797	-0.31131996231892811
0.44167799522139922	-0.39124837540151669
0.58361225692449759	-0.43872452888864083
0.6800737987230383	-0.4271495082831811
0.73287628836303298	-0.37003952750932728
0.73454165216726086	-0.26286953837103044
0.69555124745119212	-0.13316441273188662
0.62100274664343247	-0.0010674933214703565
0.51956913072735422	0.11580168065420268
0.40095669959482821	0.19185988903621282
0.2671631689489648	0.23085483195369744
0.12237252045980486	0.22258720068832594
-0.030267743881572672	0.18331480162358232
-0.19121962995443301	0.12181771647067985
-0.34547063247770299	0.050329810528100177
-0.48585177274330305	-0.016387541482516321
-0.5892944769115176	-0.077136786119432449
-0.63324587200684834	-0.12424026647033631
-0.6089898767285632	-0.16237691822531164
-0.49157759571467302	-0.19308900433214513
-0.30715459817345042	-0.21810888610541559
-0.056202524720503473	-0.24050872910206972
0.20923573422816424	-0.25781138354279071
0.44956315775423861	-0.26914933026534271
0.62696049674904331	-0.27276584297542961
0.68555054385934133	-0.26587989391656469
0.63991015290050102	-0.25069686831308308
0.46513079071008662	-0.22736557152994435
0.22379141086827251	-0.19927471538878819
-0.049659995883724078	-0.16985648422105171
-0.2957390741914675	-0.13912926586230268
-0.44423122053765601	-0.10931760658604869
-0.4928791886696709	-0.077235215409907493
-0.3958542594455875	-0.041141227540961757
-0.21365624801602098	0.0010760893156756819
0.031409007805987779	0.053100377381795079
0.27058829514964117	0.11195677166960445
0.43200124762542264	0.17812238994400809
0.50272348797644817	0.24492492616870756
0.42719278016201739	0.30776344812617951
0.26144233414406354	0.36090095212500273
0.019116670350682353	0.39769031442999081
-0.2281803786573133	0.41626096295491571
-0.41030544439224043	0.41195333149393337
-0.50923261420661359	0.3864872786707047
-0.46609802586386034	0.33828875762543498
-0.33327215964355872	0.27257991860264674
-0.11963724072251118	0.19090292582621415
0.10320582782752864	0.10272369049828717
0.26778000523761203	0.013777897295962181
0.35283147942252163	-0.063201609981725679
0.29867607216540426	-0.11658512508912686
0.15312784109221975	-0.13732755068898825
-0.078684426627548432	-0.11078171336874401
-0.32838909784132386	-0.042124135108682639
-0.53315014930777316	0.075827217440658373
-0.6712319641236838	0.22064385170259193
-0.68573055002411554	0.38185193177649929
-0.61931500985291799	0.53076952098363783
-0.47541575725506802	0.63982783476725769
-0.31484486756224284	0.69521358086076213
-0.19426798942150958	0.66894655973218753
-0.12955481653167514	0.57595870862088527
-0.17033241549006992	0.40965851272070181
-0.27199431624819081	0.20663612863618766
-0.42632988072253797	-0.0099801594857993996
-0.57377867961543183	-0.20639624907833373
-0.65687016314901525	-0.34343079835858331
-0.66112405468031976	-0.41411724082740947
-0.53770559046569033	-0.39024941988020878
-0.33220768202932999	-0.29636476405054296
-0.052961532944054694	-0.13490765161762766
0.23708249667963033	0.056048923260102225
0.48010497626299553	0.24638737314356771
0.65238191363789821	0.4097970995954856
0.70021896410304241	0.50960863247299037
0.65570775467915765	0.54678099945375058
0.51525828953846098	0.50198373631405868
0.33222109252519283	0.39941584861517726
0.15004887741898948	0.24667248572820374
-0.0051549214141196594	0.074234751999925422
-0.087198929562441477	-0.09113283266392655
-0.11289425338333056	-0.23068536556908656
-0.072562603389322189	-0.31593136618414219
0.00051920729681882607	-0.34934604811480285
0.080647359237146568	-0.31704946295636538
0.15478116086466889	-0.23961561620865554
0.19600669999677375	-0.1244688018276031
0.22023981904237519	0.0028217939598070541
0.22756858715945616	0.11914492715695058
0.23856241191819774	0.20970247711681608
0.27489157941793352	0.25010225700351352
0.33334152322918881	0.2460152213870547
0.42723179826556601	0.18751749826271125
0.5286303265971678	0.09700138051881356
0.6226035249105113	-0.014122869186321222
0.68347546426995587	-0.1228330321673814
0.67927068743840946	-0.20434983215710389
0.6139541960067435	-0.25253417924302562
0.46971335530387182	-0.24772889575390614
0.27990561687857368	-0.20570896869881383
0.060214532836059792	-0.12735249450048908
-0.15415083316404901	-0.037692967246676062
-0.32586580229645684	0.042409179259004524
-0.445593667952978	0.099556667741441729
-0.48488527455207026	0.11046583327923112
-0.46375329018850714	0.083935405007632455
-0.38334343179221297	0.01353600900160579
-0.27180739727619418	-0.078331710479354402
-0.15356553726123412	-0.17683143940874699
-0.040957610553926181	-0.26569956101263198
0.043051450600575553	-0.32279000733453539
0.10591681589717004	-0.35091381789555809
0.14341646538700747	-0.34033743127015437
0.16761703575618017	-0.30654858234179
0.18910859548614639	-0.25839815060402338
0.20809882924195827	-0.20606314080103144
0.23225742428797874	-0.16449550284909714
0.24978844130773395	-0.12822128072546099
0.25445264229116182	-0.10117145516758844
0.23724961058339	-0.070083165811087866
0.18469198185936986	-0.024097091053579215
0.10400136111956852	0.040066404653506749
-0.009295933677714939	0.13419052221955574
-0.13360140573102541	0.2436238871644984
-0.2552266754160365	0.36464306468857044
-0.35491507324306293	0.47624743666024227
-0.40923080721717087	0.55846035736661637
-0.41702286522977999	0.60448647475203154
-0.36288496973376999	0.59575639972175098
-0.26614712504982663	0.54761559768010337
-0.13234792167775689	0.46145518104679389
0.012544676466922996	0.36056881968095683
0.14588357625770704	0.26552510199424584
0.25216757482775731	0.18589038474880876
0.30717719033856938	0.14197601372959778
0.31442016657863692	0.12211561027985328
0.2633216820377921	0.12702931366920714
0.1719099507735149	0.13986891590343661
0.047883369002030329	0.14424308330604127
-0.088343431263065098	0.13950133219348559
-0.21764690978224324	0.1135015566497747
-0.32845539501707394	0.084327289695786192
-0.40252327640835989	0.060847101395689135
-0.44074883077887483	0.058563774703614534
-0.43437425964729953	0.099468304599637139
-0.39412217836671515	0.17296462507009472
-0.32331004575197336	0.28719230060434009
-0.23539553293644291	0.40793543467340293
-0.14192948732491947	0.51244618715565926
-0.051949838917973765	0.57445995331842237
0.021991474125319307	0.55617388331966688
0.078885628875676544	0.46945487236578554
0.11157037465839556	0.29828938025925833
0.12595405655065892	0.08851586336979822
0.12320102903828048	-0.13300101123990801
0.11038101322066388	-0.32535341584630234
0.094288404564445844	-0.43747863034435053
0.07691353445374105	-0.47297666481579431
0.06415467279909802	-0.40265533908742318
0.05108239948785185	-0.2738285038190591
0.037026224247672018	-0.10798255471178191
0.015107627468104005	0.04659232353139281
-0.021502950507908722	0.13565350559353745
-0.073622879812890646	0.15557191761530795
-0.14721125196119419	0.069560059746173131
-0.23367246246439199	-0.077149415357233408
-0.33068937009145	-0.26880129753014143
-0.4253856765845408	-0.45375075914749202
-0.50647397437376307	-0.57812030757997601
-0.56687045016430437	-0.63285272767557477
-0.59406897386642465	-0.57710565976377215
-0.59304908829500524	-0.45235704477075228
-0.5601324455523663	-0.2690356407677813
-0.50878658768645202	-0.079446636649096083
-0.44728258897501011	0.065438739264363513
-0.38753150483095195	0.15118984718143968
-0.34365739727796302	0.13468099403812936
-0.31729232076146818	0.051026111332028605
-0.31758680193736749	-0.095461010421579451
-0.33610948619792064	-0.25550564133975923
-0.37123356288608522	-0.38418756661358866
-0.41169592680566736	-0.46412945050574428
-0.44763978440229923	-0.45359419136251483
-0.47321939009346015	-0.38074087212414193
-0.4785556707158789	-0.24483830396339093
-0.4658918154574398	-0.090820200528980169
-0.43188525545219553	0.043532730701121958
-0.3834141916983696	0.13749266004189956
-0.32377206808869058	0.15157406239443022
-0.26037058707369631	0.10426931652246509
-0.19962653824442611	-0.01120818445470555
-0.14781810407210422	-0.15850700870262124
-0.11189528669425365	-0.31077647145474419
-0.096259416703017783	-0.44630093838801616
-0.10776218775643236	-0.53248538621059383
-0.14600251279434348	-0.57511729706229486
-0.21579481421494534	-0.56241833049886103
-0.30834425730122944	-0.51449093098067866
-0.42219430289883453	-0.44335554556233864
-0.54014448671801307	-0.36147982601696999
-0.65012017800829114	-0.2864568451706041
-0.73528733699748727	-0.21493078691912559
-0.77611677905750642	-0.15225251001600976
-0.76861930800561618	-0.089895062714516596
-0.69691074812277853	-0.021150352970329904
-0.57714685338981431	0.054087339570346192
-0.41070486682820917	0.14211859965278154
-0.22603614559693105	0.23106692614687038
-0.044691743785453673	0.31587850836513587
0.11125018637625424	0.3823858597249612
0.21229853453856032	0.41649372266621953
0.25914112097098185	0.41293159943396446
0.23490394265264525	0.35897840733793701
0.16278135910509098	0.26289064362394721
0.05088243742468751	0.12267883727895082
-0.072410948133922529	-0.043640189610748087
-0.18041192943396495	-0.22530299846796908
-0.25992642102546581	-0.40253890977838569
-0.28544788747925459	-0.55642539349595721
-0.26722681059614667	-0.67365456263864598
-0.19930741165822061	-0.73443779320059521
-0.10480193679251668	-0.73929476620722079
0.00094806069271513582	-0.67641219757689075
0.10058628105902533	-0.56300035862488962
0.17200347735291005	-0.403238851792529
0.21411693791128239	-0.2244063996200957
0.2145487247493931	-0.048001692764654956
0.18507526987872494	0.10445557068281718
0.1292131473808249	0.20442077338869816
0.0593639930607512	0.2514699824238622
-0.01275298460795261	0.22804483611951223
-0.081573929549195678	0.15700400336103956
-0.13758420035575411	0.045402320560244791
-0.18091694454748347	-0.076907076530897067
-0.20852045469720648	-0.18227619835774916
-0.22043465423879796	-0.25703476991649638
-0.21599632466854127	-0.27375995033263834
-0.19426318437203358	-0.24606144766359381
-0.1531793856526566	-0.16849806326390809
-0.09542240825334021	-0.070799676367700334
-0.019771100372258904	0.026347080017826777
0.06413449105293971	0.10125366585737904
0.15134223048220971	0.12410983247008611
0.22900953552457151	0.098594072785473746
0.28482220019188814	0.010045319265729703
0.31224295973558597	-0.11632799536800231
0.29871408556365292	-0.26946945085887691
0.24998276321826754	-0.42158407735181141
0.16270763510446898	-0.54508483006239183
0.051596602041663782	-0.6282915135217666
-0.074621606163836909	-0.64735686705466111
-0.20135083406770748	-0.61119504149593018
-0.31340905845627887	-0.51376291900751814
-0.40382515283127046	-0.37608504493288186
-0.46020128049049802	-0.21011531873904848
-0.48363554883200349	-0.03702256021725206
-0.46943981158111459	0.12251066531185859
-0.42257499305379026	0.25507169496950044
-0.34444001884364406	0.34125596462271007
-0.24103273884304083	0.37835661271338017
-0.11635472011170396	0.35403708860551392
0.022206263258828782	0.27778189539981651
0.16910817463074315	0.14835070207395193
0.31481223458314544	-0.014418539638952213
0.4508625624630091	-0.19876072615106394
0.5684684253289185	-0.38169764404883216
0.65738614034599541	-0.54091529519404713
0.71351867654160139	-0.66265593017285274
0.72869409672730279	-0.72393291479259791
0.70489343671560623	-0.7301189052514574
0.63957306496861177	-0.67135407489045129
0.53813504634910547	-0.57034923808839177
0.40274118834430211	-0.43801632439047666
0.24056863154301603	-0.29989216163856985
0.055772062043040874	-0.18129111305513004
-0.14041934919534724	-0.093792502043570369
-0.34121735969968309	-0.06045362543410232
-0.5291444979087403	-0.072154926168789699
-0.69001746735947678	-0.13476572583164556
-0.80716550028487399	-0.22637668532703345
-0.85967975942663721	-0.33345613891117726
-0.8460911567955538	-0.43674038811250854
-0.7500737390467298	-0.51430170566411826
-0.59528926498891388	-0.56060051220825158
-0.38697066697058502	-0.56007674158428511
-0.16407847102765802	-0.52086412693391515
0.041590295055008643	-0.44136104143180632
0.20331220417576717	-0.33521349881842971
0.28063594347155801	-0.21190915985710609
0.28294814244175803	-0.0823214566539507
0.19260267680341064	0.041032401173491578
0.050246495040456869	0.15359608539618846
-0.12249055824652653	0.24626879029073481
-0.28620329569040348	0.32016673872270435
-0.39568071240696812	0.37201301266809494
-0.44671041634685277	0.40588622907222882
-0.40869857646544572	0.42339507008167365
-0.31557850486427313	0.42867242206869105
-0.17750308486486574	0.42588303724075816
-0.035219771762598259	0.41654000023879623
0.070254366458244746	0.40421178349701403
0.12957528454286246	0.38689697584302574
0.10956892307007168	0.36497234989821037
0.040708256554734978	0.33487182671548194
-0.071479674922915681	0.29314791942451063
-0.1853311274801718	0.23982162441640628
-0.26202465167374989	0.17180066906213504
-0.2875063241051431	0.094977373551798611
-0.22605433934390573	0.011310560577181723
-0.1038508940425709	-0.070491549995798194
0.079381754165967253	-0.14222943949003924
0.27998559365323739	-0.20041818164731018
0.46256372490566067	-0.23671597480289328
0.60261055394566565	-0.25749392649914588
0.65995453473110011	-0.26247947548206707
0.64619662394212785	-0.26326182647601409
0.54824622062629658	-0.26968878412850911
0.4000064516393011	-0.28671198741605641
0.22169729330800586	-0.32569689951675707
0.041277596266451014	-0.37724985247334347
-0.10825555653086255	-0.44194787099761601
-0.22179688571845271	-0.50124434026047249
-0.27886530050479807	-0.54052270400405866
-0.29259115221351545	-0.54856981122643012
-0.26375504630427066	-0.50608591608597242
-0.20892512957739456	-0.42271424684383996
-0.14163608714087825	-0.29288603758331427
-0.07176890953140691	-0.14293752499640075
-0.012691142059353009	0.010294946276338684
0.032522194488354118	0.14388046599729226
0.055943772458009626	0.22905448243386162
0.0587629671395676	0.26648157543044476
0.037618519052676241	0.23862520873446488
-0.0017649951454516406	0.1713241789042482
-0.058729730891401863	0.074421202370919967
-0.12143675138413045	-0.021632016736493877
-0.18224122077714261	-0.086262812138897194
-0.22790299164337655	-0.10999135385537538
-0.24426668249901234	-0.066832168700435429
-0.22643315966782937	0.024270479991283535
-0.16129686203184232	0.1632598682930603
-0.059321690432525005	0.31945885116663403
0.080848336769244744	0.46754259726069958
0.23685913324966415	0.59139744158766883
0.39384219342866894	0.66313284777293069
0.53069675671416572	0.69275459862624766
0.62373044962994828	0.67322149944413412
0.66584960524829095	0.62778394639172397
0.63844038412248572	0.57325637196574664
0.55237093033327378	0.52190547246792995
0.4047048590497202	0.49488447604285002
0.21824191756014566	0.48234821965869151
0.006700607450684605	0.48831002567368897
-0.20561171900303926	0.49234766606226926
-0.39527313689359217	0.47805521356391206
-0.54590886253027004	0.43739708824169404
-0.63378073327079021	0.35177343848680998
-0.65755696106245509	0.23647115205438543
-0.60258893201035768	0.091735045227487891
-0.48508896099884175	-0.055908519186512767
-0.30671438674488749	-0.18486116881531239
-0.096481523855679846	-0.28009411607064605
0.12511395923916355	-0.31640392009266732
0.33085278528996037	-0.30271616832381659
0.48937761252534362	-0.23176192188182343
0.59260696608074948	-0.12692131888097338
0.61573632179232485	-0.0032471782730889368
0.57757748578657142	0.12154748133671144
0.47730862472737973	0.22520601350044153
0.34902613283873091	0.30630648279488193
0.21839222668553407	0.35293969149112936
0.10988760590889626	0.37431078005824914
0.058057789567859175	0.37349999461126615
0.05837053597352803	0.35697282048339846
0.12837269973324994	0.33222796996588899
0.23637251101734066	0.29924600829968823
0.36801416593113934	0.26006531281863093
0.48883662127692284	0.21601115953530733
0.56288805542586995	0.16582133516348821
0.58028499977661385	0.11929668493346676
0.51143316239699477	0.081723801366720097
0.37951319165057013	0.065383229303467114
0.18470467678101524	0.084561171230611881
-0.03358349678418409	0.13852724672957592
-0.24493428059478314	0.23850624408212637
-0.42219257447538328	0.36291885967413029
-0.52703156895044834	0.5037924447069172
-0.56254934347014585	0.63153182301586652
-0.50975631489585238	0.71817409177722646
-0.39658866151840461	0.75084978216972209
-0.23449438095419983	0.70136010359741197
-0.053948432087932097	0.58773011856054524
0.11523947627239699	0.40622279015615359
0.25962559628031312	0.19392562599794883
0.35350392678176057	-0.022575294186701036
0.40385151889148191	-0.21551272364173316
0.40391848127092622	-0.34732571752068186
0.36917964012591786	-0.42080929036738773
0.30934740838399538	-0.41668608117694728
0.23495913454146547	-0.36361227174912736
0.15902991737764213	-0.2738131102110502
0.0838389189710428	-0.1773040365757462
0.016009699954257033	-0.10537253504667186
-0.044475836555617404	-0.066427721179670829
-0.096538858411103393	-0.084785365833729656
-0.1368465920707494	-0.14401298730287587
-0.16277815202210424	-0.24432818824952188
-0.17111904203068962	-0.36009648642749986
-0.15627585549811243	-0.47105423753993431
-0.12276443800366595	-0.56130653040136069
-0.069088199951590198	-0.60731824821698888
-0.0076910402686520014	-0.61174636351791933
0.052670816053064201	-0.56378986615021875
0.10243093680527118	-0.48028758737419713
0.12712555903017142	-0.36792827069629086
0.13269044998421137	-0.24636116922418744
0.11414028409723619	-0.13352594607623416
0.089774576891252442	-0.041240114726887871
0.072637531528949098	0.011995986319550457
0.073509759518124135	0.028291169034266161
0.11232746961220474	-0.0013849997586242897
0.17466807323699227	-0.062115123122215253
0.26380247599335899	-0.1480116568082489
0.34658640410951957	-0.24101547592666533
0.39753611182374621	-0.32348367727960009
0.39694092070673809	-0.38828005154220874
0.30916293864794631	-0.41877423065489477
0.1565000609293877	-0.42580578762404875
-0.069226136111494835	-0.40779004320097967
-0.31222458775152817	-0.38536938609133536
-0.53359858160741447	-0.37553181528109214
-0.69084348432208464	-0.38765582068057275
-0.72350193685363973	-0.44231552177037015
-0.64653540387327146	-0.52291202882565047
-0.4316682993047497	-0.63094916643813126
-0.1481544163484412	-0.7326929111387509
0.16653979141646885	-0.80192728928964097
0.44532789120266575	-0.81760197598893958
0.6099087437589813	-0.74451612518753651
0.65646001489779082	-0.59890532668930829
0.53275401064128203	-0.36928419636496601
0.30570567110884761	-0.10361480996489553
-0.0019294096561158214	0.16846601943129469
-0.3099008874034338	0.40346788794056077
-0.53820236223487661	0.54866183217890707
-0.66334640705121339	0.60212671756958047
-0.61797292871736365	0.5301240016565143
-0.45369352544264507	0.37537694469365407
-0.17431635202801329	0.15178652760341171
0.14410835443652584	-0.087918954075678415
0.43449865340799904	-0.29293546841760548
0.66614150044435261	-0.44358924366238683
0.77411603316356159	-0.49420744481714907
0.79396376484256581	-0.47198322965455397
0.7203776873639961	-0.37325405488878094
0.61098250252875475	-0.24491418870240403
0.5157208974887012	-0.12435046023933069
0.45233190807359414	-0.036422643329739539
0.46775705984921734	-0.024044123056197762
0.52433157075935388	-0.07044089480544756
0.61653612179660666	-0.1867894201508645
0.69487584938029945	-0.33215168561511565
0.70978768114425639	-0.47909679562803775
0.65595692443757836	-0.59827985804149708
0.49537765596630423	-0.64952275609916665
0.27656049529344356	-0.63789426805546301
0.01638327656949342	-0.54430649454585278
-0.22826156726196906	-0.40105135167086065
-0.39855873041223128	-0.22329722337625713
-0.48339899726620261	-0.043326806761770052
-0.43735445647566823	0.10504941058461459
-0.3045658894512876	0.21124641618190057
-0.094711210387762659	0.24882446961216484
0.13424889041524979	0.2315372670982018
0.32838923792039498	0.15627880806172359
0.46592537214606528	0.047188442488054011
0.49776536536089377	-0.079041825265841498
0.45190644577680356	-0.2031759588931758
0.32406576109384649	-0.3027208383462226
0.16199162511626869	-0.37075571049083411
0.0027953387940398786	-0.39139359409255298
-0.12589491160995916	-0.36904005340458162
-0.18135649977513493	-0.29858113709158568
-0.17176144492465598	-0.19268841068471815
-0.080917728806015513	-0.056443876858321869
0.060805162474353663	0.092497727152506995
0.23827164592852196	0.24064015035208186
0.42197203045348652	0.37042593134783119
0.58222789040957568	0.46268606319003813
0.7044098464188665	0.50875893155445251
0.76307182097556037	0.49089826744696929
0.76098548282361322	0.41718902792743656
0.68653100170926962	0.28164136498287867
0.55743679711986382	0.10873342483766212
0.37857761233775022	-0.088439790861271989
0.17689464572411084	-0.2817186963946236
-0.026836140203050092	-0.44285360214549824
-0.2092442946318441	-0.55901981815973789
-0.34156357235937496	-0.60372014303634625
-0.41920539404066159	-0.58972242149894316
-0.42153911646094094	-0.51083736166601057
-0.36792468602666306	-0.39743917195196832
-0.26143433272728817	-0.26950657127995425
-0.13030056259902228	-0.15203673624229669
0.00052665898729207031	-0.076589228376190685
0.11812748004610495	-0.043455611770173798
0.19725425081414563	-0.071350703377136226
0.24994039925373374	-0.13656430614121512
0.2728459809911184	-0.23023359572174271
0.28684346327124022	-0.32653127092602402
0.31047703374669172	-0.3982890376646222
0.3473915868207661	-0.44066705028709535
0.4141392593541795	-0.43343245615000592
0.49054251162725548	-0.39559598214290409
0.56919783527067747	-0.33206853891240873
0.62833527309408221	-0.2649167225438771
0.64237752608630938	-0.21773682083856022
0.61534311134043307	-0.1908506692953951
0.53238062815131748	-0.20010006306318359
0.42452253090243314	-0.22252141099358216
0.30842407325704058	-0.24767832749686788
0.21236545667063383	-0.25383099104598073
0.17188623550578896	-0.21356459773704925
0.18186360470452084	-0.13346770911078443
0.26157072084392718	0.00062072337412949485
0.37335925338133519	0.15386667337548396
0.49781637522197103	0.30683847692274435
0.59950873259923565	0.42749009544220462
0.6359017785354657	0.47576301261844922
0.60888626556908065	0.45626299770607087
0.49322493252975314	0.34595402452072865
0.32776727356606	0.18770296306380813
0.129246363232665	0.0016890601741954316
-0.061225800859019519	-0.16706084084495224
-0.19936523825068947	-0.26873787602398413
-0.27795482292835594	-0.29750886052349484
-0.26453619436093784	-0.2174175823878802
-0.19054907564140749	-0.069024258996085844
-0.062671260195027181	0.13657357686934982
0.077269823506154425	0.34694408337480914
0.1914866040805161	0.51253689522641743
0.2611817168315132	0.61361005002240721
0.24972658371802289	0.60482122308209152
0.17282727339215836	0.51342113594835381
0.022051587543981566	0.33554706037345405
-0.16681425098147651	0.11919702104857648
-0.37148703781358872	-0.098334684167792355
-0.55988991583908154	-0.28879960302529939
-0.69620888205583731	-0.40830444790870879
-0.76937216975976097	-0.46648942705418212
-0.7512671945150392	-0.44785970681820186
-0.65720240651470851	-0.3839271252245689
-0.48125104152646236	-0.2930206408788073
-0.25900615839051538	-0.19919405839222981
-0.011177012966572884	-0.13219370825079704
0.22351175003614354	-0.093270971436089312
0.40499641766803596	-0.098271863590869077
0.51658493879052825	-0.13315881121755047
0.52089840955891065	-0.1935404159480163
0.43993367514198595	-0.26632416803662284
0.26609985418636556	-0.33830123506237697
0.050781222413913904	-0.40542918668320976
-0.17145673233333175	-0.45845681657072956
-0.35774852776927896	-0.49980162026291092
-0.45242554643051908	-0.52773136977353596
-0.45933170600696305	-0.54544402934678959
-0.34641989895892217	-0.55475150373555504
-0.16569458351178551	-0.55807974342751887
0.060622474002814342	-0.55783020822472063
0.27523030544329713	-0.55588827493698401
0.41683189106014379	-0.55534122494679306
0.47519361934553789	-0.55498480433820563
0.40360746076554899	-0.55657388801485785
0.2501996496490001	-0.55431837090050062
0.026457661793828656	-0.5450615469438328
-0.20441025674123919	-0.52265809397364638
-0.38186682438468939	-0.47882799814645666
-0.48641167187694812	-0.41681862842779316
-0.46453679734842845	-0.33188715570354782
-0.35772781705765627	-0.23972416036914915
-0.16926480719528977	-0.14857483344803096
0.039743613904654834	-0.076032513942068766
0.214214697615697	-0.041958683139895092
0.3327907586245718	-0.047794105204672567
0.34364489969530954	-0.10848724841855176
0.28310200796954382	-0.2033764817132015
0.15210844364679102	-0.32620045997661196
0.0049728903174329972	-0.44870679362196997
-0.1090468395021254	-0.54443261699065715
-0.17385177239043681	-0.60174801318607829
-0.14434095223364024	-0.59531320355983219
-0.05826251459257159	-0.53979490770871985
0.078764799217324571	-0.43312316347240104
0.21545376257373514	-0.30016823747389748
0.30258763045534814	-0.1615770111823191
0.32833621674371566	-0.027949677899059701
0.25074372477592277	0.079690745460797213
0.11097024116405811	0.17196584826921071
-0.082114019520143328	0.24786629826512419
-0.27359523781853579	0.32126184343250108
-0.41157768103685011	0.40769488419304634
-0.47813687431172169	0.50113813097247917
-0.42699143652649701	0.60947930526262939
-0.29131635374677456	0.7065157742868704
-0.071552326331100397	0.77529960227592021
0.18037916971602211	0.79595441969957503
0.42108105511860677	0.7386085930734787
0.62453943933255596	0.61629997849080542
0.74537921102817439	0.41798952832199737
0.79828695328626886	0.18603632025089395
0.77152798575180737	-0.053250056692303628
0.69899098740261079	-0.26276018417623764
0.60370895056945462	-0.39594115921770634
0.5065142548384437	-0.45481384674204051
0.43721984551369114	-0.41230976087025917
0.39191701777194882	-0.30914405103209619
0.3818314041776435	-0.16258700818483723
0.39137293787186328	-0.015904721866846088
0.41171886292168269	0.084310921116620599
0.43379287911356912	0.13076702160895601
0.44479445226432351	0.089299974364382556
0.44707352835001951	-0.0060699891548441293
0.43673933425324762	-0.14740535575589592
0.4197134930712586	-0.29062157587626802
0.40018984817260794	-0.39398063119940524
0.3794609656259722	-0.4425054147946309
0.36104609211989769	-0.39866212418022762
0.3424590291633311	-0.28838282769276241
0.32293884551865176	-0.11038355092480936
0.30082898611410752	0.091221380373370076
0.27406918285804588	0.28188589872182285
0.2431096435725465	0.43418920371704994
0.20804298955457873	0.50667477354117862
0.16788171228781987	0.50690370495737713
0.12269055172422988	0.41755752954754793
0.069405383755929737	0.27181842103761428
0.0049524469423364754	0.08587895959491916
-0.07057460676647842	-0.10661054252289524
-0.1606481289694246	-0.2714954942492569
-0.25764387046014164	-0.39409615184361257
-0.3591987450823847	-0.44546445888881464
-0.45300161528471677	-0.43425076234807397
-0.52829276811952686	-0.35177696993219498
-0.57805484361909154	-0.22108034298124907
-0.5902665365013704	-0.053940765895160572
-0.56917996976170326	0.12454772279482453
-0.51148965193165108	0.29064276509169268
-0.42784712112051027	0.42850943499282224
-0.3256575542337431	0.51427354301693673
-0.21135454341441298	0.54831052160298721
-0.094122730444608615	0.51726329924187864
0.026885856687283577	0.43845519829647461
0.14940357515610117	0.31626518003280535
0.27359262769008325	0.1761692562322752
0.40216594274214457	0.03874773771939289
0.52520370031309593	-0.076933311369124777
0.63923633991074291	-0.14521772900476251
0.72762601146701655	-0.16529549803840707
0.77482645984622145	-0.12176723907951581
0.7740933397590436	-0.032744876823861575
0.70787266806327676	0.097037285005477342
0.59304710318190201	0.24284576288095991
0.42947592307909643	0.38339329515241072
0.25067528598906647	0.50360691246465439
0.081761381144391687	0.58056369000868302
-0.052206606485869278	0.61652623249581884
-0.11586196833381772	0.60116403751330805
-0.11501108596339449	0.54933350162437211
-0.032201152053089079	0.46699439023726597
0.098156975308643105	0.37050609440413573
0.25928748617728781	0.27521697169685239
0.41573804344253196	0.1901198879644963
0.52899407028878498	0.12921055820566527
0.59146647588736556	0.092828792543678609
0.5741112084080634	0.087642997336016396
0.50277857403987403	0.10866309887879387
0.38147622495012484	0.15575099080639138
0.24668807137361057	0.22101917746149383
0.13049906612158202	0.29950154272053842
0.050113733631998524	0.38229584161664842
0.038180052120896479	0.46120904462428342
0.080452613065295747	0.52914738929587157
0.1843062873772951	0.57665741834029371
0.31752821496769418	0.60262518676265198
0.45881184303022693	0.60025480332065306
0.58281312062818924	0.57713864946536519
0.65782779482854503	0.53472648629244302
0.68162991881402268	0.48465028362583484
0.63541455117271617	0.43677576178158101
0.53721442275549214	0.39785143037906012
0.39082813484010392	0.37947946355380846
0.22015313473398621	0.37696458807339389
0.044936092566392	0.39347839619298464
-0.11857205885038129	0.41702246558531608
-0.24870875391540823	0.43909334040958337
-0.34196222086531974	0.45237771346157629
-0.38495517041739075	0.44452277103679505
-0.38562158952876452	0.42214357679530368
-0.34259391911158515	0.38249138546991451
-0.27039950801812601	0.34130481013788272
-0.17797744584645003	0.31034478180248526
-0.080724951271332654	0.29879560141846917
0.006325417332720097	0.32298194534481095
0.073140589466837283	0.37324361837209874
0.10434501933858442	0.45346640400826266
0.1009335744541462	0.53933704246025349
0.054725989344703074	0.61415487084338949
-0.022127882857166686	0.65896788194049849
-0.12550171870536364	0.64752063629341794
-0.23950519460927089	0.58502276774043782
-0.35017434395665492	0.45824860433221104
-0.44760377236626597	0.29624862397348467
-0.51686172014417475	0.11329410470609072
-0.55906331661618602	-0.059503025830572875
-0.56749771571767482	-0.1890595943767322
-0.55071108392600066	-0.26701805975168313
-0.5121218019084669	-0.26686795792943185
-0.46040238103061654	-0.20998488418607333
-0.40392438403747699	-0.09766626728830971
-0.34700903745790046	0.036363857261674543
-0.29636349301701387	0.16453640730579727
-0.2532015378710209	0.26708909404504938
-0.22102545400783774	0.31263597480173838
-0.19967690865745472	0.30847892905383223
-0.19109428214766627	0.24314975909600559
-0.19248971717297642	0.14157275380044534
-0.20444764144012006	0.017650146008547772
-0.21878958024019907	-0.10702009389264079
-0.23110864201694428	-0.20749623306676701
-0.23067450501920403	-0.27990732602035551
-0.20657161925955619	-0.30840897114492954
-0.1549487778905429	-0.30397980394913965
-0.064344917742535881	-0.26791222510803947
0.053325942205376058	-0.21342053751394285
0.19811933854775127	-0.15210637420877066
0.34558766773327659	-0.090100145418756078
0.47780600558083791	-0.037492647290945591
0.57526185057439672	0.0059956448951798118
0.61155489003998342	0.036970497616943147
0.58942363327027836	0.056362389456885847
0.49388287432814504	0.063942976113786354
0.35170344622906274	0.059794492716256711
0.17406679294635155	0.043023126982254974
-0.007244124330648037	0.016328676842521653
-0.1611260598907063	-0.020758962481422751
-0.27435842332617094	-0.059623895143960166
-0.31901935416245164	-0.095072534541188511
-0.30810941688913246	-0.11730805772643936
-0.23701222839982	-0.11550191241977713
-0.13065677100785714	-0.087555700017101168
-0.007497034039898539	-0.024300578820516561
0.11765838665038408	0.063880674168529314
0.22262594678934167	0.17532034549063163
0.31107650231025169	0.29304208621755756
0.37555098746571303	0.40355391642754512
0.42725562302411263	0.49473501564177663
0.47431882787667073	0.54975258179627284
0.51851494190748593	0.56925057972475668
0.56788489532258013	0.54463162106379726
0.6117573360474029	0.48678696334087723
0.64508421273562566	0.39983694970153261
0.65903655340860456	0.2954969349281717
0.64052259442650239	0.18506475673520031
0.59728265942657055	0.073913309472162417
0.52557445172059825	-0.028660042439758341
0.44675406864513389	-0.12313087150107493
0.37600371248415726	-0.20642744132866128
0.32810277170716334	-0.27989431415225091
0.32618458390695759	-0.34439388519125025
0.36036950399758921	-0.39830091909351445
0.43866234907303597	-0.44142749169735218
0.53054307018631774	-0.47032406465080911
0.61652889752397311	-0.48219669516182928
0.67151281077942415	-0.47489067238902644
0.66243073849419121	-0.44482972966030798
0.59367106431051841	-0.39348459167573685
0.44728433790669847	-0.31950635871615862
0.25721998971610494	-0.22777763736713322
0.038865851044505906	-0.12026552537434115
-0.17004273104698961	-0.004367649538266149
-0.33070159803319682	0.11466188384906967
-0.43092935300057505	0.22842541551660092
-0.43833482123566153	0.32918726788466668
-0.37474317761303788	0.40970738958703168
-0.23864810741257594	0.46059883642658633
-0.067652904704942063	0.4805666093162928
0.10975741290096866	0.46271784905625007
0.26773433073997099	0.41445919178793805
0.37069968331017777	0.33653519666776849
0.41935740551279943	0.24203923545104486
0.39586162316253309	0.14093250858838258
0.32028359801703155	0.043356089150257487
0.19957453353798654	-0.037151196557879462
0.055248730427978322	-0.10082140779033823
-0.092322620622714943	-0.14047795021463866
-0.23275898611549556	-0.16480795828570019
-0.34870243987390798	-0.17794538503962823
-0.44071396924124762	-0.18637318040038514
-0.50240513949203913	-0.19975056800970664
-0.53726629065613896	-0.21268267975037827
-0.54607741871600357	-0.22755610438859131
-0.53058112108835809	-0.23068569491586421
-0.49221848762541287	-0.21118668160542739
-0.4326740370031667	-0.16304452137833605
-0.35205267362805237	-0.071534402239860878
-0.25653433016097821	0.048097638789414192
-0.14899258573432717	0.19576845326935061
-0.039451405340107833	0.34071418745334137
0.063879598356098494	0.45957151582080091
0.15268378924262688	0.53005570525352685
0.21589953571930678	0.51864070506853244
0.25355221158607372	0.43568714243958517
0.25912673966030442	0.26637476319371178
0.2411828412895046	0.052720160688148207
0.20217189630455595	-0.18302154357051065
0.15390385207270749	-0.39638618820331462
0.10641876515330409	-0.53938506160009414
0.067477687800939823	-0.60033669294791281
0.048227098610573733	-0.54102217603848513
0.048550775120455629	-0.3930651054476898
0.074280043337687618	-0.1583890126800363
0.11871873645067177	0.11212481925865277
0.1802650799665525	0.37714819887430256
0.24946722293620485	0.60609832012716047
0.31929938559296356	0.75119856014606823
0.38088157989659432	0.8227021779311684
0.42493561440027061	0.80279606126392156
0.44563031955710419	0.72790270092921461
0.43405925618074942	0.61899309962077953
0.39017004174275183	0.50460860939354135
0.30817514805745072	0.42044432335556908
0.19637357291011903	0.36601002104116342
0.05574516587639404	0.3598224490009469
-0.097540156600477962	0.38055579929402311
-0.25297018897994261	0.41858779576076793
-0.39259194897828692	0.45732458960798772
-0.49799597649537963	0.47598823182877603
-0.56003949943992148	0.4775087469046474
-0.56120241298727358	0.45367328625077052
-0.50820725523732335	0.41713252005927576
-0.39500370263791479	0.37674751754077335
-0.24239023532053947	0.3356742330549935
-0.061414188198309703	0.30371173785095723
0.12472132662579195	0.2697917504714028
0.29332451809705423	0.22878646111449197
0.43181408815755085	0.17267352606297487
0.5186947501994581	0.0873615554738853
0.55801667881775685	-0.014070122077465538
0.54144817340512108	-0.1329471725874691
0.4846395729606483	-0.24014600218398366
0.39501731475781299	-0.312587105087415
0.28892140336615807	-0.33346388301651197
0.18248837832569714	-0.27159419274800695
0.083755071998492553	-0.14702516332835544
0.0067929806027625765	0.046626731858439026
-0.050365347889947329	0.26125166904828873
-0.082630080649547105	0.46326202425175433
-0.097101576033452319	0.61547472476088727
-0.096979405443876815	0.66668955316690581
-0.088876096916335731	0.62537031958287059
-0.079954684653941205	0.46623608147019557
-0.071763221556116197	0.2393208793750391
-0.069781974804215594	-0.030336572265388828
-0.069377335755555658	-0.29303123766282863
-0.070442908714863542	-0.49325483409403492
-0.06487732202126141	-0.62337838792675493
-0.046290027704574008	-0.64497465568798529
-0.0094421589974206938	-0.5949301641767325
0.054562260747679558	-0.48269613597178662
0.1411424498606007	-0.35215124026079397
0.25407730471286943	-0.24738410210186343
0.37718376782700841	-0.17721607646239718
0.5019498337274565	-0.17570560415224551
0.60914124277999215	-0.21123005270217329
0.67878794658647768	-0.27625694335797019
0.70458530596310043	-0.33257425578441208
0.66813458952857285	-0.34098683577889899
0.5857480254771803	-0.29691160618934825
0.45727611608854934	-0.1705168364135469
0.3137053077253677	0.0016466674007142119
0.17865173137404802	0.20825684546371803
0.074076835443042402	0.40345918930345631
0.032233939269704408	0.54251729293369555
0.045863561053741835	0.61075478910739467
0.12976569609450622	0.56911430031511789
0.25001523243042001	0.44600245135781502
0.38877365905572014	0.24146717767147158
0.51258116840231482	0.0015271698415448651
0.58312499139884055	-0.23651538587271093
0.59712550154934996	-0.44646304105670093
0.52796692637785758	-0.58617102154443168
0.40734493475311478	-0.66617911833084531
0.24455478054025417	-0.67272134027428865
0.080181936274145327	-0.63657025961855274
-0.04711501249314605	-0.57680610287522627
-0.12226015094807574	-0.51473991609926184
-0.10981002943502079	-0.47942415065185695
-0.032208666928151608	-0.4667148171258661
0.11307059622635543	-0.48872436752270071
0.28655917380014118	-0.52573592897788768
0.45750889948006113	-0.56646202605106166
0.60228517317429453	-0.59772691847131043
0.68449938470718052	-0.60066155882087235
0.71166539801709527	-0.58105839309992979
0.67073385645890171	-0.53279194182464906
0.58700581160747911	-0.47274693402931733
0.47587904250374741	-0.41232757180960811
0.35401401010444827	-0.36184995649752782
0.24443565252817759	-0.33730326769848423
0.14344831733029206	-0.33307247268794621
0.05912459305119111	-0.35403725501009842
-0.020815305145657416	-0.38470264546420141
-0.10566969908052423	-0.41480670584066137
-0.19631038926179414	-0.43353002671022656
-0.30183140413391518	-0.42596256609490174
-0.40686438170896855	-0.39411428343132382
-0.5046262316479263	-0.33157928842327661
-0.5784551674485634	-0.24869508829132428
-0.60891603866539812	-0.15058849726907264
-0.59754584678917166	-0.046485704021180727
-0.53217272871303389	0.053833105609082915
-0.43448812778427504	0.14690310892394115
-0.31398057649110905	0.22632179768080177
-0.19508694430391471	0.29112204267084146
-0.10305843098658773	0.33894764415028028
-0.044940578146791463	0.36756330548139615
-0.040898694490283521	0.37399199040731107
-0.076824678486676734	0.35810271804171284
-0.15227430231930403	0.3157576625205708
-0.24642125355276284	0.25600032252016303
-0.34152560745996885	0.1805888622811064
-0.42788397309930054	0.10724145924635277
-0.48796063719818089	0.049676262381165334
-0.5275126420223919	0.021651521359226933
-0.54297983827521001	0.043410741077852505
-0.54477808737157496	0.10921630483140893
-0.54122413955056914	0.22941665273774534
-0.53505517904304212	0.37599711922372991
-0.5341163785189047	0.53512464001209714
-0.53140052290005579	0.67460285133309705
-0.52497944102356242	0.76122804504401487
-0.50746117381383093	0.78418918998648013
-0.47039358865397035	0.71426178266378459
-0.41502903500493765	0.57348253194822874
-0.33628219219577615	0.36057192533053051
-0.24471393800533672	0.11625412345872979
-0.14526906109852358	-0.12961555930724958
-0.049710508146219162	-0.34571009661234209
0.030127517509722097	-0.49119997614666616
0.089513997217311875	-0.56473734141474641
0.11849180013936721	-0.54268336100384162
0.12090505948961762	-0.45108144735586736
0.094413701231332581	-0.29711476907492729
0.047613216278709361	-0.11372522626171541
-0.014665398103303785	0.070203267155435845
-0.083468735003690342	0.23531358405533706
-0.15041763961786817	0.35181766583816609
-0.20895835836158588	0.4221243930114883
-0.25069720482161517	0.43271980046018577
-0.27277482268030467	0.40158436645248574
-0.26886847667123098	0.33522656161825132
-0.24097461722748165	0.25454844375745694
-0.1865230878954503	0.17882788577301764
-0.11289097406879584	0.11944591298597479
-0.023149037437697577	0.096033516027652491
0.072353907341012283	0.10311867187011776
0.16491685032080691	0.14858013330970268
0.24652561568059095	0.21199656350493634
0.30682701492342801	0.2829032771599973
0.34413707613031425	0.33930907243426939
0.35209706190695883	0.35712171053975678
0.33437808018228643	0.33217961702277665
0.29084740028924549	0.2445334484953319
0.22655780062147329	0.11745427297236977
0.14528926455596283	-0.044939876772989329
0.050727446475595635	-0.20513923840326209
-0.053744587193880602	-0.33120259695696797
-0.16343908920407149	-0.40230627753297826
-0.27550703451793301	-0.38079547358984889
-0.38104919007566657	-0.28522236508704507
-0.47382625521932242	-0.10528351095529946
-0.54300940770630968	0.11010903226063498
-0.5770024255609324	0.32903807576780314
-0.57186820732455634	0.51082245738007859
-0.51596230027446488	0.60310810055705366
-0.42081053622720882	0.60899655956861776
-0.28627828954480455	0.4989359644870664
-0.13570247986813785	0.3185325113647739
0.014191195522459718	0.087130874488017623
0.14370369518330936	-0.14603625077261656
0.22737349576888893	-0.32896309300496518
0.26576234570439672	-0.45062420604748343
0.24353509632244949	-0.47139120384531147
0.18292091555526949	-0.42506713466623086
0.091984110254626134	-0.31751316564493504
-0.0021158850055058528	-0.19292655412582863
-0.072870355887019386	-0.092980977807494453
-0.11026283483054222	-0.031108342762091405
-0.09055196375080507	-0.043720717493337079
-0.028403699887392005	-0.10355129240513833
0.078039787548548123	-0.20854959547168778
0.20294849255697886	-0.31947868248584566
0.3262098399476262	-0.40099363062398602
0.43252936808005399	-0.43936790370976037
0.49806761349468748	-0.40149855675604079
0.52834700645866872	-0.31016989337153922
0.51525055191954416	-0.16506442241128044
0.47585706237652597	-0.0023845831491977835
0.421058161483993	0.14760156938748659
0.36129842072399276	0.26740837360361452
0.3120908596265301	0.32501932106581705
0.26912175770211144	0.33375889726150443
0.23637542853431548	0.28641642833227221
0.20447078943392932	0.21258088388219604
0.16539468407009963	0.13223064597718184
0.11902764695132628	0.066986803373334736
0.058715514835398622	0.045536407594066922
-0.0039507753564051737	0.066659952403363185
-0.063025061985133815	0.14590427704419445
-0.10822718244601723	0.26165739660301451
-0.1254834132118727	0.40682367311210399
-0.12022827541098682	0.55340090497695338
-0.086948325014625794	0.6769976652599452
-0.044413733966668041	0.75968599202268372
-0.0051032163157071408	0.77377935734524916
0.017622298281135942	0.7241620322345953
0.0033620849322215825	0.59674423883237004
-0.039243184707487791	0.42076159581457223
-0.11705924508535213	0.20817859899180552
-0.20396760278604392	-0.0032811608980973048
-0.28255172287864366	-0.1782348219412698
-0.33357146435728713	-0.29769570185520916
-0.32898460864177259	-0.32427851803908803
-0.27778085352419229	-0.27779620953401374
-0.16860678035716278	-0.14950227286352719
-0.034449519878908923	0.012310247020499293
0.10525375510862829	0.17502365800580022
0.22120658944398083	0.30035840505001388
0.27716753520330401	0.33621822666771678
0.27453439787178663	0.29143555007582922
0.19145113916213624	0.1393454163817815
0.061437842467951677	-0.06565627757138004
-0.10238379574073288	-0.2964362355457546
-0.2606746529805159	-0.49787161461847534
-0.37457517041126642	-0.6074575505904185
-0.42952496063313839	-0.62020681105245457
-0.39114720292087102	-0.49199932949732128
-0.28003163841057738	-0.27772874402029424
-0.092340717146184026	0.0057163953508255969
0.13302050832100989	0.28844089092087583
0.36825929480158998	0.50312652404390412
0.58387626416597505	0.62515380754447947
0.74237966825169044	0.59355264672672492
0.8399538739680027	0.45005664550602498
0.85427354293696778	0.1921929881897618
0.80337604285774156	-0.1083891610939354
0.68979349034759552	-0.39453676221702377
0.53771630027423856	-0.62523425887186213
0.36645759849981563	-0.73388693576679487
0.19318136865829055	-0.7400792297258233
0.039262081261974856	-0.62206810067026042
-0.088618598462029033	-0.43724126401651586
-0.17631239174274624	-0.22088062468831993
-0.22484466869948239	-0.017560574085022623
-0.2284339706384686	0.11665139485273728
-0.19335250522795366	0.18095268182509613
-0.12046533392818552	0.14438561618488771
-0.020212436669397944	0.041347916033380935
0.10101571010877433	-0.1162133917386439
0.23020553447428643	-0.29190390414688705
0.35614483641022165	-0.45014732977706662
0.46703902373156092	-0.57654230702834897
0.5490828433704058	-0.64211694212829928
0.59709607795847774	-0.65500654017743942
0.59999977823037942	-0.60791245656411697
0.56168488680956674	-0.51816464665241968
0.47844494974616736	-0.39543276304485536
0.36199320749476899	-0.25539906941451079
0.21766075211034705	-0.11345756091689796
0.060887574841865577	0.019857304292750948
-0.095820820861266642	0.13026077903336714
-0.2383298795454086	0.21360973522694848
-0.35071230959555111	0.25931350216728605
-0.4258408160463899	0.27242996055793167
-0.44963178816667937	0.24985473875275571
-0.42702688163923386	0.20548392309459346
-0.3524098655885361	0.14767088210865698
-0.243370788958336	0.08993939760168615
-0.10782762763356218	0.048358753522592494
0.030819630084839414	0.023645811970072882
0.15178527490015228	0.026666056567453515
0.23930849391475964	0.043042906689757937
0.26960064608947887	0.067631018088333938
0.24595950655229146	0.083602165257535027
0.15598756905134625	0.073241966399955019
0.022982036686958363	0.03406354614222093
-0.14399691710670981	-0.04784569114901327
-0.31463570958305148	-0.15592296649123469
-0.46159502743820446	-0.28600796884130997
-0.56689188890977249	-0.41480589001444645
-0.60133710458214285	-0.52158261058574806
-0.57120998411110291	-0.59449575323239245
-0.46415107034909614	-0.61279803392719501
-0.30688747429054325	-0.58247005335834645
-0.1119699715346994	-0.49713526494822224
0.090431888880494263	-0.3731178264670833
0.27097323325759032	-0.21974285040555941
0.41462925997585215	-0.05163092602491838
0.49414109391448924	0.11639230765931713
0.51686608187621541	0.2756168874192817
0.4734529079967229	0.4140986685844959
0.38676868515628593	0.52671455646727894
0.26860418486978505	0.6050055362351745
0.1428371153690938	0.64703522365202903
0.033298666424779237	0.6460126062491659
-0.048080835064358923	0.60804255389169726
-0.079657922442477089	0.53118021188100628
-0.066740825210139937	0.43278374143960346
-0.0012456240303173882	0.32269978413353373
0.098294701240049825	0.22151804423357621
0.22346854606168956	0.15079934520970137
0.3519957038186261	0.1174769710303802
0.46380913732553969	0.14101432319884247
0.54385773375119018	0.2053818725807825
0.57011991148837438	0.31087842167892354
0.54344003967966148	0.42798237708540887
0.45112553200681554	0.53357366057845945
0.31176567324504928	0.60874652910256577
0.13036112684815587	0.6241614694019576
-0.065014829537842059	0.58799971385563965
-0.25174738966706894	0.48906851281919395
-0.40846047588529033	0.35615029910711848
-0.50646041802307629	0.20578369070815949
-0.54508518738013756	0.063507382455152958
-0.50668393863572314	-0.04053161272028756
-0.41352945148178755	-0.10361963112574861
-0.27182474836089754	-0.10688270834587209
-0.11212825570046561	-0.068654733617878355
0.038801230683675678	0.0059528257936742254
0.16336179651421998	0.096146668386157763
0.23250178691433582	0.18139627761261026
0.25381162786676587	0.25580183134147572
0.21658935813551311	0.30338135856083182
0.14666048449996547	0.33385078936481533
0.058653772037666807	0.34796899654452979
-0.024542515381847489	0.35662518099715251
-0.075563072240997661	0.37122508467579518
-0.093210258406373023	0.39097795720375877
-0.060211456037943062	0.42310115315897323
0.00257370726201266	0.45497609963066327
0.088501657340003245	0.48083296245927598
0.1721968516896932	0.48734287996907399
0.22913342670202025	0.45981776684075182
0.25011877153167389	0.39656545984546038
0.21299457176697512	0.28662632822025141
0.13213207449796704	0.14311468924811713
0.0054127304393350555	-0.031803631025647879
-0.1398523856945266	-0.21624278965089946
-0.2840532351385095	-0.39410493136951213
-0.40620525933007084	-0.54586026706013524
-0.47915547214147802	-0.6486425967012005
-0.50179911750319239	-0.6963632977352342
-0.45781064560418044	-0.67060172228415604
-0.36569945154119532	-0.5854877462882172
-0.23002104749447799	-0.43877818574332544
-0.076311532402530954	-0.26117157260443191
0.074269941105190002	-0.072215923969609422
0.20403702192130377	0.096880399594599001
0.28836131070186594	0.21143595678001736
0.32690979952711052	0.26232197271347163
0.30562066055285081	0.22059187755012127
0.24105195420840411	0.11101761489678963
0.13709551551253615	-0.066608208646577682
0.017688192852714533	-0.2662941519041882
-0.097558413013749845	-0.4535064763347339
-0.19177672417762073	-0.59407946743481566
-0.24145249337715993	-0.64000609178252876
-0.24691412791256229	-0.59827656759208214
-0.19491454353764517	-0.44427047575044448
-0.10266596762980264	-0.22481269481743207
0.02424526704531443	0.038748848202765314
0.16418856089865988	0.29460371775630023
0.29710409498580065	0.48906243219145579
0.41269319460724668	0.60641420279765013
0.49150140702472817	0.60241677010911632
0.54093624741015134	0.50897506473969134
0.55671147187611392	0.32607379030253564
0.55445390486227153	0.10523136833391122
0.54575923956254113	-0.11124975695982137
0.53843462582673673	-0.29573694997579714
0.54685393720436348	-0.40134385426657293
0.56291269579026604	-0.44352918815952291
0.58858834323840836	-0.40968523413732072
0.60800899442093814	-0.3371249432866249
0.60834567825783448	-0.25232429084380892
0.58244709425956798	-0.17518648684240223
0.51535664909850465	-0.13952439066155264
0.41766125020893657	-0.13008502950077885
0.28809733093128864	-0.15293094124614037
0.1472597202195281	-0.17792845321716322
0.010559672546996983	-0.17991563004143604
-0.10771565530400401	-0.15003979768083012
-0.18755345980877913	-0.062486811340769402
-0.23071942672117143	0.057020852081815836
-0.22811676830987374	0.20336521125298221
-0.1923201015056408	0.34054692427834515
-0.12917267157795778	0.43388618536104828
-0.049771805779326647	0.47430640487456338
0.034105029141526147	0.43133547360639357
0.11865500640378873	0.3344801445175879
0.19676535254594971	0.18940610586780349
0.26658844086138123	0.037164442548718313
0.32612540568991571	-0.083769442964731641
0.36871719043066137	-0.16000281516266346
0.38987319735828341	-0.15686090658259133
0.38108918418594312	-0.099714410607387963
0.3316731442545533	0.0097369769929443115
0.24369777295552411	0.13515503084227992
0.10905655882692958	0.2428670743500656
-0.052404884230308701	0.32317676538958218
-0.23293323881226291	0.34683428351667783
-0.40435812688987738	0.33882738709309712
-0.5409237335111019	0.3047604226412356
-0.62763305204099207	0.27353380523498827
-0.63661364222981165	0.27714222986934661
-0.58073598996988562	0.31190720330341748
-0.45223450522202935	0.39751265982053863
-0.28514497553103657	0.49586601184300838
-0.10046617318392678	0.58685918385275626
0.070456446085161703	0.63622257395422654
0.19133033893233994	0.59962354124252415
0.25599799589984013	0.48714312722759645
0.23876559181847273	0.27597428298099075
0.16194953047861388	0.02044863891301103
0.02794699738830236	-0.25040909130997707
-0.12917817777463933	-0.48348520638461162
-0.28228058430059122	-0.61697810020016519
-0.40820777977690698	-0.64792677351236916
-0.47462277261982594	-0.53543613034959958
-0.48193379963307076	-0.33150685478319403
-0.41273283741981842	-0.054041870426822264
-0.28813167499794573	0.23556063731813784
-0.11395015979465492	0.47566660407717448
0.081343906814853206	0.64908074315601993
0.27424763708486899	0.705435557478853
0.44404644269971633	0.6826136138158222
0.56304015285145426	0.5845041697761566
0.62868262727116797	0.46271965576679208
0.62370551828936494	0.3655029153378504
0.56457527729983559	0.30685196666900327
0.4532673571545725	0.32847086549531834
0.31598640580947812	0.39548434270072941
0.17313807282125535	0.5017129212975131
0.044094806239496298	0.60277328063570923
-0.044521887228540953	0.65387802036425824
-0.094053533999151423	0.6500599025987337
-0.089813754714174659	0.55735093024985471
-0.053264759989719031	0.41796598058112555
0.0073414911094053627	0.24692905948320371
0.067060623287464163	0.091844783985348261
0.10087323328780973	0.0045274948914824815
0.10075244592837189	-0.012627973231729032
0.044933192472949662	0.076714107044913993
-0.050389349672712191	0.22254539793772776
-0.18528735696645493	0.40593472937277786
-0.33272383655372162	0.5699863256500165
-0.47104362334069683	0.6543189881150161
-0.58417341050299709	0.65045781555698157
-0.64680713581228289	0.51258841802405031
-0.66498790038660649	0.29234806308499717
-0.6299181681463154	0.0035113175657058848
-0.5608137884561829	-0.28614810625701331
-0.46941344459522938	-0.51244967530407604
-0.36935109874106187	-0.65083928515642087
-0.27860463452264994	-0.64282114997731066
-0.19588097086492737	-0.52603978094068715
-0.12876175166621209	-0.29755056744245684
-0.068600685635320652	-0.020625088979985991
-0.0098939878650075759	0.25358192676106633
0.049204216898222776	0.49166453494967105
0.11567608108548723	0.63705803664269389
0.17961655807116778	0.70808396649079075
0.23707681226674907	0.6903170372055244
0.27717036299203962	0.62543301566104004
0.28703061107219319	0.54372043506712653
0.26864907640265862	0.46491570912841435
0.21425902861212764	0.4247102329446697
0.14026861932602583	0.40552759554027484
0.054658400377035628	0.41075493627139581
-0.025055559227921926	0.41319299924244701
-0.079847456604256614	0.38636824980947276
-0.10626594155229345	0.33149066357374968
-0.090308467534615841	0.22972067442219862
-0.044602820679858275	0.11473337285393105
0.028310219143094575	0.0036150183104613101
0.11217217969240979	-0.072707462148498214
0.19185393741699264	-0.074073830686879033
0.26142666637574408	-0.011097760192235011
0.30752256428471142	0.1357842300031625
0.337329436621361	0.3162009170695344
0.34998795589034998	0.50159057727014078
0.35627171872615321	0.64608819399359263
0.3656954666732482	0.69280053760104532
0.38117643750628449	0.64625052343812495
0.41122644587965468	0.47346536525320404
0.44857650269860733	0.23003893819919899
0.49207577167934752	-0.059260898375648789
0.5318816090433981	-0.33492888330894238
0.55906714948007541	-0.53312064907834267
0.56973422130220464	-0.64208565541543516
0.55559986243660731	-0.61433219528662031
0.52089157873061132	-0.49323940146511397
0.4644996374254623	-0.28739839678221674
0.39415279226622757	-0.053681504030075537
0.31524756385875086	0.15483364518146825
0.23367091886194927	0.31817185447419755
0.15632823228243636	0.38899149875451244
0.085560799682966857	0.39631423255872034
0.026010271436003637	0.33896605193670626
-0.022319041880963994	0.26019230725413661
-0.057325647155537764	0.1982389134705401
-0.080659441619981703	0.16693017285421557
-0.092213494633311632	0.20153622482888903
-0.095156796702873997	0.27596547288780793
-0.091497746168233279	0.38788523388701107
-0.084611188891751316	0.50128890716185082
-0.078168228346704477	0.58212840064571703
-0.073288490039913848	0.62219550540053603
-0.07295225896967665	0.59298065440264591
-0.075248660134840675	0.52133982984220051
-0.079912845633376944	0.41323227883196179
-0.084987019166212999	0.30283863958044333
-0.087863733371823016	0.22370945714254267
-0.090227093535537969	0.18369425809186934
-0.091121968684628435	0.21029043494791735
-0.095858620231749778	0.27810493492793037
-0.1082883981060071	0.38213926375550872
-0.13183290578532161	0.48870713843107672
-0.17246828230608519	0.56635209911042828
-0.22638227092199081	0.60338618205105576
-0.29501093725655503	0.5718003348438786
-0.36858545323669922	0.48910136364440904
-0.44026889903532618	0.3541627619683092
-0.50270161553800852	0.19487541532604782
-0.54553191438962501	0.033974552946348532
-0.57089896348515945	-0.11419936280989158
-0.57412025082863616	-0.22575592684865653
-0.56530912773781239	-0.30660973814057918
-0.55030121847522828	-0.35006353608991275
-0.53724719221055972	-0.37006249430178006
-0.53713897904847785	-0.37638667978365842
-0.54728842044653658	-0.37483415173273765
-0.5727933502698036	-0.37666419395957468
-0.60128772140040898	-0.37527319963154598
-0.62608550322131751	-0.37120336219728212
-0.63524448009509038	-0.35427656462357793
-0.61496142763843564	-0.31532993452599689
-0.5641333414718761	-0.25185993140686291
-0.47334727429534751	-0.15557255983066964
-0.3537298304873186	-0.03467631222647112
-0.20782492613694467	0.11010538254854572
-0.051967678812103055	0.26461132921428604
0.10096103345633406	0.41892759290399217
0.23805457596819612	0.55958896352046561
0.34359721478897504	0.6724953187575331
0.41313536959081132	0.74963746037536116
0.43539510387093472	0.77793999078392517
0.41512175221956904	0.75850138572762538
0.34918117681786082	0.68424502723005387
0.24993785839027227	0.56662079886360972
0.1234236902497189	0.4086142091007281
-0.014497703188011898	0.22854176526489359
-0.14981619565537246	0.04049924210448648
-0.270939399394728	-0.13986565418274607
-0.36135204432083678	-0.29322428102155174
-0.42181265114897221	-0.41652367279606572
-0.4430009837671734	-0.49689055725885195
-0.43863804257190131	-0.54445721172937267
-0.41439978857225906	-0.56119407139039745
-0.38510110381835966	-0.55871339040456913
-0.36749312248310589	-0.54940216961902033
-0.36144304920723125	-0.53290660416305136
-0.37826426141209124	-0.51709047671235742
-0.40036937492872315	-0.48968802547488643
-0.42010217297056429	-0.44405186515711426
-0.41898253081176923	-0.37119064893915099
-0.37482741054383345	-0.25617745013649423
-0.29108933492817224	-0.11017162304945674
-0.15422415745146675	0.070629622089916771
0.0069611519705850269	0.25626677976132467
0.17832272108316677	0.42680622914080801
0.3294154034169528	0.55597310590729387
0.42545197718830691	0.61008561794667016
0.46531479608534476	0.59143092781409512
0.42523683673529838	0.47965410042530687
0.33837900853718206	0.30899963658445234
0.2175802006099774	0.092713218060099467
0.10003945042101374	-0.12656363312527796
0.026356359169636315	-0.30801258077222521
-0.00083187522122078858	-0.43291838564311735
0.047091750512821218	-0.46294719041716131
0.13278742154677345	-0.41613651314440686
0.24194845458852296	-0.28466123459049686
0.33409245830382067	-0.10777540928785853
0.36336873381519619	0.088067122511603993
0.33157552046020056	0.27229083720067854
0.20900480794627924	0.40657379004669369
0.044324646286279065	0.48770140417412294
-0.14046910541565713	0.49312298985899355
-0.29506788472597195	0.44252494091397238
-0.36142812641576527	0.33985797048121386
-0.34075897976692249	0.20977843084828271
-0.1952652240902783	0.073169686778788823
0.016083595929914998	-0.054698586013249277
0.26847350870063763	-0.15277348553135328
0.49723301563735745	-0.21752132585929279
0.6322848515157633	-0.23704646516632916
0.66503234466217231	-0.21538186919950869
0.54425629882029913	-0.14961698230375661
0.32774702251364141	-0.048686726854697347
0.032417918843731977	0.084284758343343202
-0.27031949217982115	0.2347756782315443
-0.51001532105459679	0.39284440370143414
-0.66687127315750172	0.54162629809764029
-0.68199659088909936	0.66460769152497146
-0.6022187736759983	0.75079405459441206
-0.43346663456740619	0.78246071817403751
-0.23954547509608909	0.76328443159738146
-0.080254497760578775	0.68525400611075227
0.02645918728721388	0.56570858684390046
0.028848555552701518	0.41248382820635832
-0.031485852434618482	0.24607901360508849
-0.1485017801509233	0.085853786172205668
-0.26727140007377664	-0.056937278858214292
-0.33414156103171649	-0.16390630989160537
-0.33924597744799717	-0.23709355287732328
-0.23938992173553775	-0.26918659319531352
-0.080905568753881912	-0.26985554095924086
0.12300541527169014	-0.24298058669156633
0.31614623202546904	-0.1986190745458471
0.44142404525170176	-0.14574546694435081
0.48832530254523898	-0.091488599603406842
0.41208006759289362	-0.044622943185468215
0.25836465586302665	-0.0091860552744318612
0.038092585212376739	0.0078558525439778523
-0.18921768783737611	0.0065142716127902459
-0.36731150065862145	-0.017772172952445035
-0.47548395371241181	-0.058251094055013344
-0.46348773545966065	-0.1134754877340344
-0.36369541927317478	-0.17209057946645553
-0.17415940419599377	-0.22476651668973491
0.052407098321666755	-0.26398152956145976
0.27341184314883937	-0.27724497083524674
0.46043953228474005	-0.27013362016046566
0.5670365870370917	-0.2384680518211208
0.6047256043494067	-0.19902623466692509
0.55891639801011117	-0.16299404340164214
0.46149373879218564	-0.142968334747124
0.33214384039700084	-0.15769630651233771
0.19287218782781104	-0.19991281013970216
0.072283573371191151	-0.27697266809537052
-0.02973371112144953	-0.3637631651171066
-0.099993243205894144	-0.44476374135465807
-0.14978462237399057	-0.49855275303822688
-0.18392347093893729	-0.4967976662038221
-0.20864529799246562	-0.44471059158376974
-0.2330237166471969	-0.32744027896181116
-0.25336003715365935	-0.1768442772197103
-0.27098333646715345	-0.0090500651560757699
-0.27988392758598368	0.14360339719588522
-0.27470412131219879	0.24466731862809213
-0.25481700118986694	0.29034371386655627
-0.2158018719939428	0.25510158565583974
-0.16368238083381573	0.16769117873220948
-0.1002994413405221	0.03664024750961932
-0.033780558724075128	-0.10291473430042924
0.02936431366598817	-0.21616194715260162
0.082441606617202928	-0.29359967413444338
0.11763034914213596	-0.30685781315946797
0.13180279321615521	-0.27772970020443755
0.11842452699172482	-0.2091232509021094
0.079894570950122756	-0.12932462419801227
0.012982464619052916	-0.066253506496054312
-0.071957760988298425	-0.023917231053854782
-0.17062129745846558	-0.023592854412433722
-0.26809093746458285	-0.041390893125497236
-0.35125392613106188	-0.068844857877294593
-0.41039209769060492	-0.080962822817216312
-0.42959265546204523	-0.048428337012055581
-0.41432673731140124	0.024251513606146337
-0.35813221044416871	0.15423634507028167
-0.28089609016074896	0.30584250241875682
-0.19395368431085183	0.46085215659353296
-0.11649798245204769	0.58402744591683831
-0.071016134308839157	0.63404655923499476
-0.058960967230138855	0.61094351591768215
-0.095853974441202403	0.48785628947682491
-0.16197630803750357	0.30415120633201215
-0.25132342961202514	0.074356021667542765
-0.33827390389749579	-0.1538755772987877
-0.39852313352476054	-0.33346326607191656
-0.42211606639245342	-0.4481592012993465
-0.38632966968705218	-0.45699172693714718
-0.3051632881758703	-0.38705195656455554
-0.17635241651952496	-0.23626895143798338
-0.025965572224581731	-0.0511572124819763
0.12626829374434731	0.13193514714072957
0.26359498710078449	0.28457990288829393
0.36123960942959998	0.36354771991359147
0.42353532215213807	0.37689381596974081
0.44038288751315297	0.30736052307778516
0.43030460462728476	0.18765716358682533
0.40330045880642379	0.034998718646836097
0.37483815370357393	-0.12138945612376206
0.3635066384791017	-0.24908150604540569
0.36994216192280949	-0.34046394715154898
0.40521062214168696	-0.37333970129408328
0.45661202034453868	-0.35903369633813409
0.52002348644921059	-0.29643677097685578
0.5807795324355679	-0.20065411457805335
0.62523170987539267	-0.083408685567689975
0.64620602991078147	0.046261984535554898
0.63130254362857463	0.17698682330635956
0.5825506827663226	0.30404349503868761
0.49516852899087199	0.42109014077440587
0.37719018360117523	0.5216142578444829
0.23129751594395723	0.59952004956624205
0.068765303542747264	0.64721553902248674
-0.10297175360651294	0.65483457922814647
-0.2697115535743359	0.62310388370416558
-0.41945131991662005	0.54445340418758603
-0.53815837618126605	0.43390727904504384
-0.60988064468900904	0.29637274925394463
-0.62837355267724326	0.15463045871902162
-0.57861795435409791	0.028707761190422031
-0.47098549112810362	-0.068228231890690327
-0.3018444836899174	-0.11316424063641475
-0.098185748401288686	-0.11561141663681461
0.12460471500742044	-0.068436249067737404
0.33534413595139123	0.0014405547160700912
0.50293483675738249	0.077023026062088523
0.6117355389602992	0.13567045968778807
0.63188949203785827	0.14853296519799905
0.57494543448838231	0.1172421292781215
0.43144497609445309	0.025400958790304531
0.23455275248101065	-0.10175469719086891
0.002798343210451408	-0.25368546099733003
-0.22937147374701183	-0.40269891154738713
-0.42632718841189249	-0.51958168678763916
-0.57308741724961532	-0.59835723196514601
-0.63920264148207273	-0.61693259118030042
-0.63544775686037558	-0.59444360581970279
-0.55376746760782136	-0.53443146275356157
-0.42020282952974253	-0.46158716963144386
-0.25005035641330153	-0.40009258828539523
-0.067488378536305821	-0.35501634303818963
0.10184375680092683	-0.34588094382969709
0.24703258687876498	-0.3535065956406746
0.34752397620599812	-0.37310766998865214
0.40660059579704561	-0.38102417720318077
0.41702536613722035	-0.35283325951311117
0.38980340332263119	-0.28603789273807378
0.32935934562658026	-0.16200811737843643
0.24819754700280044	-0.0047198816208382345
0.15691523703747745	0.17770888308272542
0.065658427106554423	0.3563340860279548
-0.013762115480678292	0.50175188397234272
-0.075743428938076493	0.60722360307851619
-0.11024885259364581	0.64925496182409281
-0.11876871579564638	0.64870894002159463
-0.096606007625556087	0.60966433276252729
-0.052286088211727401	0.55897941268755769
0.011049438892464061	0.52330518424699457
0.081946314880609855	0.50734224710341869
0.15036324608740095	0.5322810366145907
0.20891973353616347	0.57530305014527972
0.2467106495510126	0.62982508606537024
0.2642685865642721	0.66833167671727711
0.25629981800908297	0.66239487301559263
0.22937817320710815	0.60816891761366776
0.18593771304596263	0.48401257004231341
0.13310401626093193	0.31488433058374188
0.07731553495579456	0.10794702258056237
0.023067709912686387	-0.10505356361760487
-0.023868125564870488	-0.2935362396082164
-0.06088119693725616	-0.44684437620743261
-0.083991198097862901	-0.53882698351814173
-0.091535390444132086	-0.58538595527761628
-0.079529113147758179	-0.5863674466881138
-0.050957826779374112	-0.56378768345756802
-0.0037736678647795757	-0.53831265578218024
0.050908052289831279	-0.5138392253994073
0.10791965129686201	-0.50663102383349623
0.15146610587471987	-0.50025373192027889
0.16642976478859536	-0.48894405955080072
0.14561082951054194	-0.45695255108366828
0.071998289126220749	-0.38444724554331172
-0.040091870440000697	-0.27791236882330544
-0.19253957846252273	-0.12773010702418508
-0.35376810025938049	0.037625381450502836
-0.50142001385966428	0.20175197699118294
-0.60971731040460908	0.33805137711540595
-0.64415616426720312	0.41443735326328335
-0.60855660378127729	0.43097156405755754
-0.48384294769618741	0.3671670926790267
-0.3041984991383484	0.25258343689363516
-0.085108261436714266	0.097520577444936737
0.13640854726697596	-0.06072985141909918
0.32075929676684156	-0.18718657296160823
0.46017921992635347	-0.2646185339057216
0.52474472108083914	-0.25935503617916694
0.54133965560884856	-0.18573373743129024
0.51613187619879497	-0.035504611802507899
0.48134579525641585	0.15723998825266391
0.4707435888953091	0.37155103706052189
0.48587981868030622	0.57624858013821112
0.55093624192034008	0.73664191588571071
0.63179344749670496	0.84231425998081466
0.71410738561352594	0.86688915907288033
0.76273372961124264	0.82355491864719621
0.73601544287498355	0.70773392199613383
0.63914660547480573	0.54634748234780184
0.44705823435787495	0.35618459110901046
0.20888248227799394	0.1630645970360261
-0.051463245957396056	-0.0054321323013115912
-0.28340368956204487	-0.13779966193691262
-0.42927176442586912	-0.21085782545091081
-0.48642553571292679	-0.23204894963479508
-0.41571572406891727	-0.19393582047672359
-0.26899727893883379	-0.11797689396682282
-0.065085068685429556	-0.015603864924332094
0.13604994279887528	0.090540197149928475
0.27188401419172115	0.1774370770261833
0.33126060942017288	0.23478051707205941
0.26577359652706117	0.24195440227982756
0.12464802184272937	0.20687008954578071
-0.080313466429837804	0.12371154772660588
-0.28524980586573362	0.01304482593339144
-0.42841685881652769	-0.11295150792725248
-0.49166120274980624	-0.23493104138520413
-0.42172006962580016	-0.33161388036237555
-0.26217735831814548	-0.39662190177605522
-0.017653694594187461	-0.41309909254266275
0.24822387026697071	-0.39119922858671657
0.478755748432175	-0.32898998371006277
0.64853892379623268	-0.2458736511971385
0.70263778185362658	-0.15522606722443291
0.67295052997217564	-0.073194276917635526
0.5549868873140632	-0.019762439144463295
0.40297670399067975	0.0032049511446771576
0.26135112020812368	-0.01769187946646825
0.15501598484445547	-0.067831254448074002
0.13098393305125108	-0.1445281004461535
0.16736574621406208	-0.2253723813494441
0.27148630129553381	-0.29176273835548339
0.40271594671596084	-0.32958806618388425
0.5288703883487329	-0.31626887889758504
0.63193843079721046	-0.2586089596641471
0.67768223153064311	-0.14719156397805205
0.68259743782475346	-0.0080987889214780943
0.64253483640766174	0.14482290058490058
0.58519116639142543	0.28428335256209047
0.53411351621622438	0.38080729733140012
0.49760162462581192	0.42710362307124916
0.49707381279513885	0.39971490941697829
0.51672142187079295	0.31766481231913279
0.55410814815588594	0.18237914554006981
0.59053524735579677	0.023194015279694526
0.60646627181309354	-0.13502392556824433
0.60197802791932165	-0.27744050332292042
0.5648577128699187	-0.3776196248256814
0.5124377065957767	-0.44550039561625654
0.4531006580209801	-0.47569338258167931
0.40148295736139045	-0.48774810852138495
0.37607879776953967	-0.49783890144605603
0.37369741935950085	-0.5107019126089839
0.40267228931937943	-0.54252656958141388
0.44692491957961006	-0.57512737142016623
0.49737452645421631	-0.6031244528081936
0.54136146398053675	-0.60429033443834423
0.56286861631116547	-0.55417491089473303
0.56288760941435889	-0.45406619518651281
0.5334974722406679	-0.2867574380468958
0.48541887999580408	-0.08328282088781809
0.42304282324296122	0.14316420090901133
0.35743738486024229	0.35626819851969849
0.2989308353171688	0.5180576193328843
0.25413360240267913	0.62030737932925495
0.23251740398242859	0.6327402675403947
0.23582664029578804	0.58354111220224902
0.27070612052281229	0.4781277542186505
0.33192633570710478	0.35452394461752046
0.42168960919306486	0.24867545014925643
0.5243452532583599	0.17223406455026219
0.6321056211661088	0.15685023738690465
0.72358391330435701	0.17847376791969233
0.77821013584886123	0.23472385875502358
0.78574622469960553	0.29224274942159623
0.72358645776089214	0.31918574862528193
0.60826381519552242	0.30863285144095765
0.43607841224452459	0.23392604355131708
0.24512312157752034	0.12243466183878088
0.062383522491955556	-0.018557916615014075
-0.082518389654614083	-0.1554518267250227
-0.1480148489562404	-0.25392663403863336
-0.14295758776065515	-0.30886066957690883
-0.047430005679846871	-0.29400190220607297
0.093830664984902973	-0.23842098393803096
0.25688269052222695	-0.15121558926239623
0.39925617555039428	-0.066052619612266897
0.47026598028701511	-0.018571808626745234
0.47061610422269823	-0.011952334177433016
0.36861816790141366	-0.071608029168862275
0.21076416838068748	-0.16647466214134454
0.01615966537504469	-0.28563649551216125
-0.16472440854254142	-0.39406188055493452
-0.27748270978814182	-0.45457357531643228
-0.31481291168009856	-0.46269262189449839
-0.23701484348675952	-0.39170015831298755
-0.086876693774177421	-0.27113865484063598
0.12351620244957953	-0.11030860502653865
0.34175545524220963	0.056782922946525274
0.51608063592222475	0.19496840842736921
0.63246252569911621	0.29842871527212034
0.64847936680180618	0.34129555647164966
0.59754834749051389	0.34854886397053936
0.48431633132602198	0.32758180775510037
0.35267253463556436	0.30528638669101787
0.24460906324486087	0.31154116392017955
0.1704641122192366	0.34477961660028883
0.16474760197798233	0.42371770897687233
0.1969364622849204	0.51738654292834863
0.26033452380867422	0.61111314642699688
0.31797100425413144	0.6747257054367618
0.33172750480807622	0.67230293431359334
0.29835070569344235	0.60642027585375635
0.19016660870694232	0.45498403635110252
0.042318850314023763	0.25608033966882215
-0.13269365782272582	0.025823544286558701
-0.29461073949801309	-0.19196474735119443
-0.40133802289846765	-0.35250947703807856
-0.44587918318573294	-0.44255665358004587
-0.39605278653379999	-0.42449106476634063
-0.2853197880922555	-0.32662131544072814
-0.12124005191885817	-0.1490578633805586
0.050664582536916448	0.061220062425678588
0.18900782372685712	0.26698199501232328
0.27382316388941247	0.43887119053353785
0.26460922874148246	0.53264870219240579
0.18158432629950172	0.55573067187650416
0.016836548458081746	0.48945061635828807
-0.18574483070040884	0.36781746418620626
-0.39675523186055678	0.20781131221067992
-0.58065247882688453	0.041852172298245928
-0.69355100715158513	-0.095195176164611345
-0.73107640227623349	-0.19368493888731284
-0.66494332388140298	-0.22770008871709677
-0.52299898480229201	-0.21118954485402697
-0.30969729821093916	-0.14200745297801973
-0.066932822777397705	-0.042521106496755834
0.1721006132322912	0.070754623921571003
0.3768469054340513	0.18240832437858304
0.5058842675910693	0.27291520527953711
0.55861591699551494	0.33810052304533583
0.51076998833690179	0.36614863203304815
0.39194994318638393	0.36045744883943176
0.2097324631760305	0.31805723637177707
0.0059260228126115635	0.24623531005555457
-0.18412487258783258	0.14709848829020228
-0.3334516338210432	0.033218525061108381
-0.40114890100520512	-0.087884239020229377
-0.39368248085694774	-0.19894874543270125
-0.29199170754530412	-0.28451209487954604
-0.13175063883124899	-0.33165946907622013
0.071584953958496136	-0.32063438945811684
0.27642087735213894	-0.25649893756866377
0.44260896561230512	-0.12838852399623379
0.55035536420901887	0.035673316958616301
0.56169472695830613	0.22332680317464035
0.49099336308478764	0.39844526752553411
0.3268511035874983	0.52604541166210117
0.10860203695922274	0.59033734713177177
-0.14164382034666395	0.55626706001061255
-0.38361442121289829	0.4466436283635174
-0.57547519368873823	0.25628654397512285
-0.69980369582124435	0.034110551762267786
-0.71974339194322146	-0.18537301684037077
-0.65176199124669598	-0.36413442960167047
-0.48593133490121315	-0.45098808652280814
-0.26458249130701988	-0.45089025947220907
-0.012543300860411562	-0.33666969783827139
0.22760471125721149	-0.15352336906225386
0.40959768292333115	0.078447445365794233
0.51965478456500558	0.3111269382038459
0.51921264865252659	0.49329390642288939
0.43635502693367517	0.61416325589382958
0.26882322190495644	0.6349001896406844
0.069081213790490453	0.58843261317510309
-0.12328930145172212	0.48033318980648981
-0.27190016852681831	0.35383284916559637
-0.32323904761300598	0.24980829598911639
-0.28909679633307167	0.18089486826862775
-0.14533964107205585	0.18257891420558164
0.053770864278595412	0.22718410790705093
0.27933010668037411	0.31155383027714939
0.47940103718942562	0.3976153091262058
0.59357685642774538	0.44908980047591324
0.61836220265927577	0.45743860059629282
0.51322358050397532	0.39170607406898966
0.32886859151579179	0.28286427198082414
0.082157135369076817	0.13786049513337409
-0.16590117767742274	-0.002186641035987489
-0.35431326219584108	-0.09753814660686029
-0.4661696440191837	-0.13710784422674827
-0.45015988459505957	-0.08628249051616603
-0.34849379165179251	0.024095706364318615
-0.16571349038788555	0.18959139392313729
0.036488410159590139	0.36559724853277703
0.20314664331928506	0.51225875929134179
0.30953705679553101	0.61088213553041293
0.30142423186906903	0.62195819029297439
0.21237670113932194	0.56807860154292167
0.038103222071225892	0.44447400610005239
-0.16205229865101817	0.29371834043964462
-0.3407633800321615	0.14802135621564555
-0.46626898754041141	0.033706244711846092
-0.48445150313483354	-0.0093015236825143045
-0.4150541963476036	0.010400965370166319
-0.24346341392009291	0.10839469577889653
-0.018632306183780933	0.25207092921869595
0.22728958624402518	0.42419198016372378
0.45850508747943702	0.59422567412557004
0.62855607204004049	0.72949969522535862
0.73727584810410562	0.8191967821086471
0.76125486006535736	0.8384571398493692
0.72376357379501766	0.79673605328352037
0.63329836694584241	0.68821755199661605
0.51077194856695463	0.53385560681402844
0.37788587476496405	0.34506121755418317
0.24076998202016589	0.1446473268234357
0.11312737661479161	-0.046539705485393282
-0.0060601947503575769	-0.21118913141327367
-0.11423262797792816	-0.32643585668740832
-0.20842188897534528	-0.38809656035627765
-0.28716824566899218	-0.37944283805359086
-0.34338668790464089	-0.31524484575086498
-0.37007805663813109	-0.19513293304235088
-0.36552506646564248	-0.04779811469355609
-0.32295649874273363	0.10674927363527467
-0.25053499414710756	0.24283684503410227
-0.14992876593021429	0.32961703684819177
-0.033849877726371561	0.36260504065138571
0.087511255269653199	0.32028015667437687
0.20492147448775858	0.22290249629187955
0.30714167204594617	0.07363057273154909
0.38999928068513945	-0.097751519334744741
0.44615123752631491	-0.26633705803145569
0.47386992154731533	-0.41433541174195748
0.46823593424480514	-0.51480200200667614
0.43148154518329523	-0.57029194747890899
0.36046569948579282	-0.5694504365656623
0.26638897197347378	-0.52706268154623459
0.15305923650661163	-0.44949474962160779
0.039513541090919847	-0.35064926443373851
-0.058313649829817002	-0.24381371359868964
-0.12730671170953894	-0.13719957239512451
-0.14589239010979513	-0.041220920287199508
-0.12350911026397361	0.037442567665501914
-0.052288576639514694	0.090566573005967002
0.037422302904189006	0.11237094646232726
0.12665300598556312	0.09317972343897056
0.18914267170371257	0.036456031450115056
0.190382031560584	-0.064242231892741294
0.13614578596607804	-0.1888753414770501
0.0080780402924971219	-0.32864105730980009
-0.15593868884541759	-0.45626902642088196
-0.33662358335108239	-0.54528673435061048
-0.49652744229772244	-0.584498425574703
-0.59183352419254842	-0.54692058376098718
-0.62236363263701988	-0.45344397687344534
-0.56014775597851907	-0.30246738190842559
-0.44474459848648862	-0.13448325543665715
-0.29213194821848848	0.018841037296894424
-0.14508254215754943	0.1326314453185902
-0.050449560450926349	0.16592149258716693
-0.011969461663507252	0.13532108906053195
-0.062551921594186793	0.028072961492378156
-0.1615304686881999	-0.10868781654591443
-0.29481716588118606	-0.24382786692619635
-0.4155860855008261	-0.3420993765650831
-0.47475481560566712	-0.35404530952115953
-0.4650048719387499	-0.29115995624036833
-0.34904066164168723	-0.13119407895317151
-0.16771109857731062	0.07407877363540491
0.068073457976324969	0.29637962934979623
0.30579293712327743	0.48747399637115685
0.49539089340990422	0.59044180203911845
0.6185660912312515	0.60306081670268408
0.6306602923037361	0.48844167614516854
0.56068805920960396	0.29366571140326819
0.40694531948603269	0.034070016341638754
0.21692973998464471	-0.23200206174028248
0.029409761783908424	-0.44930241301182172
-0.13113101025953633	-0.59320823120203325
-0.22249996901933264	-0.61230923934967729
-0.25905568022616332	-0.53171973969496156
-0.22984481503924376	-0.34203321755103305
-0.16861045004661906	-0.095401846737834653
-0.098295930028316381	0.17289243755348815
-0.040347121567605559	0.42164543412339534
-0.025960078740241276	0.59994891352544688
-0.048827583848796201	0.70163302530919713
-0.12135213326632299	0.69473859536647475
-0.21860063885713629	0.60572536522401765
-0.32727429433052463	0.43755583282123278
-0.42487275052461909	0.22876255481194113
-0.48645866795416426	0.009742699582680793
-0.50604421129860777	-0.19213507012529241
-0.4655626471473937	-0.34032392459848676
-0.37631333028527758	-0.43196119636707209
-0.23632044668382915	-0.44505687427723861
-0.067342769372050637	-0.40044615966743391
0.11709103078405657	-0.30144715180101023
0.29426646132392026	-0.17862114574944379
0.44145185444313589	-0.056801449733542737
0.54517006530719914	0.043509876431336303
0.5829922710363773	0.09210456203003102
0.55904183796195139	0.093267931541150206
0.46249979696463439	0.03245255031085556
0.31576433151639854	-0.064051574978673864
0.12800769958620106	-0.18413603487578431
-0.071911291436200647	-0.29980347234273824
-0.25737134354665847	-0.38123198563677546
-0.41248767061938779	-0.42178679942131014
-0.5097143767250335	-0.39837594199123305
-0.5574134932701591	-0.3305491007093545
-0.54667492349980418	-0.22110282452905777
-0.50176915596918625	-0.097204556973515266
-0.43772838672254599	0.016245609515256797
-0.37335739653785394	0.10964907274040611
-0.33316701067469623	0.15994863413818469
-0.31507129173246751	0.1826199903672634
-0.3312047222241476	0.17780740979632315
-0.36341686766856757	0.16844797873158557
-0.40227383063930416	0.17597445462599315
-0.43376048248510007	0.20504409240806443
-0.43945812759336728	0.27457241813912203
-0.42314356942167503	0.36321737587369618
-0.37716872465714513	0.4653373134531511
-0.3173895579985318	0.55274654557830649
-0.25388230135963713	0.59776474175326932
-0.19633806978243923	0.59323418540954287
-0.15973578460619997	0.51497515783778269
-0.13828825885286958	0.3863733349646391
-0.13538860238387188	0.21084919819049941
-0.13847484602004809	0.024118612384807583
-0.13701595509140202	-0.14326233506485947
-0.12831223593186936	-0.27239383031251302
-0.10239259946872761	-0.33038867376560305
-0.070540197251954942	-0.32865293527623646
-0.037167007513653476	-0.25751522916238784
-0.012915461134728863	-0.14732072243390398
-0.012101859391753966	-0.017085210436312392
-0.028116569329829179	0.10887457751945495
-0.066306161811752667	0.20080961727622515
-0.10511832666100401	0.25600099802719345
-0.12961765067824466	0.25644791674273976
-0.12530001379472727	0.21824702593413733
-0.068492479433517675	0.14478351389996502
0.028233916080162336	0.056190970248685988
0.17130015841030705	-0.030115102502121217
0.32740311816620232	-0.10259525478122365
0.4737016552925819	-0.14392499919719873
0.58523078744709645	-0.15404394669303689
0.62682344906026266	-0.12436764105513581
0.60624474975821696	-0.063143796361851259
0.50771567814491814	0.028349502210324517
0.36670153171741371	0.13778782416940336
0.20287463228053734	0.25657323021046274
0.047834895514888898	0.37224816159581336
-0.06016780804699523	0.47225841128084772
-0.12141102115609118	0.54829598488139852
-0.11349350526863836	0.58785271207422374
-0.066201733736310567	0.59097491363193999
0.0081218437539084063	0.55052884175476191
0.079546394751709312	0.47554653183665496
0.11472518718457794	0.36835132251446639
0.11156347023214538	0.24193555625976745
0.048140531647549542	0.1068733871083464
-0.049412476362244225	-0.027257280995599601
-0.17206361924281868	-0.14832786441986795
-0.29043595628339158	-0.25341624819268654
-0.37434178712678878	-0.33523252363719513
-0.41718145615776864	-0.39475148823645545
-0.39559383541138893	-0.43043065932751157
-0.32967564157957729	-0.44253196867155636
-0.22176722552699854	-0.43101346493620041
-0.10177655677049942	-0.39524431473923516
0.0055271681778934862	-0.33343614929459786
0.082387279439054717	-0.24901962348146131
0.10139120156783352	-0.14143599236720208
0.066737454750279215	-0.020865086601146391
-0.034029869701299661	0.10691077032109918
-0.17836006061083137	0.2292578018709989
-0.35760763466945833	0.3333855911275434
-0.54251281696322939	0.41398173577254682
-0.70815126827102526	0.45901179315308854
-0.83287119820549393	0.47585146735236383
-0.88671760774591124	0.46287334037757771
-0.86967578357127495	0.43505233580377889
-0.76255504965911314	0.40347730195949666
-0.59292829509310896	0.37817904659149365
-0.3676034600447593	0.37381566150789181
-0.12968471522815198	0.38759414285314137
0.08517282519643482	0.42563220728485046
0.24781405139607623	0.47585578507166731
0.31352425163665659	0.53149145562853417
0.29332711746146994	0.58275498817417704
0.16744511683588728	0.6177056691826992
-0.016432791240437391	0.63603952630291138
-0.23282935553503126	0.6313980322664382
-0.43488698478097942	0.61000413829894118
-0.56854159905347013	0.5746588902475015
-0.62993541309372159	0.52926947697948457
-0.58256825683522306	0.47942731268633959
-0.47030320477634929	0.42288076724289542
-0.30788182124030583	0.36008569945703722
-0.14616846668608943	0.28851105672104504
-0.038592123346750724	0.20412655826544152
0.007799509776665812	0.11188574738338403
-0.047282727227849652	0.01155875101952957
-0.15754343386045166	-0.085334462550098383
-0.30829018057865482	-0.16973955091899962
-0.44500321442238872	-0.23448950953394729
-0.51013349478848158	-0.26713427515412452
-0.49807645506375209	-0.27446868143580083
-0.36603574464064187	-0.25357742063836086
-0.16803767489911098	-0.2211408537116428
0.077400226825410812	-0.18961357246559715
0.3065479590068913	-0.16875757657927173
0.45277128095484603	-0.17580679347308145
0.50626538282720179	-0.20080003173287556
0.41593314015486182	-0.24748445990175724
0.23901725612841218	-0.29196892552837966
-0.0081042169286278734	-0.31649119762276479
-0.25393445088415378	-0.30641168034390959
-0.42725551193598632	-0.23659245152739491
-0.51085266477083013	-0.12076625915349157
-0.44554339956303368	0.047885992326493626
-0.28601310604748587	0.23284669449008819
-0.042315333692599016	0.4097719529552214
0.21083690652784914	0.5489597211493813
0.40380233762695755	0.61107325069450968
0.51131220817568401	0.60067275262517361
0.46989013546051905	0.49631164990302962
0.32451773634796283	0.33667355836875179
0.076084645095308906	0.1391991567431195
-0.20660957318333223	-0.053829320652525811
-0.46374909206099973	-0.19821718733082935
-0.66749306121895102	-0.28226112106905155
-0.75910054618745548	-0.27055967483020688
-0.77145597299251556	-0.1900125365696784
-0.70036203370190686	-0.042333874417364387
-0.59832299572057901	0.13232119918726559
-0.51117260053719626	0.29975095617328462
-0.45472511796838994	0.4403810753051664
-0.47187191324786593	0.51863552192471174
-0.52721544161306488	0.54831770822901238
-0.61502763813033179	0.52155035106708147
-0.68919142854666016	0.46779950182495694
-0.70366745477056991	0.40848137354543962
-0.65249450338382808	0.35986819810725368
-0.49958883796579934	0.34842757416370645
-0.28927866943221092	0.36498961443384897
-0.035829791784720004	0.41643859200405653
0.20665428065509983	0.4810796244256636
0.38412725931939717	0.54356950853319796
0.48215167294534844	0.59173747956345535
0.45616711595083925	0.60591997291419741
0.34249610272589098	0.59325218493705312
0.14496069436153453	0.54864014325730515
-0.083498154827372648	0.48910778945175437
-0.29691535914421097	0.42659416231261377
-0.47054125164323546	0.37125999781893027
-0.55858476589835604	0.33844329230042225
-0.57820501465398821	0.32455130349728789
-0.51965627260700842	0.33468139478776188
-0.41786198747394199	0.35810124558745349
-0.29807051523348893	0.38809205739740105
-0.17956140579600147	0.41771062733955167
-0.092344794739421032	0.43764545325078302
-0.029477281039680815	0.44828263448734151
0.00049093057917414451	0.44559846960746252
0.014030521783537905	0.43351085884205581
0.023047094816210117	0.41371114220194671
0.032685683223928959	0.38885529890562398
0.055175533548285832	0.36181395315054776
0.081169609047520686	0.33363451001062933
0.10837450590788807	0.30587924421201168
0.12785857188693556	0.27987417099546025
0.12841638241806128	0.25697764513420118
0.11457585065996843	0.23865492275699576
0.082255505608703816	0.226978965048661
0.046078075185634566	0.2214850116142556
0.016354826047382649	0.2232540209223691
0.0019386709842302923	0.22972179756722594
0.017750531639823472	0.23897145968758662
0.055897648110692866	0.25014202511843264
0.12000565845324401	0.26086604378389361
0.19044029043149829	0.27374603755528576
0.25377951373470747	0.28991938026943903
0.29501224064358578	0.31141406595394122
0.29410017920977172	0.34252766589912681
0.2527029118097443	0.37758882215358558
0.16020018552162213	0.41687449071923455
0.033393214292125245	0.44683730102642655
-0.12123490791740671	0.45751942227662035
-0.28335007407271351	0.43842919115841567
-0.43472850534128638	0.37366175207405794
-0.56255612315653136	0.26949885108406907
-0.64824577823458573	0.11886209648978012
-0.69089290389474722	-0.054072954028990532
-0.68033632619296824	-0.23577151006530583
-0.62575871763542257	-0.4013896614991907
-0.52801022563450739	-0.52305887489341851
-0.40192725152750453	-0.59631822979280691
-0.25748272289472807	-0.60050679094749815
-0.11011720841947867	-0.55635606930429093
0.024696648033366214	-0.46861217566243779
0.13708214442822325	-0.36457037521471952
0.21163881436346904	-0.27019862475847084
0.2494653070723464	-0.19422496027928318
0.24247394940036193	-0.15963439516722916
0.20282324210910063	-0.14962395400619974
0.13482230819472626	-0.16285833004453149
0.053931607799009393	-0.17591953067895999
-0.025932169045783018	-0.16645937889910598
-0.095828589014976262	-0.12993312117465081
-0.14135659968777803	-0.047425537993115469
-0.16498136832027416	0.060300149709397795
-0.16159806488548686	0.18705348006590428
-0.13951562881181465	0.30803139538153052
-0.10344438868895653	0.39718463514196567
-0.059075347006033042	0.45206134593853675
-0.013817379739632577	0.45362734126760751
0.032772804982949107	0.42558035989975601
0.07835426233088176	0.37683257392467062
0.12387082643818045	0.33270649688138437
0.17124608930537727	0.32196746036939194
0.21519983250209093	0.3431991822969967
0.25427512028956911	0.41499626643680759
0.27892569659345662	0.50609138679540266
0.28017924134114286	0.60229709382591556
0.25485701078864248	0.67096836196128873
0.1928470828504526	0.67514512019653539
0.10597667247851429	0.61358505529857676
-0.0045437344326905958	0.46096598270821271
-0.11697587279628775	0.25256744539882103
-0.21390998141071518	0.0007659422966987614
-0.28115006272555415	-0.25105157901611147
-0.29616876357781252	-0.46047204187283669
-0.26655038960364902	-0.61219733460137105
-0.18383616622654672	-0.66922811470411314
-0.073627980921540381	-0.65425499799077691
0.049059284165018029	-0.56515312472575752
0.16092338762359704	-0.43936957904741086
0.23401279646828518	-0.30729050368831978
0.26726050328187057	-0.18797386313019956
0.24307019738134236	-0.11441820224464541
0.18307825557818583	-0.075187922594600012
0.094742805322586554	-0.078057289382789857
0.0030022840154325988	-0.098395256561458685
-0.066529286455641365	-0.11810644580587062
-0.10842053210068954	-0.12535811914969075
-0.10259031374383266	-0.099202000718305205
-0.067373905055236438	-0.048889325911814913
-0.0062645775450763611	0.029039849118333988
0.056292801482556054	0.11740026250079073
0.096827450515160188	0.20248049544806557
0.1089238406677879	0.27731896255712929
0.071921015640710975	0.32836603181466972
0.0050844761657690522	0.36167442426404578
-0.088906815177276416	0.37655686044560621
-0.18095420023191908	0.37968370985506872
-0.24572280518514605	0.37871665348132777
-0.26924231442671542	0.36999447738520136
-0.22439488037935065	0.35579977714129657
-0.12528822513114241	0.32596280519714016
0.033515060816092922	0.27166617711983065
0.22049743028080857	0.19113539912525881
0.4143070806445554	0.074765019398159049
0.58988418771622408	-0.062769472400900791
0.71570181088118301	-0.2177079694386333
0.78980949679155044	-0.36690977504846273
0.79398681207047184	-0.49075328845044652
0.74551675619023416	-0.57492111515139754
0.64923483796659176	-0.5966762091601443
0.5242630959922876	-0.5616559241906971
0.3888502895290481	-0.46088849915307623
0.25045176538567709	-0.31546423246807986
0.12377383179071902	-0.13561775879056229
0.0053123637466785043	0.055055691671624385
-0.10246743705362442	0.23446833696765301
-0.20276724245259156	0.38786319767159438
-0.29929697946615275	0.49348971681069781
-0.38806668088090368	0.55024084507460114
-0.46866491684621026	0.54549293328651394
-0.53406600228969237	0.49204522407296986
-0.57736108230233651	0.39072662346906628
-0.59778823654340807	0.26482449207232089
-0.58954576850086615	0.12996835009784966
-0.56084415177961511	0.0099606247279551922
-0.51513552743887181	-0.068805674980376305
-0.46089319660365885	-0.098472774436079491
-0.40802018584643834	-0.055967736056646164
-0.35567945988410815	0.039456960240581422
-0.30892360809266811	0.18893313935072348
-0.25998678306727374	0.35438082441890079
-0.20337303285910038	0.50746672100151546
-0.1373252604760882	0.6200826067598435
-0.05360970587519405	0.65187375857204966
0.033839593739456796	0.61124638434386991
0.12070729117277992	0.479025960793309
0.18637107644069584	0.29759995836172376
0.21042105931462571	0.089133997821865235
0.18790463333298299	-0.10488089510244414
0.09894698260498111	-0.23636098453572721
-0.032095154810358566	-0.30291878016019735
-0.20070988926501895	-0.27264164586000583
-0.3672374914167737	-0.18602128315386179
-0.49758009540977111	-0.057585923139988809
-0.57054022113687042	0.066686659036005042
-0.5466065889682421	0.13832610113351204
-0.44662273161610067	0.15028193333930737
-0.26129865991590356	0.066052457464461561
-0.041523659868093039	-0.074479003604519103
0.17811421588673793	-0.26002929641833461
0.35800125643358405	-0.4412996108542957
0.44453625927947654	-0.56921048682791653
0.44509364651771249	-0.63182072077528728
0.33237198518059108	-0.5886723141789032
0.15679763795813756	-0.47623619181506383
-0.057665489093949619	-0.30120458360402369
-0.25893145904039039	-0.11245557559641406
-0.39017774104027425	0.043820631008965327
-0.44165021075479383	0.15286815173636531
-0.37103139290001375	0.17422883404104431
-0.21918880947040714	0.13881928093117984
0.0064947625037151749	0.04966467818243913
0.24788256341380172	-0.050018875052388438
0.4541492852038172	-0.12006176190616159
0.59597779618590196	-0.14829934974626865
0.62051451097429189	-0.099407301402029372
0.54754348260666375	-0.002695113620508048
0.36260555069475731	0.13748369044996728
0.11557677013062026	0.28158552718386815
-0.16240495839642152	0.39216590894254183
-0.42958433266646179	0.45857402461703334
-0.63614792232816209	0.44875156027127783
-0.77513221108649288	0.3894765367479523
-0.81431972010090625	0.28460101787113035
-0.77965890665662019	0.17084456076055657
-0.67433309734328672	0.082516051765773687
-0.53442020540705604	0.030699567021461139
-0.38982692065068386	0.045762839579222253
-0.26225023999400476	0.10416378503782807
-0.18430903733930334	0.20427393099213756
-0.15314437154198532	0.31072017450549022
-0.18412431454933775	0.39322550331585088
-0.25518670098800145	0.43487317299420269
-0.3582683533524576	0.40400314379466012
-0.46674037998647244	0.31456828940579429
-0.55653271849250641	0.15935643743703407
-0.61190570358895768	-0.029797313620079244
-0.60775740146895985	-0.2324110639283988
-0.54810455531076741	-0.42163738991531208
-0.42140052087130864	-0.56618552001279365
-0.24923352660769643	-0.65890359836993584
-0.040203985830067804	-0.67783633717790459
0.17827130026372209	-0.63610326074245349
0.38169082518858349	-0.53143753949308103
0.55270829149608347	-0.38804294724971983
0.66516224286888936	-0.22168990735743607
0.72099664942861053	-0.055411641670328374
0.70729989693439155	0.08613397991109592
0.64247728215629507	0.19205047818099666
0.53344192615159247	0.24057593337048494
0.40175874181780269	0.23964879726819982
0.26737713788207262	0.1822439150094457
0.14205674791278891	0.091490186785337768
0.045285631394532684	-0.01983281994358764
-0.026172080694133123	-0.12770226185028979
-0.064886637904114502	-0.20633360408299561
-0.083366839162423462	-0.24823235375536593
-0.087796698552146751	-0.23221808626458354
-0.089720820155965955	-0.17356406190830934
-0.1020982864280051	-0.071551090121593455
-0.12686967633702353	0.047023901110548688
-0.17325171552220534	0.16163363880717008
-0.23237504642640042	0.25418834852101524
-0.30315684537664589	0.29855851123888827
-0.37145423635956426	0.29833608767766312
-0.42586374951343497	0.24172646821632848
-0.45708434271032372	0.14875984485534416
-0.45106781865402906	0.029022213635121395
-0.41065217298763196	-0.097948447185205123
-0.32922727057276679	-0.21141634266473763
-0.22108930645757258	-0.305388926808354
-0.092896862680257819	-0.36474135039218419
0.039047356867751293	-0.39613472816157347
0.15830024233401285	-0.39824072337697941
0.25862442956336557	-0.37990284126919538
0.3257996519250721	-0.34843575664278315
0.36733150699341871	-0.30709762403689483
0.3819918614876659	-0.26212931408275053
0.3817616413421534	-0.21189735330870682
0.37706019364369153	-0.15683794827434777
0.37134412165412961	-0.096982929517209993
0.37451302492807009	-0.031051251078849356
0.37765726167406372	0.036582250993207582
0.37855992191042426	0.10368126350349782
0.36704240976246477	0.16511126385427483
0.33109177215247293	0.21540489256129602
0.27399417070783882	0.25332434708858648
0.18901390180365885	0.27466834866704765
0.094203608119101723	0.28285996651180767
-0.00012052832335752994	0.27853182535307786
-0.077484829178541242	0.26585397987650994
-0.11683132165538841	0.24877437266376864
-0.12159670706907399	0.22859196475702631
-0.080291870412083063	0.20832889825006587
-0.016636287861424268	0.18676357256972104
0.05670577283721176	0.16363316061533623
0.11805780139738585	0.13908348406316237
0.14013298396170643	0.11216980231517751
0.12709796349733993	0.085900975093544482
0.064056573371368455	0.061745072225144242
-0.019089571473346334	0.043379722797800536
-0.10667230770427194	0.034733629690753845
-0.17088744712333875	0.036521641356634778
-0.17739093988747009	0.052015438417263055
-0.13013420759915484	0.077473227244311813
-0.0093344022664991165	0.11230118492865886
0.14814971717042566	0.15032707993450994
0.32475075938958098	0.18684527466053968
0.48237746952876209	0.21686216439421926
0.57829692534458255	0.23442701333627863
0.6088667376585486	0.23770557714561613
0.54401446668662734	0.22226569784583142
0.42029734200204921	0.18995038054355057
0.24905388146501967	0.13933986781558688
0.075867780430580289	0.075790289274978176
-0.054781427209262941	0.0015909785997894089
-0.12824273920519769	-0.075477433828247703
-0.10552189130910886	-0.14928648573628567
-0.015169135625398737	-0.21259033911960679
0.14285125647364746	-0.25691306956805043
0.32177560703979369	-0.27981647402509757
0.48364290156259759	-0.27421345381588397
0.60208087835639279	-0.24557477138528452
0.63362382910985893	-0.19331120308563968
0.59159107918951637	-0.1285156085196888
0.46183319500910941	-0.059018754126579219
0.28329074511564423	0.0059823042505720318
0.078816791575720982	0.054715073093476049
-0.11747557975569772	0.087075098988501062
-0.26648287571271267	0.095840435355997469
-0.36032325616153343	0.090591068175729844
-0.3721604062437619	0.07451479090403447
-0.31975425696732201	0.059566234531546698
-0.20269454958198529	0.057067391314991944
-0.048655538503810915	0.072103970912436338
0.12213645374847948	0.11563352959260403
0.28774789023310171	0.18136251978024637
0.42255140768972266	0.2711513063378142
0.51740216255526772	0.37149570822093303
0.55324060740243919	0.47326831976655237
0.53418349056357317	0.56519917969315059
0.45267356776699991	0.63376997265121715
0.32467326939744068	0.676598355181667
0.15593473371414313	0.68446479884595035
-0.030468407178141491	0.66436254323295041
-0.21637135666312829	0.61659167626787392
-0.38129547001617081	0.55201212450320158
-0.50064478847816618	0.47877003042910493
-0.56860645753619798	0.40530683415771829
-0.56626356646757314	0.3420496078359308
-0.50833232514251769	0.29118759784964948
-0.39389508456825828	0.25983893428359633
-0.25093651061109945	0.24364403818821598
-0.099302271638858144	0.24326119190106726
0.037508288845776068	0.25075494164552964
0.13046895250833479	0.26078125310477518
0.17631467547633745	0.26622415023698476
0.1557582933849905	0.25907677330210421
0.087839949376764342	0.23666773907801095
-0.024228581998040784	0.19240052686542414
-0.152249359327708	0.13004368935576407
-0.27300662599763231	0.048443115246867931
-0.36834205306617768	-0.044229724179795767
-0.41106431891112011	-0.14261157089420998
-0.40505664495961824	-0.23943189644418297
-0.3376430774229025	-0.32620602172612417
-0.23130982032653438	-0.40121314066421299
-0.095807047920929783	-0.45859585485430632
0.04333310425724423	-0.50227926217778074
0.16104375691900058	-0.5327478781168854
0.24617896707088335	-0.55446605146485894
0.27571598604906872	-0.57235216808491396
0.26021835157567319	-0.58552863224937712
0.19436186598210195	-0.59692967032147004
0.10278698677666472	-0.60003820189172152
0.0012326625531290103	-0.59144976580980402
-0.088920777613473667	-0.56476073066150945
-0.14233330962446816	-0.51215059777029048
-0.15514506995701793	-0.43446550777283732
-0.10985637054138364	-0.32644516609127
-0.022046660919598733	-0.19858837969275159
0.10650496437410975	-0.054661240456518663
0.25189712838606176	0.090398400931529246
0.39552243053925129	0.22403254459233016
0.51971984716942909	0.33533554622613493
0.60180752348987487	0.40970491216626137
0.63824055229099574	0.44567319063444649
0.61504596022729208	0.43449470319712663
0.54082609091976397	0.3834016361535223
0.41470434471293088	0.29279904307695714
0.25114457809073537	0.17442264371155736
0.058962813099413848	0.035923543636881813
-0.14577404660339494	-0.11003936108004422
-0.34933597437643921	-0.25178666528282384
-0.53589631712432173	-0.37872879066001325
-0.68898012241543338	-0.47789689471822999
-0.79680226161715739	-0.54474936484689251
-0.8421468980143656	-0.56841652929370035
-0.82483120342298299	-0.5549137229904284
-0.73331383662411165	-0.5010187767925437
-0.5844545000070932	-0.4235745311766696
-0.3820876747265578	-0.33223405888653795
-0.15374768326774116	-0.24534449397629113
0.078930320478079352	-0.18265452237025223
0.29441434957439838	-0.14961256120161098
0.464290253202707	-0.16364804817034453
0.58756936911773894	-0.20856660750041345
0.64766577308426643	-0.28340630189924731
0.66295710025366494	-0.35989925361641567
0.63948530515947299	-0.41522077775760891
0.59767150541997471	-0.43207935846189383
0.55851354628653327	-0.38143912085869974
0.5263231993934504	-0.27570845708262914
0.51698324757072034	-0.10511622370087693
0.5167785024826288	0.092834847454904973
0.52250067126988597	0.29522749355880923
0.51851185033321212	0.46807645102640705
0.48779376828409882	0.57033984813284699
0.43127923563094017	0.60027024647348948
0.33774629531393141	0.53108243085765627
0.22664097864915944	0.39684785991861277
0.10682117886451943	0.20851050230676166
-0.0011706468352182546	0.0086676127800131651
-0.074696237663017126	-0.1619705504032812
-0.11118511113778001	-0.28679902909404209
-0.09461612456517185	-0.32897146041739272
-0.042702997797869645	-0.30850180029237378
0.039338556719388976	-0.22172716368983744
0.13003565945712109	-0.10283171057947242
0.20823185125702046	0.020443419914559294
0.26776215856081942	0.13243205028482535
0.29129408757362607	0.20334599674202314
0.29117373984700701	0.24781013900760154
0.26842792622996237	0.26249826057533437
0.2396820250352994	0.27147546633894409
0.22055377501813742	0.29678901132421909
0.21509290570054032	0.34116622862873569
0.23632260541589423	0.42353780047029266
0.27294023648535182	0.51734093451401064
0.32296606974799058	0.6125843085296595
0.37145456798342202	0.67848419442109043
0.40428557837130696	0.68116084578291247
0.41700321855057554	0.61991099531262106
0.39753275261525528	0.47016622414868314
0.35461058837971521	0.26964224056279268
0.2886898406394609	0.032182163515128842
0.2125456525451104	-0.19516465792129806
0.13719926614453534	-0.36611819521360955
0.06836549954148062	-0.46452736778123122
0.016589858554769878	-0.44909807469857932
-0.021598477912961472	-0.34897934846780254
-0.043764373775799614	-0.16326538306245506
-0.057080194764756051	0.059173406857263453
-0.06661010846370416	0.27906637308049242
-0.076243573228144443	0.46852002228566025
-0.091909148838339047	0.58274477986606521
-0.11255369860387636	0.63315824146623667
-0.14039910134993402	0.60580770008562479
-0.17154887031000657	0.53201448905276572
-0.20402706339971038	0.43265041966609735
-0.2342939253978574	0.32511135101536626
-0.2586313442385102	0.23706912313600598
-0.27559844837153302	0.15856760448939275
-0.28174268459245955	0.09478903390856018
-0.2793809857983437	0.027990140313969607
-0.26756474004957925	-0.058611236847545413
-0.25263802865168056	-0.16271619032206794
-0.23826618537399602	-0.29647322177722568
-0.23153684088541779	-0.43332226500155124
-0.24051632987147992	-0.55871926709879172
-0.26593387405160468	-0.64876468979093149
-0.31488296000213534	-0.67194991316473374
-0.37633712783784312	-0.63655812922960975
-0.44756713213797333	-0.52755026519763948
-0.51077481608544695	-0.38338449554758203
-0.55030278807390598	-0.2264458360333885
-0.55699950705043233	-0.089914690041562134
-0.5124900151432098	-0.016555313243087458
-0.4287871712025747	-1.1645384719159189e-06
-0.30218832812086371	-0.062507154289015973
-0.1614650459002594	-0.16097318378332509
-0.026495332055767793	-0.2724272107787003
0.079742803058744524	-0.35873997623035531
0.12590482632739278	-0.37182113343721912
0.11721229852122546	-0.31858190312544643
0.037382539388476896	-0.17327583939600633
-0.080416261118295251	0.014214404576615524
-0.21997099675812395	0.21854610283498627
-0.34669909664800297	0.39184591962697835
-0.42220256618031687	0.47771445922380718
-0.44171457028792627	0.47638717559801047
-0.37738697045976116	0.35254348035438066
-0.26006568241999756	0.15645210486736874
-0.097834738442414915	-0.091838457901767701
0.068868349632867379	-0.33698808110865586
0.20185583565343454	-0.52059171851337427
0.28629439028239345	-0.63179563534131089
0.28694191556787979	-0.62692228223860591
0.22683697120239218	-0.54603805670308125
0.10427579676669867	-0.39782380307320842
-0.041756745355873419	-0.23275863147317921
-0.17949766740154804	-0.09996977427804217
-0.28898510593090315	-0.012193709073699013
-0.33482572519743792	-0.0099682942915307899
-0.33155095435861243	-0.059016619770147973
-0.27119394955385329	-0.15366343708771499
-0.18585619409076048	-0.24864161945695104
-0.098823346139434706	-0.30050280079742064
-0.028576037251800857	-0.29811545056675243
-0.0047588531963929231	-0.20429298736748291
-0.017165589493484661	-0.053752197684453079
-0.073929232547861171	0.14770293625686079
-0.14967679547452239	0.35052058307582812
-0.22695452918116465	0.51051913106882019
-0.29013770669448385	0.60578393897935479
-0.31583808394296808	0.5921295171025206
-0.30989246312893742	0.49218679907997576
-0.26521381860141779	0.29816217210105594
-0.19718538984878003	0.057143785817815901
-0.1166450113367786	-0.19866916595889642
-0.030141872482288803	-0.43240342851612534
0.049945003694406936	-0.59828868956221681
0.13026728353777545	-0.69081692802241845
0.21152186084409291	-0.68158581588393841
0.29919403023764884	-0.59350796166924213
0.40254650959409372	-0.42883904379008458
0.51094392295562041	-0.22114752456580689
0.62450755630230981	0.0041812119933500452
0.72023014169614774	0.22034225254833081
0.77959031151419544	0.39507111868853401
0.78925165079130855	0.51936112161835668
0.72489986303849652	0.56950321887272004
0.60094722520435995	0.55733999304944926
0.41171137798642721	0.47769018478402048
0.19316193364892584	0.35791627749840077
-0.030785986593977001	0.21469894415579335
-0.2296512688945733	0.074902356767966527
-0.36521089986333494	-0.031453140498150581
-0.43677545691155484	-0.097155391144837205
-0.42125824110935683	-0.098460821566841591
-0.34762806809071978	-0.054943338919827472
-0.22581097195756691	0.032034400092001113
-0.089848598376189373	0.13158221771951664
0.0272884542666759	0.21734179169978679
0.11246101003044295	0.27435489887002196
0.1369067595102347	0.27372962902356368
0.11452450471218746	0.23090872102908588
0.041506450703009692	0.14127346871448598
-0.057789921103892049	0.036116296995434664
-0.16492645959878829	-0.060230649794801
-0.26595296880393926	-0.13150523608111325
-0.33948739954989421	-0.1483774453339948
-0.38938716030205672	-0.12571877608337712
-0.40854393824468138	-0.058737022975464723
-0.40847284805176493	0.022906718868068571
-0.3963108644135872	0.095187447205175899
-0.37808409446555336	0.14598908875077204
-0.36342649537482469	0.14878698929818462
-0.34865149173641274	0.12278188937012821
-0.33515714790780954	0.068532004276598626
-0.31732350176873503	0.01544025544907973
-0.28946602109323549	-0.0087674132711674235
-0.25317648055582342	0.0014981461965214442
-0.20497034964082456	0.070310484996348926
-0.1543920116928455	0.16994233777896112
-0.10661946147710401	0.29161305767013956
-0.07126733421609234	0.40255634038868038
-0.059167978373219361	0.46721670814392513
-0.071846248990952766	0.48518103459001871
-0.11742874284835954	0.43211969032508146
-0.18694258319905063	0.34422670672652877
-0.27882712881972782	0.23742833565665378
-0.37897226992018562	0.14819828625894321
-0.47648762501944986	0.11989182723846797
-0.5601533679665277	0.14779053177276874
-0.6159620610362645	0.2574038549006728
-0.64138615747017236	0.40140341974339128
-0.62664462636042784	0.55622012950895594
-0.57949048242988466	0.67608559897573239
-0.49952932838781722	0.7063932170473971
-0.40142236936713971	0.65008856455605024
-0.29492752009797563	0.47428049673463579
-0.19436025449796948	0.23187257928429861
-0.11552116910582837	-0.053639405620431964
-0.0637128107884877	-0.32692325216676515
-0.052152465898265409	-0.52687752649670805
-0.072896512517721071	-0.64731413057133735
-0.12807327852367545	-0.64608521578727962
-0.20068420088566297	-0.56996859997989335
-0.27926895227299303	-0.43421372908331629
-0.34934115346316152	-0.29125787019783722
-0.39307262143760646	-0.19636205929911454
-0.40902844025381124	-0.1563044356951776
-0.3854377737314047	-0.21104062791420508
-0.33548019956538855	-0.31629920427140701
-0.26262192865818451	-0.45801016900694658
-0.18423222520716198	-0.58552484287414264
-0.11629891880903394	-0.64554786050481594
-0.06643252416819094	-0.63194928450362253
-0.050035637034133745	-0.50549960560422802
-0.05971984386824479	-0.3122021740514242
-0.09821318794894808	-0.06588847599952527
-0.15056889457461961	0.17615540554636921
-0.20581748001575845	0.35834189946830741
-0.25475511463441941	0.46174398395053218
-0.28331945399321118	0.43775391243072154
-0.29511655876097126	0.31982628803061786
-0.2853715399180653	0.10695035304052716
-0.26516490209251775	-0.14608555660756398
-0.24180927162485041	-0.39550226834830549
-0.22183339435793675	-0.60928304979148162
-0.21567980872817177	-0.73751769450030791
-0.21891976329551224	-0.79010745204914068
-0.23420712359375362	-0.74848351496740706
-0.25073657713777481	-0.64814584795311037
-0.26064424860851393	-0.50876470500896576
-0.25775969204158872	-0.35926041075026494
-0.23173606331979779	-0.23382062879775281
-0.18723868158253568	-0.13631359613778316
-0.12156399865813423	-0.08738832055254768
-0.046471772362579822	-0.07089015327527716
0.030284679711583329	-0.083711289240975206
0.099389585065697006	-0.10736020512651499
0.14939772969647114	-0.12470305807497997
0.17894412052525699	-0.12855900162274284
0.18138869745718531	-0.10382974245102598
0.16111144753762718	-0.057133778268363848
0.11903219777044281	0.014686914541126261
0.058891368185295764	0.097401065322970437
-0.015749177718064847	0.18234281898683824
-0.10343394334603553	0.25597395245618199
-0.2027624083857695	0.30357999261085694
-0.31000778049524758	0.32002383449132421
-0.42444048295356812	0.2928477296880877
-0.53566834858453161	0.22929913543087369
-0.63781951389520952	0.12622846975334986
-0.71660349111488786	0.0023691018341956208
-0.75806532480315625	-0.13162160956569233
-0.75532655447617569	-0.25466521515929863
-0.69357089327701982	-0.34580584213030663
-0.58265686488453972	-0.39401840230572321
-0.41930090820221111	-0.37870425847182115
-0.22811299069923491	-0.30762818493448635
-0.0244774221282907	-0.17369947064736679
0.1672123854575818	-0.00088593445344930795
0.31981144932373257	0.198177924489645
0.42619017176231272	0.39658285817217176
0.46571224688174584	0.56822904346261705
0.45175281649856475	0.6980537065686685
0.38356811263335239	0.76089142205668558
0.28287855878238233	0.7609503217191379
0.16698982686902747	0.68734239860356172
0.048402403632573116	0.56019064351111603
-0.05364574370730571	0.38790209316606034
-0.14206138466840526	0.19473660284663016
-0.21067303317871358	0.0024071244843028375
-0.26747748878798028	-0.17303859515638717
-0.31863736759781303	-0.30857813617358804
-0.36348373388062566	-0.40342256604777449
-0.40730705793427496	-0.44481612021395922
-0.43839173778403973	-0.44563687490667597
-0.44976604435766077	-0.40878967343833045
-0.43248882924560961	-0.35143845001031826
-0.37213250460777053	-0.28827468890730967
-0.27818465966364625	-0.22962058319188655
-0.14648502435282365	-0.19139186856975568
-0.003549588674935121	-0.17149940139621289
0.13313696072608922	-0.17661324063339556
0.24064098384355564	-0.19637151416648579
0.28936718453103777	-0.22556272745390385
0.28181584456380343	-0.255405806738073
0.2009936666843998	-0.27542138365791818
0.075786091844561976	-0.28549284748235465
-0.081150673206660293	-0.28021378982056544
-0.23812222311866374	-0.26497423529067188
-0.36162847792875191	-0.2425275578823369
-0.44443025472415471	-0.21537730109011788
-0.46060680735444853	-0.18823530214895073
-0.43270274556989741	-0.15723005382736269
-0.36474481474865816	-0.12116015487704367
-0.28636586185662904	-0.07672712458344122
-0.22585134067513898	-0.017846435252821216
-0.19127017613605232	0.048325173425581389
-0.20691023740768366	0.12223736498187839
-0.2524001455620114	0.18715545745176365
-0.32482879543504667	0.23005434740980188
-0.3961032349030062	0.2402549627694926
-0.43963001938955998	0.19915671418376812
-0.44799952108835961	0.11749905000889485
-0.39814082298426068	-0.010191497066424516
-0.31044434812732058	-0.15387676938656622
-0.18830632210158024	-0.29391416642595658
-0.059638420289945065	-0.40459048410574255
0.049390255475537971	-0.4526229485886582
0.1301557589582529	-0.44107766862436831
0.15947857879916905	-0.35078036112152206
0.15485630853348364	-0.21516942776589937
0.11827569612885255	-0.048867038226213549
0.073089766928869454	0.11085239453768604
0.042109582386390079	0.22515356106023021
0.028947782141284274	0.28409698118986521
0.051461194046407484	0.25640959490554638
0.08972831491565865	0.16725683235017744
0.13699430871092155	0.018987977652567517
0.17161600184109718	-0.15122159116604389
0.16885662672578142	-0.31118568595998958
0.13124212929477336	-0.44358745297374358
0.043334481676770939	-0.51577845495032093
-0.065711162305326171	-0.54156725424843188
-0.1817402415737025	-0.51489890937436433
-0.27518900576440758	-0.46271549462839945
-0.31168080842121293	-0.4055516908579147
-0.29149977674313754	-0.35657473692790831
-0.19188472965624348	-0.33934900307409654
-0.047594945523173129	-0.34321777603170278
0.12823411393349174	-0.37192223872706343
0.2934921798675077	-0.40583307282255598
0.40619623664412557	-0.42909434120690859
0.45282906290628105	-0.43412708312740594
0.39688309558343449	-0.40442692926539903
0.26534634418126313	-0.35091416820741689
0.058124204667579303	-0.27310502129955055
-0.18004304541456262	-0.18870732094446505
-0.41344115848660545	-0.11232316725324627
-0.61508664868724539	-0.052785978446721879
-0.74334854702446806	-0.025281801587799461
-0.80645505531184736	-0.025354850261325099
-0.78926093898828742	-0.056914013667980629
-0.72025553818578225	-0.11005131202316645
-0.61625846842963261	-0.17856422584349613
-0.49713366897882294	-0.25524526342601206
-0.38918458912838827	-0.33224101554664837
-0.28991231429547726	-0.40528671528534327
-0.20951405038381524	-0.46927755187925396
-0.136204885228707	-0.51888024763265805
-0.061290286366598029	-0.54902889688005085
0.014303679402208301	-0.55381657276793628
0.09835405156423499	-0.52575060874197177
0.17344604372255745	-0.46452231823919171
0.22918328140416361	-0.3638700642270255
0.25228756832383886	-0.23416003155994744
0.2214147481733825	-0.077902478420918436
0.15036632654874091	0.087596452208092992
0.033543304535137292	0.24909816450333508
-0.092196960643459128	0.39188975880719668
-0.20082701251023954	0.49850039363200183
-0.26545614773849946	0.56396529864419287
-0.24557756254881846	0.57579003569611209
-0.15601210182253578	0.53909276674238393
0.019289785434329181	0.45078541080820633
0.22822371537523703	0.32299225853419888
0.43942349558509164	0.16112578817179124
0.60672410276354383	-0.017766644086248992
0.67215016812050588	-0.20135673776708196
0.63976653571009723	-0.37007484745949504
0.47544435725316386	-0.50473404332589311
0.23578934095943968	-0.59185787817258384
-0.05489886917788879	-0.60978463262480898
-0.33383092878833315	-0.5638831933881715
-0.53524607740651131	-0.44250337087274799
-0.64375891932391793	-0.27504067459035964
-0.60769142009570987	-0.074121358516888489
-0.47016073546552006	0.12159700032976999
-0.23686041111402797	0.2756048470564651
0.031616757214746792	0.36883186131308027
0.28082943880321648	0.36321807209737428
0.48662969289140584	0.27922287647257044
0.59779611708746461	0.108358627721972
0.64110776556943028	-0.10059351381690235
0.61208464867342671	-0.31498362755776288
0.55328249553334596	-0.49490564096361933
0.50220727298252954	-0.58889351283289737
0.46952827825875226	-0.59897722857305913
0.48882538533449554	-0.49551893308657835
0.52887283083898118	-0.32205610668684392
0.58161492120234481	-0.095700971187139661
0.61112132099432614	0.13390855300974536
0.57762629934311693	0.31692031663002906
0.48458034900349511	0.43686478447340654
0.30657233002276174	0.45174899729688045
0.090421409651539345	0.38829107795474682
-0.14139433215447125	0.24437729857264598
-0.34126277346320438	0.064510252093547993
-0.4544193614260057	-0.11613537053008607
-0.47984330883694087	-0.27168959120108899
-0.38139259465592157	-0.36172692709342508
-0.20966636753675597	-0.39473920144123836
0.016344983424614393	-0.3561241783223496
0.23795720059467756	-0.27473855237969202
0.39534085610971681	-0.16699677114429651
0.4729410715644049	-0.055623340029691555
0.42236853750749331	0.031422655550513073
0.28229711921302858	0.09343050806553034
0.05644982555383006	0.11500168221072198
-0.19871008371766963	0.11224057589403187
-0.43415294801136284	0.090406370966625321
-0.62385496096745507	0.066636180294199779
-0.71863061161553643	0.058045518398483348
-0.7389353531973446	0.069958362162549567
-0.67497180097608755	0.11626166811611574
-0.56831295791694514	0.18838201184097872
-0.44937833571172769	0.28801707029092016
-0.34183102344375221	0.39824049587970295
-0.28286143441432138	0.50796248664208021
-0.26230710766128873	0.60137108266886286
-0.29134122136756896	0.66044973224409242
-0.34314727139928064	0.6807224088228313
-0.39979975178325966	0.64729487498777427
-0.44579884622026827	0.57340521164006608
-0.45714149816646343	0.4588018509488298
-0.44141192238249688	0.329059501692825
-0.39207732382848265	0.2028734000930317
-0.32748567536219103	0.10063039599191294
-0.26076005928146168	0.050392213762935234
-0.20104235222620043	0.04782946603406809
-0.16440688150416946	0.10803007968481505
-0.14317937740963874	0.20080383633404025
-0.13987099088261179	0.31180864812282877
-0.13999978729364981	0.40858805036402113
-0.13225834856212301	0.45521314579560657
-0.10963427598160792	0.44775914428322389
-0.05923288409554215	0.3592648131670087
0.012606384926287701	0.22291058276145939
0.10822747894045157	0.048566929844085102
0.21447491332444227	-0.1207975176340105
0.32215110254067353	-0.24285322249652772
0.42172629719095273	-0.30581243564154548
0.50102994599204742	-0.27242486946329703
0.55878686906149067	-0.17674860229701983
0.58812590635907491	-0.023648112018191027
0.59366444707479071	0.13654608759967543
0.57565739515866488	0.25814338679579885
0.54032104629038102	0.32235959565650235
0.49198900259612188	0.28457494035179542
0.43656424868641797	0.17660556286983789
0.37962491201649506	-0.0017613100533143862
0.32647916617844946	-0.19905870649134008
0.283226495916237	-0.37091285757125275
0.25307109522950488	-0.49625692739699184
0.24198340759343495	-0.52980500396247465
0.2477641693253792	-0.49984054672478107
0.27330861416929675	-0.40457233100663781
0.30930369332054847	-0.28893849720502024
0.35141038996264851	-0.19340880748126377
0.38760184187509594	-0.12959717186501465
0.4062698397146341	-0.1341406564522907
0.40181940803304472	-0.17243955520531259
0.36228347692126139	-0.23583230849545736
0.29517012041857221	-0.28314154319127388
0.19797036206952662	-0.26916256054630727
0.088768283449274663	-0.19731577777694598
-0.020749618964568901	-0.03833077938029894
-0.11389956633484892	0.15492463523225034
-0.1706984981473115	0.35660440758211209
-0.18935776295563811	0.51491373037379606
-0.15584590080564642	0.56733081221092685
-0.086908276706673906	0.52019054691757072
0.013702986031946654	0.33687082585653255
0.12103962226438388	0.083720865015219803
0.21418894568314426	-0.20718849768937
0.27729209646388131	-0.46964423668320232
0.28584218307861575	-0.62730934308834962
0.24487061433075261	-0.6784849288994933
0.14343209207463475	-0.57388287162621043
0.0049498456294698318	-0.37993386584588618
-0.15957465374794227	-0.1225723550373298
-0.32382143001603586	0.12600102999415483
-0.46193369374581017	0.28812658484457931
-0.56152041384277063	0.35424708683118827
-0.59900529618945231	0.26850206516088765
-0.58208734042576504	0.092141559760705399
-0.50372104563197018	-0.15643149056886194
-0.38456361936954769	-0.40453625324131354
-0.23641164632075404	-0.57888331879187982
-0.078801494203520547	-0.66289547905487078
0.067081809039582205	-0.59868128240685214
0.19438765940021582	-0.43689404975628593
0.28691384477989612	-0.18688068567818389
0.35153016150648986	0.085331012450536675
0.38537647560666327	0.31739384718627384
0.40144036588553361	0.48891911415406947
0.40894852756036865	0.54635504191661521
0.41632347742138315	0.52684363421736036
0.43629684818863473	0.43248820404198146
0.46516798728986208	0.31485305222648841
0.50810131725723739	0.22119759176022002
0.55123324549751784	0.16653979916886674
0.58718376483087775	0.19238625573185794
0.60166654154923871	0.26653056017731547
0.57858594159389953	0.38521070901024029
0.51598985883690229	0.50460009017942475
0.40131692553132658	0.58394285377687338
0.25029929247536009	0.6102647098779499
0.065836057866179354	0.54766194539099344
-0.12613498824010344	0.42416697990908081
-0.30492858118655425	0.2413641860044094
-0.45188804657846232	0.042693991647956467
-0.54030567661109596	-0.13597572028606417
-0.57364930685758453	-0.27034294193516545
-0.53838825993458139	-0.32101747414748166
-0.45881036690678378	-0.29739600791693471
-0.34562815931170993	-0.18493633028564857
-0.22603685834755086	-0.016064953957151077
-0.12805408646896144	0.19288296405802907
-0.059925171444068552	0.40817556963877022
-0.044906554679683616	0.59672197751613931
-0.065982517714407551	0.7402641241230421
-0.12306996536240541	0.80783815187607622
-0.18862746920379625	0.80447055755523222
-0.23997580760264481	0.71604706696660758
-0.26244526502127885	0.56902613544847946
-0.23021362591316272	0.37348695350584038
-0.15405916866895111	0.16445304144464074
-0.027284647083980307	-0.026957374192739029
0.12350558060233015	-0.17894922161059679
0.28096892012574143	-0.25634422635797333
0.42401732576537482	-0.26817376985825941
0.52619524401696838	-0.19983383288416717
0.5862626039664327	-0.087052342936773539
0.58930699836762102	0.050918709510354314
0.54988988271244454	0.17925553260197483
0.47247224704651397	0.25772875678307183
0.37244308046258434	0.28330312467940211
0.26499871742249537	0.22866083136858095
0.15517811186460342	0.1264201499400161
0.054163874957890559	-0.012732708270957942
-0.041278630527679681	-0.15031936292450596
-0.12990817241596969	-0.2466158242875498
-0.21396974775651947	-0.29467270920448357
-0.29647284544968988	-0.26352978804585231
-0.3738827577668809	-0.18549561050012478
-0.44521124593534001	-0.069361014560152992
-0.50582839198788532	0.045281094316668567
-0.5505908070704022	0.11787501240402287
-0.58005066507093606	0.14251829651582551
-0.59100895433071254	0.087516944210508221
-0.58957584263607732	-0.010310070471794519
-0.57917613994312933	-0.13949625928641829
-0.56466690808383424	-0.25567816728852105
-0.55255563587009526	-0.31285927367331728
-0.5413158523181989	-0.30447228777597313
-0.53331480910807094	-0.19461161044303957
-0.52337882706069772	-0.025295646335575701
-0.50763004291404523	0.19179482363221623
-0.48454826059709971	0.40155252737321417
-0.44955199320771427	0.55139817723534623
-0.40794724997725557	0.62206703899925953
-0.36121231858324349	0.56548735569008746
-0.31624887678507163	0.41550090792229838
-0.28021657103556213	0.17082158129497232
-0.2538197829319499	-0.11123869612059195
-0.24260294335039584	-0.3850575327177535
-0.23920555090694451	-0.61685243350345842
-0.24111991414513559	-0.75362592966715014
-0.23933203415864482	-0.80740055105469521
-0.22511878759260395	-0.75897237154139841
-0.19509985633618446	-0.64902329022838856
-0.14161568191952956	-0.50083501529116969
-0.068780862064855425	-0.34740419338192036
0.024625495052720717	-0.22834704223124808
0.13025647926175885	-0.14708655677936913
0.24344741832684444	-0.12667261039712807
0.35437249026478373	-0.14784078552324767
0.45523701020178997	-0.20603292245459789
0.53528289457422729	-0.28018012098758177
0.58394545588220981	-0.35053074774721366
0.59284982106070161	-0.40857484254452964
0.54918950778160547	-0.43813937699653782
0.45569465633421824	-0.44246192231033665
0.30365538176879325	-0.41686234744656636
0.11458527747436283	-0.36892073076160953
-0.10428150824129752	-0.30210137158819567
-0.31881652508416375	-0.22407147595792395
-0.50043654661915926	-0.14108132737519219
-0.62527175296166626	-0.060845992754333153
-0.65712670372371274	0.0086423194376248676
-0.60439503398028382	0.061964750354370761
-0.44979606772094344	0.09048352188606204
-0.23415729781398328	0.095863183356264564
0.02233801015544512	0.073524427452557342
0.27503785034835732	0.033561045973058416
0.477293434996373	-0.019453620632830661
0.6149118443025281	-0.073537525631381565
0.64964394339552523	-0.11625956107709889
0.60700958972998376	-0.14439357015588236
0.4866018466813285	-0.14774395633935256
0.32795196161584511	-0.1347879308248513
0.16465621102003419	-0.1067499915014779
0.014112570908674809	-0.075192681765580471
-0.089840982629517424	-0.051327952770596652
-0.16292817332985154	-0.037432079134357206
-0.20140683566805348	-0.042917554874328412
-0.22983666133415681	-0.057587672945041288
-0.27140284139966042	-0.078549741668491727
-0.32648671219589492	-0.093304208959751375
-0.41288351312519295	-0.08911699238682759
-0.50153672604604727	-0.063798991312909198
-0.57870454773355728	-0.007158529961588056
-0.61623807284023502	0.069530748680337665
-0.57874277074400038	0.1634563839564214
-0.47421371404372764	0.2594265046520165
-0.28402006649207812	0.34373680918515248
-0.052645024005612037	0.40911212800135432
0.19600543672453527	0.44223994634046787
0.41883049426942826	0.44752799823755995
0.56496405974896202	0.42132784735185191
0.63379595882550932	0.37449549005072552
0.5933584359724372	0.31335380605242891
0.48685814587665854	0.24785370896358366
0.33127717496416098	0.18817390610979887
0.17332147249108731	0.13995389605235922
0.063328888016784046	0.11216538702452764
0.0073858070576268862	0.10499045733597832
0.041063741203889871	0.12382463537017233
0.12624516179322434	0.16199927913901208
0.25099635776691787	0.219607095731327
0.37233738790433579	0.28175956629979731
0.44494046694178913	0.33929117122717478
0.46391541594972813	0.3751256199120741
0.39664242217056955	0.37111387095938103
0.28098260182472529	0.32130865713303408
0.12934334595310384	0.20818318378147854
-0.014533982663367801	0.048326991756080337
-0.10517740157524637	-0.15902600418998269
-0.13537137874717187	-0.37933572041370145
-0.070593237278334997	-0.5885287960142066
0.05270757068435937	-0.75597114801190057
0.22555129628429166	-0.84375541639115292
0.40005150655141503	-0.84962807135919338
0.53147371087174533	-0.74815188079842143
0.60138233332047508	-0.57097059166769737
0.56845079222445882	-0.32619632516494496
0.45661761421472635	-0.05898672645537277
0.26102635034245475	0.191825117029579
0.026735345674056429	0.39915341089068196
-0.21348187696501258	0.51988310350692502
-0.42762729980070585	0.56326887911221601
-0.57306045634076297	0.51191187502058844
-0.6489351699143695	0.40265768037065425
-0.63180408169988911	0.25434595054997683
-0.54683027165752718	0.10359562412573392
-0.40081750831732726	-0.010368269736997681
-0.22539636714814024	-0.076524347444351923
-0.047632869507284827	-0.063722482239158981
0.1119755537405985	0.0068761255537465654
0.22410970878575126	0.13716293550246494
0.28816886310620882	0.2891300946853616
0.28755116725174779	0.4354422125015453
0.24094077819738599	0.54597336155688614
0.152385657507418	0.58210932354862766
0.049192541963790581	0.54197958060175722
-0.04613394227266656	0.4005239568274922
-0.11513950177430812	0.18869720796438411
-0.13023792354856428	-0.086888998691045757
-0.096320340129378956	-0.37826557370148889
0.00016924081741617747	-0.64736507371526597
0.13147565768005409	-0.85787089317896803
0.28446405149466786	-0.96011440283501592
0.42882950665172537	-0.95608423044424173
0.53233108444057242	-0.81637393825855731
0.58764199520070792	-0.58550009354714327
0.56913220505032025	-0.27786705891598246
0.4994705079426871	0.045594989393421471
0.38185852729815201	0.33064895115064569
0.2490677408337057	0.54281123571646506
0.13065205884471656	0.62317033042584358
0.039465807016395398	0.59077290112579095
0.0044703091618480822	0.42465963423363307
0.0068984811927578155	0.18593695537338595
0.04785870709816694	-0.090399337399783286
0.09668590645910391	-0.34697667496200224
0.12675806014057481	-0.51799155328854185
0.12705436827968905	-0.59374097902680489
0.07085153077137353	-0.52757886394320497
-0.02136497079281818	-0.36453098865598094
-0.14885743951450583	-0.11295464793159425
-0.27910582141924273	0.16379078890820986
-0.38339565566606476	0.4105896086393882
-0.44957246595614364	0.59435354820237341
-0.44936696837440887	0.65711338372872585
-0.40240912492862313	0.61839628442101846
-0.30829276940666711	0.46118773637366611
-0.19885700255311622	0.23714356504270404
-0.101263590268222	-0.021903450974777486
-0.029138370872837376	-0.27349868500752778
-0.010173660957839571	-0.46635671332602735
-0.029331791613407557	-0.59513714850799215
-0.08940712406896012	-0.62831233498736117
-0.16459588449765503	-0.59315865346594554
-0.23326875293506225	-0.49538056886907034
-0.28569672902336379	-0.36816617296013188
-0.30029290982906975	-0.24132304928515624
-0.29100168311476565	-0.13069718742158012
-0.2576275456407523	-0.063897846189364824
-0.22100326748039403	-0.035442801406962911
-0.20002645192144905	-0.054161792330923886
-0.20030709608103692	-0.10472818746691846
-0.23851591459428456	-0.17870775643563983
-0.30036835819492796	-0.26425303514857018
-0.38351460644168534	-0.34803402630687447
-0.46882118749473706	-0.42606409916219767
-0.53838894728202635	-0.48949322771281784
-0.58616511205898236	-0.53958160042000058
-0.59672625873095797	-0.57382769278882406
-0.58028518127612427	-0.59466661768612883
-0.53674233754359957	-0.60316847959017372
-0.48161131282589659	-0.60092677917178317
-0.42750035205773029	-0.58997702599484581
-0.38302593416161268	-0.57006329785842946
-0.36161061316552395	-0.54218348620705281
-0.36144440868777433	-0.50461165966825283
-0.38785003362644793	-0.45654526475677842
-0.4328519621702035	-0.39621205925551217
-0.49374612152589054	-0.32106620079336845
-0.56004086553702048	-0.2326259363470016
-0.62384269869384779	-0.12941218610861838
-0.67465309626299208	-0.017871088060475621
-0.70148729779541596	0.099140800283605432
-0.69791051492834488	0.21233381732611131
-0.6523143711603776	0.31342333715339865
-0.56923487045835686	0.39653769520003584
-0.44336180351525822	0.45224406497079334
-0.29262543365128196	0.48294130634142152
-0.12575408944886482	0.48471716866108194
0.034956634185727087	0.46707215701431148
0.1678327618690687	0.43498036731175416
0.26228110645019959	0.39810877642424969
0.29709392142848123	0.36660420946605937
0.28244090946952244	0.34400121761756375
0.21365973902460728	0.33841188733467509
0.11403876623607068	0.34625043790505944
-0.00053000573727816566	0.36868256279549194
-0.11251984949357746	0.3995659259245572
-0.19944280747487203	0.43439679416320209
-0.26029056699063285	0.46942505212111479
-0.28338199413400555	0.49915415171736094
-0.27824759499601082	0.52431965789475599
-0.24856555258953977	0.54314964119706244
-0.20021170224212737	0.55767003674050475
-0.14115138492247137	0.56945511943934579
-0.068794266719974351	0.57808794044323308
0.016498201743237143	0.58525344458269712
0.11561603309663701	0.58622022572935284
0.23323620881229581	0.57899858068493049
0.35763637174029694	0.55704834548961302
0.48526330722487837	0.51405535441250538
0.5962865692556466	0.44735190956857146
0.67258837417814421	0.35015489151535206
0.70547752026880117	0.22849639919422277
0.67481032881944791	0.081317074968054182
0.59682644712942634	-0.076891830870097558
0.470381761485063	-0.23757522582649365
0.32748387621723435	-0.38398399414031142
0.19296284462893024	-0.49955573637114026
0.087207206090136158	-0.57517521106400515
0.04237539105341942	-0.59433459212300488
0.047987779574024232	-0.56264923403050737
0.11529253589314124	-0.47397804597112303
0.21126473790549843	-0.34708253774222203
0.31541747114920077	-0.19151019788804505
0.40138487693530789	-0.028761999352590946
0.43501744764162464	0.12055595031115438
0.41917921560602023	0.24421156638591104
0.3356708370183501	0.32243964976340256
0.2135329327004602	0.35723343606363311
0.065530544547004244	0.33998394591818532
-0.077708934470585939	0.28273262518404763
-0.18433062037086081	0.19030512671033822
-0.24525194428921984	0.075739850152250196
-0.23525711877899974	-0.049025276881950415
-0.17089091560493955	-0.17586318540236409
-0.050717995253116994	-0.29355968593603471
0.096537095887147206	-0.39943821232386589
0.25027818832152793	-0.48711167838035846
0.38755549087896057	-0.55649745471176448
0.48044135539690075	-0.605172849909966
0.52327318335546269	-0.63377096383257425
0.49612189426373021	-0.64146997183142884
0.41385928587225024	-0.63021195601572599
0.27453702244763967	-0.60024258504837869
0.10868642395077165	-0.55582927462007536
-0.063914193783844012	-0.4991484611559972
-0.21295415411050056	-0.43671875111558012
-0.30417203754052391	-0.37348541576882766
-0.32964175676830637	-0.31634489710921809
-0.26097273045121205	-0.27241990940092647
-0.12529702121165104	-0.24597690710186601
0.075912524426184902	-0.24407412131728387
0.29406883951027701	-0.2654589363693533
0.49124250968789746	-0.31431716508165181
0.63398773063698177	-0.38139175305521411
0.67172169740263798	-0.46384396129128869
0.61792599753062061	-0.54660465641281142
0.4510275235221341	-0.61811603354733702
0.22560755555593701	-0.66500536818225686
-0.027924198409438262	-0.67023867674197457
-0.25862612921210781	-0.63324193154300745
-0.40608575857690365	-0.54213073015574176
-0.46830598588514544	-0.41380221324297406
-0.40655556532115028	-0.25241805090221869
-0.27062445420075765	-0.084300252399709577
-0.078860636166019168	0.068702900255640284
0.11314121357738488	0.18900855519435428
0.24666180549327027	0.24972889722010513
0.31272699893109729	0.25693053430453178
0.26769850182579097	0.19862101394661996
0.1568494788847731	0.10208970236800176
-0.007608546176004944	-0.018919880291851307
-0.17012894244720628	-0.13576264828747195
-0.27508973420729349	-0.21809853493832393
-0.31050543217691667	-0.25726896291014256
-0.23150421841530999	-0.22874221089525495
-0.081123103185183607	-0.14979764413334987
0.13163732457267424	-0.019822156901845439
0.34953961883326362	0.13203855922011939
0.51893545775503191	0.283317832920429
0.62005687984684921	0.41459170912059529
0.60448668179936127	0.49855862731271655
0.50452426722568855	0.53638473247291818
0.31908810606846438	0.51459533752335773
0.099903796029796099	0.44981137811803751
-0.11058234226393274	0.34817233426867095
-0.28561400764291683	0.22764788582428097
-0.37917032519259342	0.10512381564102602
-0.40659869552085143	-0.010008705290787659
-0.35549931442190813	-0.10259293818222845
-0.26309292142221519	-0.17303980357301424
-0.15342283571833484	-0.21481953404770329
-0.053621514094153076	-0.23359745468284288
0.0010346400193905385	-0.2308514577376497
0.010934147366894537	-0.21261407424867393
-0.042839959872427974	-0.18405997920646205
-0.13764761943336026	-0.14924063300824228
-0.26663772553743226	-0.11349267130006051
-0.40136037654519097	-0.07813524332600999
-0.51722823521719463	-0.046623348616301991
-0.59580250257493939	-0.017886071958628402
-0.60942859575942288	0.0078168328595419855
-0.56116652917269783	0.031022373307328707
-0.43575017847314174	0.053075978088357713
-0.26050337703277743	0.071292629711640937
-0.044350300406401186	0.085281234985153623
0.17277620229592927	0.089505449715631832
0.35649764140857515	0.079088713110887512
0.48122676304348322	0.051660581775668415
0.50537172401243957	0.0010582870711236154
0.44256780255028666	-0.066217756064139086
0.27602401780883945	-0.15019684226239166
0.055427303848965152	-0.2374526114498457
-0.19149099536113029	-0.31809490077114283
-0.41565509039164789	-0.38154441320326482
-0.56069178530774066	-0.41323145039065357
-0.62076195565634695	-0.41523705347556966
-0.55628197355660514	-0.38005497898104296
-0.41211215335706824	-0.32187738240920671
-0.2012324158672508	-0.24766648985441328
0.020299686176592568	-0.17160584606303511
0.19739388010659398	-0.10941455728266063
0.31416840490807812	-0.063448165103994134
0.32399142953463667	-0.044466107856571478
0.26402289141360114	-0.042975801571486574
0.13863648988699734	-0.056482525170888663
-0.00044089183566592768	-0.074752128311147525
-0.10453839335434829	-0.086835147432157547
-0.16011424689861858	-0.092382801105494128
-0.12475920820444043	-0.084573127282769348
-0.036404846352588921	-0.071876204263767507
0.097906114552628473	-0.058383647593167352
0.22791638384584564	-0.050408883487897703
0.30471855325374031	-0.057131114048908846
0.31722025149587346	-0.074044627168815033
0.22455223064859217	-0.10398830953985623
0.067137712368215502	-0.13410756686410547
-0.14626171648066275	-0.15562817634946585
-0.36153039944651982	-0.15914791017068688
-0.52784467428456472	-0.13146877890942571
-0.6265669715100084	-0.075203844552862484
-0.61212346686173369	0.016392527546594121
-0.5144992624239344	0.12844223690297257
-0.33266372763353452	0.25464424669395413
-0.11409023617122606	0.37601300057617171
0.10198074419991437	0.47605028465685617
0.29188112629011692	0.5409930347618952
0.41445675215378547	0.55188311761261188
0.48292536629532229	0.50780752662993067
0.4870326885704449	0.39599510136105254
0.45604063497961184	0.23306217014847033
0.41006641849454206	0.020989623985636897
0.36628986805717134	-0.20908738553312617
0.35019202281117945	-0.43554183121402468
0.35698646512305388	-0.62786844886202331
0.39574061938041782	-0.75087437586283368
0.4503739986635435	-0.79699538028042149
0.51203873499337027	-0.73741982311909193
0.56810439593551998	-0.6006970629435372
0.60364491502707551	-0.38903506433212176
0.61669932637459213	-0.1526463702481333
0.59767468855782557	0.069197980148399438
0.55454086169425598	0.24146551086933501
0.48722489374528222	0.3120778035979257
0.41026227975890417	0.29290164615996145
0.33344502507155438	0.1606565672110819
0.27093064677933421	-0.031294074055010238
0.23936442435148395	-0.25447671202954342
0.24107507600501982	-0.45750243730208484
0.29009706347077946	-0.58089102782340052
0.36795843567653869	-0.62044285590112325
0.47131780728714084	-0.53579618929564066
0.56881794282222109	-0.3759571195994556
0.63423390209735153	-0.15666917120686422
0.64882741388956433	0.062641686527125567
0.57955387759233234	0.22291913922542023
0.44310734117190664	0.30731069755998019
0.22973758166112504	0.26566890534163956
-0.014267188746300017	0.13882234877668392
-0.25915488577492002	-0.069494390512301274
-0.46506734863710525	-0.29814675496338139
-0.58128371433169046	-0.49388440697134395
-0.61064000522383288	-0.62932010504343727
-0.52365923521096791	-0.64994380637503224
-0.36655956669509532	-0.58387357729654843
-0.15891703061014142	-0.42315779760645017
0.048818964742238374	-0.22149548409597519
0.20320145312266044	-0.020026847703876881
0.29364707741038359	0.15152331421392587
0.27940168872028481	0.24396375469120057
0.19753069610612542	0.27455361162013447
0.055335231586769548	0.23030181955737039
-0.098646022618214813	0.15276774154330949
-0.21845835447577705	0.071262757227257972
-0.28904872140750104	0.0095397513391436168
-0.26988691923436836	0.0056333297971672379
-0.19144972072513489	0.046009708685815782
-0.055168721412371516	0.14073239764751411
0.092350751174385376	0.25704412192664927
0.2110449271491438	0.37145115256153233
0.27985753804869967	0.46622636181281579
0.25723143492244049	0.51183809175379602
0.16460548934659955	0.52020620398485229
-0.0052077380551559041	0.48527466368939959
-0.20788646337574113	0.4314395021916263
-0.41246621773935088	0.37794366567758836
-0.58606249542847932	0.33419037474509788
-0.68547291520526921	0.32081755235978621
-0.71068663475496974	0.32336403760425164
-0.63764330110468381	0.34106774343671714
-0.49528906499099173	0.35346937119594035
-0.29219500881964722	0.3406768450288376
-0.065425984610233079	0.3002264094691553
0.15291525738682687	0.21663670503966048
0.33937132945830217	0.1090684679202068
0.45932943324201075	-0.015345716240651251
0.51415305043438386	-0.1360027553262492
0.485598636671356	-0.23020592155257488
0.39787447177223639	-0.29710353627311703
0.25835468293429209	-0.32193743575217293
0.099298183659583247	-0.32373034747330492
-0.05090809713910957	-0.31111886860914445
-0.17327407849668028	-0.30050322635678117
-0.23654226296733091	-0.31355244779404989
-0.24912797108035645	-0.34309673045134714
-0.198919444594919	-0.39807239800557426
-0.11624042237561881	-0.4518300990950514
-0.01783042313211641	-0.48705025192232837
0.067669650911607607	-0.48467987147161684
0.1066075687318209	-0.41566424047961259
0.097277798018118242	-0.29268897389141313
0.017100917075887914	-0.10548228109406629
-0.10495363696598284	0.10613833850158348
-0.2597685099302659	0.31744874636380549
-0.4103668746565956	0.49344065046821101
-0.52147621571163416	0.59095359008396975
-0.57886624373706996	0.60971993279867542
-0.54951628986402068	0.52332235781395442
-0.45452497719086077	0.36704946955687934
-0.29072476454077845	0.15380419183986113
-0.097893475870450219	-0.07567375429148844
0.094603773099320582	-0.28070147151208269
0.25869639883772705	-0.44820556484793522
0.35565494687100774	-0.54490113928618888
0.38809091430722281	-0.59073979761836914
0.33655540151026125	-0.58530676475550591
0.22850014423887544	-0.55641627932622895
0.074711786618357562	-0.52968509286253129
-0.094263296087022358	-0.51129089156535124
-0.24875111178766912	-0.52282967201885033
-0.37534786683426624	-0.54366325460535314
-0.4479366602473851	-0.56850179750888907
-0.47498282192776636	-0.57289628390850478
-0.44904357566840891	-0.53063086142709526
-0.39172633881310909	-0.44171619491714592
-0.31562203764051644	-0.28790487103757262
-0.24033736913906945	-0.097755271991978407
-0.18793110736670621	0.11767116860258695
-0.16363794739357662	0.32413101832754798
-0.18415841727974303	0.48746896868865919
-0.23715379211340598	0.59635921429588057
-0.32347821402227778	0.62176638697716058
-0.42025360994788574	0.58266386658428859
-0.51082371454197084	0.47811150970181693
-0.57737724680160396	0.33881451795940642
-0.59617330371431498	0.18939439299865052
-0.56834448596046805	0.047162091368304224
-0.48035871095556465	-0.060486095378027821
-0.35246912548172304	-0.13918467061330092
-0.19236041568918749	-0.18001827321168212
-0.024205880889081113	-0.19924020511593138
0.12836601270328374	-0.20741514134424721
0.25603607965023101	-0.21269360154448072
0.33780260961138675	-0.22931040109855977
0.38508471107953257	-0.24957732782245273
0.39604643116287952	-0.2752759329146699
0.38945124367476497	-0.29223174160951365
0.381322413085594	-0.28864468846003649
0.37804461453237459	-0.25917309670849753
0.39563142172167665	-0.19126129034877673
0.4212194034152188	-0.094751201679063854
0.45362536734581238	0.031070897214641062
0.47382217030674839	0.1670937017018887
0.4640759349924371	0.29954887903817545
0.41932367143233107	0.41312124147966423
0.32303451653008924	0.48860869377021554
0.19187821235750255	0.52390362570223326
0.028131009329969665	0.50676674152062751
-0.14155748067967328	0.44839100261173898
-0.29528014319633683	0.34997844947963125
-0.41653323561138228	0.22926254901604556
-0.4799016245519066	0.099478266240238783
-0.49021236783561289	-0.024676852726272153
-0.43714015347277407	-0.12553729818669926
-0.34072695751277765	-0.19877199584759878
-0.21097861018902483	-0.23172917696321771
-0.067678236959748103	-0.23170541519369559
0.06872004406155896	-0.19711998444455558
0.19022338060727798	-0.14195301523389425
0.2801611600270047	-0.075655830669962398
0.34411254535560304	-0.010234126887820489
0.37806274852222388	0.040030157869369067
0.39412301019360163	0.072514426817661376
0.39982450215068571	0.077071737949181665
0.40489264297998157	0.061993188692557211
0.42151631130929185	0.027742633871256753
0.44983629879567488	-0.012345140707118904
0.49756570325977945	-0.048201481097448678
0.55417648483863646	-0.069564136888824749
0.61683571748051624	-0.062835284907518621
0.67017115757234991	-0.027952989496871312
0.70048225961432842	0.043497511129243785
0.69992100321494233	0.14005556175615233
0.65300909167922827	0.25931041418622847
0.56893680841773897	0.38252710915445326
0.44402541478120844	0.49552927686913228
0.30140368025413045	0.58223040071266619
0.1561017434806686	0.62267915152607189
0.028736758332547883	0.61429359714180465
-0.055195773866735923	0.54251277351886051
-0.095300756828331376	0.42332244711863309
-0.075231580558557443	0.25891260040787312
-0.017347284848407037	0.076109621329506535
0.070842787878951097	-0.10391131173493641
0.16113615551372537	-0.2620065876345184
0.22663148093672181	-0.370355031079106
0.25591598675297883	-0.43381415610475726
0.22369159659222165	-0.43931347108880864
0.14471287026119581	-0.41281581771729214
0.015512139810310247	-0.36796830851987411
-0.13454198786170032	-0.32864763934298863
-0.28464534582939621	-0.32430276302766869
-0.41257228212248337	-0.35186402111978332
-0.48952970295818671	-0.42863873624695359
-0.51441576684850998	-0.52294491800495602
-0.47047140575600577	-0.61975253659595564
-0.37587520554625159	-0.68641303282840871
-0.23513863208385549	-0.68536515653717722
-0.07250397733427856	-0.61631695084520888
0.092074001971895136	-0.45382261912772975
0.24122123426542674	-0.2357824304627669
0.35202030756371611	0.023446350387701771
0.42114648637626328	0.27868050710030162
0.43375895313407248	0.48391572836811769
0.40148854209003154	0.62725803437979322
0.32402662102716862	0.67079674472337525
0.22235077178606694	0.64657764989373778
0.11096789695664371	0.55933374509696254
0.0089814020739258527	0.45309273578747261
-0.061339385606247479	0.36933778815072882
-0.094985328656395529	0.32043551519969943
-0.07506306465425798	0.34284169811011911
-0.014955941328334353	0.40577199857914925
0.08476772663729501	0.50406985880311872
0.20255620253163278	0.59730771846025998
0.3208619814634831	0.64521004296942452
0.42710405328936141	0.64216419730508434
0.50114088199736306	0.55644898646848384
0.54810654030155304	0.42611455579815716
0.56210667468243514	0.26409885242730996
0.5560850278287901	0.11401727597317106
0.53989779798339832	0.02297735249498083
0.51691326496476486	-0.0065593502000894912
0.49773184067092247	0.058629698826520249
0.47051332710606941	0.17336913623988376
0.43062963984840863	0.32037941946530768
0.36704485007395771	0.44919561716065326
0.26375466133536102	0.50519756113431669
0.13103609208094211	0.48357141935999925
-0.036740739976261649	0.34477364958134499
-0.20785942907774715	0.13837321429692145
-0.36130308520960225	-0.11955650177914465
-0.47060304342501658	-0.36807230754988635
-0.4997155378376974	-0.54710979574922181
-0.45634898125218054	-0.63795923017036904
-0.32217426640690844	-0.58918110099268217
-0.13926018761386785	-0.43890032179167032
0.07060264268320951	-0.18828073809580359
0.26490878614111585	0.10323395577444638
0.39578233132895996	0.38637130173677398
0.45754408506606031	0.62945374554821065
0.41672502741027273	0.77973698332339469
0.30881872721509335	0.85114880590719966
0.1436738093694645	0.8281534225431908
-0.035243914175096487	0.74639727414993151
-0.1855769240689201	0.6291590888103672
-0.29415171761752024	0.49800621427491704
-0.3252435117972105	0.38406703222617972
-0.30414862824592254	0.28193716895056131
-0.232463336295887	0.20156104816659146
-0.14556300984052081	0.12802065926049749
-0.075448008759237711	0.050307236766224096
-0.033839644426277599	-0.033362531040851247
-0.049704648881407409	-0.13364652590586001
-0.10330712000745973	-0.2349298032333306
-0.19416322241615605	-0.3306114356184246
-0.29348348796059681	-0.40430725323437344
-0.37586137116066587	-0.43758616088668018
-0.43066426862773494	-0.42998800727369202
-0.43427981022199608	-0.36962848535340159
-0.40024075071687171	-0.27234896715237594
-0.32699457457626868	-0.14378208751630508
-0.23618472258892634	-0.0026697509458119837
-0.14526297256729842	0.13335475446499201
-0.065251797904148548	0.25533294465088191
-0.014550767582037497	0.34778961374717093
0.01151962735597243	0.41264163905813322
0.0070598027330455049	0.44432880395088598
-0.01459253103205886	0.44980718437221323
-0.046114529660350755	0.43168899504215597
-0.075361178909357396	0.39744560300806087
-0.08940605530562043	0.35285495761923169
-0.083270542263106553	0.30560952668983771
-0.045822255000917703	0.26340128800381069
0.017403925369810259	0.23200966100116649
0.11029027195509661	0.22019526130279682
0.215717706884374	0.22670647815000558
0.32516661579539291	0.25682782888248723
0.41672088126921902	0.29971154482596141
0.46890169228312084	0.35100975626991832
0.47187751528624039	0.39650728366274146
0.40325225407726273	0.42238852366967544
0.27924078558482712	0.42310687792962776
0.096425640431305262	0.38556388032426037
-0.10869223866581601	0.31859953079055409
-0.31025270370281488	0.22166990436440093
-0.47975083991602463	0.10982830963072916
-0.57792198516393356	-0.0044610041008214356
-0.61118523357635557	-0.11397478396849348
-0.55977364706799959	-0.20563311216728838
-0.46298066014266692	-0.28454173421728984
-0.34124777928773259	-0.34923976865610667
-0.23136385046718416	-0.40634717862616515
-0.17779506550929047	-0.46391959410772848
-0.17795089330858246	-0.51618913312489467
-0.25826423041365321	-0.5657952370434195
-0.37613098569058478	-0.5955715658185925
-0.51210242499553837	-0.59245943710054472
-0.62314537390686986	-0.54677531917050826
-0.65979730039599582	-0.43925646890748066
-0.62189754313989654	-0.28558183816829708
-0.47708234657702125	-0.083216413148979679
-0.27249846139437928	0.13246065228903522
-0.026741594791411423	0.33581495525620819
0.20689887833072756	0.50014725664082638
0.37288415397620878	0.58759489521876496
0.45936681222961384	0.60601373443772066
0.42283452874377825	0.53777326670781767
0.30274321281811079	0.4214699439176488
0.10605116205719052	0.27751417976701048
-0.11326111280165857	0.14283358123241671
-0.30624265709031157	0.060386074045329197
-0.45084650499659246	0.032491115640701784
-0.50038682860223982	0.087213913186538428
-0.47982925955738537	0.19027514321515032
-0.38356095867681333	0.32988662692675524
-0.25663151054830413	0.46664013748563754
-0.13383691487171448	0.56033693448429756
-0.040325087125599589	0.60156037983830468
-0.017081969093454663	0.55823181596675653
-0.05138948156031653	0.45813856095156996
-0.15627188778289716	0.30557567232231864
-0.29548810212966625	0.13894127415512927
-0.44734623021545866	-0.0069827329304026301
-0.5812229615578911	-0.11705262103511002
-0.66121094911455236	-0.15810590193017904
-0.68147040818036164	-0.14941695598495461
-0.61761522485496512	-0.087720782358069099
-0.48937703968176915	-0.0074730364528460425
-0.29757376367097016	0.064425019712979051
-0.074560471521844404	0.1085752068240097
0.15640775926723724	0.093312670476045523
0.36721302608336132	0.028536173917762794
0.52469973361152256	-0.096197560174394486
0.62072588245962557	-0.25152726448792984
0.6296937064168161	-0.42043810566543877
0.57081491062436518	-0.57633405916520075
0.44219910500682363	-0.68933475763468111
0.28155480900349772	-0.75227839614891756
0.11568435822705371	-0.7432254007793645
-0.024584085918036715	-0.67662871118423695
-0.099089495701928459	-0.55059776586144982
-0.10902813448807552	-0.39222349436335913
-0.030008165286725869	-0.21957596001348093
0.10136713857234764	-0.057827199996250654
0.27140333965682784	0.065006851054350195
0.43576576726409966	0.13938782216344361
0.55056774228137428	0.1417910456218878
0.60077085250685558	0.086159476998492537
0.54752086962165958	-0.032164890906055926
0.41837856286425984	-0.18090383749652833
0.21260222420498492	-0.33963331496003285
-0.023754942870613173	-0.47744881214887092
-0.25308645233951282	-0.55890286896893338
-0.45079385984379461	-0.57720028444656035
-0.57485038741754735	-0.50530460056710991
-0.63993454986172404	-0.36849212835941864
-0.63528483850806328	-0.16936893226280975
-0.59519454579829767	0.05109070596881931
-0.54451549138050348	0.25971234359408613
-0.50081058496738728	0.43049039913612264
-0.49481888657459289	0.52402498649542062
-0.51186376494138441	0.54732457679851754
-0.55666943051759965	0.48396663162030285
-0.60177241818716287	0.36484429351621278
-0.62416476281220445	0.20655561665627162
-0.61520417490794455	0.035563327771605077
-0.5516479257249336	-0.11695846026562956
-0.45428936791931285	-0.24854585170850232
-0.32636799558177421	-0.34140161217973664
-0.1973026556592172	-0.41035164469821467
-0.094796032998674631	-0.4611617386265402
-0.027236107990438792	-0.503215000556272
-0.018925489988173533	-0.55065375789388726
-0.04982297694879724	-0.59496613755723471
-0.1174485934597287	-0.63718754459166393
-0.19342126898313053	-0.66281847202115107
-0.25221720199800463	-0.6573899986645092
-0.28278461004125183	-0.62184577218257542
-0.2612804712019336	-0.5452217270930978
-0.20055470230256972	-0.44877208164415627
-0.098599683025978685	-0.34321901165020863
0.023854997119674488	-0.24919457892986882
0.15022993276825244	-0.19250171195896926
0.27008219181085374	-0.16834998658031283
0.36648160014277614	-0.19031106345092128
0.44231047838528464	-0.22910161660397055
0.49279821482371622	-0.26779649272671829
0.52397343236115279	-0.28289283451394143
0.54017565996531114	-0.24110706655968173
0.54170156772762457	-0.15485618985340197
0.53132194233470731	-0.011065124800471594
0.5059539629687333	0.14707346225278803
0.46289553132654654	0.29198123235336604
0.40377526655075024	0.38989028291596151
0.32634506473294189	0.39334911611745405
0.23953299672298295	0.31583017871829144
0.14804126569696668	0.1362598304057836
0.062299370767794217	-0.08917516542377571
-0.0074050008474725202	-0.32850922052744458
-0.055944210285222618	-0.53015244975785758
-0.074477250047108576	-0.63167233153635238
-0.063856538820278211	-0.63363118691387765
-0.020356850144046069	-0.49743435887748272
0.051129888036435742	-0.27812026004020307
0.15008543271316163	0.0031565181934251549
0.26711395553537748	0.283339169210855
0.39820201276395051	0.49829974543301092
0.52668420755601153	0.63009707835494233
0.64073622993803547	0.62656736216104858
0.7218213755628573	0.52625056120420433
0.74906433889211244	0.33125293857387456
0.71765661352587495	0.098711792244688165
0.60854179321208912	-0.12212088651501286
0.44358827196877976	-0.30548291449690251
0.22476171840513101	-0.40199052588311163
-0.007286097504391369	-0.43325647723392774
-0.22112586289625163	-0.39081075344132443
-0.38712453782847556	-0.31551790369237531
-0.46170484626193375	-0.23909770668305314
-0.45527018362455629	-0.18051445877863373
-0.34800108572426536	-0.17513235881182854
-0.18698885538195456	-0.20547147807630395
0.0025556656395744337	-0.27665227171818879
0.17481055835812409	-0.35623778701280728
0.27645238933015154	-0.41810613543743247
0.30477486017689115	-0.44843257953234728
0.22413084919005799	-0.41900917923466935
0.080019392914667156	-0.34686365383116685
-0.11211655917600194	-0.22928092186614257
-0.2977558675750272	-0.097281445504109415
-0.42200983236147338	0.024906519500102926
-0.47053818530410035	0.11962143537314188
-0.39765523624928578	0.15860632248156847
-0.24250855104324034	0.14941925065081219
-0.0099888920110270535	0.082610335309281954
0.24281902043753373	-0.019053539985400124
0.46540690607380525	-0.14251456695208803
0.63315468202917358	-0.26809540433294488
0.69611804953678869	-0.37398634069231024
0.67976137606272213	-0.45352667828250853
0.57751844106717953	-0.49118806577509688
0.43553670980091053	-0.49176375247671672
0.29047772355041923	-0.45166361633745927
0.16423303366864825	-0.38050942009853378
0.09691465423216726	-0.28300178469343967
0.070522738356598474	-0.17031401349539685
0.091165765203536586	-0.05143361166461153
0.12663077071163364	0.062381405226376203
0.1497153145514456	0.15958431602402082
0.15149630468885533	0.23205373231113235
0.10604758057864988	0.26768636089507919
0.037175907424672812	0.26688119494864054
-0.049939087442936549	0.22243503185638436
-0.12534215094827839	0.14505116579031258
-0.15810033452778188	0.038122678685080541
-0.1459670973143207	-0.08362299536270397
-0.066283028122540597	-0.20770790539336487
0.050646210656445555	-0.32399052006145163
0.19352805537743922	-0.41880617038438345
0.32798262098805159	-0.49024631831387483
0.41776415893895069	-0.53093287985218951
0.45717769607576719	-0.5436098238650996
0.41929172746624727	-0.52767883753674938
0.33157009989471253	-0.4857886819142867
0.2009459813028823	-0.41920355678053933
0.062079903286309239	-0.33147883311261306
-0.051856197272279074	-0.22341005721200924
-0.12946336829268787	-0.10454090288836862
-0.14249015204023022	0.020359999101804204
-0.10832212859565489	0.13617197329759922
-0.026546101039011262	0.22936452999446544
0.077693057362289472	0.29039848116682127
0.18239399149691213	0.30249607038598902
0.2785393438165793	0.27384251315670594
0.34625387566110372	0.19864212813225995
0.39610987525487962	0.10205984943832123
0.42771466974474742	-0.00010960515115536994
0.45408790370318103	-0.085551267927736249
0.48879678446687552	-0.12599919829199283
0.52980595089000715	-0.12351159714295515
0.58536686600571342	-0.06105371341325222
0.63818626461380445	0.032361537597341325
0.67917449272165076	0.14388719762859911
0.69197217973970926	0.24206014662924707
0.65698596231611694	0.2925911108127407
0.57482816474520393	0.291111593124665
0.4330561380779121	0.21183362365942032
0.25124143869254134	0.084726347184016559
0.035880662314796662	-0.081907127349535605
-0.18624395804659555	-0.24885666240183801
-0.39252807990128319	-0.37862247478175903
-0.56394143596843838	-0.4577703924924888
-0.67468036343426718	-0.45241689893734072
-0.72246070640731563	-0.3864102447248135
-0.69146308088884723	-0.25969842119424474
-0.59648950838691495	-0.1100986895564308
-0.43855536985148358	0.030293795370647178
-0.24320120295808098	0.14436472306920595
-0.027997563015439694	0.19907018600623769
0.18213022192608977	0.21010382040943501
0.36028943160676091	0.17323091565483589
0.49481168734602932	0.11519260476439683
0.56180270107940333	0.058931091730578117
0.57104748069897815	0.011608453017906207
0.51561730917000592	-0.0055839589126622513
0.42175907320852313	-0.01179176805795752
0.30504085490312749	-0.012247972396718172
0.19057035110138715	-0.027499097522262629
0.1068900026891251	-0.082156410054024395
0.059263659640174556	-0.16925868489239682
0.068629128846801057	-0.30159874236892148
0.11650698043953056	-0.44452571280958697
0.200268545962835	-0.57764014087390081
0.29329934806714225	-0.67098060389284797
0.37207393713153419	-0.68510178130745791
0.42469656151452084	-0.62805591144710382
0.42741173718567749	-0.47982327732298563
0.39227321169089102	-0.28517442433065388
0.31524800840116601	-0.067756395558871446
0.22084081581072465	0.12908001906079841
0.12705917017560964	0.25507317673056995
0.04936155158136362	0.30730859296034785
0.010873496992872982	0.25284360468582351
0.0066013720281490086	0.13150110483185123
0.044883911552699392	-0.043004089799941331
0.10884954478892128	-0.22529041390418292
0.18835190760611892	-0.36853771303996552
0.27155411492907877	-0.46334693781227182
0.34284512589240329	-0.47402572016303829
0.40340104373594893	-0.43263386164049461
0.44720820816290519	-0.34614115873590584
0.48022486891787541	-0.25412525856210177
0.50690650289464001	-0.19623645442621057
0.52574776834885784	-0.17922660423660236
0.5399948398904707	-0.23416928114482805
0.53984864535040988	-0.32774963272847357
0.51844924241582169	-0.45098029251898331
0.47022541612800317	-0.56195237580633317
0.38356187527855623	-0.61953101219104811
0.26973090630371271	-0.61240679227292572
0.12795240263044269	-0.50527905223755321
-0.017231747921866842	-0.32898668492808619
-0.14770754139850145	-0.086887914283541812
-0.24497143277847347	0.1738759167980779
-0.2828720670973961	0.41372259529094796
-0.26623887023075227	0.60661650763952024
-0.18195702889279378	0.70947673620145202
-0.057707905602827202	0.73385698021130241
0.093317198819233921	0.66563016989809076
0.24076291256095908	0.5387576946360928
0.35361882522872179	0.37332453431866308
0.42065875174619649	0.19683284761758385
0.41535260602905794	0.041607062097861559
0.35260168070767844	-0.086734649026821237
0.22899982467576857	-0.16851059859776008
0.072939283058988572	-0.21358690088501434
-0.095963758422768566	-0.22214427074378365
-0.25478727265849022	-0.20355721925994263
-0.37588087758645233	-0.16661451980174219
-0.45381345233889631	-0.11325410037725332
-0.47029597243499083	-0.048294304331658905
-0.43625176665222903	0.028117340978125557
-0.35031054800048433	0.11663788223008061
-0.2310641393017844	0.21003525397433534
-0.091139744035750175	0.30569438772819546
0.052939066760524678	0.39042133926811146
0.18315734313002818	0.45293575564374411
0.2913620183528941	0.48488179455276831
0.36204405743512624	0.4721292414203227
0.39925641524210259	0.4207208601136776
0.39716672398695285	0.32602804197502311
0.36992191663242646	0.20593469000473838
0.32438558854740429	0.070884182059779643
0.27657538472662124	-0.061430515087394541
0.24276852653342801	-0.17183030812671246
0.22904988023085845	-0.25433019881405744
0.25018286652339827	-0.29399183333235812
0.29640904345004304	-0.29849618509040715
0.36918431412391112	-0.26571869808999177
0.44962906402712016	-0.21013760673505685
0.52372836906671427	-0.14149826751192376
0.57834406108103242	-0.071874758175249923
0.59443626185035447	-0.01497993916363235
0.57569517745590204	0.024357181088426241
0.51414913175289811	0.035629831661779826
0.42574389319961797	0.022158439571761366
0.3193577826783931	-0.019851816626832709
0.20822146677227724	-0.079561962471538794
0.1085113845523285	-0.1523507804888572
0.020268539436865688	-0.22335982115709979
-0.048607535308817028	-0.28001776292356961
-0.10551599015458778	-0.31084200440779386
-0.1548680239427829	-0.29975748366268096
-0.19772795829070353	-0.24797026083538976
-0.24027713237391601	-0.14550751906874737
-0.27157569235996076	-0.0098308274286574258
-0.28619663429990866	0.15326894876116459
-0.27378274771873451	0.3187525151313268
-0.21970921597326892	0.46466466556351155
-0.13135185361901483	0.57596226998078026
-0.0024027045052803994	0.62806350734519845
0.14071173589251945	0.62762924442143597
0.28163729404318777	0.56513355666846299
0.39646496026476241	0.46455499696544461
0.45441123432733882	0.33903935036392879
0.45974541434354715	0.21155899580573581
0.39537092961642956	0.10760214567626622
0.29460188634484541	0.032767084696326922
0.17387006143068243	0.0050743195296163723
0.066725872067897582	0.012745396732860665
0.011889054600588296	0.055319199011293063
0.010283428480221037	0.11686422458309054
0.087362996227837886	0.18380972046815086
0.20825694497880945	0.24861232296654473
0.35936989503256039	0.29928509719781848
0.50232954941797081	0.33558800372344294
0.5954626344018652	0.35363355588237488
0.63507670056983578	0.35237716046170292
0.59175272524711553	0.33092905869031175
0.50099715448160675	0.28493726058176927
0.37544994486944455	0.20905106069920645
0.25429154209116306	0.10537684662281852
0.18037392185584611	-0.031875155847170614
0.15532245067397987	-0.18436716680771584
0.20841246468295596	-0.34486409462074952
0.29954603071114161	-0.4858476486911153
0.41226697697898351	-0.58146593687771875
0.50492535544763462	-0.61948467218030712
0.52970607846532536	-0.57192461657943294
0.48864839309126973	-0.46016873099158512
0.35140507088632861	-0.28145314155010837
0.16732045069379214	-0.080239114584987462
-0.041312510399404492	0.1102467286205667
-0.22368689556333568	0.25906432679288754
-0.32150690434345258	0.31979805718479326
-0.33494623052668948	0.30564798293361845
-0.22594931899503043	0.19793728655562864
-0.050908116008777329	0.045880987166849255
0.16707282773983761	-0.12153490498820664
0.36618688066462102	-0.26230018077873601
0.47933173491538933	-0.32285911250363863
0.4992898685918814	-0.30886224562929304
0.37722583924991043	-0.19115811656196999
0.17089110067106952	-0.020597024780892648
-0.10183144823306869	0.17844875933395915
-0.37017158529663019	0.35569661207858483
-0.56324074070735097	0.45338111815873317
-0.66351105849282865	0.46957838196517615
-0.61198838374081543	0.36639487905085499
-0.46218304345858352	0.19397408063501048
-0.22301203270220196	-0.029339017594378243
0.030738807586966347	-0.2460425134905857
0.23026038865300077	-0.39665371371735247
0.34870545888350518	-0.46876999615530124
0.32120625085234061	-0.41584360839726781
0.19301522324481513	-0.28082724797035441
-0.036965757992869608	-0.07167122711812618
-0.29455268206953372	0.15316505071596997
-0.51763073626395995	0.33968876183963354
-0.67109046042005893	0.46654985475586047
-0.68866138720265224	0.48369076345208456
-0.60171172542778939	0.42324120778269247
-0.39861575541419636	0.28313272841431136
-0.14208479531866522	0.11590229689765431
0.12053932882459029	-0.034497050660646719
0.35477386032910913	-0.14438196726172159
0.50451233287451469	-0.16719017311552206
0.58728404932834	-0.12760543048895029
0.58905800599086977	-0.018977617252263452
0.54840865624347224	0.11125389319465141
0.49535283000530939	0.22633159879071366
0.44153239396328331	0.30086000764924697
0.41721096645283867	0.29088116369315659
0.39654012244751002	0.2153249574326174
0.37257587944412651	0.06360321557662052
0.31886852820824901	-0.11968782654837755
0.20145673810667056	-0.30388474794729203
0.03593139083252362	-0.45777727891701658
-0.1915783803829392	-0.53777526775846385
-0.42664866078728553	-0.5503549394644921
-0.6334921059247336	-0.47594333097513664
-0.77006987167407914	-0.34909785474978067
-0.77594527942440816	-0.18706095863800071
-0.67052448818906729	-0.022204573409252734
-0.42858140773896924	0.11001104959839746
-0.12357610719050177	0.2016084242412024
0.20111675337255525	0.22789119151174358
0.48046703708146626	0.20355571866296845
0.63395331345418837	0.1282480358316887
0.66467480324686379	0.022422795358892945
0.52536625174302087	-0.097768189090433985
0.28659965487845745	-0.21977037135146923
-0.022044367413971748	-0.32745138423112774
-0.32485694184190733	-0.41539287714921125
-0.54132477887743458	-0.47420634843954507
-0.6562805072943646	-0.49966988416697367
-0.60969003446849324	-0.48473178025532809
-0.45564023506595064	-0.42849290546147412
-0.20480256662488402	-0.32352034168558369
0.072610812094960855	-0.1823637454215688
0.3108238098457371	-0.0052671874292286695
0.4858567665536011	0.17828549318892725
0.53983510299988657	0.34866074870814739
0.50866748537121453	0.47606363423535897
0.39086139354221616	0.52489340344298119
0.2407458072301939	0.49293391290978661
0.105463954978358	0.35316259344586654
0.0050805701836156101	0.14439797602968499
-0.015367448952889906	-0.12286766958995095
0.016346631699342903	-0.39067812891397979
0.10150279646227167	-0.60789257358363236
0.19797819296267125	-0.74357257542922484
0.26856002537732293	-0.74052228973180034
0.2997981083781649	-0.62637313778040871
0.25686766773442915	-0.38632017731640672
0.16667967433101613	-0.090476654263916337
0.031223380767033765	0.21497977293481216
-0.10956083233090802	0.4730472840928075
-0.2205117455580482	0.60957967529887225
-0.28530262264973216	0.62983243928343446
-0.26919584924434753	0.49256353314115009
-0.19226284022800677	0.26311935986813878
-0.050503151052216366	-0.030424278293615624
0.11860525434081821	-0.31749762198704856
0.28742392043634962	-0.52348430272625124
0.430434766500497	-0.63244834565577224
0.51214779902795482	-0.58660327622228159
0.5348403008182494	-0.43688422503350577
0.48083992832818895	-0.19131065334650751
0.37450556708062205	0.079156905340051695
0.22501290991347109	0.31071499105807693
0.060239191338322812	0.47387292195880582
-0.094036923702532693	0.50664337569939466
-0.22234403366328276	0.44271281379399335
-0.29947192721666199	0.27485235982655926
-0.32885836876473867	0.063820705244825249
-0.29951453704633563	-0.14263211970995293
-0.22950997772392445	-0.3127090078343866
-0.1260156237918762	-0.3917617155045508
-0.010738491993314314	-0.40059362174079849
0.096390289487576455	-0.32628693959898319
0.18287212197960917	-0.21535692334867856
0.22796004120414926	-0.10170735089337206
0.23646801579935475	-0.010254864387176096
0.19987744861732143	0.016896783002408246
0.1374390727376012	-0.0025948535879404822
0.058684534998410684	-0.077922714020039918
-0.01574750302414862	-0.17063906646590254
-0.064405109457143991	-0.25195926259670598
-0.080196448352852681	-0.30208699177677262
-0.04518604136293454	-0.28610810956114491
0.029547116183690977	-0.22059146904884047
0.14590866822056772	-0.098647353373566296
0.28288017530864595	0.044262672013702736
0.42564131816516626	0.18244126323484749
0.55750338025480162	0.29348547243759365
0.65810417726186765	0.34418811157120044
0.72364379324467631	0.34126455735294775
0.74078965838844568	0.27213764255900719
0.71777754999677146	0.16147781096196226
0.65425927681596574	0.022560558064216914
0.56265417470309897	-0.1230064385475188
0.45218673577200308	-0.25176064642448631
0.33209329999870502	-0.35599113465042737
0.21359142421102595	-0.4195037222719224
0.099961949967415129	-0.4442856269516966
-0.001401344444440053	-0.42541742933647836
-0.091619712384432922	-0.36742485952083859
-0.16885379481871121	-0.27097162326938401
-0.23459165064082432	-0.14272437421873638
-0.29061730323753299	0.014960405433295208
-0.33420350009535077	0.18848849560566627
-0.36569691726020237	0.36977152171272748
-0.3776597924406157	0.5399354650704844
-0.36467523375311411	0.68197771946674979
-0.32102730601963642	0.78219567290045244
-0.23701589964009759	0.82052116769799133
-0.11917664599709243	0.7990482346647686
0.037000782702968874	0.70716807771012236
0.20807861853161772	0.56292101984864551
0.38174646419887809	0.37313547218069243
0.529132535582862	0.16083837435831616
0.62064240336813392	-0.054006271009525472
0.64613360584536073	-0.25538124169319204
0.57742490668346635	-0.42244807433917853
0.4390382004322424	-0.5497064897101207
0.230168200225328	-0.6238797309904649
-0.0013847860198965818	-0.64745876756127396
-0.21963677307946672	-0.61566361305415784
-0.38994407973949669	-0.5370303779019201
-0.46218816032798576	-0.41321668671878659
-0.44680962299531418	-0.26007801059209906
-0.32036753362523607	-0.08716412024659273
-0.13438797334562944	0.084950258615687557
0.084406079621437993	0.2370773254996455
0.28504625067478118	0.35550653405970012
0.40944215719934091	0.41812641995112343
0.4522368450146721	0.43095193667626064
0.37297783327572775	0.38394760281097251
0.21886131936125486	0.30315325878998445
0.0035785751550118199	0.20217929622093628
-0.21280810370308234	0.10827858016094544
-0.37239084468179917	0.051613968663147922
-0.45501510657130878	0.037065874347127874
-0.40851743699085513	0.087462449959584673
-0.27101669692198782	0.17912333317230858
-0.041611641796156819	0.3067068486770983
0.21480086411709456	0.43802508816062785
0.44633102295680122	0.54304129349885311
0.61485888006577849	0.60996033881572653
0.65909084019319075	0.61060528148997018
0.59665802725902606	0.56408481363323071
0.40616779611078629	0.46976303289055343
0.14339785871509342	0.35869678004046396
-0.15938291021307255	0.25741044737950497
-0.45304064407128369	0.17886547799866973
-0.68106905430167197	0.15013905817037965
-0.83331653205557754	0.15540835064689359
-0.87188518615166832	0.19633586951051651
-0.82350757503009142	0.24754274704353152
-0.68973202687239366	0.28625821932491013
-0.50821334127304263	0.30632048904689241
-0.3091159620002315	0.28742351933081717
-0.11645928471433156	0.24922926496835981
0.03690206899764327	0.19706939526652401
0.14730933314742781	0.15362872980066328
0.1967436226419278	0.14412517161613034
0.19543067320861648	0.16629113960993075
0.14192034470539849	0.23576503387038181
0.05322137964788537	0.32404681386890088
-0.060966257010401162	0.41617963035205274
-0.18016637272528668	0.48717230958271196
-0.28665355150262767	0.5040774578117414
-0.36247549873880963	0.47580688582173974
-0.38493031131702454	0.38732042200987177
-0.35054139878270973	0.27752661978329968
-0.24159196691060761	0.17025990417814962
-0.078100723895994942	0.09570248870469493
0.13826716861639296	0.096837943910752136
0.37016786520018907	0.15909662371981759
0.5902608600146162	0.29988385625835012
0.7668709726581695	0.46625828946527892
0.8598488509599912	0.62542061239403302
0.86727650438736337	0.73435002982757169
0.76287286519318542	0.73500190779155727
0.57957781284974641	0.63964845161130968
0.3257307679243181	0.41967587610761803
0.048852039384853489	0.13969751881973697
-0.21088796705009871	-0.16613038463898469
-0.42310012106505424	-0.43505031367004054
-0.54183709658270518	-0.59406448887481256
-0.57360307516997389	-0.63973745104028656
-0.49735198056307151	-0.52352299904297817
-0.34978726017682288	-0.30775557921568025
-0.14700475468087704	-0.013265985640107628
0.070218791953027729	0.28398102605398989
0.26213598164119439	0.50934608378665769
0.40956293604984984	0.63802224282679565
0.47639504233814967	0.60512876647909919
0.47364710594361092	0.45624765855622668
0.39048188391354915	0.19030084295212898
0.25635090857772491	-0.11761217727237679
0.088239088165947693	-0.40675058030315436
-0.087290947974613523	-0.6351163985062106
-0.24099363682790143	-0.73381593499768294
-0.36393287117077161	-0.72279555571304277
-0.43424674338337166	-0.58031375835457111
-0.4614670916397684	-0.36254045073797841
-0.44209720519337942	-0.10440818613771424
-0.39336082318630122	0.15211247412015683
-0.3274345121719191	0.3533025606945161
-0.25596307916978372	0.49947474435607614
-0.19488308175628022	0.56357176636178552
-0.1434958348142901	0.57398444591181719
-0.10960577850529997	0.54261980983566593
-0.083640094569879322	0.49187197650231557
-0.061688464484594183	0.44895619971783041
-0.034567829202941491	0.41131610000046348
0.0081301443870469819	0.3909054171953229
0.066639952612409778	0.37140904712790734
0.1480901674630534	0.34293395865272452
0.24220689506234214	0.29816767252785464
0.34611947733495091	0.22284030273416483
0.44474677886685449	0.12793103845780121
0.52545247301336151	0.014097185726502707
0.57803147539114563	-0.10196549200364198
0.58749333157590411	-0.20513367286378489
0.55555782504587525	-0.2900327260644649
0.47431283641277378	-0.34348165680787524
0.35766361985186673	-0.37377623525020492
0.21054002470939395	-0.38171884365438419
0.051956146084152048	-0.37660865090238238
-0.10205409982338884	-0.36834350074020966
-0.23762032697200955	-0.35592975083867351
-0.33583093196440228	-0.34422172779312799
-0.39577565066836284	-0.32557336857594354
-0.40615773410085798	-0.29400278669388102
-0.3792250334170667	-0.24937177913912326
-0.31754883153023611	-0.18475911325418024
-0.23886208418312904	-0.11453199149483072
-0.15772631808329404	-0.044664877095271123
-0.086227103249620962	0.0065852449372414325
-0.041333002255948333	0.019819690087812241
-0.022956564144978573	-0.0075109063548424249
-0.040244675628138847	-0.091605429090595714
-0.082462886273093353	-0.21091400266857405
-0.14636158981406788	-0.36029516419120722
-0.21863314046280491	-0.50672256069845822
-0.28743796881671435	-0.62169540481097718
-0.34512223945302001	-0.68649553688913334
-0.37981428091320973	-0.66888275752089943
-0.3923280319019018	-0.58092239864411488
-0.37721948846771364	-0.41202762609277233
-0.34139080712013536	-0.19791473876638371
-0.28719681605075642	0.04043908638653957
-0.22283549626189639	0.26940331767900283
-0.15494396327365986	0.45104401133403682
-0.090559641724281256	0.57729422667305375
-0.037705130051387974	0.62021937865548737
-6.2022376906085454e-05	0.60148845659030292
0.015519785520662899	0.5224363417786233
0.010522600173417929	0.41613077320340935
-0.018497173525314665	0.30950613876724697
-0.063611726437718549	0.22229737301238531
-0.12188054700671944	0.18524778529255218
-0.1817853375967648	0.19226663907589747
-0.23329636063724984	0.25578744985282481
-0.26900742437625702	0.35098077091030133
-0.27715581273630158	0.46510977706227391
-0.2607813611234801	0.57433011921820687
-0.2150071898909045	0.65275768014240931
-0.15182072812004441	0.69377493908429311
-0.078200783281660358	0.67803504990292029
-0.0042963405609914435	0.61784187153364878
0.056839886804503477	0.51252160161502647
0.10694027550072338	0.38166037789654655
0.13939433577856455	0.24017879373765788
0.16617795370557617	0.10139967994704122
0.1944594368248036	-0.016690605681895954
0.23205103096065435	-0.11316205074388462
0.29234764257484297	-0.17863566688880167
0.36576959729849345	-0.22047202415780176
0.45521297971709601	-0.24006681186815237
0.53664541942926758	-0.24593568384139158
0.59274212088969236	-0.24523895085231948
0.6062764441156584	-0.24343833135841761
0.5508708780046484	-0.24775151352578423
0.43665324037076342	-0.26007089900336983
0.25271099105670419	-0.28529964211890269
0.03578769287415344	-0.32162317300214754
-0.19332720797187894	-0.37140347786176847
-0.39768390181867352	-0.42701404278879668
-0.53565845873446361	-0.48592133858189063
-0.60048379332138124	-0.53520839732683279
-0.56138636243555318	-0.56481556774309649
-0.44876160938322973	-0.56363737072826869
-0.26832537534210743	-0.5164809783678016
-0.063342923553973376	-0.42554878581757372
0.12839667163402613	-0.281106613499571
0.28474900236027284	-0.10377135770092398
0.36648675445185247	0.099119228159321587
0.38706957249550705	0.29746189505492576
0.33621312276007725	0.4652473395893465
0.2459220260263531	0.58285597145444479
0.13786076722088653	0.61992395868373218
0.032765420175231597	0.58267472285571587
-0.039774759787598035	0.45719360125152209
-0.084654832215428896	0.27353101479680592
-0.090641053093801854	0.045785159869287419
-0.07653057778656025	-0.19210195260610122
-0.053893345888198892	-0.40701962845051332
-0.033177260692304415	-0.58237572104797242
-0.030835505904404859	-0.68789979344111274
-0.040422179883170893	-0.73151602247525593
-0.064911544771935462	-0.70403528385772762
-0.092496292922239765	-0.62652704404514847
-0.11250626474415859	-0.51108592912508299
-0.12450427820542401	-0.37544733591202595
-0.12040342066540612	-0.23933096494571904
-0.1124827243592654	-0.10887853113798659
-0.10722301679225146	0.0030597898987931287
-0.11393199951346725	0.096889679726540223
-0.14705621905120833	0.16909994422861727
-0.19765996797314664	0.21859103482831846
-0.26925600407714018	0.24412045964139228
-0.33894547820092641	0.24260585447383856
-0.39021320170993951	0.20992797337534705
-0.4074209508189473	0.14795496973059641
-0.36630292585484497	0.05320918734275959
-0.27622666584668437	-0.062391190993956021
-0.12850759501451853	-0.1938178273231829
0.046963741887760722	-0.32387884332822853
0.23195020649501599	-0.43693944541381158
0.40017615542093082	-0.52330004145933151
0.51964288035074691	-0.5660147210469515
0.58928243770465227	-0.57118764547309919
0.58975329483868577	-0.53326207073353182
0.54387751063053724	-0.47027480231242486
0.45947027863162831	-0.39310324297312133
0.36221066217680087	-0.31766885687387691
0.27813649956903275	-0.26285989661661824
0.21398665945533751	-0.23065339963367534
0.19016508661904358	-0.23353108528857297
0.19171439095418388	-0.2588671603896544
0.2170133576898553	-0.30378651489612324
0.24645740560419427	-0.35151881871892338
0.26158291400381217	-0.38709043516715552
0.25734578653238083	-0.40223617400555245
0.21787407102617298	-0.38182997063511304
0.15718771421399685	-0.3314808114561395
0.077123931620529732	-0.24651731086700301
-0.0016410353055628598	-0.14265452027449549
-0.060968171826755381	-0.02881053357937733
-0.091408582284950884	0.079295162301885658
-0.07404126312648765	0.16493670454931242
-0.019143523300534489	0.22221512697268822
0.077285143145310015	0.23701361034798904
0.19133229505999683	0.21725985095666178
0.30764670552273587	0.16044655730058074
0.40454523779515161	0.083761873494439837
0.4568533886289024	-0.0017510451603720608
0.45969403063309705	-0.080164523722065131
0.39424046022953291	-0.13313782058687137
0.27716690273180244	-0.15686698043933647
0.10878385156759481	-0.13739187479952145
-0.080644201183582329	-0.086840281557112389
-0.26964985913871581	-0.0058951171322982419
-0.43153134178063302	0.085069162546368537
-0.53452317841118224	0.17010148803284897
-0.5723490431902869	0.23524878345941361
-0.52109938205080497	0.26008895976899427
-0.40190840897577956	0.24807798708356807
-0.2152498016248694	0.18967289041942359
0.00080438509891404928	0.1034484160365582
0.2188867520782237	-0.0015690377030005091
0.40640965429640796	-0.10627740208905477
0.5235168569445009	-0.19028584270116664
0.564646730282099	-0.24843425830802909
0.50229871385932101	-0.26471365660077356
0.36243336499563455	-0.25127987639164706
0.14805342752522052	-0.20894703223786643
-0.099468218545942289	-0.15573130459565415
-0.34775896781677451	-0.10704067772831674
-0.56681525263839705	-0.071513854771819235
-0.71609885760802705	-0.065482969248710221
-0.79484112058629686	-0.08127571426254547
-0.77993245722949189	-0.12245978503753827
-0.69785741874787066	-0.17164730873426476
-0.55599553249976952	-0.21694826013141585
-0.38855228569724154	-0.24543679159886045
-0.22545638598972115	-0.23967321563964966
-0.086917699423400385	-0.20130902663292768
-0.004404686862746564	-0.12112623678206638
0.025929728497631092	-0.014293605117433666
-0.009814573831136101	0.11337110580410181
-0.089864462830737138	0.24303289435867054
-0.20548999605540802	0.35726548842621375
-0.33146172827637638	0.44602493693843043
-0.44466676646499181	0.49187579300909701
-0.5300255115751249	0.49956627197192283
-0.56447343084996016	0.46272574307456543
-0.54885243239290571	0.39727529768895709
-0.47143846321860156	0.31140446624897972
-0.3468648738365368	0.22193730081644195
-0.17876633773403933	0.14620883399355786
0.01158516700776672	0.090875654592992752
0.2076864562275155	0.071062053908031664
0.3915964746786037	0.078699957099029549
0.54231667446526599	0.11654895971968005
0.65251634937362279	0.16725034188325197
0.7059018941702998	0.21911335862261072
0.70836345801801426	0.25789368073266006
0.65560671007324456	0.26574863959775802
0.56189148512133291	0.24178250848240723
0.43514800431970624	0.17465795911466356
0.29007077770858991	0.077857127488224778
0.14122433832498876	-0.045002922735527841
-0.0030711616640085918	-0.17566430283158876
-0.13011799706733107	-0.29804312926875776
-0.23848435391992129	-0.40200032280423759
-0.32185985328817324	-0.47071387617389354
-0.38218246488666174	-0.50814868991053763
-0.418421294018542	-0.50838455409428696
-0.43317255498446683	-0.48425479281909123
-0.42725765274262095	-0.44307833694865689
-0.40497012062356352	-0.39547815625383226
-0.36824016064656706	-0.35456931033945649
-0.32497917170367574	-0.32019446056726364
-0.28087572382312376	-0.29991334983055379
-0.24452850561561387	-0.28368979313946818
-0.22557195586057183	-0.26750131322359333
-0.22658739408006273	-0.24086652981789439
-0.25600796903448203	-0.19249309090668276
-0.30591263178826444	-0.12079143447150545
-0.37594296167561592	-0.01667303993188737
-0.45184422264761831	0.10865756904179409
-0.52258175234673521	0.25315106948256366
-0.57813690903302717	0.39843037986069002
-0.60386963699464591	0.53021894034241379
-0.60260951578978128	0.63416586287284404
-0.56824450303940055	0.6912089351247046
-0.51295940884332325	0.70120557008139228
-0.44346725784306312	0.65234297827187882
-0.37007136403450419	0.56056955473216286
-0.30538795288694104	0.42997730713946342
-0.24919131462165514	0.28432260809909166
-0.20771355868468799	0.14323407419572845
-0.17419745287105515	0.023186981168482942
-0.14480599324576543	-0.052053523212402905
-0.11701060444488071	-0.084728438455647037
-0.084938037318097154	-0.062225480525527122
-0.054785309289520814	-0.0053393522851221068
-0.028671232853436254	0.077922116091999255
-0.012957173649003966	0.16181059057302866
-0.016724908026988637	0.2221144485948699
-0.033932016346862222	0.2462157255748178
-0.067359013912742544	0.21019512247349401
-0.09961887224145663	0.12374502009782204
-0.11813516772001502	-0.020220314431229333
-0.11125660104198516	-0.19528583909517438
-0.05934212776597618	-0.38600490687996947
0.026215440316126531	-0.56655806565131961
0.15075519939281476	-0.70930162208308833
0.28372246996434775	-0.80426165273675654
0.40412387721863774	-0.82889376196633979
0.48861460328121742	-0.7932656730680997
0.50400116957849761	-0.69239348140972379
0.45883618339575605	-0.54888767513095016
0.33817546683034705	-0.37631501194237965
0.17931589687245245	-0.19682277849911126
0.003440158474150589	-0.032934718554768629
-0.1560533501528929	0.10291178147562197
-0.25774914863294918	0.1906476967226341
-0.3045157985061297	0.23064419879584461
-0.27300334625511802	0.21274797864250328
-0.20045185667646814	0.14846345338016517
-0.10461002877025384	0.040141870175831665
-0.020602006408599348	-0.094910570171585967
0.0091931969042530308	-0.24414936654846314
-0.011208508935416148	-0.39093817273193826
-0.10606904488790048	-0.51744841117692097
-0.23293393188771983	-0.61471227473647327
-0.37082659488769049	-0.66674944914395018
-0.47957524279321678	-0.67676887821338261
-0.51068320154599722	-0.63791920179939365
-0.46814854498996578	-0.56440101751356275
-0.32317391705988141	-0.46214780679238804
-0.12564893342496758	-0.34910955801573468
0.10159859558857634	-0.24109021531727673
0.30618061001691876	-0.15046139287208482
0.4303137071185541	-0.094760663769043199
0.4673561049003051	-0.074294095400384896
0.37572463268222117	-0.09889345615952172
0.20246005378311702	-0.15751921613180167
-0.039136324828404713	-0.24764860384819307
-0.2894293047816589	-0.35356311236524685
-0.49129545661567997	-0.46274300430159826
-0.6238981666327067	-0.56306919950196244
-0.63633970515661464	-0.63930769727867609
-0.56167999066152752	-0.6882835218475104
-0.39793498251837633	-0.69980582013645876
-0.19933882836061412	-0.67968822332119216
-0.010552753175176103	-0.626812594084868
0.14168851572745308	-0.55178338483302014
0.20889320214128551	-0.46159466293518125
0.21167122776589578	-0.36595944618251341
0.13975052880423894	-0.27518450922594273
0.037285285540185301	-0.19448264885570948
-0.063606013763480018	-0.13235189144712572
-0.13708835684054621	-0.089243322895901533
-0.14201797567002331	-0.06940974200159937
-0.092202649253463775	-0.069944036427973769
0.024903224471028742	-0.091511899084596421
0.1713832703340975	-0.12764771303357822
0.32286038360931729	-0.17530636423450557
0.45126235502978979	-0.22489203690452361
0.51948389170669884	-0.26918649433902037
0.53024713977937188	-0.29801188526285394
0.46519676691187595	-0.30004834170965367
0.35045991564117629	-0.27150367704849387
0.197410518955525	-0.20172166030148123
0.031952873165128702	-0.099974556543147894
-0.11932853828962174	0.034697907488151346
-0.24710034381102666	0.18225434776177743
-0.33116159849106575	0.32917651849908253
-0.37753053882031007	0.45685527820573812
-0.38191664591731056	0.54317317806936194
-0.3550452409901072	0.585136894265468
-0.3033862951012527	0.56710349696362916
-0.23541533980576052	0.50490435536928768
-0.15908491620400997	0.4019719413842448
-0.082433966722456273	0.27986001708899544
-0.012832142142490401	0.15795355122256166
0.039760141500315767	0.046191395711162431
0.064804253792655211	-0.036634265091268658
0.056665187086342293	-0.097698459728853437
0.0032668748702199511	-0.13380425625470438
-0.086606136680104612	-0.15727535178791602
-0.21662043248387403	-0.17913851436767644
-0.36149868576769584	-0.20008759928681738
-0.50620494145679151	-0.22889224395595975
-0.62368166937456215	-0.2523518700609243
-0.6840799758292766	-0.2637974526801356
-0.68073799629155363	-0.2524039690464035
-0.58900466815188768	-0.202057201523521
-0.43299869195892127	-0.12195570979696296
-0.21507075210568294	-0.0067895340481520308
0.024126165550490755	0.11602998484696192
0.25241098422163499	0.22836881589036284
0.44201729230660569	0.30770498926682655
0.55239189429547064	0.32381774233475519
0.58971406512662938	0.28166942257525407
0.53525863568205434	0.16575022832563671
0.42318574262109293	0.0072558443756806906
0.26982309761775874	-0.17829484708857909
0.10994280651002535	-0.35938123991860155
-0.019408867238802467	-0.50115471853941962
-0.10872668483070466	-0.59808042904427616
-0.12999104273546103	-0.62545612064692246
-0.10169877168636746	-0.60593536841086471
-0.024204240283945012	-0.54479692347100039
0.076084768603701766	-0.46946300682690556
0.17633595422798376	-0.40707909494850625
0.26546850162983365	-0.36375417255965053
0.32138984735828724	-0.36082081402322785
0.35430293614044572	-0.37975372689204068
0.36151899597524001	-0.41683423537620029
0.35962061359621716	-0.44897506386667002
0.36281938196477292	-0.45331975603900043
0.37553951039629219	-0.42545717824954038
0.41101336722137516	-0.34725127197858152
0.45702806835577187	-0.23702035552984449
0.51098274372150898	-0.098714221765709875
0.55727371963035643	0.042697611509510229
0.58011385462991549	0.16483922183729521
0.57745268193471821	0.25598003031788974
0.53687582032147352	0.29431838601049237
0.47368787165125287	0.28769158257972061
0.39241380818840493	0.23060226512873216
0.31297813749980602	0.1412527284011057
0.25466584241024243	0.031040982987888877
0.22392046941033347	-0.085117473550167369
0.23811809231934516	-0.18989624741461011
0.28374611197612459	-0.2791300167274976
0.36102058862418313	-0.34083007360860101
0.44613161786879446	-0.38114018226632845
0.52078686858531886	-0.39867933074651019
0.56864968120700754	-0.40403313965665055
0.56617552632072643	-0.40495041956755878
0.51669568234099039	-0.4085605886351506
0.40849846376931265	-0.42546576248400786
0.26316823293156472	-0.45299665927894134
0.089694217750456176	-0.49662951216324058
-0.085849864063014328	-0.54252989182605038
-0.23929162074493948	-0.58410010368553922
-0.35593784653133587	-0.60510617669792477
-0.41099108659016181	-0.58824866794171127
-0.4105916963616848	-0.53012629846820791
-0.34478502003054423	-0.41530319574274638
-0.23705863653158241	-0.26258369760176475
-0.09855537348925493	-0.0748844614119753
0.043645170980638456	0.11556734395211365
0.16317483643535757	0.28260552562294744
0.24675648223126809	0.40513049821295305
0.26920812457606763	0.44986398812899148
0.23987613247301964	0.42717586712020622
0.15099586445740165	0.32366450054124485
0.028718368140869064	0.17736613398245665
-0.11177120056310175	0.0095380574011076913
-0.24533980802469604	-0.14288449694890493
-0.34399862634744072	-0.23775593151800697
-0.40112988241783493	-0.26945005223596374
-0.39530124244000642	-0.20811574118952236
-0.34296756056459632	-0.084282172358163307
-0.24429091580653758	0.095403928845846281
-0.12671729977708207	0.28914633463411876
-0.011674071243897676	0.45969538652219682
0.082620792247330946	0.58676465118602239
0.12974557772695738	0.63292293651351061
0.1328841326991991	0.61235486038428355
0.079231234789979371	0.51588373774012553
-0.0096676193354654407	0.3761622852824652
-0.12434224083460928	0.21498370219662893
-0.24137192861339796	0.055749855972708602
-0.33714442876449735	-0.07049015369031858
-0.40276421088522091	-0.16488482423378215
-0.41775306154017494	-0.21199150583755644
-0.39324677592014629	-0.23053454058702977
-0.32626181720684477	-0.22838943486406887
-0.23867796799210783	-0.2226600459591126
-0.14594861855937272	-0.2324378881071745
-0.064369409015549994	-0.2596354968563972
-0.01587075683551363	-0.31682598982689197
0.00099827980118949336	-0.39111913503776591
-0.025976040307255234	-0.47960726910744983
-0.077730085568918583	-0.56491580385808404
-0.14691448594283468	-0.63202644499663152
-0.21060019797792809	-0.6709626474870547
-0.24635308788191099	-0.66533801625160638
-0.24533905663745459	-0.61936380712238037
-0.18636990317132349	-0.52576567218972159
-0.084073799858949375	-0.40261402760113058
0.064248523631723564	-0.2579202343983335
0.22780294025146838	-0.11458710998899699
0.38551756594984471	0.0060907721211219852
0.5109249420625489	0.091277319184568481
0.57132692698514187	0.11818282861653522
0.56434368548759017	0.095373556423322181
0.46817080282445084	0.014599938706764903
0.30838387593751437	-0.096480267404550374
0.090751932753886794	-0.22196966977144181
-0.14710973442782094	-0.33483673732386066
-0.37413536160661431	-0.40383461698781253
-0.56490733596253784	-0.425711882635953
-0.68298599873228238	-0.37810190541867361
-0.73037172374491433	-0.28710344042877245
-0.68864965099111475	-0.15958972945744698
-0.58262582322273104	-0.030870683559890349
-0.42114146660532165	0.066143756700749554
-0.23367617088843551	0.11738043805713927
-0.04760433594071517	0.091142209633946342
0.12191724242956181	0.007391123692019894
0.24879739631893735	-0.1366214834218564
0.33846484214431061	-0.30446061484081854
0.38156167041894573	-0.46749545467801668
0.39635659095028991	-0.60506212364662459
0.39266299158849971	-0.6831922056927201
0.38648892871871121	-0.71316849523074144
0.3967094590535945	-0.68546190934512619
0.42453696946070379	-0.62853966397195493
0.48260432198333097	-0.56267344432093225
0.55552514780693285	-0.50292075965562399
0.63952989754016876	-0.47528538161179917
0.71240097495672317	-0.46720020828255199
0.75489111138884024	-0.48275496273733026
0.75431977476950052	-0.49798294168284324
0.68841854325032137	-0.49255575570029297
0.56670381750763521	-0.45964818623564946
0.38123989922635515	-0.37887325231194263
0.16211466353235676	-0.27058785177919509
-0.074200811845016423	-0.13934250600194539
-0.294791833031256	-0.012169363459675437
-0.4658596731469275	0.083857203612386563
-0.57358535347746542	0.14431334511694136
-0.58759319155632295	0.14765144598809507
-0.52375457176000972	0.11816842889640326
-0.37624617503745772	0.063398315127078872
-0.17977642920485387	0.012082193770255755
0.042739448049879392	-0.005086826612342981
0.2617451453930173	0.013569216849727606
0.44241073266641462	0.089875838847997713
0.57764184865541024	0.19408349248093468
0.64431400169726061	0.31490073480161712
0.65568765297806841	0.41877876863774127
0.61156747589699645	0.46985638254623452
0.52919634215212163	0.46377937639248162
0.4231310213234627	0.37441224682218527
0.30123449316435702	0.23123769205131989
0.17626916047900393	0.043130782850816521
0.048093523694836916	-0.15422110179849224
-0.080068950506791303	-0.32541572490455939
-0.20555075808343923	-0.46072258973009705
-0.3278188480866458	-0.53160747551752163
-0.43724639455311698	-0.55907931733567373
-0.52676472382689321	-0.54588619861950161
-0.5881663280375099	-0.51827645351309914
-0.60918795917014412	-0.50237837217890891
-0.59492816400191262	-0.50130016999683358
-0.5403142906229409	-0.5339964217309654
-0.46359668707938062	-0.57905633939117807
-0.37614420866093445	-0.62825071250448072
-0.2935286817270758	-0.66098938328355872
-0.23598913888642239	-0.65258171135169896
-0.20089281668124448	-0.60709993400410522
-0.19898876828315809	-0.51159872595764166
-0.2103705764127434	-0.39244013457061222
-0.22446351680265345	-0.26430014792086692
-0.22402156358828565	-0.14929161856663001
-0.18666205618569831	-0.075987651877990198
-0.11722017448556189	-0.039683477497203329
-0.0043415261641277791	-0.054326774756769128
0.12578783271928862	-0.092533299956044729
0.2594287888169366	-0.1391443872079372
0.3705949063178704	-0.17143098240429649
0.42966557005904005	-0.15989565311276505
0.43380420474900772	-0.10968486841887264
0.36249446555266979	-0.0059858624085576233
0.23915504593797393	0.12082109235176312
0.070222499550253295	0.2553378053239857
-0.1138730989777524	0.36743079633723291
-0.28542296791629557	0.42311521739420688
-0.42982667491106669	0.41854698143606617
-0.52062893794020915	0.329651454687104
-0.56568552427661722	0.18313542930061777
-0.55814966987282322	-0.015149980620974217
-0.51567368666805535	-0.22671237470074052
-0.45006880196182081	-0.41924895082260527
-0.37201150562581403	-0.56833980010158369
-0.29674708483362422	-0.63733465895948493
-0.22238037497907451	-0.63062178935985225
-0.15382539218455529	-0.53052814719018593
-0.085899881437953962	-0.36658738710042382
-0.014227997937117241	-0.1502035866263226
0.058695472825442366	0.081907567002073953
0.13543492562218903	0.29700407487062752
0.20518866446034606	0.47176079449586511
0.26114276354756721	0.57117814779137199
0.29389830705502507	0.59753744265183417
0.29117299878538111	0.53283303931608661
0.2548030540518228	0.40292620266526652
0.17809749732548752	0.21664556526941592
0.074355604935186601	0.0070833843006558629
-0.050381870639449162	-0.196091147053786
-0.1810303333797407	-0.37378020426918718
-0.30273631685672087	-0.49483284130112409
-0.40876567982162315	-0.56573922952147249
-0.48600753623734549	-0.57447780273966143
-0.53873865403992793	-0.54543282759860745
-0.56373601060201661	-0.4918184646983822
-0.57038809157669279	-0.43512346597694912
-0.56478318739164757	-0.40102189915469605
-0.55359886109569734	-0.39017197748442056
-0.5455122020288119	-0.41846752402872628
-0.54061292174522269	-0.46587577707858258
-0.5436924910362706	-0.52520170853758275
-0.54932272153059691	-0.57382594063045944
-0.55580290338115601	-0.58841219161564096
-0.55674207180635071	-0.56391614529563483
-0.54613898016029583	-0.48138513998917443
-0.52112376418881179	-0.35920793040600901
-0.47539794317596434	-0.19986490869263265
-0.41324611986113191	-0.032128500857544998
-0.33323295556023902	0.12080899315205906
-0.24621979382771264	0.23972680300577121
-0.15858055810685556	0.29647219905467626
-0.082342170046964633	0.29464875930709999
-0.030453470471813373	0.22038612400353608
-0.0065226253012744912	0.097953376798565805
-0.022192397337989604	-0.0632675325165344
-0.06630783675742552	-0.23248556211135615
-0.13902012389595583	-0.38225341357197357
-0.21805363107350176	-0.49315790685766253
-0.28705575592678678	-0.53534584626049819
-0.32840860284177731	-0.51268998036815672
-0.31796925199792347	-0.41041283763427455
-0.25896017365149759	-0.25461188275304469
-0.1377058404297925	-0.055241997875294199
0.019242674600802815	0.1540465409152435
0.20098119213790966	0.34262879684164371
0.37424455826220421	0.49147386983265323
0.50708668055067418	0.56804468069210734
0.58464619521200589	0.58223483001781595
0.57618446815273627	0.52254284836699905
0.49738721785630019	0.42061686666526266
0.34189532395581373	0.29484601975660002
0.14510466890876983	0.17350582644306975
-0.069381124627749258	0.090708955935930466
-0.27254439761939547	0.047333091851575429
-0.42896329317005361	0.064656883090924155
-0.53424678220794275	0.11559010301165656
-0.56637082307581499	0.19000061562718368
-0.54281259663395642	0.25829279787123161
-0.466624832088465	0.28836292296324806
-0.35905684274465766	0.27760316605947943
-0.23874246659726348	0.20311727713745831
-0.11658085878414401	0.093666804952773394
-0.0091937519271677419	-0.040909283696230252
0.081952748430956956	-0.16673949296028914
0.15037421860813405	-0.24876229416061835
0.19450388040065819	-0.28070881898743727
0.21188856331368464	-0.23475556773390788
0.19870302053853597	-0.14050490591241721
0.14906880943513384	-0.0048283089868054151
0.066692347002836563	0.13190505260412533
-0.05306458978973503	0.23216180343696924
-0.19104652349044682	0.2805630830016968
-0.33837770381043519	0.24180949703166504
-0.46885717229126767	0.13812927137330896
-0.55667485547421725	-0.033432838805154165
-0.59178234807130314	-0.23262581573571417
-0.54817310627837146	-0.42861425733615616
-0.44791147218521549	-0.59610656138087703
-0.2904759728649069	-0.6975891839463918
-0.11761750956345732	-0.73889254804413096
0.038059279499851065	-0.70472024184895687
0.14963707817175792	-0.62093922594708872
0.17450654812110039	-0.50102990763642941
0.12713911766230399	-0.36685553495679174
-0.0079886668814802483	-0.24333408770725196
-0.18350149786759157	-0.13478177790792351
-0.37122851853580652	-0.056647167503723173
-0.52907982991566216	-0.00045118651931752378
-0.60583055471848624	0.034396548458031979
-0.60071477113868299	0.056113535171193211
-0.48215631778536305	0.073041758943216378
-0.29136103612573405	0.085398140446293055
-0.042532964504825764	0.097894060120823037
0.2148986491017178	0.10538812398523187
0.43325827659842103	0.10547906436200148
0.59308071999974887	0.094657882779362532
0.65176742510446184	0.068048877700837673
0.63104293246419829	0.027350890643032779
0.52478556606756366	-0.029244788734720608
0.37393542140241864	-0.096091206397076995
0.20786269744048891	-0.17045965677855882
0.055155407718784945	-0.24540410481023073
-0.045781022426712871	-0.31501870664087223
-0.095028629421187977	-0.37345418305186151
-0.072747568078798508	-0.41353997891554267
-0.00029805789663999371	-0.43333407810779662
0.11572785580735617	-0.42690211847697507
0.25086549568153937	-0.39905058297800922
0.38308743348975854	-0.34930997991518686
0.49848987656758365	-0.28757387108878929
0.57569942166074473	-0.22061806429371647
0.61509747230261047	-0.15732632985040104
0.60604170631625709	-0.10866011230276357
0.560229897578292	-0.075162196775239984
0.48043428943316685	-0.063915031377168738
0.38278915130042468	-0.066261071697762797
0.2804734974624567	-0.079498985959098836
0.18512533667516948	-0.092842584371924011
0.1128436394696028	-0.095618565888702878
0.063424534802748136	-0.084786932506359949
0.045865440927610045	-0.051373472671618375
0.048661460487189119	-0.002507525987546996
0.067116850617594509	0.061481705805191147
0.089801566092504961	0.12916802067265556
0.10326930172525516	0.19136526508348434
0.10887309453298663	0.24102409178927878
0.098855892363193448	0.26761263764665422
0.087101657538152757	0.27239229680920674
0.081611946387437143	0.25087013689180743
0.092276924736654498	0.2097772743672465
0.1353383758077675	0.15197376341052948
0.1997430037412844	0.084579858529881743
0.28929123962619274	0.014319281952745519
0.37566368583901744	-0.054758315303524242
0.4384287135597022	-0.11615616561244652
0.45772344746697874	-0.17049189657395733
0.40222639403521526	-0.21474639030142187
0.28588177905744688	-0.25333311562807165
0.097487176769405381	-0.28801292930835953
-0.11883895168263076	-0.32372454969198633
-0.33589157846995266	-0.36631323700973556
-0.51413282940411964	-0.41482022237281208
-0.60444038246491416	-0.47412961383640795
-0.60836255331895861	-0.5325580407993451
-0.49582017951578011	-0.58574645455388286
-0.31257337338644792	-0.61660599747490041
-0.076477332005083151	-0.60887281663486581
0.15883236130794257	-0.55571284923327102
0.3395886819969014	-0.43916803737592797
0.44833075669374084	-0.27634651341634614
0.43914218437171576	-0.066407557690645963
0.34362252345117589	0.15476033164319342
0.16067470319255095	0.36117334770475384
-0.057527789951144111	0.52395813632523203
-0.26925877723215624	0.60391143701667216
-0.44427340627427031	0.60603916185611328
-0.53453250329268054	0.5092996633574266
-0.55169285376540533	0.35263235972215912
-0.47893939932753138	0.15382385610138991
-0.35364849772304857	-0.044709055839605952
-0.19754999471175982	-0.19782981988953266
-0.040768367881313258	-0.29591112453537322
0.08019846072912766	-0.30438011303085644
0.16274097871430532	-0.25293686486444905
0.18559931995455201	-0.14666158169951529
0.16822662355393439	-0.024841040265091284
0.11572432920590184	0.074786523051150577
0.04988766902263863	0.14249528556175495
-0.0089201442569013731	0.14661936665974548
-0.051301612819577458	0.11524070371601276
-0.059662342802155363	0.05420059165005852
-0.038229809615961889	-0.00144492279092686
0.018566034537077596	-0.015699198623497515
0.098927013891993057	0.01445727636308183
0.19723912335076554	0.1161992519197439
0.30051989871061641	0.25305765640934219
0.39709531854845526	0.41183967520289566
0.47742604942719852	0.54989128702684065
0.5288236220393242	0.62238514709430248
0.54906142257305768	0.62264841131623228
0.52902903581154948	0.51610550368803099
0.47668939666250176	0.34163727516947462
0.39189030890672089	0.10937652911856888
0.28986675070804291	-0.12900816766397399
0.18116747368730113	-0.32541344293795249
0.079698961254309711	-0.45901090966382835
0.0015432189311067272	-0.48475531012278678
-0.049277567998146456	-0.42719388411245596
-0.061040455526104515	-0.28093550999271433
-0.040765714300281225	-0.090750014357996484
0.012151164918004029	0.10937423997449762
0.086558786477513333	0.29248398331318548
0.17426474267615538	0.41792294567300531
0.26699657890517103	0.49281176511719477
0.35501553183445345	0.50207615303289854
0.43452811992595486	0.47164461946333319
0.49959930138707259	0.4165821307349562
0.54691499365136464	0.35440502938518881
0.57256289422562312	0.30848554547871687
0.5724026210975427	0.27632098276020445
0.5411592277084355	0.26757322662156358
0.47832410520424029	0.269120762185736
0.3787920529346131	0.27351506892040517
0.25107789972971273	0.27339904918325775
0.096490267081353664	0.2574819720788149
-0.06845742364577477	0.23011621683425709
-0.23173309258571992	0.18917411182160279
-0.37858409375045754	0.14280507871085915
-0.49146516967680903	0.097521520706912876
-0.56672207492428461	0.056106821577143202
-0.59181787534925523	0.024588277158802938
-0.57585537959796029	-0.00025344555284171635
-0.51868795475700558	-0.018426925909163692
-0.43552699136166467	-0.033537129032992739
-0.33733658247755155	-0.049546933822093062
-0.23671198760025094	-0.065391178303034189
-0.14804113531318719	-0.082581060699169956
-0.076910111418455746	-0.097350379317911573
-0.034261633214119298	-0.10704672784905313
-0.018413734795700416	-0.10983991836879967
-0.033841360792701988	-0.10235863902417232
-0.073016496901245828	-0.086573855292517016
-0.13356512702137097	-0.062088801159303229
-0.20450020117082854	-0.032635359247181486
-0.27696260986798704	-0.00096656128815963884
-0.34219451551103364	0.030377806060364918
-0.38826365796560225	0.058250774833088062
-0.41583419534772059	0.081720857221722135
-0.41797352023679707	0.098859886033874939
-0.4055396691083234	0.10951093145655594
-0.3829406164680707	0.11278212210067869
-0.36259394080460872	0.10895011550213871
-0.35808880933008025	0.09758116761383881
-0.37031843037953743	0.079914611795670665
-0.4093118200043197	0.056235400680808692
-0.46125072226770863	0.02897293240230733
-0.5210970960431851	9.6914807742979302e-05
-0.57253931295149052	-0.028728628613276002
-0.59819731315314972	-0.054965293145302602
-0.5962383499022933	-0.079266514618276371
-0.55375112116123071	-0.10051243838007741
-0.48659123296594992	-0.12148453116143698
-0.40041375756685887	-0.14375127851664307
-0.312908994283006	-0.16983176932290561
-0.24382568013155737	-0.20280628172765355
-0.19264357426856824	-0.24255973347451792
-0.17194372137810462	-0.29117955254704564
-0.16217100189330025	-0.34513848637291794
-0.15362646983839709	-0.40370805180640934
-0.12932264912413624	-0.46057936855128628
-0.066025426923263006	-0.51146109108900195
0.027224232525992837	-0.54957213194077081
0.16011180593899552	-0.56807228770980167
0.29969208328221791	-0.56284756063156327
0.42525546210176296	-0.52628247403765305
0.50978059637410444	-0.4620412612428928
0.51633320955532647	-0.36673717055210264
0.45394249075270138	-0.25390768032688665
0.30482415350565883	-0.1298468525729147
0.11248434797381229	-0.012898184662809899
-0.099422264935814519	0.080076907345337484
-0.28912550392602254	0.13833811750225891
-0.40776916928829493	0.14261901784801814
-0.45295665534956153	0.10163655835652793
-0.39238546816352027	0.0088785025386612856
-0.2669170728413503	-0.10923401817639843
-0.090175083593534711	-0.23727077005260822
0.088429440824140046	-0.34877129649967387
0.22011969391677311	-0.4140577378465341
0.28936930469122496	-0.42735206959944688
0.25442780602288928	-0.36601516163265962
0.14519067981126535	-0.25095247117114244
-0.038492299914849863	-0.085129482064888101
-0.24823447666795626	0.10027301568692437
-0.44495763805537625	0.27862773661104834
-0.60088667776384497	0.43330868327969374
-0.67170376953673305	0.53575743603055426
-0.66795886081145595	0.59514397609393199
-0.57383686182204618	0.60355944979083309
-0.42411505792202558	0.583681942186839
-0.23811992133868667	0.55110662876193617
-0.046388801684749001	0.51917338459391538
0.11699228469763051	0.50856374689769368
0.24334286576947181	0.51284790474187936
0.30896487670298955	0.53779701106083089
0.32482507952244244	0.5674897114722145
0.28797215884801669	0.59005338887802683
0.21646228206414458	0.59911298435963567
0.12261767919636833	0.58114942688014037
0.020688846941544412	0.5457221356963432
-0.073363389556265257	0.49332650030504316
-0.15234778561313447	0.43763553894934937
-0.20355487520760976	0.39201088540419388
-0.22757849720821105	0.35788208257090748
-0.21809842524636541	0.34507528010415645
-0.18314738901189781	0.34176229151886578
-0.12439800528678134	0.34268329490524169
-0.054610386425998324	0.3379593461921066
0.016415415820192583	0.31388168308891723
0.078126602855647542	0.27667993834397731
0.1173654746488505	0.2218457344307242
0.13214668375565949	0.16788433988321419
0.1137872253120906	0.12808106848428993
0.069222371546153738	0.11358740696102965
-0.00083498409210210761	0.14373346998817862
-0.086400710132778016	0.20726868750557842
-0.17937741702526644	0.30845317557792984
-0.27339198556164435	0.42008499050540044
-0.36028440376627957	0.52297254957336814
-0.43731796039169207	0.59734488589090207
-0.50003894851646202	0.61495121532766905
-0.5454383431867762	0.58203940688725508
-0.57061639025749045	0.48592812293706245
-0.57079157038117667	0.35515419925530956
-0.54044207708040715	0.2044729597374218
-0.47888901760003821	0.06254760239918164
-0.38021319000853421	-0.039547865206282784
-0.25461371535764354	-0.094290547795582436
-0.10373094709297193	-0.078149231464123711
0.052678013898588089	-0.0080748645223921323
0.20030914021568977	0.11613291350521458
0.32116285795609012	0.26655139016502655
0.39351489146196034	0.42216468907634841
0.41423531859871104	0.56245266249585879
0.36799032410799926	0.66107908745396826
0.26966731170325697	0.71447631324878558
0.1212032667285627	0.70628290786567538
-0.053884370966366391	0.64854399227327963
-0.23763090805942741	0.54135736423966485
-0.41144111962369895	0.40420356135192148
-0.55287562156186842	0.25115449867654499
-0.65550219806300658	0.098533841543387651
-0.70383704229325528	-0.034096204174938409
-0.70259554322408801	-0.14237934504021782
-0.64778625831498426	-0.2120740678878977
-0.55004587526806747	-0.25327382602437842
-0.41421100847374331	-0.26575788495226627
-0.25369043532664581	-0.26622729491839037
-0.078936401262293357	-0.26835263709848989
0.096344883451561419	-0.28100458420844132
0.25840161252445409	-0.32052058455709581
0.39691832858900195	-0.37817089254126807
0.49745442476595336	-0.45757615113888689
0.55863354330045123	-0.53802264291546098
0.57104122955248415	-0.60462413524179104
0.54435116729826294	-0.64351881667993016
0.47972451566894458	-0.63302585017629831
0.39328439395968073	-0.58171607994859564
0.29700156157663155	-0.48193881071136113
0.20449425731792928	-0.36067782392049957
0.13180313116261996	-0.23449011826126984
0.083631708974122282	-0.12700534676014777
0.071711349883327336	-0.067688458207412441
0.090999204066864001	-0.055590563996913256
0.14436638696681503	-0.10819672169634552
0.21980236191771016	-0.19967004157445048
0.31117583002549454	-0.31969142770269293
0.40372019341800441	-0.43919255624059766
0.48493254415166298	-0.52850797307823549
0.54189051354665441	-0.57910997309543311
0.55891452653868123	-0.56680783213643193
0.53177329433761134	-0.50892515319805842
0.44720944932283963	-0.40588895017115539
0.31662165292148803	-0.284198266217916
0.13836680378323216	-0.16598543655559936
-0.061687177380193858	-0.064777598909850215
-0.26710946071001473	-0.0040969612372214392
-0.45123187499767847	0.023909351937751993
-0.58479650529811811	0.012719615830615573
-0.65914175296210298	-0.018064576735425011
-0.64970233205515204	-0.055749798604655731
-0.57493138948795008	-0.086133277559056129
-0.43373882238817019	-0.09030606265494065
-0.26018909417036673	-0.069693262913590431
-0.079563418274973499	-0.014490124441099005
0.08287855824797534	0.060522714960656483
0.19291515999362757	0.14971418743484821
0.25215125858600368	0.23544033704023459
0.2421650809544518	0.30091238057737091
0.18881488577813699	0.3379337319640387
0.10212971510997398	0.32992523574336785
0.011175445758061675	0.28524581683986849
-0.055157369440670782	0.19911346297325336
-0.08631371651979948	0.09437183030104461
-0.057303411598117734	-0.015722243437035439
0.017458588416955207	-0.10719031526787462
0.14131821151817786	-0.15347122381064165
0.28598298688622359	-0.14905628654877159
0.43210017909147097	-0.071838961830766615
0.55619650995756287	0.054948334319406066
0.63009794979067812	0.22902275836256097
0.64855401771358756	0.40964213449585052
0.59165804329456784	0.56464102798180871
0.475204565503281	0.66600637208510505
0.29876004918885418	0.67119542937119281
0.091102046281168872	0.59163177720025617
-0.12808651248487515	0.40838496941361774
-0.33195529867520607	0.16997433913331428
-0.49007720473868932	-0.098466708323821012
-0.59349963729161326	-0.34571083570085526
-0.61787003629680803	-0.51645951254878553
-0.57896119416351355	-0.59779291312698868
-0.47401299482251136	-0.54611923340914792
-0.33427160367200642	-0.3981558778033405
-0.18194503251711444	-0.15661962674005911
-0.041387626067885083	0.12007945187425884
0.055196321728386358	0.38451071817281035
0.10914864677832074	0.60101910760620003
0.10273004827450616	0.71460868146431611
0.060979642411745603	0.73587142236250547
-0.0053334777893366781	0.64302912837711701
-0.071138543613616156	0.47819641441503208
-0.10797728704726593	0.26356718977912696
-0.11524311296576885	0.037125369357765385
-0.074364853219915997	-0.15896826021539306
-0.010777958869955593	-0.31505040487335961
0.065094615003885942	-0.40231492705818667
0.12678654861075217	-0.43602957060909087
0.14408574654060802	-0.41529596857669682
0.11780658057076311	-0.35980631576883337
0.028263597179566027	-0.2856903962394885
-0.093255823146134717	-0.20273707530080953
-0.23399549203811595	-0.1258904948348617
-0.35804728666215296	-0.055814609185878897
-0.42784728673888356	0.0020028440307907451
-0.43560669623549736	0.047089072746424494
-0.35153967492953514	0.078078000859002489
-0.20407343511058099	0.092161742853067996
0.0024333006240547933	0.086003076708954157
0.22556090342001031	0.05982393583727131
0.42949484242686536	0.010173243534818622
0.59006110103548459	-0.055267191876637256
0.66836847147046641	-0.1334343338039306
0.6727539963801894	-0.21392294376445942
0.58886384074132259	-0.28653224550622575
0.44587942979359291	-0.34758581574425179
0.25917316780586497	-0.38777777235147215
0.055818282667393262	-0.41379571560215117
-0.13559698338989623	-0.42587687893159226
-0.30424526912515282	-0.43406648072961185
-0.42865530625560144	-0.44766767265717788
-0.512170573675089	-0.46914388833613868
-0.54798486311118855	-0.50700064798175093
-0.54507596777994682	-0.55241484347475711
-0.50719076241838612	-0.60385024466427817
-0.4432157941911522	-0.64795173786043536
-0.36062113647210864	-0.67353090918938219
-0.26740308537062379	-0.67255142905214216
-0.17177654168483486	-0.63230230232674467
-0.080555764722299139	-0.55561911170832368
-0.0019972150211293596	-0.43691040613146798
0.060010810312203657	-0.28874629175584188
0.098923983935553739	-0.11616412818108826
0.11445393601783412	0.063829295978139411
0.10345666036227709	0.2377545175017616
0.06795473872377944	0.38999220060641371
0.0077987601186289626	0.5029257439147774
-0.073639303434114928	0.56906748098863369
-0.17563360170910275	0.57301620317600188
-0.29039518030891692	0.52089593574084747
-0.41490007493616027	0.40693334454099006
-0.53412746506542197	0.25141929914288735
-0.63759222748006206	0.064323368013173107
-0.70866330595637195	-0.12916387969086079
-0.7281470909418315	-0.30565953336070911
-0.69324611920623569	-0.44977104888337816
-0.58736701542423864	-0.53677342314413212
-0.43270390632874189	-0.57128112253969177
-0.23303528722966904	-0.54277462338860216
-0.027014677070608929	-0.4719308928106542
0.1542458171875708	-0.36879398944987501
0.2843434642867832	-0.2547431150521004
0.3225228463446953	-0.15209251279240737
0.28072991627317712	-0.068081117027099819
0.14165295691962473	-0.020281913462189206
-0.04769043940487229	-6.9912236293680732e-06
-0.26170588836643122	-0.0091326650915699997
-0.45343548318603499	-0.033539243809435001
-0.57013012564409815	-0.06190692322211578
-0.60356900572844308	-0.087712356805359534
-0.51512433993621654	-0.099004327620135182
-0.34326795051985876	-0.10074664275566902
-0.095354329228703183	-0.090554768963246227
0.17389231593078389	-0.078522510317659069
0.4166288110179186	-0.072141789942027273
0.60485756208601993	-0.076833717442653757
0.68893583767572442	-0.10194513594281765
0.68595587638439526	-0.14319076801471031
0.58237057240610279	-0.20322241521084927
0.4204552274913621	-0.27057568371353519
0.227446038763852	-0.3386783185383746
0.034913214298151245	-0.39550570473796776
-0.11678027212837036	-0.42857756789907797
-0.22677652050040698	-0.43268863143482234
-0.27410968005067127	-0.39645657882195046
-0.27874062925773779	-0.32593225545632787
-0.24803683024551365	-0.2180870709078773
-0.19881268131071417	-0.088777016131176431
-0.15013295414882524	0.053054029577533718
-0.10261399068744219	0.18969832167332021
-0.066097028566698746	0.30319066777457482
-0.031972152344465585	0.38535953209508245
0.0042311659229271759	0.41914867183354837
0.04508985109072404	0.41324701565360339
0.097676482273225979	0.36396438206423087
0.15297462463693348	0.29138185872807842
0.20812744162717722	0.20903622326525667
0.25172871752176768	0.13287022431235981
0.27176796412301529	0.084163683982344431
0.26720116230275082	0.060442159466234116
0.22895357021513413	0.072873050449648688
0.169106867815488	0.10181065156175616
0.091379361107093438	0.13789891983758912
0.011786430100235687	0.16143626774517353
-0.055174292888702473	0.14970360355723503
-0.1012312587747327	0.10239739689470699
-0.11200457638979962	0.0042590562595824707
-0.091321639666721521	-0.12256532671859179
-0.034357310316222446	-0.27016915341461722
0.047310706163470072	-0.41109253631345632
0.14767103416671568	-0.51846838820973884
0.25484982230502873	-0.582611709549265
0.35756371663027009	-0.57926906695352676
0.44802984921575989	-0.52527867469007761
0.51553200458327408	-0.41961604227114524
0.5575868714393053	-0.29161585058419853
0.56699019076865931	-0.16403462467325747
0.54718859025817324	-0.055582341580895873
0.49598218832975349	0.0059568847529203857
0.42310625376299699	0.025048939976347644
0.33297733078493308	-0.010219936606352654
0.23935171147517151	-0.078494919903461705
0.15381929010995871	-0.16911729277390658
0.087295804326414164	-0.2619124920614882
0.054371330747667951	-0.33507150030748806
0.05561274669193491	-0.38283896327839151
0.10076079493776134	-0.38950297014929414
0.17688395572728277	-0.3631241732356465
0.28116512364666407	-0.30225773224180019
0.39300179844236344	-0.21970821417614814
0.4961760572510443	-0.12447762316445266
0.57471706248825527	-0.026528807558956244
0.60748116963496712	0.062817049718367282
0.59376887663157707	0.13863294825094963
0.52043576791850121	0.1925805161238705
0.403672939476654	0.22357268491021198
0.2473399699332505	0.22673713119620434
0.075286995789804537	0.20509124802748266
-0.092943112137791967	0.15717119078605163
-0.24056897816545814	0.091548349049032793
-0.34413470133490692	0.012269459638194589
-0.40412098665286483	-0.068555363798399091
-0.40766728986731271	-0.14060932403693613
-0.37134145779620126	-0.19446573498289285
-0.30048434965289472	-0.21725322268482514
-0.21591638399913327	-0.20898905348968247
-0.13678848405002908	-0.1617152709526497
-0.073449995058829959	-0.086486169497576551
-0.044608581757740975	0.013578769871984132
-0.044340208925002705	0.12263306333995704
-0.078373592789842239	0.22765235008415793
-0.13045814373150516	0.31705078011936055
-0.19079699463882627	0.37540970056227196
-0.24575769421226487	0.40120315928490813
-0.27894810086641286	0.38508035179732386
-0.28885041834770758	0.33509718230211083
-0.26506602703585086	0.25180702241334507
-0.21784525544564082	0.14836666540662743
-0.14949555520258034	0.034061540745708482
-0.073446937354256572	-0.078940888519784785
-0.0014284334492343457	-0.17761996862502771
0.059149566389916856	-0.2552498422518627
0.096232186598361955	-0.30020407019532086
0.11202385195433287	-0.31416374435101113
0.10171858602862147	-0.29154832438076816
0.074292716878712958	-0.24251626778094595
0.033995760678844501	-0.17051517317655263
-0.0097978233504477964	-0.090097076843460286
-0.047882666283742117	-0.013278591031891419
-0.075501981061458362	0.048886413556197147
-0.084408070765700935	0.081597630200657981
-0.075868296045994446	0.08407775470584046
-0.046453391846507604	0.047033985238490367
-0.002005538365412549	-0.018787492008728941
0.055057317224667099	-0.11097078805094894
0.11789174090291707	-0.21381781309803935
0.18012963791340408	-0.31483549241258169
0.23792704328886136	-0.40199289185157189
0.28488282724224495	-0.45980330297767658
0.32230038947695283	-0.48614097393646571
0.34756261920806969	-0.47110746582832974
0.36602991811349112	-0.42253413135147477
0.38079893873273718	-0.34064742467941594
0.39604381769601865	-0.23836360248661664
0.4174177698215728	-0.1247225377415933
0.44358021308484019	-0.011579835735701031
0.47739036094309928	0.088051753053196444
0.51190204176907361	0.16860379121610855
0.54368683793398775	0.2189794336721792
0.56505070089961729	0.24275115295914115
0.56806333248815133	0.23622890510386782
0.55000506398957294	0.21010339455808133
0.50430640150258155	0.17027859542186038
0.43458652242321721	0.12742465477700879
0.34015284963635622	0.093385249885623731
0.22737115277418907	0.070543764306903844
0.10035253309297637	0.068196494412871303
-0.0348315813946155	0.077448379027152459
-0.17284573074040596	0.09697001422608055
-0.30737090949467705	0.11336072462355702
-0.43313135204021447	0.11455118285701481
-0.54166187893132678	0.095217940932192685
-0.62566695658600435	0.042908766812119095
-0.67636188179598744	-0.033059314737642218
-0.68279428218452931	-0.13354161118126587
-0.64417163167508107	-0.24047335786650842
-0.55148109025102954	-0.34014588795153039
-0.41843122735582167	-0.42034621546929457
-0.24758277085219668	-0.46324161569175071
-0.063366405465665368	-0.47198263806009827
0.11567660054994468	-0.43895465441906734
0.26931726991684507	-0.37862047283001554
0.37138340101258294	-0.29859752525990818
0.42116339861732371	-0.21180731183665316
0.4024074326057161	-0.13288316063157235
0.33555800607185676	-0.064307019781388988
0.22668266869441542	-0.014886888344305398
0.1026564505943212	0.019722058372793377
-0.012129950377932431	0.040460217666616963
-0.10415598773236866	0.048732872668178988
-0.14908950141790664	0.047647449307454556
-0.1549746342673651	0.033037916484268876
-0.11500314940981089	0.002501844711434045
-0.049400025905418997	-0.046144144920035546
0.029001400820316971	-0.11857229937005455
0.10483443673428613	-0.20671844397302372
0.15879044865910497	-0.30958178049578777
0.18986191860209789	-0.41164442660092937
0.18741487724542219	-0.50009688627747328
0.161020045387196	-0.56581320231293841
0.11360714619812062	-0.59275801087372548
0.05446520324260417	-0.5888500358122144
-0.0074712228168599872	-0.55044469584401856
-0.068209020103826526	-0.49619654254583767
-0.12132214790828014	-0.43978504976709265
-0.16517483206843744	-0.39249086940523298
-0.19744203045933714	-0.37309780292203909
-0.2137655062604974	-0.37277587547393981
-0.2106103873885774	-0.39607166197971927
-0.18318153750719263	-0.42163931461409238
-0.12418676714613565	-0.4341186260462791
-0.037582363623534565	-0.42009924971154844
0.081035958976722541	-0.35811100983027289
0.213878670422123	-0.25697318671636166
0.35254046635095099	-0.10990453655338128
0.47327295506692774	0.057763544047267627
0.55332346710083846	0.23020114819075882
0.58129953140977519	0.38568505054380264
0.53352145083234981	0.49817499872674365
0.4240982342547881	0.56479216698385337
0.2476919428718681	0.56899204580875462
0.038963722596544292	0.52573143407373701
-0.18002473275512451	0.43795080472197495
-0.37681300569767368	0.32515462603443857
-0.51396291015498841	0.20371428561301447
-0.58434605808296036	0.085969498438127415
-0.56055544378178068	-0.010919964131238981
-0.4659887341424363	-0.085042883628874549
-0.30267912944968278	-0.12692619364652047
-0.1073130238224045	-0.14209566665133913
0.090784132925504829	-0.12992107128085525
0.26749630759431764	-0.099397352615723245
0.38805816230079443	-0.056761698676679642
0.45509216128157731	-0.0096571492810029365
0.4522391299652308	0.032464505031584087
0.40167864689274829	0.068792328407677836
0.31283616197105163	0.092389158738926683
0.20761488653092033	0.112181884250452
0.10856362258908066	0.13095320685418985
0.023171047994614287	0.1601985233813446
-0.031865274040885475	0.21258979073567746
-0.061623197588227104	0.2873800306114539
-0.063470609385551921	0.39518246571613264
-0.043839848219268077	0.51458844991389519
-0.0078900741825141396	0.63764781561823769
0.043191289906759668	0.73459834988867578
0.10709115321842072	0.77641346403383371
0.18202735969587769	0.75293611771988256
0.26912692060979959	0.63481375963259423
0.35734924314827277	0.45060633402179046
0.4419586233161219	0.20146905943024573
0.5051674059338005	-0.059736438335125853
0.53033291495609713	-0.29127126468097719
0.50928450898483169	-0.45861200742383251
0.42262853082973312	-0.50749340300471335
0.28739135182186315	-0.45540211095678051
0.10163500837701639	-0.28140658397889762
-0.097141151949276222	-0.046496179014978004
-0.28223411670779308	0.21358607149667017
-0.42319284416381142	0.4440327413403678
-0.47907676733235766	0.57852828415620616
-0.45465144951496195	0.61585402793856625
-0.3273655983524848	0.51432795421946254
-0.13822921384196216	0.32902455602608549
0.094648421552196146	0.079659660311857214
0.32511644759125069	-0.16937275316990338
0.50538651016102443	-0.3533185745677197
0.62226180842342038	-0.45354236722264257
0.63702553550084051	-0.41594986049878035
0.57844935539761033	-0.28216344647548414
0.44848709891895433	-0.053978075838082208
0.28887545878457815	0.20321819786724848
0.1368536744696304	0.43506219845584143
0.0078679365130063291	0.60668434315783693
-0.062799774926085669	0.6582634167375494
-0.097417589233436186	0.61029114040778987
-0.095880828773382942	0.44503006383323823
-0.090025934451076095	0.21734648642260287
-0.1105391094958463	-0.038788222391395427
-0.16076638929948961	-0.27842672301611393
-0.26526628840090649	-0.44710216060236657
-0.3910875725881145	-0.53940171148706284
-0.5256060876393821	-0.52140621685074495
-0.6323991081228566	-0.42416782731332869
-0.67079585497858396	-0.25381537412360361
-0.6409163348691379	-0.051199656575491109
-0.5154510322904432	0.14871478949396835
-0.33601773468249257	0.32214034246534218
-0.12015847193023821	0.43236017938648691
0.087208998805273275	0.48319736841849498
0.23679195997297564	0.4579728247237928
0.32417326285797565	0.38147618434623515
0.3148829544123119	0.2631851642890467
0.24978673008412244	0.13235643683654422
0.14320914877275367	0.016002994980396753
0.040303667076618581	-0.069666406398227701
-0.010017549684845414	-0.097099414380504054
-0.004706068775365552	-0.073313830087734566
0.090194647685267318	0.012814159202643741
0.23087244958468145	0.13441206487786039
0.40079896080299271	0.27826878511162711
0.55207939724294719	0.41452397226706039
0.63258173906459869	0.51277433391646765
0.63848931737613956	0.56143760260598796
0.53326754126725451	0.53331780082680602
0.36293815695351972	0.4448527663160915
0.14352184590458625	0.29212943285967885
-0.071512788552085468	0.10900453480275746
-0.22734651409097573	-0.080968745786432872
-0.31201053623661085	-0.25079281829120825
-0.28243624194497086	-0.36630120041653724
-0.17710385459617495	-0.4254473851292227
-0.0028960881952924539	-0.40785987402405377
0.18846314217654683	-0.33434715892204037
0.3494503690822589	-0.21061640616555888
0.46058153558463699	-0.061600093785299154
0.47822500328645512	0.089520220626500058
0.4273000491306877	0.23178460941210957
0.30446721554951445	0.34475515980444293
0.15087106767809416	0.43368426953933331
-0.00016939203527085132	0.4938217313248342
-0.12851693309783119	0.53473744747719831
-0.19837996668242316	0.5636919919810669
-0.22340256534398742	0.58286314253932758
-0.19578745237090331	0.5985143343669489
-0.14406708673569116	0.60564916891232912
-0.088729535711316074	0.60193678043859888
-0.046110697684822954	0.58564400571652953
-0.041435676618725534	0.55162731557884903
-0.068524923059582438	0.50778694210281738
-0.13597831272613731	0.45627901832224793
-0.22468267406434889	0.40919231220020919
-0.32348187412910695	0.37815950581801677
-0.41710467281236191	0.3667049898547427
-0.4874780071208395	0.38597699235440136
-0.53185121276510416	0.42473668330348152
-0.53883191648803119	0.48149831976246144
-0.51627218219941251	0.53815086855338634
-0.46429910423930126	0.5792256130622867
-0.3946952180597898	0.5953098606576851
-0.31614530624526699	0.56927721588454105
-0.23806972173889646	0.50880007059957444
-0.17243962234286558	0.41011285503897088
-0.12028737606449148	0.29040305860929194
-0.08972838379762052	0.16173405330290644
-0.07148470468485256	0.035712621598577923
-0.06366781791523729	-0.071499499068764544
-0.052224864243271427	-0.16150380157524866
-0.024383331819836394	-0.2281187017147252
0.025586342355172237	-0.27853169329909566
0.11202855365392046	-0.31792028632302805
0.22187131680934216	-0.34613284803207356
0.35584752256002716	-0.36769035106299019
0.48688693826117363	-0.37375248923682586
0.59483716121728802	-0.35820954055784926
0.65967759231903478	-0.31739072511315686
0.65207085407121823	-0.24040220088877007
0.57981487893592421	-0.14280343219218292
0.429094895178744	-0.026973804939642191
0.2354116378939661	0.078440287709088882
0.01659253371678493	0.14879315209662552
-0.1881572637099273	0.16970330379958559
-0.33823493889772466	0.11086398620463239
-0.42000605074813424	-0.004594677775755257
-0.39889055243901395	-0.18040408535340788
-0.29712244565292595	-0.36628643276873407
-0.11141311424491496	-0.52475077447274332
0.11624963512460861	-0.62116793304546392
0.35608112128348057	-0.60175278338156479
0.57476058391191731	-0.4864822229881326
0.73087900550581064	-0.2549936153498733
0.81891647644596999	0.025479562571402197
0.8124967398845292	0.31413636904904629
0.73277982000340636	0.55204183489286329
0.58122076970889147	0.66476632956114823
0.39055824598000277	0.6579928953817813
0.18520458838106435	0.48853324063912273
-0.0084061979375524756	0.22857173692202531
-0.15836713834989474	-0.089906032983282119
-0.25668480171838298	-0.38949199438456733
-0.27994273894285721	-0.58632375270814707
-0.24250302928510595	-0.66777868481214542
-0.14101329552074177	-0.57168393755206159
-0.0052004580081325535	-0.36282780636208667
0.14580824748796767	-0.057686923521404344
0.28356614441110495	0.26097657464946272
0.37602449474109662	0.51318597301129076
0.41486224710437442	0.67410837574099924
0.3746835088351359	0.67457370695327723
0.27466406578990082	0.56761679169559176
0.11435082882590566	0.3577711244064013
-0.072765469724801288	0.12137062102742137
-0.26105987535802899	-0.07231985046302658
-0.42738814373296963	-0.19755965173630236
-0.53898079562571788	-0.19015113888928983
-0.59908858118137553	-0.096200460667095103
-0.5925815744477213	0.082109718531503756
-0.54183232449281804	0.27720658957063865
-0.45733055559328079	0.42740815090780937
-0.3595948161712319	0.51285931536413409
-0.27123913737905603	0.47793476949618391
-0.19646679530258143	0.36826319055509954
-0.14933938005677441	0.19000132786579435
-0.1228959807066058	0.0059396517635198617
-0.11590774170644129	-0.12442837393049248
-0.12524008700306291	-0.18505498034926904
-0.14592295810726499	-0.12470912818155615
-0.18223394678137622	0.010552835061037767
-0.23690910658572603	0.21257216769949139
-0.30960299363710647	0.41888709154729709
-0.40642719748868067	0.57104627921458417
-0.51074667139166474	0.64885963663242041
-0.61631516888194304	0.60038885544585008
-0.69807787865867443	0.4624272511230722
-0.73177189593573666	0.23575899255991753
-0.70877525470485669	-0.023526788881466271
-0.6044079378367202	-0.26769961216024868
-0.44258119390832801	-0.47089935741664768
-0.22459332456235792	-0.58491975287897724
0.0063968465275340705	-0.62906877324211863
0.21591433708052563	-0.59376550209338841
0.37660932127543795	-0.51747034098379407
0.44502398265976434	-0.42817965774149097
0.43500731084666616	-0.34770463712235261
0.3307126825460977	-0.30945025869709525
0.17776912001517353	-0.3066315058493469
0.0032100843126479997	-0.35055800185183122
-0.15302436425644417	-0.42035080660797686
-0.24247049229695206	-0.50402509535906614
-0.26366585802046993	-0.58620814536426136
-0.18657034658601968	-0.64840928966946099
-0.048453243756167469	-0.68799753615573767
0.13885421273975077	-0.69439623113067794
0.32907799364302276	-0.6729516923606389
0.47912786582293881	-0.62283498111709346
0.56762120316615527	-0.55199521319228118
0.55322803846831858	-0.46525208680316504
0.45270016187174889	-0.37116491594704792
0.25485059458727477	-0.2778485842611399
0.0021656762050168252	-0.19145608104268177
-0.28079065871030096	-0.12163049870271334
-0.55143817387166039	-0.066016411537047709
-0.76521428386150359	-0.029332549717176068
-0.90350210150672527	4.6197289593033268e-07
-0.92733222255128323	0.028519770818533838
-0.85319961282642953	0.066633330440132837
-0.66965210895383898	0.12852558160911767
-0.42156169430620111	0.20940421015776522
-0.13374521941250644	0.31638679050966712
0.14508408057447358	0.42792809766230383
0.36467306928979865	0.53167835909089256
0.50482459984098493	0.60716879178581462
0.51981299601721942	0.62887838862842083
0.43597070940854954	0.59961404942101837
0.24527434693139466	0.50425766522793181
0.0050657663958254308	0.37106325514445909
-0.24514861581868558	0.21344738080014428
-0.45988586850392515	0.060804305656574874
-0.579070060710422	-0.053867657996680758
-0.60697377528247731	-0.12796409501402051
-0.51031696937514903	-0.13872823424265565
-0.3416815891066951	-0.11361883141457771
-0.12375264622518134	-0.062707325792317609
0.08705909900375837	-0.015398895631468455
0.23047241185781217	-0.0044364967803679541
0.295413703958948	-0.029878235723313065
0.23585280942586026	-0.11363692993275809
0.096378226046057336	-0.22289140229256868
-0.11387596711740139	-0.34389730546458397
-0.33457667977247452	-0.44133696758733765
-0.5100128986835466	-0.47621978753846467
-0.61718431361828052	-0.44582020576249937
-0.60342542116220876	-0.32226337736398369
-0.50202078762610869	-0.14200655724053024
-0.30933973857850305	0.08330791922047398
-0.083462492831686774	0.30711013838380996
0.12960601162640559	0.48526259587776549
0.29727060675417022	0.59882572852443317
0.36600714183760846	0.60668817705835876
0.35259762690597063	0.53122782537047131
0.24087787667596444	0.36629354435896844
0.076162326371219155	0.15636101373658867
-0.11239760601728013	-0.067425802809409435
-0.29247705407489355	-0.27122288630438895
-0.42103491604914578	-0.4117789985575373
-0.50106847996255821	-0.48617183353012272
-0.51237558844154485	-0.46913802334113319
-0.48151347592195282	-0.38444951532659755
-0.42134813559055878	-0.23671024874592228
-0.35275113382098811	-0.058160879947962422
-0.30129814825389367	0.12516481207218086
-0.26574283827496953	0.29004225599383937
-0.25877611641702608	0.40626399221666576
-0.26416190087936681	0.46874490658459617
-0.27382353824244343	0.45792671687702963
-0.27597365589562151	0.38702146768723017
-0.25516406752834142	0.25438011255243342
-0.21430056082083004	0.085027642420123076
-0.14693120524029482	-0.10496025529295401
-0.065680969115234758	-0.2903847164573517
0.022480956341275712	-0.44478002545358802
0.10703917031575524	-0.55587104933502363
0.1757028106086882	-0.59969692249383666
0.22682907016510301	-0.58484912729409266
0.25292199879176647	-0.50387006215361207
0.25925016370394793	-0.38094611330330896
0.24625157299221159	-0.22955739598167721
0.22092195383743982	-0.0743651215837976
0.18865788181160933	0.058974811807789324
0.15469481983200103	0.15996634901696921
0.12537443304791018	0.20720326414936929
0.10277469033527049	0.2077601712772244
0.091991128284945128	0.15605947811278706
0.09031270890144083	0.068651577841631256
0.099137112264554433	-0.044616790762888409
0.11123372073927876	-0.16921225675186105
0.12250893682874947	-0.28989528653336588
0.12494938019833503	-0.39893762926307791
0.10975552100012052	-0.48428570783868308
0.075192210277091998	-0.54367596744222701
0.013470640625959748	-0.5704081054950455
-0.066047742462363987	-0.56573878817695422
-0.16216957001237606	-0.52664217992763018
-0.25817941988113891	-0.45926548338882422
-0.34116514663708153	-0.36462257926711678
-0.39852355117060106	-0.25508759780769608
-0.41270246796501253	-0.13841502492032634
-0.38563665080999177	-0.029477674317859755
-0.307493918560591	0.056853163905010419
-0.19602291050399573	0.11281843298404305
-0.058319225922273121	0.12345108703409195
0.083490196314169568	0.095503803323179079
0.20893321739940127	0.024566936216330208
0.30594983785792634	-0.070839591462612275
0.35378479331344442	-0.17971772420660498
0.35805173966243853	-0.28391150570022516
0.31154130600683866	-0.36326971840033329
0.23196730835400337	-0.41278009048303654
0.12896155246266344	-0.41728790579758007
0.019560698180632941	-0.38706927978141087
-0.077929205600750368	-0.3216438958363676
-0.15768452025332719	-0.23812633391852078
-0.20571336785115099	-0.14945842603087969
-0.22821441739624576	-0.067678099434466468
-0.22308330317440012	-0.0089522640158256703
-0.20123725140837376	0.026164196098600542
-0.17060940122162729	0.028886887246155825
-0.13804764819784682	0.007737428148938178
-0.11324464375027302	-0.035216938568524141
-0.095599259513702711	-0.089397478276178222
-0.089751159780791387	-0.14593124658365875
-0.089670617991203669	-0.19763363014737467
-0.093341084559716181	-0.23514673607026726
-0.093362692853648399	-0.25611745862237462
-0.083412941333885604	-0.2545568157564721
-0.058243185134506846	-0.23201454352728926
-0.010233213750390324	-0.18648616952435579
0.059824777439976239	-0.12264533709604689
0.15678284499589157	-0.042149003485208572
0.27132844360911812	0.047957245402041909
0.40133420344108822	0.14257346237769852
0.53009665464209044	0.23420577404458159
0.64503252046740733	0.31537435779341333
0.73165385176348907	0.38093711407248193
0.77105609446635526	0.42334046226276983
0.7639057865625799	0.44233902295691635
0.69750223644407128	0.43380529764205089
0.5930425788308451	0.40183206301568586
0.45747107482141258	0.34716574380422616
0.32084565367219503	0.27571789740812358
0.21067871202549221	0.19191352038140777
0.14155110882217964	0.10095871998975008
0.14301633204697922	0.008399146073763606
0.19766889121065123	-0.082358832537347312
0.31102106738144247	-0.16691653764783304
0.4438730338716152	-0.24270524751671646
0.56849977221697434	-0.30676927818483518
0.65598913881513921	-0.35587083811099507
0.66497730080188167	-0.38688755543939374
0.60509430749854864	-0.39651748715469409
0.45744246087895657	-0.38049376747076791
0.26624117012147053	-0.33858879284418675
0.055196521176168079	-0.26735780736342152
-0.13304921429827143	-0.17218540234664584
-0.24924424744374257	-0.053510447590769498
-0.28951104390844584	0.077274648251945424
-0.22050600658982236	0.21296789547512188
-0.081375534882044839	0.34055916744419512
0.1160329253580776	0.44711777969141758
0.32316611062101303	0.52520341600996046
0.49319078379573744	0.56185730016742308
0.60909941982991755	0.5607041277727729
0.6298065218666492	0.51643725337348922
0.5807127682086205	0.44289192392163473
0.46001224478543495	0.3466420243019272
0.30823923185944024	0.24416499526388072
0.15939144849924819	0.15095980755015173
0.03127266421566971	0.076535756066031815
-0.041373834305757903	0.036812210093860293
-0.075368879520601798	0.028057917245150679
-0.066270072764078633	0.056672103658901574
-0.043123820711702662	0.10818270303499708
-0.030298861089535167	0.17565527126779429
-0.037385802081151706	0.24287616791287284
-0.088648199077582771	0.29386645175084719
-0.1644359481825248	0.32098758100096997
-0.26278533814122995	0.30953920442845817
-0.35490074642006147	0.26472780917603328
-0.4145203154476968	0.18192910985587779
-0.43207903908244522	0.075935072824826907
-0.3825940735763117	-0.045282108760055305
-0.28605707417688719	-0.16588740068727276
-0.14284345781896923	-0.27013804227723148
0.013180904307056667	-0.34978501977716114
0.15546643484167791	-0.39024567942474297
0.26168883535747822	-0.39477818056902841
0.29929879013806759	-0.35766705520268088
0.27242177369085435	-0.2912505316325455
0.16530195101562156	-0.20119522015191363
0.0050339349188548476	-0.10180050679410969
-0.19768652172586104	-0.006381532628492205
-0.40941867412004046	0.076442357159749716
-0.60065572928040989	0.13290301081392361
-0.74890007888774801	0.16513170697918089
-0.82169044255794776	0.16707107672259955
-0.8194110435023928	0.14951891102170747
-0.72333045052838985	0.11706132981473728
-0.55833434646406266	0.08227597728665316
-0.33024995832729709	0.057513776885096665
-0.077521222356112168	0.048041010760268191
0.16992623466479123	0.065070268496314865
0.38071025735757219	0.10311355123903795
0.51507366277936628	0.16470176342568155
0.56821590684054346	0.23699078476606439
0.51327907789815741	0.31160332110259914
0.37667809566929278	0.37766979847474785
0.16222091221033319	0.42185189078922453
-0.089129481139563177	0.44317856028668634
-0.34493791885583186	0.4328699085722959
-0.5758129714383079	0.40101419145925116
-0.74201516875958728	0.34997081970491783
-0.84215346717682193	0.2941464300819554
-0.85444866761036375	0.24590421884464894
-0.80032576624320817	0.21373391830548757
-0.68566591804144739	0.21174822381633698
-0.5353214475761453	0.23544144251335261
-0.37175584801009437	0.2901179628416416
-0.20801676853420184	0.36046023622621487
-0.064158941880148895	0.43823289785305158
0.0583753894115931	0.50749378488435426
0.15112051162411438	0.55107439556637017
0.21509210555504912	0.5644183818329449
0.24881365419096935	0.53342776234013178
0.25129603724815169	0.46955893516755587
0.22041493608344284	0.37274751079219959
0.15809942876170513	0.2634578706780446
0.061626417781029993	0.15728858521862832
-0.057171888801422995	0.068772698102266772
-0.19352803362442356	0.018487551337070886
-0.32897086210209231	0.0038988203571930866
-0.44747716126312276	0.035199393985555841
-0.53693564890256595	0.094784974063959859
-0.57823889790279193	0.17467348329627577
-0.57635213003053731	0.25619114791921632
-0.52343859906077284	0.3197609668086262
-0.43879678185116633	0.36011054475097992
-0.33283732770538887	0.36198370597734547
-0.22438697306040065	0.33575479102978756
-0.13436808494220634	0.28133150355683451
-0.066904420887343316	0.21485757847016371
-0.037286052436091392	0.14940902200831355
-0.032936404603227595	0.094096723839229068
-0.052544714427845043	0.063014922370028759
-0.07760361737727528	0.054289577621730874
-0.092632294565032566	0.073023665236642568
-0.087240346091661883	0.1123803767580155
-0.043980227211104395	0.16920110890427364
0.031457446423314127	0.23755422179220739
0.14515495213840005	0.31248496901522227
0.27924115573981573	0.38790406686189682
0.42428667561080508	0.45936824705176699
0.56104853134542987	0.51698471688536562
0.66983303299812225	0.55266592792700653
0.7425629275710145	0.55655287910488338
0.76172968699489585	0.51524897741612863
0.7359334465382279	0.43127945021823977
0.66082877596716072	0.29492904466011
0.55774384371941788	0.1295226083646849
0.43968461298726297	-0.056019326085386373
0.32727226927322667	-0.22819906642032167
0.24355649778146887	-0.35587405782683479
0.19425776259936631	-0.42305835535278863
0.19748718973614265	-0.39599086467128103
0.2391224786304173	-0.29685447909332124
0.31937868454608243	-0.12004532856079897
0.41335486601654275	0.084837391145830027
0.50227995439280793	0.28242087486488771
0.5679793864859557	0.43562982079815127
0.58541850613439472	0.49212292611103869
0.55640652360714182	0.46232538875094981
0.46729462094297319	0.32131089824231318
0.33942222667101951	0.12279267701946056
0.18079308730571936	-0.10534782500381579
0.017765430929925281	-0.31054160074146858
-0.1252483645596762	-0.43255459386767048
-0.23440700209014798	-0.46650050218796923
-0.28484796678303681	-0.37139895992636074
-0.28522253415820503	-0.19529810150167404
-0.22721370416848638	0.046973977506881447
-0.13686378863651361	0.29673752635645106
-0.02839191325747888	0.49634588174972788
0.071049363633462953	0.62787168577085961
0.13271251344766469	0.64200532341801897
0.14716332125041126	0.57524690265182432
0.089726830146594716	0.42945996129783853
-0.02262226257125349	0.25924459475940181
-0.19301474458631235	0.11220784874237111
-0.38580911786655847	0.011192410164759555
-0.57697779394970894	0.0035360582257409727
-0.73480983180972148	0.063360561787690409
-0.82096582727854084	0.19580134025226295
-0.83130358131992332	0.35515522120079235
-0.73876517304225242	0.50475964506841109
-0.57375836384359136	0.62262819269537795
-0.34206355607381017	0.6683820013543752
-0.090504905985871048	0.66053584218326522
0.14234930540260446	0.59217593749582287
0.3259510500357235	0.49920907103699225
0.41393870417783524	0.40943105955828579
0.41518477385059194	0.3402610263537732
0.30900156182079502	0.32326275809764565
0.13770805411734627	0.34379808140105206
-0.078021914505797055	0.40699521407531314
-0.29394058745699969	0.48511876919410502
-0.46355969419594883	0.55628068520395002
-0.57292694181471959	0.60806720379762924
-0.58427283373199179	0.61665096456978041
-0.52256071042763785	0.59438471226135758
-0.38587420708872777	0.53860540079526109
-0.21708294301234912	0.47053304222028924
-0.048962972995945077	0.40777608957338318
0.090121374274480359	0.35850617381301414
0.1592947427073591	0.34017750311196066
0.16331415972194016	0.34255079886424139
0.082798697931460191	0.36636898987414029
-0.050713134337612036	0.39613966208363977
-0.22368367305016437	0.4181885570743944
-0.40149131271889049	0.42780413673167261
-0.55002725877759939	0.4127023822784831
-0.6542154144278326	0.38192647728325979
-0.6833034568477333	0.3363669979126172
-0.65021126954130615	0.28819774759502248
-0.54692813422491982	0.2483465959831373
-0.40549353343962563	0.22144192057099352
-0.24515951260008537	0.21738580751586253
-0.096277664801837082	0.23128500048068734
0.0069770753113356709	0.26430040631047069
0.056822686969507825	0.30817162161630457
0.026517059344944732	0.35712057562673333
-0.061234472032708417	0.4048611773344028
-0.20602280105341531	0.44422319984241654
-0.36770135028608392	0.47208098004794613
-0.5154380009853613	0.48320901916274184
-0.62088027098399401	0.47673659734617163
-0.64265100377097117	0.44925876115571495
-0.58899210363221333	0.40315271260878877
-0.43999492890320702	0.33763508545246346
-0.23873396092424257	0.25878263105525906
-0.0062636907903698795	0.17038158825506089
0.21126455242720363	0.078520128390843505
0.36434571699233248	-0.0097386544791721631
0.44198647980478095	-0.093533289674839745
0.40504098401054217	-0.16788696011322146
0.28846177913478399	-0.23808261094447059
0.096659895258414522	-0.30651068511579693
-0.11788596613979462	-0.37687187215309337
-0.30997038593696202	-0.45597686464226156
-0.45336248698450859	-0.53688609635048445
-0.5001642553006127	-0.62046390152921982
-0.47017168226212069	-0.69010927131154454
-0.3527364295185848	-0.73359214777614534
-0.19129347227006607	-0.73866401233764856
-0.017188513597156972	-0.6866573808728702
0.14395896849218351	-0.58459909207392835
0.25199942557422039	-0.42431556193545034
0.31917736581568923	-0.23274057442672413
0.33433780210334746	-0.024605788053133067
0.32752967185339443	0.17165600479898233
0.32149925795964562	0.32521831662291101
0.32699953687601041	0.42853057427438118
0.37000206302350835	0.45740543059719763
0.427597385394625	0.43092672012041949
0.49627067789292661	0.35039307693999
0.54380962020619061	0.24497275519906178
0.53822994499390997	0.13923767389645558
0.47533266724450363	0.048275472561110228
0.32886670174436106	-0.0016029602879370085
0.13300408175906403	-0.019495452622160687
-0.10104969200728953	0.0014008406745078909
-0.33064610708385817	0.039694788858476195
-0.51298907027935314	0.080354382423124107
-0.63731582305101819	0.11110510277360311
-0.66825850781561325	0.11222136437485597
-0.63683632850330096	0.091024358540888792
-0.54852880789668601	0.042085604245008429
-0.44458713185520232	-0.016071467025744673
-0.36451178216196445	-0.070900484882532519
-0.31903439382853421	-0.10989874705744082
-0.34182151912362085	-0.11526316087391933
-0.40356888805889646	-0.090348527169038129
-0.49900545707043598	-0.027976184588030868
-0.58969809915374027	0.058056572970143334
-0.63798254149537581	0.16056940584871715
-0.63628117795822126	0.2668901126758817
-0.55403224396264195	0.36354717375361301
-0.42252394202274507	0.4457582044037886
-0.24980223156359307	0.50394571750157557
-0.075032077272684169	0.53902350068908067
0.063096150371553902	0.54792443904262
0.15511270931684734	0.53301375313473265
0.16963100788545485	0.49424831696417731
0.13371122447535133	0.4357860553286112
0.052683214320226351	0.35856202066094561
-0.039648644764805022	0.27220170405417626
-0.10962401570271972	0.18177372568596048
-0.15148092104555227	0.10188375073522499
-0.13945335774360085	0.045618683753712884
-0.099893065525051672	0.022603426800632119
-0.041118628243932351	0.049204435460197662
0.0085364895269829429	0.11828395370913168
0.017236001356549339	0.23664286472495558
-0.012830211034148647	0.37883170648948661
-0.10104558015844847	0.53151436344245961
-0.21452644974422908	0.6651516793876433
-0.3374888307928437	0.74950589770454701
-0.43801715399720698	0.77333670410568278
-0.4782428952236768	0.70904787736188846
-0.46024092995327703	0.57546938167769557
-0.36149349644212353	0.36923818847023515
-0.2179099822312974	0.12933705487254751
-0.045571925468639439	-0.11740205262462255
0.11855488741001383	-0.33788979067725722
0.23345301966084148	-0.49120839811591044
0.29519588405995589	-0.57401116192612178
0.27566957370525852	-0.55964541117042677
0.20641861088756111	-0.47711125844839036
0.097510160347955566	-0.33288796835005635
-0.014737612166497346	-0.16788541396652379
-0.092940446219947639	-0.017101714089987397
-0.13022946113767075	0.095248603792795941
-0.097870283442912209	0.13024082536004589
-0.024075131105911501	0.097007392324638037
0.084772719864521437	-0.019977188959483777
0.19192081706085243	-0.18566382673730467
0.26245731998665889	-0.38230930318522038
0.28447711689979616	-0.57352149015505527
0.22704822820157194	-0.72184704732332861
0.11233941696520695	-0.81272639339235109
-0.059683328653439095	-0.81423170452771754
-0.25334366350097515	-0.74101436801609588
-0.43952899164361431	-0.58636367253150978
-0.59858207726668444	-0.38243809007748797
-0.6984392376636932	-0.14923601824854243
-0.74720721757631381	0.083473031054253785
-0.7348764407296815	0.28346704421625218
-0.683732187466918	0.43810512878366648
-0.60811639087123526	0.52149246205069522
-0.52184951644749744	0.54116882115873577
-0.44484540025358421	0.48922254221172623
-0.37316586371366023	0.38611312561624184
-0.31310226543799424	0.24217057986369822
-0.25387982992615399	0.079871716803511447
-0.18717386475516803	-0.079673676798667173
-0.11192547930292268	-0.22203451720012787
-0.019540038881803119	-0.32578520379300868
0.075699916734658534	-0.39079950040711497
0.168106148147493	-0.40525388197508616
0.24049038892062657	-0.38281461458055838
0.27481760375097286	-0.32677600174599541
0.26793985984060109	-0.25643040608755369
0.20503901034941394	-0.1881519635593023
0.10309066210082456	-0.13398965766996584
-0.034499900256682571	-0.11322139168828568
-0.18183985703841896	-0.1205345422882801
-0.31740112290600453	-0.16385158345089609
-0.42468421017202962	-0.22274512652408865
-0.47889386117171273	-0.28612270973746534
-0.48338930049878898	-0.33390202642701544
-0.4267299488150329	-0.34306797081481932
-0.32851996025154367	-0.31132647847221034
-0.19726636058862557	-0.22171240476951593
-0.05481995554043801	-0.095223884531834127
0.078205822116786644	0.063169341731161732
0.18959182778896275	0.22234723570286974
0.25988812276956225	0.35539046747747494
0.29017365661968003	0.44472717131294315
0.27144390351290659	0.46024302024568509
0.21449935090522768	0.41264606803455084
0.12194983697019028	0.29146742440346601
0.0093627837287010452	0.13012359449361488
-0.11228897390159796	-0.052487912025734079
-0.2266118364373659	-0.22327899901490778
-0.3175487982066092	-0.34608773187711606
-0.37311724285764414	-0.41123811631444168
-0.37605684009306223	-0.39044183443118036
-0.32614372607804382	-0.30337392242390315
-0.21141121014515502	-0.14873472260587259
-0.049827442494829531	0.038840001268689209
0.15523023740415748	0.23404484814951998
0.37195608802426411	0.41018838761147747
0.57681266285855681	0.53337705186045015
0.74161773737643566	0.59991185195308372
0.8314318254299472	0.58897530995085368
0.84298926536421814	0.51802932504515897
0.75148145500467689	0.38960296900121821
0.5865977297624646	0.22767724615904714
0.35432960191606616	0.051869899776679107
0.10096193868887997	-0.12220021513471989
-0.13542565199892234	-0.27310122725660818
-0.3242258799591754	-0.39865444225307961
-0.41910202928760681	-0.48757281068641412
-0.42916276921236607	-0.54574952654351183
-0.33353188186516225	-0.57339469509299512
-0.17582731263104401	-0.57627053305197729
0.022382718304841152	-0.55964269801742672
0.21582525321108087	-0.52521097261839966
0.35621351034734927	-0.47615473393719498
0.43102074155523934	-0.41330085621105206
0.40186524036847443	-0.33718974533383472
0.29802509997033649	-0.25186018341796745
0.12031362383782986	-0.15922480525777538
-0.084256525376489547	-0.066202458701420483
-0.27772194287402552	0.021315420889661409
-0.43212155161589455	0.098333961260966635
-0.50373039678204012	0.15750623475693931
-0.50187670691738495	0.19999697221930027
-0.40977215108866616	0.22286658388930722
-0.26204145291038411	0.23108110391279379
-0.077234163023389479	0.22783984305561733
0.11321253058463156	0.21550338169896435
0.27441637448209444	0.19863627400739195
0.39816301435984347	0.17382590939664577
0.46046427073038038	0.14069000209684365
0.47375936569714855	0.094702131829426162
0.43705334994603612	0.030448687949314084
0.36666055824221061	-0.049791044213814993
0.27578697417984188	-0.14927463037052516
0.1727627019578119	-0.25680512804517064
0.069711035194287549	-0.36610919982380891
-0.031541610774415585	-0.46567359623189442
-0.12627056205691073	-0.54221863056005049
-0.21104730070024441	-0.5947702770988289
-0.28297683986370642	-0.6143968392645307
-0.33573391231918071	-0.6116916429705308
-0.3628661293578368	-0.5909547933026561
-0.3618598685811078	-0.56213425615985024
-0.32543832369871178	-0.53766576096947938
-0.26143865767696395	-0.51438612223210201
-0.17043324284332573	-0.4980560228381623
-0.066939644824077729	-0.47433958704536905
0.037851330986012295	-0.43328017510593636
0.13338703156494458	-0.36750076192679126
0.2048494308750009	-0.26127646972293656
0.25384384256856884	-0.12969421682235863
0.27350029457669706	0.027798956813453263
0.27442661802568391	0.180008293870005
0.26172420567366478	0.30226697393131641
0.24504240055617707	0.37554414634035627
0.23519360221674018	0.36728949873954875
0.23379003388954347	0.29339459581454697
0.24788257729757232	0.14451927771983469
0.27196765651795718	-0.036191594308655858
0.30537078191215611	-0.22008668862699382
0.34065557635017152	-0.37302557630469141
0.37205794938310083	-0.44880923087400293
0.39388655132911671	-0.45496211330277092
0.399463661735804	-0.36853196775876856
0.38598430246602378	-0.23474991817445814
0.34789695110015528	-0.077078813466545576
0.28676352003322891	0.062128777149927018
0.19944105358808939	0.13249004457325766
0.094492633561672992	0.13463285954671961
-0.02511411012979517	0.037313340216490451
-0.14573577752133668	-0.11423606472784485
-0.25615589421873763	-0.30212724392954032
-0.34612605359347925	-0.4755710672439013
-0.40060940660157418	-0.58154954500874734
-0.42275480609521443	-0.60886114441978978
-0.40527606489560813	-0.51568737273252241
-0.36444145405171963	-0.3408611201054188
-0.30867569533373695	-0.090528734390766724
-0.25422324939919699	0.1790686502373828
-0.22016584212306944	0.41933364449901567
-0.20641639962324332	0.60118866585973307
-0.2253271773373384	0.67373615791005814
-0.25866191318113224	0.65383865299521127
-0.29868933194583908	0.52648860745998882
-0.32624672844276847	0.33639869289618574
-0.31938822896730829	0.1108131474202102
-0.27873206385843752	-0.11287027219698213
-0.18975949015016105	-0.29090348784236564
-0.075935554052789969	-0.4150932254257419
0.052802718463995098	-0.45672240553299603
0.17039000964429799	-0.43361436602285119
0.24858268699351249	-0.34536849198868658
0.28397866875808819	-0.21793956231241821
0.25566896329098299	-0.071125107200771864
0.18793066777806555	0.077003742227302469
0.088111769443068283	0.20311488417489815
-0.013909393474642026	0.30319370046915928
-0.088412287567068717	0.36290281221232012
-0.12757551111636917	0.38987839978220351
-0.1066232386409583	0.38247081010886752
-0.046698208024066677	0.35420016463783977
0.048867618761932748	0.31426219552931112
0.151417739466052	0.27398041756934971
0.23410038473325082	0.24713452225808724
0.28816939390331331	0.23555171161352478
0.28982297173711369	0.24872727649158399
0.25737625261634145	0.27743664187863443
0.19301109659972984	0.31986340697741678
0.121325531417022	0.36327833999473907
0.066002806653919902	0.39570723964781712
0.031969116801280527	0.41306861360816916
0.038497100569060409	0.40446882078544028
0.066230674885662741	0.37837010618246586
0.1098849897459246	0.33559903488906118
0.14651898466050076	0.28816900555393166
0.15206675609555595	0.24765444730469485
0.12461798317939747	0.2161988337944297
0.046732091696980581	0.20348054101023158
-0.059066061855473889	0.19846929107766859
-0.18473224963190105	0.19718581423399767
-0.30426515989687775	0.18815546213124767
-0.39068318722592627	0.15724348714772066
-0.43888298484014565	0.10845091734185386
-0.42840357315872146	0.034230331891795002
-0.37833624516291792	-0.04490767018328564
-0.29292897779316507	-0.1173013006657968
-0.196250739591151	-0.16395154797285366
-0.11131710850497681	-0.16071647730744393
-0.045536233255833822	-0.11136307009435857
-0.018277100312797515	-0.0021937514471089825
-0.016672774380316623	0.13853974449747838
-0.03990438781015785	0.29755608375806003
-0.071196724129442793	0.44364164075467571
-0.094448598158679134	0.5437045999390876
-0.10681904836947531	0.59009819723478485
-0.095747254923672698	0.55628299612901688
-0.074291607571080026	0.46584519838226579
-0.046490106196575676	0.32163018149765704
-0.026843100556792093	0.15932098173451217
-0.031327628948452167	0.0089681826542481174
-0.059551625636162855	-0.10968548014629619
-0.12244307935639459	-0.16374310602616166
-0.20201886499027985	-0.1626166065562917
-0.29131504602609526	-0.095635076179250711
-0.36820204537887891	0.0098499343607834442
-0.41136139019522966	0.13744047712555818
-0.4113958312687413	0.26494664925473316
-0.34809466855464832	0.36556845966983048
-0.23257978171462748	0.43673822508701066
-0.060555667505003567	0.4621222037218834
0.14193622540293324	0.45621857999762344
0.35923069720503681	0.42247569599384582
0.56449450454355043	0.37770933695683839
0.73009550967774695	0.33756780996924435
0.84276519595239197	0.30900189160161218
0.87753045414297859	0.30606110051725965
0.84187292421659654	0.32309751752052196
0.72646947777826165	0.3634903929387624
0.55676131068968937	0.41420773686621515
0.34483613725057488	0.46752151056927183
0.12143127375199426	0.51089911085882356
-0.085144134256650461	0.53115520723929655
-0.25551786025064283	0.52251994289647685
-0.35977808569026754	0.47350000241107315
-0.40123444107111905	0.38808043110274409
-0.36514899069790252	0.26191929736297559
-0.27575261460357026	0.10850421655699483
-0.14246407898412347	-0.065944401540659323
0.005018210344878973	-0.24396687176643597
0.13910536248836552	-0.41006930266580466
0.24405006648887265	-0.55213390333716528
0.29233187290901874	-0.65259973841647145
0.29168130629348599	-0.71230234983653229
0.23245934493016043	-0.72169813821068507
0.13925417815204882	-0.6943635921332989
0.025506313468083457	-0.63500675109969318
-0.084980225361626166	-0.56068936302035599
-0.16639771700865694	-0.487004381613312
-0.21131674666901731	-0.42306622895126994
-0.19952427011911233	-0.38471998300427412
-0.14356345428932923	-0.36736662979834256
-0.041515304739069878	-0.37636578099794771
0.08344673864230473	-0.39768663765777063
0.21518497495681968	-0.42340804052968817
0.33451118167091504	-0.44056068218658612
0.41808981360966313	-0.43432058081179792
0.4622251377991925	-0.4023306003258576
0.45089187220409099	-0.33403934557272774
0.39774311883405378	-0.23920561196545606
0.3033550371370215	-0.11895129318983563
0.19093317276284547	0.011364300728406933
0.077689944855768689	0.13982213921872391
-0.01781910761944298	0.25497949022978578
-0.072010594821736121	0.34163673435612646
-0.082755650235730741	0.39914550308960772
-0.034359898398257274	0.41852921296358031
0.056063523688368769	0.40957288944811154
0.1854884772892707	0.37452989721513524
0.32734834306530164	0.32701863519240271
0.46046244336130987	0.27855283541955878
0.56564681439043363	0.23769986323285636
0.61653444028274607	0.21712054779180179
0.61349379963229023	0.21604822966627965
0.54193557575348339	0.24066781794660347
0.42036613861527655	0.28278543623099295
0.25438533658420359	0.33932232281058267
0.068123417781933801	0.40111804269694123
-0.11765195304247897	0.45948917289394819
-0.28725317740465467	0.50992591571580514
-0.41877305339611187	0.54478774126652663
-0.5101027265401008	0.56478342318055408
-0.54927574146903912	0.56712525480237785
-0.54395769894694301	0.55466214710586559
-0.49402420482351656	0.52881117131907995
-0.41087878847411297	0.49108014002392653
-0.30187599935834269	0.44344503708106359
-0.17903838307313871	0.38591841988229569
-0.053039728173997436	0.31876488626214244
0.064719144755160593	0.24320429875311789
0.16192086894171864	0.15907722836578264
0.23064129439626874	0.070786147500516386
0.25853986138735474	-0.01934961500038198
0.2465484323685041	-0.10524005745211014
0.18736821712363724	-0.18138102464709685
0.093350613930119647	-0.24369564831135004
-0.031571762272434266	-0.28583456047743094
-0.16944135168685062	-0.30911110501810851
-0.30539057406407411	-0.31084917290613895
-0.42621687582013468	-0.29666775487412178
-0.51407826192264405	-0.2692877279326959
-0.56802547646780166	-0.23472732422049941
-0.5780784036145814	-0.19904085860619453
-0.55348762814227148	-0.16484095991034742
-0.49633619860942746	-0.13737022893111442
-0.41814660783722113	-0.11479306460438728
-0.32873851894199746	-0.098332048599863636
-0.23530346959679127	-0.084055233514282221
-0.14722621708943887	-0.069307874155166233
-0.067746765691881511	-0.051480945559859929
-0.0026115864967753638	-0.026785291731587873
0.046313963670187933	0.0038934394197675825
0.07555616480755889	0.042244879029064063
0.084193635349954846	0.084332345958857066
0.069151194657545212	0.12834458389657277
0.033416519952224284	0.16959494950245682
-0.023602650471909004	0.203740845266215
-0.094241680471299147	0.22793887738689297
-0.17352673558502044	0.23795364287367032
-0.25397767247108444	0.23361857178585138
-0.32695664130058155	0.21258675263159649
-0.39096292707334962	0.17716380707351745
-0.44017091679137732	0.12768103323980143
-0.47891745461930324	0.067714490241883155
-0.50844096780880066	-0.00036679538357087781
-0.53221109410075362	-0.072610427784068537
-0.55473609569925741	-0.14543330768177815
-0.57413852646635211	-0.21535851881605186
-0.59138650779656765	-0.27818953630973858
-0.60245159929653069	-0.33250208673451626
-0.60310825725426154	-0.37527699325787922
-0.59491591302011049	-0.4071024412152271
-0.57556870906769186	-0.42702548500404613
-0.55243696831523514	-0.43665034060557073
-0.53111248559970947	-0.43710176273227208
-0.5146249876385115	-0.4288651895879263
-0.51163387448029429	-0.41311914131663569
-0.51084192096825942	-0.38890912680989237
-0.5102343890915364	-0.35547752019868178
-0.49062321746099474	-0.31341224590862599
-0.43386778478591015	-0.26130346260577125
-0.33481103276019342	-0.20438684169982982
-0.17389610659462257	-0.14435642073024829
0.023818225552128123	-0.090427259973870258
0.25428867620515216	-0.05020436991971354
0.47402565810236824	-0.030211937470702058
0.64645367646581853	-0.041014244478302729
0.74678716636822495	-0.078096016585904371
0.73036103805960406	-0.14607296036624901
0.62023837123011394	-0.22811641488274403
0.40441058280045611	-0.31553838152174624
0.14342757132901615	-0.38853257988714929
-0.12276957770184378	-0.42673141282520627
-0.34436300814335208	-0.42313083199519591
-0.4562154230043674	-0.35927876903701461
-0.46434405932963713	-0.24915168685506234
-0.33282866199940919	-0.091230061275706459
-0.12234441051604096	0.086450214827058822
0.14020612356689793	0.26422470542014603
0.38942537152279616	0.41849856415446735
0.55549862289837559	0.51985400973555795
0.62477473132006722	0.56609541096646077
0.54349583478116337	0.53831751392237459
0.362167369727802	0.4572314054923669
0.089455199117881523	0.32744122309244467
-0.20287981859058743	0.17836256121698665
-0.45129044954142966	0.03458702954507191
-0.62246995697124008	-0.08480928006139396
-0.65217326735576664	-0.15181623902188635
-0.56966815712137475	-0.16864434781318335
-0.36167513434381637	-0.1216752111741938
-0.091590930550678878	-0.030385387738001004
0.19690621626046445	0.097969716417411049
0.45794031742381924	0.2403450388878357
0.63050299535157095	0.37543340532588554
0.71631317881220746	0.49076574548311863
0.68425739635801863	0.56541982423063297
0.57182447104978495	0.60344796186242133
0.39334333860307885	0.5964934735116757
0.18718018960581398	0.56086113953189853
-0.0082990840509338318	0.50462898237005804
-0.17876465056107788	0.44412059087894945
-0.29434595693777038	0.39687848749640164
-0.36329927483221847	0.36732389391428272
-0.37888707957318263	0.36944851367583165
-0.35622020714115543	0.39208342366476484
-0.30471352209719965	0.43494219795862415
-0.23471741402836394	0.47936904851917278
-0.15765303645997428	0.51029535550633309
-0.079722962138261799	0.51667318840316889
-0.0092183464653557614	0.47996223077952727
0.048705405001112416	0.40757102053497829
0.086732062058712298	0.29343213929594097
0.10305294323971168	0.15943313945171522
0.09124513163486983	0.018708620754041901
0.05783510336628174	-0.10854997725798317
0.0026069786649217212	-0.19853711996740336
-0.060635091705088802	-0.24896049285606026
-0.12178819391079786	-0.24364254813658248
-0.16996449692772281	-0.20043345099965215
-0.19022335982989769	-0.12388020547879983
-0.18462029848882031	-0.037714747258108867
-0.14551489383253152	0.036494163603772486
-0.087054309765436377	0.087709996197008283
-0.015635553453305064	0.094438073046364771
0.053131323959916987	0.066484073789387005
0.10339849585223798	-0.0010266016843154865
0.12948228149202681	-0.085547791606169737
0.11849635768412377	-0.17251491916920439
0.076200825197123012	-0.24285782959900507
0.00030930589794689323	-0.27346491370322384
-0.097925086703548603	-0.26189595792868997
-0.21137145162888207	-0.19289750136380532
-0.32994952941700739	-0.081797676891504384
-0.44359494376370862	0.069315225640881911
-0.54512914422001335	0.23597513803814074
-0.62535691258787929	0.39965079314748719
-0.68026387581029957	0.54044949799430664
-0.7021887983069659	0.63343190774561453
-0.69287704944974171	0.67520671082373607
-0.64791222014946481	0.6485239613516689
-0.5781184102089052	0.57002021739441189
-0.48740301611803066	0.44113702660371212
-0.39209973872608517	0.29020947434232319
-0.30636502387989856	0.13886755661523884
-0.24063803307668069	0.008668089147485937
-0.2121017311649607	-0.070892080762984463
-0.21468115393761081	-0.1020030518299507
-0.25467262364328896	-0.068076333044996856
-0.31214524576316688	0.0040491537232452907
-0.37525767855720094	0.10359250341343564
-0.42603758593769459	0.19896815661211509
-0.44247200634316586	0.25849791192305849
-0.42484147445492731	0.271678790233224
-0.3596215511594556	0.21071964495798293
-0.26621419627977605	0.09580677711587067
-0.1519798484116274	-0.073576512493715746
-0.03951863212334588	-0.26311236979799013
0.048495368986316588	-0.4452950504188195
0.10492359341286807	-0.60020492447284712
0.11095617208474595	-0.69602425590481154
0.078932944104410319	-0.74094161885229437
0.0085185061012812598	-0.72485439010169395
-0.081071283577083889	-0.67081842565129723
-0.17408649732030976	-0.59446260068016876
-0.26046474628743038	-0.50796523443237329
-0.32359260631944609	-0.4315825662328564
-0.36737325576008251	-0.35670971101804039
-0.38689182243434195	-0.28622795265643375
-0.39198903373939514	-0.20593502367672395
-0.3891885177502471	-0.10120997063024428
-0.38352670025839647	0.023809864682433651
-0.38292221107157448	0.1786107108918214
-0.38525206621608826	0.33694281015333616
-0.39252018280814205	0.48414236615754969
-0.40026448738577558	0.59493772292950986
-0.40530766240852123	0.63823962855236294
-0.40579935722810478	0.61683707454238512
-0.39880157898917762	0.51232134270097018
-0.38439993677249579	0.3571963102559117
-0.36185776927757568	0.16649441008676552
-0.33070389479278822	-0.025778742960360267
-0.29065548752135034	-0.18218878974435998
-0.24041081841823991	-0.29798953027067054
-0.17802868517729217	-0.3470336332986414
-0.10514468178515218	-0.35609013342542872
-0.020745957146410587	-0.33373118625328124
0.069163355798934026	-0.30840009752627129
0.16143523993159109	-0.31171898311440582
0.2485141988848458	-0.34272356824213046
0.3231954815096198	-0.42161917044045116
0.38127883503371324	-0.51651912865969285
0.41575144862119462	-0.61295756512646138
0.42784624531418108	-0.67887744754291968
0.41509331501868368	-0.67705344884974084
0.38158834630708977	-0.60852457555800077
0.32903671443744836	-0.44965613987704534
0.26213944925878496	-0.2372438976527384
0.18406168288388641	0.014054355711758067
0.10111648377951797	0.26145942667899275
0.017575359671841925	0.46215731190619569
-0.057271875104545969	0.60159464540616125
-0.11516803325471922	0.64337396952448322
-0.14874372593350776	0.6102135559199926
-0.14681204911627091	0.50023595405495824
-0.11256836104649405	0.35083087286466069
-0.039633069317552172	0.19153622139925944
0.054455878144864002	0.044029948776387148
0.16142305287125061	-0.057994079525890238
0.259860488899672	-0.121045703538713
0.32796685021491923	-0.13290234710401982
0.35864681850730856	-0.11606739331134945
0.33188170345360329	-0.083640756672931818
0.26464028507925363	-0.05161026676263155
0.15716341619752577	-0.040990234069509343
0.03961618812173498	-0.049801130360206822
-0.063754878974492002	-0.08773171936689006
-0.13495321885882317	-0.14079143568204633
-0.14407802951812332	-0.20216280096268238
-0.10259549812117552	-0.26001531774740572
-0.00069427743820375115	-0.30043940432817817
0.1276938313482503	-0.32285483510194357
0.2614810869073424	-0.31896687256874223
0.37194665691375617	-0.29800947071124645
0.42315087368332144	-0.26299240996344952
0.41566250196175508	-0.22429347347142869
0.32801037551324275	-0.1918553723766046
0.19037461959820845	-0.16999310312693997
0.013359296557227063	-0.16777281650306541
-0.16577857108596872	-0.18088376064839751
-0.31215195912927429	-0.21122621835528027
-0.40804681026723033	-0.24923323645756243
-0.41984679511443224	-0.28911069479484136
-0.36037170570861093	-0.32144037714221507
-0.22036536619988731	-0.33598149304421704
-0.032439350865687132	-0.32940764503213876
0.18423801893930269	-0.29293496492322985
0.39859316029674474	-0.2326950744041488
0.57713638763147868	-0.14734776173684849
0.7079476875592865	-0.050524659012695615
0.76372013023540275	0.049036934455524456
0.75712477946631018	0.13799423207011488
0.68215560938807662	0.20129699630306352
0.56753695916718228	0.23533028063253086
0.43104542547641589	0.22776758314809273
0.29951820993292072	0.18969333248749093
0.20340731180030469	0.12105781551167942
0.1496449348119635	0.042936955640597532
0.16166076010335673	-0.02941836866385493
0.22041435473190046	-0.078582735666605411
0.32555510387783126	-0.08205104716889472
0.44444323430814719	-0.039811454099883098
0.55132460535086125	0.062507860535087556
0.62519170450316508	0.20433209116332132
0.63320694879562156	0.37995300004268484
0.58510640895613142	0.55914270067614835
0.46794492297872653	0.71681462781655225
0.31692860609557705	0.83183657997215266
0.15217458722091304	0.8739144636986973
0.0060046633025872672	0.84544738960655375
-0.082683967944329889	0.73012534458939238
-0.1135003799072607	0.5537816063530514
-0.061881245314650016	0.32538630831065329
0.038553431571640359	0.079218870234014013
0.1755841185596099	-0.15517925061673821
0.30957272671123004	-0.35462403329341841
0.4001225023672742	-0.48609999596984749
0.43728990749933583	-0.54956006401987967
0.38784040901712552	-0.52681488230035867
0.28125023844706437	-0.43927581053613696
0.12131573745261254	-0.29204204116243232
-0.048157957467636577	-0.11586072090499372
-0.18886307924743029	0.065023873360363096
-0.28051117792628633	0.22600393964862028
-0.28343776542713434	0.33648187836770216
-0.21746318903348638	0.39018280546296658
-0.075311199827285541	0.36544556014023372
0.10139290166383169	0.27783137302604111
0.28287848511398817	0.12553237271286835
0.44085778883596288	-0.061005295491291169
0.53537623208059182	-0.26175613216438365
0.57166364170782735	-0.44726607105611099
0.53214724872249286	-0.58497588114077437
0.44528025994080983	-0.66417555732252131
0.32543092875137802	-0.65792899484226119
0.1972813464418845	-0.58235526166400842
0.089318030646507049	-0.43368416000862453
0.0044959557143735215	-0.24464738234647601
-0.04019120335638051	-0.037900463501721313
-0.058373030878600254	0.16009832136615459
-0.054212530124291301	0.31582092024575237
-0.039115769217836889	0.4278211288686567
-0.02642507723756753	0.4763905410538557
-0.014494674593647082	0.48278771052773967
-0.0089994635080737143	0.45435008551618039
-0.0013197276236749931	0.41313257633972134
0.014554384243033076	0.38326248686221676
0.040777565391117626	0.36586008467960529
0.084726808308979745	0.37694757461666123
0.13674506661210156	0.3959464488507316
0.19394754346854612	0.41447695095549947
0.24339448270897188	0.41196503156673131
0.27217767023225026	0.36395686033303937
0.27731768300180598	0.27371202378956966
0.24816915825538141	0.12665417758833258
0.19482170106889476	-0.048162715972652252
0.11939902091402889	-0.23700415968558664
0.035153441841231807	-0.40848810262779633
-0.045244085088965512	-0.52893225354498818
-0.11792573143512895	-0.59150283622422051
-0.17242849903012569	-0.5704308580388473
-0.21586694599052084	-0.48883967697568909
-0.24936401653647924	-0.35042397294356725
-0.28043155419006899	-0.18770078754983258
-0.31791732444967002	-0.029294606781268169
-0.35893650560651175	0.10942222259160142
-0.40739665558335558	0.20000651666627581
-0.45176840098398513	0.25304630085189928
-0.48394115051722358	0.26250346494891419
-0.49756611579071414	0.24981323188092594
-0.48025699328316168	0.23068097215487859
-0.44201573709020436	0.21625813282119849
-0.38170347143195593	0.22547388334859986
-0.32035638241369468	0.25070042698916312
-0.27503284322725419	0.29595251431464448
-0.25652741683308172	0.34523167283473111
-0.2865920009733709	0.38682134254065398
-0.34941296449471587	0.41189053655953878
-0.44809375456898543	0.40587983189372873
-0.54763503396254887	0.37425797690880225
-0.62191676481692304	0.31270490281445928
-0.64740449617853379	0.23602763808067906
-0.58677912657653319	0.1530150686974267
-0.45527456970425872	0.077401553314444635
-0.23912260621991888	0.024351083323857967
0.011989466241945424	-0.0016363535115166766
0.26833756313867957	0.011516788553990076
0.48380026453641539	0.056241826963945085
0.60294684239506846	0.1345892289415109
0.62398113649063291	0.22977909089356985
0.51056321449842923	0.33154893335240587
0.3108936646803952	0.42239695116497661
0.041127066591125208	0.48314151123263982
-0.23893848597202913	0.50855961792447824
-0.47132536627851118	0.48226070198415838
-0.63441759357334182	0.41856585118928569
-0.67661037777641664	0.31732724900896891
-0.6298925201325557	0.2055610391123647
-0.49177955578782601	0.10391979558110262
-0.31408649295838237	0.031346410646873296
-0.14068450622670717	0.016352171801725889
0.0070793683601154695	0.050884467346214636
0.084588166182307259	0.14721735285601234
0.11778049837546804	0.27288211399781243
0.10435095816062695	0.40976157073817288
0.084414634661717849	0.52707517575317264
0.095464716089937424	0.58836648093608945
0.14306149840452653	0.59254600860188544
0.25887490715426842	0.51549753099017914
0.40206924178173231	0.38984485022028004
0.5582244348076707	0.22691551843232391
0.67976351254631695	0.066482057803449887
0.71482493726490814	-0.052124619899862952
0.66184233362518596	-0.11625213130549851
0.48386648156206308	-0.091568945754509204
0.23518437752326232	-0.0037815933409105921
-0.063322535924454137	0.14712208661446205
-0.34838681720329157	0.3183175524510154
-0.55403387619631361	0.47557362255221425
-0.6675037159541829	0.59312237746504914
-0.63711967365745359	0.63068142839175778
-0.51365715679951429	0.59756300175006383
-0.30880374262768451	0.47856905157600982
-0.088146259060725582	0.30694800621687535
0.084707476147215646	0.10047006598905775
0.19213285525497625	-0.10962813097875357
0.18003134978784752	-0.2899290731844727
0.094216904192319748	-0.4292051804318916
-0.05810533783074702	-0.50218488179324938
-0.21520750251917053	-0.51758263796111825
-0.31826839426163489	-0.46982769639195565
-0.35136283490468112	-0.37650412586634541
-0.2639117687680988	-0.24767763474905971
-0.10105563282082697	-0.10033255174399169
0.12929967011732571	0.049251407507780703
0.36602959327917811	0.1888946954530393
0.55131830365616563	0.30291267844789516
0.66733375715262999	0.38554089912328277
0.66390165178089333	0.42463212262731614
0.58023292820844985	0.42365004776456738
0.42093768172962703	0.37757900354564056
0.23964414647624854	0.29970986450055348
0.086612725854633157	0.19584044717095059
-0.023442992664376203	0.083434254532555513
-0.047831429504766813	-0.022154939874694593
-0.020226157575729289	-0.1088001312017961
0.053790589958891744	-0.15931393622872117
0.13263637343907109	-0.17352371652860535
0.17368237379953361	-0.14202951439638356
0.1744854960921845	-0.075325904446629774
0.10519330694215648	0.024179241152672296
0.0054050025644912019	0.14162577276681726
-0.1082363521430483	0.26578798607762139
-0.19671479660349353	0.383354672967536
-0.21366446193485064	0.47990863589893978
-0.16449200815443252	0.54754213881386682
-0.022660434938639638	0.57350393530193544
0.16236514557178466	0.55790735888277199
0.36596341382849323	0.49294381437858081
0.540139992377897	0.38962784147124796
0.62890847480760514	0.24940131071091393
0.6316236284456761	0.09317363431501928
0.51255695689563141	-0.064566560149493787
0.32097184491869174	-0.20311504818098944
0.075498022191135578	-0.29898840665367771
-0.16769204242868915	-0.34603560387307875
-0.35151557566453434	-0.32500673425882715
-0.46007376109382236	-0.25171499634278921
-0.44708254343938247	-0.12574986816954065
-0.34661486598874525	0.02346739437941189
-0.16003636539944338	0.17441428697372086
0.060815093715699896	0.30380507691533332
0.27249691320234648	0.38191375919402054
0.44845765702750773	0.40653864641596232
0.54276801659612794	0.35929238098540051
0.57011901144006982	0.25900596849792046
0.51759176338690727	0.1099898382721371
0.42208665695445263	-0.062581638456796984
0.30726086486889193	-0.23737941127494869
0.19992514433267985	-0.398557088400045
0.13518997359923038	-0.52327433130320811
0.11181336224185247	-0.61118392981031933
0.14764602778251004	-0.65051249006532541
0.22052032462865229	-0.65269822458515159
0.32203306873378823	-0.62044515555477442
0.42874159298170239	-0.56818246011398588
0.51777780506732363	-0.50808006429681163
0.57901479651072885	-0.44961974360552709
0.59316480167486263	-0.40659613150567447
0.56484229972605149	-0.37824058014147882
0.48827699460082624	-0.37233597742321645
0.37533544635151861	-0.37702234951827623
0.23176252240442691	-0.38798752960642879
0.070153004574183137	-0.39037098456080493
-0.098582543031888223	-0.36927688989851715
-0.26364659986556638	-0.3204989528673905
-0.41352472505843479	-0.2295269853097287
-0.53945711546375663	-0.11237684895920834
-0.63036462140713956	0.029077841352036213
-0.68169084160313387	0.16692053307707422
-0.68427249952458591	0.27802894862417882
-0.64085107122221407	0.34614664829560393
-0.54730052529543705	0.34242340398347776
-0.4150601075710017	0.28151830332645
-0.24870354240105044	0.15531183831491718
-0.064701362808814666	0.0032895677857667643
0.12361994156665393	-0.14838985607730704
0.3022545162206734	-0.26786522132432827
0.45443287389241432	-0.31231273382717517
0.57511942321126741	-0.28846148793659077
0.65177842923938401	-0.17409483331422293
0.69014083541765259	-0.013226209899235012
0.68797461494596723	0.17259010078939702
0.65663294360946334	0.33819327382946346
0.60354771959470743	0.43317861063248003
0.53825074889729885	0.45172345067829434
0.47137414950137957	0.35784357317126159
0.40704888362788605	0.19161896034937426
0.35270588629294769	-0.03612408572249879
0.30907735709512724	-0.27360874532063101
0.2789967677564818	-0.47206288726380374
0.26359123692265779	-0.61164614385962424
0.26454661839872162	-0.64752591473241217
0.28302017842846966	-0.60590676675081134
0.32221872342748015	-0.48302038267784519
0.37767948668547469	-0.32395281445469376
0.45049343356144678	-0.16473063776360156
0.52720617426315919	-0.028763964144398212
0.60015370334772067	0.043493890735237052
0.65305583312608617	0.06714596357660875
0.6683541763242522	0.032464799063798525
0.64221932625420353	-0.026511442419204261
0.55882172811236364	-0.085631648169550212
0.43660343897141335	-0.12496213045973785
0.27823727398334297	-0.11332748546678632
0.11520140410664673	-0.060301748774284403
-0.026506438448449382	0.043572744077931776
-0.12777212228514995	0.17237629678158523
-0.15603241974598395	0.3093375458631224
-0.12563688740275222	0.43646915727853675
-0.026389158163221547	0.52941043378559083
0.10063622463797664	0.59051010150542371
0.22899611463886216	0.60929129941747062
0.32499268801371445	0.59987009170460537
0.34393451028707173	0.56960064826108348
0.29235926704617743	0.52829179093219614
0.14641441774114666	0.48904671880811074
-0.047420793692097694	0.44933647004845584
-0.26686736658126614	0.41384212722520108
-0.46317711168534337	0.37403675619148952
-0.58253249267018103	0.32432997464208807
-0.61786255014288904	0.26059320962409399
-0.52958650609253854	0.17510726290861284
-0.36141628003909726	0.073053628018386413
-0.12442894022694125	-0.046644525178385507
0.1230517375280834	-0.17293142394697095
0.32674091262303639	-0.29830080416227817
0.46344471117482405	-0.41318097012718674
0.48174530011255151	-0.50657861166618179
0.41202971639668234	-0.57525230808935446
0.24917072557294925	-0.61093159816068732
0.048293308814650798	-0.61771029334299099
-0.14769429722913169	-0.59387949178190902
-0.30726909344001385	-0.54857687219292517
-0.3796521255050101	-0.4870359208044055
-0.3797030223588429	-0.41926031322334634
-0.29178382200698283	-0.35510484788810842
-0.1566083429242007	-0.30024964253296482
-0.00091471969231568875	-0.2645915916534588
0.14900795800434669	-0.24533516340414016
0.25540256946730183	-0.24652161850110341
0.32593507315720777	-0.25753747375525743
0.34726972769889775	-0.27308805085078564
0.34465451190136143	-0.28125819588395862
0.3350444926036677	-0.26964779588640353
0.32998266434041201	-0.23441704973623395
0.35125334513930601	-0.1643828914943912
0.38508763136007035	-0.069175002644019545
0.43184234209464611	0.051856095207243838
0.47092462717408434	0.17905598837193645
0.48247856577806048	0.29884495686327933
0.4646501889526426	0.39364839797158474
0.40196558313552538	0.44237084330278048
0.31542866133150438	0.44199516992324106
0.2138464869003493	0.37697358853371155
0.11833569521483282	0.2638026298370087
0.053861007194536223	0.10449884837260899
0.017685229558803178	-0.07304561666872196
0.023766821847802079	-0.24778745066279348
0.046983546518640014	-0.39716362537040434
0.073667841912479937	-0.49209128446890693
0.083414139917322619	-0.53108659758445009
0.048259810558390563	-0.49529496235304604
-0.022791522234818468	-0.40774583842245687
-0.14146570671024924	-0.27406370288863724
-0.27353695631035169	-0.12760890104302211
-0.39821513648024914	0.0030873345045879875
-0.48691913945986615	0.097913188613334576
-0.5023712418134898	0.12404422463170955
-0.44987115601315514	0.091087074481861138
-0.30989660635407867	-0.013898664988925918
-0.11963583393100233	-0.15609632520756922
0.10295548486530029	-0.31690084346110492
0.31970193162770838	-0.46061780532189245
0.48916037898819731	-0.5487087020051723
0.60317827743870511	-0.57110075386933801
0.63143445286915068	-0.49664467121360928
0.59899165171756685	-0.35003147543074886
0.50995054243760585	-0.13125993439128866
0.39687618487232834	0.11674248103885942
0.29005126404078113	0.36155362168657695
0.20042357286865792	0.57165875460295157
0.15460253949301436	0.70462035943317314
0.13588594329881123	0.76078464922181654
0.14475882838617476	0.71631610023122705
0.15626882874666462	0.60132240245328328
0.14817367874810075	0.42528120113857726
0.11282812136182852	0.22624710677331455
0.029333727185270206	0.038098706750535963
-0.084792252291985087	-0.11715828439967312
-0.22811295861963288	-0.20459076496750045
-0.37328564208239701	-0.22910230909908577
-0.49747452006081533	-0.17540155127784071
-0.58572183281714074	-0.069140208782137516
-0.61291565437469808	0.078958725342775954
-0.58668270083080887	0.23940044391411461
-0.49895406184967245	0.38474040800460957
-0.37170469075397905	0.49810481980246429
-0.21772975518714316	0.55217013977022478
-0.056499701851191977	0.55084105415759388
0.090501773785193682	0.48189069591316003
0.21651925037855949	0.36639018540281409
0.30627902709622479	0.21274488330560279
0.36385224693718787	0.046725201630646508
0.38616758391001405	-0.10814318938367135
0.37937874415332073	-0.2367207037460935
0.34736491663253682	-0.31450286315924569
0.29387832687579357	-0.34605867430309523
0.22300142643146326	-0.32111285637829351
0.13762272620425176	-0.2596937935254135
0.039796302184728925	-0.17133466042516182
-0.063892089336325272	-0.077245804657788505
-0.16947308849017809	0.00082664935914699951
-0.2670434300201181	0.054956857456866834
-0.34801147197601207	0.0669791757459888
-0.40447298456939268	0.04586687897076646
-0.42559237331692118	-0.01090707061882874
-0.41157209035307951	-0.087007379429332676
-0.35583885605710236	-0.17045481647303487
-0.26788427121139247	-0.25070823168270295
-0.15027814392572256	-0.31278279100550288
-0.017212572597217063	-0.35803031541052899
0.12033526039185624	-0.37984742464301607
0.25015079888715491	-0.38711488832170826
0.35821248847929132	-0.38419015026046016
0.438964141551133	-0.37803980761917499
0.48141116391118083	-0.37710503716824134
0.48784722087314658	-0.38131954389005723
0.45417221152472737	-0.3952949512918208
0.38857284035246714	-0.41343868056952054
0.29388322164158082	-0.4336946716880638
0.18206102508375294	-0.45006499184789228
0.061916635676572046	-0.45716539003491141
-0.05427397821245996	-0.45109876085763767
-0.15408762697574416	-0.42641867075263673
-0.2291555893359831	-0.38238885322166605
-0.26671501380522528	-0.31509951002522224
-0.26752510140783381	-0.22862480282365272
-0.22395714269851921	-0.12226628479893152
-0.14841201759828668	-0.0064319831466752003
-0.044022269583424825	0.11359570563210278
0.069035801457206308	0.22313833627161883
0.17523375895872906	0.30915962372449152
0.25749546947290769	0.3614506908345011
0.29421531283530206	0.36415318017204801
0.28345331262964774	0.32117924750989035
0.21002237576099431	0.22435905563590236
0.092058232100959328	0.094080226075135026
-0.067287771607473679	-0.060699191287129056
-0.23824957907335301	-0.21386031874371084
-0.39791262048470699	-0.34131818106347578
-0.52257108966161236	-0.4280130209330078
-0.58124584394510714	-0.4486658711342858
-0.57284232296033599	-0.4098493861499905
-0.47818791817886785	-0.3018375318376203
-0.3205376314024681	-0.14824740685470025
-0.10560973819495485	0.038838665273292987
0.1331581912582607	0.23454239329271642
0.36812189935247491	0.41388461857140402
0.57618317278174702	0.56508561971944837
0.72531540237539527	0.66631246675371525
0.8146595181229378	0.72274562682171883
0.82715585967349448	0.72740307879809629
0.77937958887757897	0.69493935751834379
0.67583975845452271	0.63316365341742609
0.53567503544699302	0.55562997857157337
0.37614001147998283	0.47670351202856293
0.20739596552584511	0.40175994330871834
0.044549957907542292	0.34200265178940659
-0.10998076380176064	0.29431374694727513
-0.2498113597101651	0.26202924201023992
-0.37173754645090962	0.23699080510186321
-0.47300823571979533	0.2146223006813241
-0.54587900243723564	0.18751315296968732
-0.58343544430886596	0.14720098211252913
-0.58043640467482061	0.092265064795493637
-0.52666095943787516	0.016300154523678431
-0.43013400861573908	-0.07420255901570072
-0.28826221022718307	-0.17868028571290434
-0.12267936617179871	-0.28575307333040589
0.052980307645740202	-0.38684987673586674
0.21731139522190979	-0.47298118450398369
0.34574061951326346	-0.53257490294649434
0.43413734773489554	-0.56480773371993809
0.46505306383020412	-0.56273266947991474
0.45386814057083186	-0.53314874354098118
0.4034723049457235	-0.47775916713621863
0.3338889782463712	-0.40490439916565274
0.26415815006077503	-0.32204306605347627
0.20011984248835538	-0.23352387646026881
0.15782484559683854	-0.14607219238331676
0.12568084506930666	-0.060016680236692432
0.10172144810052335	0.02235180073947015
0.07311968022317053	0.10019446702606952
0.025030796672156179	0.17330246335609006
-0.038458284464434285	0.23749514573314023
-0.12538484670397737	0.29019700221270356
-0.21422102999517931	0.3263837813721393
-0.29236314287868265	0.34060232153957176
-0.34107596309605509	0.33156384151818946
-0.33559666372160318	0.29470501149762979
-0.28140436729775264	0.23439631564667057
-0.1657417898574709	0.15101703690942991
-0.018555324003439233	0.051977449149524624
0.14465364784196938	-0.057291534796190265
0.29330737910486265	-0.17047254890331162
0.39358360305206863	-0.2810948054851421
0.43971449773905352	-0.3841876566917094
0.40706717420352417	-0.47402217726796392
0.31841456676558655	-0.54640241174243931
0.17840097402370109	-0.59582205085908269
0.016779414180510745	-0.62048323071660505
-0.13910070696641383	-0.61515129242043276
-0.27738425360339508	-0.5846303116943673
-0.37319955033013441	-0.52818976592412326
-0.43824681010892447	-0.45719879122938745
-0.46993700510287345	-0.37976137676059174
-0.48626618230923652	-0.30494244081121624
-0.50330468504656933	-0.24585343899450388
-0.52424059651407673	-0.19845874850159881
-0.56261404838151285	-0.16854407937354385
-0.60343923855578518	-0.13975688867388633
-0.64190579793675817	-0.10145360538635251
-0.66102755921531464	-0.04229302379144835
-0.64227864100515508	0.056714681240131404
-0.58546781643769119	0.18326722249522681
-0.47796169436039737	0.34268825845445305
-0.33856088623878555	0.50108977716579006
-0.17441833014850019	0.63526397161526371
-0.0078436551066185193	0.71849388546935056
0.13945311349830891	0.71274389451826647
0.25852022670505787	0.62876219537681954
0.33018439457671461	0.44883335528028784
0.36340021465179656	0.22031263815747767
0.35515519205367446	-0.030413240027308771
0.32217731409087502	-0.25815406814528152
0.27651362053010975	-0.40899870319963999
0.22919445912019462	-0.48272322483011415
0.19528293441743064	-0.44514334634133956
0.17472781576607455	-0.34422902374179903
0.17512695107110648	-0.19938886848137768
0.18859620920665734	-0.06212262754050335
0.21287443709086395	0.010577460875309376
0.23869054849668842	0.015780258991435134
0.25787786657778256	-0.086014515655273932
0.26486201011021415	-0.24209166720476491
0.25067279814095228	-0.43246738236721044
0.21733095301094527	-0.59844779589508168
0.16044527225200486	-0.67653049225964323
0.090281349338508982	-0.66115730901468783
0.010926029752495252	-0.50640078630599028
-0.063475644997203401	-0.26986640082886998
-0.11998573323327172	0.028932607442372069
-0.1508960899791191	0.32164698819890469
-0.14151433241978209	0.53852828801616481
-0.099855232393064181	0.66426087626704722
-0.021888383517400033	0.64327763522885051
0.070943062364066889	0.52658457276380022
0.16491249965781679	0.32444763708991464
0.24090069599654401	0.1035198894171149
0.27498835068257393	-0.072181726917247405
0.26784906311349332	-0.18448291007744483
0.20460078893251354	-0.17898571930738913
0.10799115870508598	-0.10034412803081103
-0.013034228503115811	0.044705583597956886
-0.13195132254954722	0.19680827652680846
-0.22177111308712225	0.29904750059659996
-0.27494288166379149	0.33737090897411154
-0.26884502383905368	0.26387258686074705
-0.22170118723117835	0.12319678799349155
-0.13548464057849208	-0.075374210865927729
-0.036324916080322421	-0.27366039359033323
0.05221209878240704	-0.41566486451020196
0.12046220111615799	-0.48555598549084283
0.14615102968602245	-0.43581827551186625
0.1435431720351858	-0.30550636756084421
0.11253649018654788	-0.099411796654780477
0.073956799466057876	0.12719162431501063
0.047319870294434851	0.32462542711113507
0.0364536994102692	0.47131204275482819
0.057758050035644617	0.52063233663973529
0.093033393140800266	0.49803253741123243
0.13648492152942865	0.39928062042891765
0.16729823292325352	0.26679221094377037
0.16253791748035651	0.13500883488843005
0.12277219069535675	0.023620765577514156
0.032663737337498944	-0.031079641812599802
-0.083006260259011866	-0.044457106934552279
-0.21368129366657396	-0.0097488970409387258
-0.3320246563961326	0.042954985844483387
-0.40857939692846773	0.091068841269199563
-0.43914974192647377	0.11884249726688542
-0.40191222704779994	0.099845036201974241
-0.32029297378896165	0.043532994629678495
-0.20059487102881846	-0.057328718075821891
-0.072364152277986815	-0.17909613800699586
0.036142530826446188	-0.30685000039611443
0.1147535437850324	-0.4216512984495917
0.1385846753998228	-0.50094671031791338
0.12351700412923294	-0.5406599164011362
0.068689646076013647	-0.52583937726754049
-0.0005557228907899684	-0.46655743056294091
-0.06336600330310542	-0.36216343964625147
-0.10713634985526395	-0.2298747879464543
-0.10948450613416941	-0.08126160438255195
-0.078889605994031525	0.067384984156603336
-0.009817460068530133	0.19848559518447584
0.078074218393841238	0.30433486657511349
0.17207096511595926	0.36938603162143852
0.25687722255003353	0.39958392158029216
0.31398329543270087	0.39033617829134559
0.3403171326335564	0.35770760329903084
0.32433708976481895	0.31132255969436945
0.27294225133525446	0.26591000467726511
0.18528833523947766	0.23909727584291088
0.073063796932161335	0.23181359509646016
-0.05642607063530912	0.25571896777489261
-0.19087606205845689	0.29624838117792274
-0.31886160396889274	0.34888109871525375
-0.4304355073069685	0.39514429739389867
-0.51272333792240121	0.41713891017760252
-0.56308225771870601	0.40862293260587312
-0.57216477500219987	0.35328805263479146
-0.54721041641419488	0.26343412597838334
-0.48794684850694237	0.13858644917792876
-0.40756215985394162	0.00076038770774637221
-0.31584270766804873	-0.1334603350732857
-0.22272135258344464	-0.24825549627756588
-0.14116444706588838	-0.32223617762325224
-0.071857872833501951	-0.35552474193418787
-0.021366059822222686	-0.33673925850235198
0.014980284155636216	-0.27900368964149486
0.039494594295002391	-0.18634687527335525
0.052680011638215909	-0.07467225186594606
0.057869632291696831	0.041945036789809736
0.048887026258132821	0.15399127274090346
0.021831561813286847	0.24732796719695965
-0.026791059755647034	0.32175428887915558
-0.1056563295760593	0.37027500099680621
-0.20312130212843341	0.39913483129512267
-0.31850157971013193	0.40991723177692818
-0.42759700999790778	0.40961079287870078
-0.51167545235459955	0.4049952556571158
-0.55364847401931261	0.39828062025440419
-0.52674311444532917	0.39563074847855118
-0.44128081635295774	0.39196379638896917
-0.28669241354541475	0.38724888952716757
-0.098876772227258686	0.37249698125484043
0.10124587307709135	0.34013418714667193
0.27930879352400056	0.28588414610520096
0.39513863006280869	0.20051352370264153
0.44523503879017301	0.091319355504652713
0.40228591750213821	-0.043195993149295411
0.2975531820498819	-0.18588184600842173
0.14014821445705361	-0.32526795596692348
-0.03078948599771766	-0.44581067025039539
-0.17763280897202172	-0.52896288796203095
-0.28673320563355231	-0.57226470636323079
-0.325144477064159	-0.56326768018322937
-0.3131324631789642	-0.51339033612171869
-0.24929348413311753	-0.42490147859760019
-0.16568990028838773	-0.31280182918247962
-0.089550384903378147	-0.19055856939164553
-0.033972319442734961	-0.065041123812950033
-0.026144736698975515	0.051422753653047749
-0.05102135594708989	0.16174086942918073
-0.11086168872274996	0.26364925993674992
-0.18093739103642764	0.36033548127979176
-0.24026871809785461	0.4560761104263773
-0.27986938384492355	0.54534012120570408
-0.27932897030745396	0.6283528014018005
-0.251940128419397	0.69212178611824515
-0.19782050339970875	0.72659364160310347
-0.13608469442319415	0.72317686220694499
-0.084262046566890653	0.66755156746558175
-0.047225967343057215	0.56684944807135251
-0.03981052927868544	0.41603408030165306
-0.049663082406614933	0.23728992693712503
-0.074284338623653814	0.043041084839763474
-0.098948284864888186	-0.14246777195709512
-0.1084115868952298	-0.29456627535715996
-0.10172692012200961	-0.40210741068729877
-0.06818382897804752	-0.44270963800186253
-0.021828372151788358	-0.42540616502211026
0.03229815687479691	-0.34379754597819556
0.077891918049466907	-0.2218002013977865
0.098522812703269042	-0.072660587325176967
0.089528323204365975	0.078010848559357152
0.037371803198174861	0.20444867090707003
-0.047754459816020112	0.29387138667907786
-0.16644749629867772	0.32242649748303914
-0.29987599872515186	0.29756158403058119
-0.43543142700979554	0.21082121635159615
-0.55504250929607069	0.086061928098947693
-0.63950488309994347	-0.064504878759031298
-0.6796092802182544	-0.21439923913885597
-0.65784433281903165	-0.33704715714017436
-0.57991197730467847	-0.42051932324525515
-0.4383824994152698	-0.44042249344942425
-0.25513948330581793	-0.4075744753131581
-0.039401123448802075	-0.31600105849964599
0.17826612536810327	-0.1916850526960758
0.3712127184176513	-0.051106823859069908
0.51846973104607996	0.083200507156484985
0.58832322902880374	0.18453152202809628
0.58635869635104576	0.24892274720195914
0.49677376472996293	0.25853931683311809
0.35201805674516756	0.22828998947253271
0.166704468323705	0.16061551154483006
-0.021459188859566772	0.07508505358405107
-0.17465160691475737	-0.010625764328338462
-0.27860037855991887	-0.08839554440998601
-0.30024101325483632	-0.14183494735355673
-0.25812845288442016	-0.17807217765253178
-0.14871159440362161	-0.19475609122372059
-0.0052440820621038609	-0.20393539448980327
0.14632834927844443	-0.21563917780545772
0.28763307449914816	-0.23357514529150017
0.38883669806894133	-0.2679612697574964
0.45837579636270792	-0.30929583549187539
0.48848901112088583	-0.35631675977027027
0.49793675071574756	-0.39452311644063437
0.50158956068459737	-0.41112428968368175
0.5033556712727788	-0.3997272657767636
0.51784872306352658	-0.34654173165073771
0.52782303058047253	-0.26096896952579851
0.52651018696598018	-0.14051419921945957
0.4970919969470895	-0.0070752948706212637
0.4174529164579846	0.12533860277294367
0.29671658501959663	0.23555607372033893
0.1249639312548293	0.29980190248761923
-0.062792456208050532	0.31187833480615912
-0.24540997208108536	0.25232353767232196
-0.39119773772044331	0.13715453180719536
-0.46036429664404865	-0.034840940300786001
-0.45606877707867571	-0.23143687695730034
-0.35533743108060489	-0.4308134165218237
-0.19677743067924205	-0.60296439634452781
0.0025621247995671059	-0.71318556890742335
0.20098076518886229	-0.75375132717447024
0.35408331133706805	-0.69791379550201427
0.45290479087218416	-0.56803553219490932
0.46407649918437732	-0.36438979893061746
0.41641445383557102	-0.12649660994765916
0.31515562797395635	0.11628633424665022
0.19766845023089616	0.33319883078123247
0.099246939591192296	0.4843483502016166
0.031351298142718267	0.56777417175066558
0.02455152616459319	0.55950123181251388
0.056812248067882043	0.48568002950887584
0.12670348873054299	0.35327055510872346
0.20297904703101566	0.19586927155441783
0.257404350625347	0.043442406796915481
0.27951453805867282	-0.086159343920597695
0.24316702196751083	-0.16302385419420318
0.16716040773376231	-0.19336918955514223
0.052043923847936914	-0.16650466286924948
-0.073576886379272496	-0.10324440572882608
-0.18517030281727495	-0.014864077572502549
-0.2699656274352551	0.080711592272874055
-0.30280801994662493	0.16309670263643211
-0.29631818698811108	0.2283991096116148
-0.24624201972901788	0.26310609805086455
-0.17804912428502359	0.27569348050631209
-0.10999161656040753	0.26638467258730597
-0.059467858358670536	0.24642414997463583
-0.050671393403577202	0.22568129766885903
-0.081468791838615467	0.20850480332002089
-0.16396961512007513	0.20483842295671781
-0.27963843303331515	0.20776633644385381
-0.42184556891967612	0.21844036873403883
-0.56698332356750281	0.22260134059275202
-0.69478009439968103	0.20973052185873467
-0.78859791485392794	0.16975839026481032
-0.82546627120343441	0.086755621584006168
-0.80411120236466438	-0.032217108465547428
-0.71002595930239709	-0.19419549169303846
-0.55993839214487784	-0.37281974974348464
-0.35610531453116817	-0.55449285469214293
-0.12743308689359872	-0.70796224705748423
0.10515979635999839	-0.8008437508748909
0.31545292351706627	-0.8229351876688864
0.47269942363706091	-0.74465591557959721
0.56956017999611186	-0.59175714879559504
0.58291377594934279	-0.36377231618683031
0.52936024031922757	-0.10977413184929447
0.40803398013720155	0.13324130647358179
0.24821044413150348	0.32951072085416672
0.071753800282336383	0.42803922764424007
-0.0999677021347571	0.43752554626213691
-0.23871434469639818	0.33330230560841889
-0.34323636686589232	0.16447289358818593
-0.3985404687055063	-0.044824361737020618
-0.41761754999497763	-0.24436165193596313
-0.40492751728278142	-0.37900154076887721
-0.37107005032497187	-0.43933458359980193
-0.32869724512765969	-0.38424732344459306
-0.27611175948915045	-0.25371436110803669
-0.21818669082462383	-0.055466317014999711
-0.14786281628956802	0.15487832467890419
-0.058883478523971036	0.32772499535222099
0.046285921510486668	0.43727132797760487
0.17304866411926489	0.43340682038828171
0.30405536286095475	0.33946130938108249
0.4302189541660123	0.14498433181035625
0.53215574972430235	-0.098793714663225091
0.5883648457786359	-0.35710798966259594
0.59611082510063085	-0.59101228448258825
0.53887996890187151	-0.75040723042002044
0.43650627810526932	-0.833987467091867
0.29422059087152252	-0.813614455644743
0.13931867669885531	-0.7196883627865458
-0.0034792507208407063	-0.56109719327269791
-0.12121568580787044	-0.37423889410723887
-0.18968604847875328	-0.192256261948793
-0.2179113485529543	-0.033802752589027062
-0.20082437700174596	0.069653266149110132
-0.15648521028622542	0.12341373370084037
-0.098678840489786313	0.1153492711854259
-0.03516331171681155	0.066285465727796464
0.019079027364193285	-0.014208701796051533
0.071936098362202716	-0.10449279152005568
0.12318561614120345	-0.1830569132065322
0.18217585226765334	-0.23994043709434873
0.2603697411391645	-0.25547521937466949
0.35120100912626095	-0.23727391195292075
0.45931447094570005	-0.17955087195205338
0.56253979595639392	-0.10283283991065732
0.64595331979917359	-0.019403191877485466
0.69245985834503965	0.051793621555000488
0.67698525109344265	0.088306145752520715
0.60854276279986497	0.088372016791776697
0.47657347858583943	0.036279905011486313
0.31471977685266622	-0.048574747008679295
0.14271216527441766	-0.1610605387718814
-0.0082726588456897513	-0.27409667369090485
-0.10067573552780455	-0.36337333319107679
-0.13391334512775888	-0.4154461827379316
-0.08406084404755125	-0.40523828186253841
0.016417955831168826	-0.34333762979362015
0.15539072235771059	-0.22348082099276953
0.29578765993719941	-0.071145129292446305
0.39927317252789646	0.096882299744850103
0.45751232931970337	0.26079448684764628
0.44023758526424672	0.39603207019378128
0.37491118703461196	0.50006505187281824
0.26696571116952056	0.55908001746443736
0.15222262302369094	0.58236785467612728
0.065412752412748798	0.57223597651821689
0.015240582492693781	0.53582139266186424
0.031061088700061031	0.48131145054460683
0.085653624008869722	0.4078625498776341
0.17344303169329331	0.31777140734219306
0.25884781628940401	0.20980441946564912
0.30680895228987071	0.080530291115558109
0.31018387309907658	-0.061161186047404066
0.23992027936172194	-0.21369293579046783
0.12668834384952452	-0.35855810696235824
-0.021500495162589655	-0.481876909247137
-0.1657223335395448	-0.56819108390602469
-0.26698507178511632	-0.59694823302008171
-0.31748185770782461	-0.5695509838138515
-0.28558020394910466	-0.4737909702817138
-0.20376491651398768	-0.32994877419521951
-0.080503227425357926	-0.14498422698072225
0.043784628728908336	0.053348786331806085
0.12782982177863852	0.24162805318958214
0.16571090644783751	0.39989872473468685
0.12537474432764101	0.50107673757040516
0.04394758464648376	0.5431275227603416
-0.06644802390830197	0.50925550293923205
-0.16285411812227293	0.41665963999696692
-0.19916732919157421	0.26706020274608594
-0.17270132519710865	0.090097693053377392
-0.050130573354230649	-0.093266438666492146
0.12273069254426941	-0.25527476924461717
0.32857812244800488	-0.36406397440418536
0.51520759791441029	-0.41099030705425077
0.62693814085727528	-0.36991949570015981
0.65689598015714823	-0.26145978927622293
0.56361045792648112	-0.083752374627756379
0.39519125638335179	0.12193583347291119
0.16650906189614251	0.32659652619335877
-0.064189795873609221	0.49531269886854717
-0.23785975555668395	0.5839852466556017
-0.34202782590774505	0.59115216125560766
-0.32962475960809778	0.48885120812157895
-0.24539376350859729	0.31248396115485344
-0.099297749004634242	0.072730030284756081
0.051391644856092468	-0.184206927119662
0.15034074445476578	-0.41565042756195925
0.18477274210934949	-0.60033933949498208
0.10850742165338811	-0.69699431760210595
-0.034578665078677837	-0.72299351969530234
-0.23471023037167354	-0.67006870823542575
-0.4357636980342573	-0.57387972395920395
-0.58257059479189954	-0.46072214764313396
-0.66249032417898834	-0.35042052162876358
-0.63072715035292903	-0.2751884525126812
-0.52857801817014027	-0.224154328306262
-0.36536340225645991	-0.20531797457274661
-0.1922169774610368	-0.19427868525312703
-0.060653218832303638	-0.17224222284841306
0.021149799601753342	-0.13038900724179167
0.013976583520767451	-0.047645766345784255
-0.040575081246552631	0.058020661426602206
-0.12927513588165485	0.18450152350006888
-0.20623589367443601	0.3052958344489699
-0.22103749089863001	0.39577916487807824
-0.17404639978417355	0.4482130941208386
-0.032125816362447948	0.44052402533751306
0.15463429449714702	0.39109305765242169
0.3645106780050541	0.30236586508707952
0.5455400078903645	0.20007512611016329
0.63920865676116312	0.10827991115443508
0.64344427319091269	0.034446718349153464
0.51901532242767956	-0.00064657669130288478
0.31888572705573887	-0.012875035989532151
0.062498076417579193	-0.0043004133344306623
-0.18881516451337402	0.0044152421872746929
-0.37285790797145318	-0.0068826748152893621
-0.472778432990896	-0.041778249218579991
-0.43797344935094712	-0.11627170325933051
-0.30750157705091868	-0.21326923024758571
-0.084336719150075651	-0.32789474372353783
0.17387026375219608	-0.43949530523347796
0.41792855472685475	-0.52754315266234952
0.61948411970360273	-0.58678667053438782
0.72798296680863661	-0.60061865150789207
0.76083415252343101	-0.58257810906561469
0.70553802170556457	-0.53439130102429222
0.60126671735292003	-0.47488928704027189
0.47480528314115072	-0.42072346288296303
0.35081536189452417	-0.38015907802991589
0.26464538499297457	-0.36925137618050358
0.21102003044515444	-0.38128177043866729
0.20396348090916722	-0.41975525806226432
0.22092565381659432	-0.47005633028891919
0.24946031081733003	-0.52266058661731496
0.273280101914539	-0.56579969952213316
0.27160147125083522	-0.58554639384347285
0.24546679805776492	-0.57885311198376321
0.1847706498631991	-0.53563679763918837
0.10217290592077696	-0.46307667176858269
0.0028948693041093154	-0.36002983313774717
-0.10085316391884756	-0.24137959202196549
-0.19680874249812796	-0.11599247853461457
-0.27990702890614938	-0.00077593192721657587
-0.34062996911584831	0.087451265818661
-0.38007476137570184	0.13955661277977688
-0.39485494429190299	0.13841713776078626
-0.38890344276424083	0.091185466596432133
-0.36356920387582603	-0.008404612958248351
-0.32321769968288644	-0.13721955785948264
-0.27165714623009363	-0.28270640858352891
-0.21190825863522628	-0.41938962681525788
-0.14826321608962845	-0.52086420651280396
-0.080715842417275141	-0.57736559133263388
-0.011216544035264326	-0.56583073313003607
0.06181224764442874	-0.4997501012666784
0.13965913909348207	-0.37613928448127049
0.22124061024383798	-0.22135987649797417
0.30864433337445818	-0.054434638532275537
0.39364533791596251	0.10560434315108817
0.47292117965717506	0.23333699108753955
0.53385195180244494	0.32890451766111267
0.56498012786821161	0.37959728108839202
0.55949612270702798	0.39854776640714845
0.50395508469126427	0.39129414594025369
0.40680528677790773	0.36790971604899003
0.26423986095206292	0.34089542201855461
0.09957937850174696	0.30850648940007436
-0.073246244857972084	0.27550824394522766
-0.22987191042314314	0.23487133033755639
-0.34391896218345896	0.18088979497809865
-0.40749815634292008	0.11435875846604418
-0.39876081791896784	0.029897154801060588
-0.3332065844609729	-0.059672409817247744
-0.20903829202047786	-0.14775796770789984
-0.056297670108408998	-0.22104866931535785
0.10405608152350602	-0.26367989611989173
0.24657253754612893	-0.27672098733309725
0.34072057980277948	-0.25015710926339474
0.38078308702435565	-0.20137616210058082
0.34520665167743669	-0.13811709056999288
0.25096901439829888	-0.079311927373428723
0.098062324615272783	-0.045591597495552555
-0.08411005158122549	-0.039598368813102532
-0.27477805088421126	-0.076144681840619205
-0.44804961551505956	-0.13935094364935968
-0.5741472914669451	-0.22440246670579067
-0.64395720411748403	-0.31291697533882395
-0.63430318303468947	-0.38563960839730471
-0.55759466164054428	-0.4403734347878992
-0.40940836551417553	-0.46360437969608004
-0.21706624775216488	-0.47002901313427281
0.0028230164795941884	-0.465141013200915
0.22254286780991042	-0.46303498082344352
0.41331238817762145	-0.48119121759928335
0.56171597848674726	-0.51494629961690719
0.64238743585646763	-0.57265142513417855
0.66239765358014058	-0.6327430292403492
0.61340383008033084	-0.68194471516458377
0.51628084708859789	-0.70374617674500772
0.38214302095085184	-0.67411869022138127
0.23192924624660533	-0.60234111161796577
0.086944690354984047	-0.47898061110666645
-0.042795148776941051	-0.33614352248431206
-0.13961992395043646	-0.19368721479282805
-0.20518901554136432	-0.078925752468829644
-0.2331608260014848	-0.027352935863728951
-0.2298679419043706	-0.034286926275060872
-0.19783135607446239	-0.11927306951820232
-0.14214425221091612	-0.24512361239103928
-0.067370359534676558	-0.39461157236650518
0.022380965695181974	-0.52739998323483472
0.12370749562262906	-0.60038108838425219
0.22992411581758804	-0.60464027649372321
0.33640725844014274	-0.50674800377195384
0.43357005586378106	-0.33714131101794637
0.51286093293180279	-0.1001234720271709
0.56655044439485636	0.15933375598107005
0.58374212129904046	0.40262976331755268
0.56538545960130371	0.60634783359657096
0.50520282926590554	0.72980318150755763
0.41397913931701247	0.7861994041358723
0.2952114439040241	0.76450496649158239
0.16448567761550015	0.69674047948999707
0.034545245299072692	0.60452814035788216
-0.082585209673075269	0.50803165517093585
-0.17183197828718522	0.43683011989535303
-0.22959885262035165	0.38429956208640931
-0.24520932517370017	0.36025134625728922
-0.22483058566137901	0.34495855750046117
-0.166538991508974	0.32460827302100942
-0.083930532083297385	0.29126988099427004
0.015492487430085002	0.22774359638266015
0.11537265706184836	0.14802401603002052
0.20057433728998186	0.053628799028626099
0.25992991158697787	-0.035211026404408388
0.27648011718761484	-0.098665656248614286
0.25246425328302374	-0.13401375882177838
0.178961767078716	-0.12504422528303974
0.072492951766329361	-0.092396583087872936
-0.060360509827898548	-0.043167927501107685
-0.19870333940225604	-0.0017744462538176612
-0.32269256870249141	0.0058028014332936872
-0.4225895847599872	-0.022838665235714015
-0.47914131084056427	-0.10717035670233666
-0.50104816998665702	-0.22196624325061115
-0.4846336469604251	-0.35863455838517005
-0.44777547986851352	-0.4867440228857226
-0.40398985236297752	-0.57542888005625281
-0.362684912569746	-0.61740079582856799
-0.34046839505171428	-0.587578677774798
-0.32925772415003846	-0.50847504427795909
-0.33142609643380638	-0.38405528970863634
-0.33221392978211817	-0.24487969367625304
-0.31824718583237482	-0.11950918601620869
-0.28774242987876153	-0.017907210421160124
-0.22864406784620722	0.034974018875174505
-0.1583945394798818	0.055539883660579492
-0.083873660242008874	0.044850695398930496
-0.024713708906356022	0.023989450828235365
-0.0037145799711303107	0.014264271393242704
-0.018253241725237002	0.016060094437605969
-0.082824235220191417	0.043975987143508422
-0.16887473666637046	0.07667768144010921
-0.26229627462628241	0.10331426494844179
-0.33425033309504865	0.10703473777506654
-0.35013504706563325	0.063046498203379334
-0.31313199210701659	-0.015676560676092768
-0.20199249718772425	-0.13677501577381382
-0.055405437102084773	-0.26319805880341468
0.10836384328609261	-0.36921854091121237
0.24929342521672473	-0.42850606070961234
0.32157996499507324	-0.40110170782107929
0.32430239256129501	-0.30216386036175302
0.22683248477517387	-0.1167111975394666
0.072488357183089727	0.10479609429839451
-0.12159988182621558	0.33147976315040861
-0.30749643392004439	0.51957532677085128
-0.4333068337246182	0.6139693839932534
-0.49377697397443776	0.61783043957842709
-0.45162491726342302	0.49931430742344507
-0.35103968863953794	0.30834565895305438
-0.20737148356810239	0.06581683681784925
-0.069854853390968391	-0.17301935876263957
0.0080073331224785466	-0.35087418717201208
0.023669832789519653	-0.45296312695028185
-0.060078127548326893	-0.43350246203518739
-0.19274282673315749	-0.32820103561715475
-0.35409211137816382	-0.1399008776230013
-0.49055205132854168	0.078581288218708925
-0.54148419037549833	0.28233021302317868
-0.50784995329419136	0.4447994423322903
-0.3500336501633895	0.51880867231317018
-0.12912816886346606	0.52134420220528865
0.12868357668079128	0.44031644917320617
0.35828735452385607	0.31577275560878004
0.48730169062236389	0.17425445148968804
0.51134539734504147	0.044189991223029253
0.37998507979687796	-0.036562625119656883
0.15899588572572229	-0.06975070455401372
-0.12836279230603542	-0.036325734947873264
-0.40497708363702978	0.03918282632686982
-0.59157716516272529	0.14708977154244018
-0.67137150165024195	0.26191086389864776
-0.58134329278030394	0.35857128505135349
-0.38089851070756336	0.42615757190462866
-0.081381796912019744	0.44310001924844955
0.23603965690164427	0.41629253508096103
0.49655740452875419	0.33925315960153457
0.66975056798928578	0.23053979099646715
0.68590919080274659	0.099646673103262987
0.5880920622658663	-0.032717190832327499
0.3724919957998627	-0.14693611292148295
0.1099969625507793	-0.23023590325591189
-0.14073430005165927	-0.2620380082926595
-0.34682127743727792	-0.24613983104689477
-0.4463425647803369	-0.17251732048572949
-0.46776209541780567	-0.062056285210380507
-0.40143741162044216	0.076069806706391005
-0.29976628176114162	0.21674798471210593
-0.20479861590853998	0.33510888267083638
-0.13793553124617255	0.42124821926016748
-0.14365220329361184	0.45228684514455875
-0.19477636711138233	0.44227999822745928
-0.29307451019274289	0.38898319368678536
-0.39620555075906305	0.31841645036359489
-0.4662827468190458	0.25126787595882932
-0.49170956650394976	0.20128871907075443
-0.43842970344380883	0.19281520335705207
-0.335935739151001	0.21478051134041573
-0.18970760894387179	0.27202858421092169
-0.037726945034553094	0.34116336962410304
0.082676388543571552	0.40372304850349172
0.16406715193591173	0.44974886223516802
0.17717893895007478	0.45853349735105697
0.15017538456608404	0.44386079933715666
0.091380588201804197	0.40571716870509766
0.031046750351318347	0.36478762690990724
0.0027632433105192755	0.34144748627244748
0.0048426510918423617	0.33661227470684407
0.057843602241067688	0.36623742039424911
0.1286173354540539	0.40557853485444528
0.20056322624769124	0.44377584534345899
0.24459549270466499	0.45513093283371092
0.22315388324287569	0.40868476015839933
0.14506118237356774	0.30935940899121767
-0.0079115650640136925	0.13891284802763718
-0.19216939163597016	-0.064121620964477266
-0.38363957119950548	-0.2805216865970479
-0.54198433504206767	-0.47059640903524208
-0.61861271755378777	-0.58904282515994844
-0.61421158328382164	-0.63347469343592566
-0.49871070516008137	-0.57342169229548789
-0.31579039243642865	-0.44783309871685573
-0.08201915216650095	-0.27075846530426423
0.15133783612111765	-0.086426643611984932
0.33350654630674154	0.058837314363967622
0.4464450111100382	0.15727245734458659
0.44596916545667425	0.17434412665750282
0.35973127660896681	0.14404839248678861
0.18431061450127756	0.075968995096107911
-0.031257893956860593	0.0088082655743163957
-0.25013126072821468	-0.015986620043527664
-0.43915439926152311	0.0029335436676318619
-0.55182869018368841	0.094058880004170495
-0.59134174392298555	0.21741381138718835
-0.5351914642339205	0.35663954493533578
-0.41394835176470263	0.46937584985233766
-0.2396497646541873	0.50796768523668678
-0.045393034184942199	0.47194068852272975
0.13696031695042934	0.32970434149796457
0.29166550484317905	0.12695207020143018
0.39076768109834109	-0.11844330290196028
0.43903551648196421	-0.35461048530233152
0.42659619978280816	-0.52767530069834057
0.36941932853777426	-0.62577357799947764
0.27436975158737964	-0.60644870985646904
0.15888890380953624	-0.5076038287442638
0.037994934090459502	-0.33538702619287281
-0.074177450754243576	-0.14260681768783709
-0.16120119060995408	0.023140418374908999
-0.21493519648749224	0.14007017919653481
-0.22107861393887257	0.16256105720652611
-0.18168367922589301	0.1145273883239994
-0.088902383244773203	-0.010129791186400981
0.04186539235573751	-0.16699198993177303
0.20600300462203119	-0.32244015099703477
0.37900874657246408	-0.45017493468408193
0.54179051851167248	-0.50960141513116153
0.67350285562720802	-0.509987293914138
0.74805898544205851	-0.4368524903742213
0.76209073125455229	-0.32084542535362304
0.69758288526969758	-0.17951802013824142
0.57238976829044286	-0.037679692738226502
0.38919405206695928	0.07544731190305147
0.17549547596258669	0.15554955329935549
-0.046906598546414768	0.18504016690438738
-0.25822836604863519	0.17451717995496027
-0.43211114797006317	0.12470966383334085
-0.56648020232224328	0.047637621556870416
-0.64651651450133951	-0.046755301524288445
-0.68409422377948181	-0.15151096102633271
-0.68173074787331989	-0.25797220882337552
-0.65267723684545764	-0.36129241079150592
-0.60919922701933737	-0.4558612792661193
-0.55677097732909409	-0.53531262674340974
-0.5056396629690908	-0.59314679452344232
-0.45375207148208496	-0.62415390852999963
-0.40378350528368911	-0.6201161511381158
-0.35179559494970036	-0.58355769429410054
-0.29503209974839317	-0.51008324428446261
-0.23262193601794767	-0.41223338046363844
-0.16181459223258979	-0.29585989812127239
-0.085492111252456218	-0.17663385573824811
-0.0037668890437910583	-0.069054765742688901
0.077802645237501619	0.017510938417480561
0.15590350739051054	0.068388697239149254
0.22368696658401313	0.085003376459752811
0.27529756962202134	0.060805788607435726
0.30444249939792062	0.0050435338069605169
0.3029575144193114	-0.078928030103364299
0.27060143464756037	-0.17998136373603213
0.20090488534658862	-0.28908055514094155
0.10438820911633315	-0.39659536416756846
-0.016674138866432722	-0.4921105670784276
-0.14401387106829705	-0.56894520268430115
-0.26323637791383697	-0.61766665175331081
-0.36044617035231186	-0.63611466467595268
-0.41608616163934853	-0.6174241581870451
-0.43274653528042173	-0.56627701402174191
-0.40040220460625381	-0.48125920362527513
-0.33734189339672821	-0.373793374602228
-0.25262242246231481	-0.25063354863228321
-0.1639144140419766	-0.12437157493537362
-0.092061872736179953	-0.0078911437509527876
-0.036601472270885088	0.092929246299858451
-0.0099870481024611872	0.16669653591030273
0.005688880359852524	0.21707071689783605
0.019281262229574818	0.24142299634763412
0.045493856482062528	0.2472266691497805
0.10523187043994441	0.2400802631516859
0.18874590817492343	0.2229792865665447
0.30345276057874393	0.20205496927154049
0.41875907451391042	0.17349867412211686
0.51420142237421695	0.13713166110055933
0.56680681845753866	0.088195468703526139
0.54281453343653074	0.020840654116398391
0.45412437058064714	-0.061838578744706503
0.28710210926989427	-0.16264059950002874
0.084589091845269679	-0.26973713035511437
-0.12773732265732021	-0.3763232057289197
-0.31201940494259567	-0.47012725860145421
-0.42088242030661122	-0.53756149541900866
-0.45720002593945769	-0.57576963020169558
-0.39338692681056009	-0.57458040082387041
-0.27344524487797028	-0.54235094216909552
-0.11683140912146313	-0.47996325860250022
0.030402796554704972	-0.39967147955373855
0.1174874921775249	-0.31166670961069792
0.13912053697347998	-0.22302002766380766
0.058939832948449504	-0.14411931850853232
-0.08064462820876335	-0.075205269017653537
-0.26709363869041253	-0.02043807451935872
-0.44715694484744728	0.021552905557105199
-0.56897568410133148	0.051486032498439853
-0.61583647543277453	0.067157948828612132
-0.54235383933740244	0.067690039802368915
-0.38268520869193001	0.049826438514071876
-0.13733367428242838	0.0092254979653324104
0.13812321712354381	-0.051734056310851768
0.39856302847143027	-0.13567071188931643
0.6121173398361528	-0.23193447644494974
0.727606488828204	-0.33513152595512258
0.75784176578631424	-0.43211184308722256
0.68539037616929044	-0.51007159621158593
0.54980491222739591	-0.56257840419673744
0.37448185789037336	-0.57717775799755533
0.19045674357859205	-0.55913220972531574
0.035851423347853364	-0.50526356350657087
-0.087196589778396505	-0.4284395542503725
-0.15781098446024586	-0.33647976580605954
-0.19408630159129003	-0.24135045547932168
-0.20193832695355915	-0.15609271783556622
-0.19702701454183727	-0.085301624944979698
-0.19706006915933741	-0.039197053038157355
-0.20181002416280278	-0.013945684199280555
-0.22045716875640664	-0.012217013096840219
-0.24248594020107203	-0.024722478208503092
-0.26277297559559087	-0.046516725798602887
-0.27432196463052994	-0.067239627175629646
-0.26732843187576011	-0.076949191833252092
-0.24509350979216118	-0.069445651480267934
-0.20473526633118674	-0.034158591599022126
-0.15499841959098576	0.025742039637458181
-0.10184664275138039	0.11504236238174044
-0.050741138518804955	0.22044458617469592
-0.0093889105862723712	0.33559575788779727
0.022983770826130956	0.44444748568180764
0.043724394240671725	0.53098478696104534
0.055404679737277689	0.58875448086631688
0.059560710895380939	0.60231012598240929
0.056646885738735109	0.58261652138169862
0.047580924494704337	0.52826953291680623
0.032508944131889199	0.4609295188317834
0.010525231419104542	0.39714976101959754
-0.014297002816928405	0.35084735438611997
-0.040885604935315296	0.34421394545265016
-0.061143116609760628	0.36897916126587138
-0.068391750709975468	0.43284363646996304
-0.057300340007045883	0.51008599479373562
-0.018465246889620195	0.5842270005610597
0.042573904625277215	0.6352408666309336
0.1289963437755362	0.63539544350654531
0.22404914840776574	0.59133058257919657
0.31787860297699744	0.49003553278729767
0.39296631689585287	0.36272995199271063
0.43006963991916819	0.22659921222943125
0.42450763547533149	0.11073541991946939
0.36048972401467244	0.050276267296854152
0.25210218422620279	0.04427036895952393
0.09990394161792876	0.11487016056253932
-0.071313523816803115	0.22790187116856298
-0.24291571465853587	0.37004199734250187
-0.39587275767759422	0.50089217223268401
-0.50517341963279727	0.5798222798129169
-0.57012728313920535	0.59420406417166816
-0.57598976930355084	0.50885293212182503
-0.53991212940963607	0.3508077794639346
-0.46687192954511214	0.1200083818785242
-0.37864564640516696	-0.13743249346145947
-0.29497278166434343	-0.38561425711324127
-0.22694182647222744	-0.59396060020577923
-0.19401186151883318	-0.71838608295232675
-0.19081061985741865	-0.76351750865722279
-0.22322270407153585	-0.70907561499281035
-0.27693658626031709	-0.58569315906833153
-0.34323983506888717	-0.4070338809592457
-0.41121976344282068	-0.20372556943924452
-0.46710526139890207	-0.0074301476318417714
-0.51075916636862684	0.1712910474369693
-0.53530271198089496	0.30849089255888135
-0.54718959966027647	0.41266482315732267
-0.54930300551907774	0.48025208585952939
-0.54547573912299041	0.52347412384577063
-0.54175425040221148	0.55206349538746002
-0.53438079437553077	0.56992610183839987
-0.52404580888335539	0.58551565248975823
-0.50345119539102945	0.5949212818008498
-0.46634872117701065	0.59804210845950201
-0.41027922664236544	0.59190188907134433
-0.32844114765188082	0.57254917721795773
-0.22761346509285293	0.54280870065931386
-0.10812776923541	0.50245635163469082
0.017475332204156546	0.45668719028775134
0.1401097424533313	0.41022417413841378
0.24908033841065788	0.36425950329719009
0.33186064778820878	0.32254293338542811
0.38485862137288174	0.28212475539053827
0.39915563876871812	0.24127690565875237
0.37820494123635806	0.20008420373495339
0.32006271183841617	0.15517725052584846
0.23200150477301032	0.1151906382921966
0.11769794534615428	0.083947228462240148
-0.014003996703225847	0.072512814440236439
-0.15612226363785259	0.093228520569602402
-0.29939449414676633	0.14609121546110154
-0.43513440023818412	0.24161862924985725
-0.55463170421729857	0.36058930170620684
-0.64801973144142822	0.49674743019628226
-0.71008138476241212	0.62171377206782319
-0.73197931468652377	0.70971880384742836
-0.71470760360777774	0.74667756536465213
-0.65397850110306877	0.70426216113514062
-0.55680015613002931	0.5994318736272165
-0.42505558841573332	0.42657533046353913
-0.26983243522874989	0.22507660069674509
-0.09879106696829705	0.021876271114221513
0.075903696030497986	-0.1513065838656234
0.24326564081413882	-0.25247079840895414
0.39209857483851479	-0.28552205997466534
0.50992082017729223	-0.22751358639566727
0.58960262002364427	-0.11700162071607774
0.61934468791475328	0.028784147623483053
0.6006739348922574	0.16881083997961185
0.52678625943501245	0.25890625476400358
0.41087541276854722	0.29125867137074346
0.25666785146417137	0.23229829108256567
0.085761357963397955	0.11512714664521766
-0.0850791372430931	-0.053204579918907133
-0.23762862173149316	-0.22811113515701228
-0.34884621741321398	-0.36801814513937792
-0.41641459079191423	-0.45684128927438095
-0.42509132030013291	-0.45611663619172754
-0.39061079206263982	-0.39140864429771088
-0.31621173780242862	-0.26151483641271617
-0.22413869915736656	-0.10827208792417356
-0.13396819766448523	0.032878223183510261
-0.056943025349285303	0.14395208188087977
-0.013033175746334722	0.18817948427184561
0.0043664341345366741	0.18647701897190255
-0.010109529139986089	0.13533899194358406
-0.040519809834015548	0.071262247249684746
-0.075710792381560879	0.02478424545116795
-0.10668488970624715	0.010277443016060865
-0.11892395994800159	0.059548088054871669
-0.11783605189192672	0.15083226620112072
-0.10002763694602038	0.28435981834797608
-0.077385305381523911	0.425955726827003
-0.059395894567591097	0.54517158573927027
-0.04986513461848268	0.63105740066943605
-0.058838643261811333	0.65506379540257953
-0.077083595026674986	0.63954050943850504
-0.10290098120639236	0.58731929096647639
-0.12373496923591375	0.52840473770319396
-0.12715548183958339	0.49270960668472802
-0.11108624444253805	0.48334116814223232
-0.065449682475739693	0.52291846894804361
-0.001819618646056994	0.58281893621468317
0.076080319172965094	0.6520647160484736
0.1547771210503936	0.70034069834034851
0.22007433860834652	0.69253184231272735
0.27041865931412595	0.63206008607747677
0.2957114016284289	0.49779153427156553
0.30739222419318857	0.32827864654210537
0.30970197101634933	0.14221917011482393
0.31413840446057467	-0.0219566531091583
0.33423199175411566	-0.11959915969473162
0.36812546230815318	-0.150668867018136
0.42351602843086372	-0.086656862113698052
0.48527070865951094	0.031678227427951962
0.5452653279941051	0.18809654753680655
0.59017067935458301	0.33755069061667081
0.6030140973184438	0.43250649189011553
0.58660178191301005	0.46418436883083625
0.53214032622048735	0.39678134615332017
0.45745588565372464	0.26383343735776293
0.37167804121437459	0.072607112913032387
0.29210310921823246	-0.13389197337240069
0.2388659769087495	-0.31506147620907526
0.21258051250461082	-0.45642499957109423
0.22591569586859958	-0.52249986593364595
0.26284107931187328	-0.53570257450401304
0.31739493779406613	-0.49572702827536702
0.37204008323253113	-0.43525833836522948
0.40802275404861382	-0.3832534110735426
0.42303094568997157	-0.35059076384621596
0.40358469552926335	-0.36398908566357552
0.36443411621282978	-0.40488476822231434
0.31000828223403121	-0.47255532961748525
0.2577903454244676	-0.54019607963433536
0.22537289436489474	-0.5839044240611404
0.21685669330120577	-0.59425159298386843
0.24662568301045615	-0.54917399989345794
0.30142292247991492	-0.46267350036327315
0.37897245599874063	-0.33384803212689829
0.46071526843831956	-0.18534576219461063
0.52985296662339854	-0.035476881948179627
0.57882772898305423	0.10364674399328692
0.59139220504147771	0.21257672141417405
0.57681658833807226	0.29501244772223378
0.53336436796470632	0.34454829670678572
0.47780830678817537	0.37205094500751201
0.42351668916210106	0.38394810014413366
0.37896643971787369	0.38715104326585303
0.35949471236793995	0.39105655247107118
0.35788910362275222	0.39463584443191257
0.3776290124195601	0.40192443964522712
0.40197618539041891	0.40712620473523942
0.41939196033097648	0.40773439834883912
0.41775696268770512	0.39791636491488119
0.3802540593200136	0.37180182580204574
0.30943786378474036	0.3269969088377464
0.19711794908206182	0.25792141818684855
0.058712303741373359	0.16826404620567761
-0.099144344033004261	0.055948283776443716
-0.25829264026567061	-0.067310460513642034
-0.40204786782386648	-0.19592977472398657
-0.51935138797534741	-0.31358717803252562
-0.59375962633878587	-0.40545765603131362
-0.62474267272867201	-0.46146639753740143
-0.60384894368947373	-0.46433963888300167
-0.53839988464992983	-0.42084922311468365
-0.42879350487152218	-0.32451449751250266
-0.28734852940049199	-0.19781918570821344
-0.12141265953625696	-0.053610469114702609
0.053703024219230393	0.085682678331370249
0.22551285870126234	0.19496225509005569
0.37819289059868666	0.26938816255833664
0.4948862423600639	0.29048915961330662
0.56620602354154814	0.27406067227468461
0.57543326014185614	0.22319387054928702
0.52770732528186082	0.15753028135291455
0.41561586898145392	0.096535229334736905
0.26009508654229574	0.043828491301463372
0.070777586746405996	0.01457593897604097
-0.12583822082740267	-0.006395387741073854
-0.30501875406144907	-0.024126249991392387
-0.4518369217903192	-0.053847372926064403
-0.54075956101547773	-0.1145441580882617
-0.57887130511860674	-0.19999333744342954
-0.55712399759541642	-0.31968971207945973
-0.4983828451052888	-0.44546447617218443
-0.41578943785314298	-0.56086606528940641
-0.32946646869807733	-0.64023755634310531
-0.26343340628006817	-0.65133887420535885
-0.21914151346140101	-0.59746791056367576
-0.21150634740681784	-0.45950842335331121
-0.22415449384892591	-0.27246273870310345
-0.25163385509150948	-0.051463570347524579
-0.2760960385857798	0.16299648659507143
-0.27880635853025615	0.32998195193584651
-0.25697159698679845	0.43568876715178084
-0.19668413494173106	0.44500462513928762
-0.11255248982017971	0.38091879145122981
-0.0083459518359418651	0.24136562202294171
0.097325416390673505	0.066397538603422457
0.18702544031322699	-0.11347772391952689
0.25346316549631248	-0.27169174902697768
0.280697573679135	-0.37040170474770184
0.27724268179142175	-0.41292310255079662
0.24137470223520216	-0.38154365130800422
0.18786603033277546	-0.30150392684016225
0.12829898062252643	-0.18341685475475505
0.07052000785822754	-0.053453094563584415
0.027594134474547474	0.062539000473271711
-0.004552028032817141	0.1529795859931572
-0.022169065389255751	0.19613752927891395
-0.035660363496841464	0.19661834213397011
-0.051949444561412345	0.14709229936334256
-0.077726485397062992	0.061633979245107176
-0.12282371788284317	-0.05365199055156622
-0.18473849902972533	-0.182185483394943
-0.26785898720423706	-0.31004166149540613
-0.36134501021876297	-0.42315003065743317
-0.46040804009149006	-0.50494898964332391
-0.5512813025715384	-0.54898702178999481
-0.62143678477324971	-0.54137253066307645
-0.66236967461914653	-0.48786415433872687
-0.66008101310301814	-0.38381945292104874
-0.61852522812540622	-0.24655006389184006
-0.53081935495517174	-0.085018590030007404
-0.41547661248114637	0.080370304451671995
-0.28049643450063638	0.23006563933523924
-0.1505372115570795	0.35254375985733272
-0.048527421487096781	0.42875326564249194
0.012343763791555707	0.46172641330905445
0.0069009019266471835	0.44388657257495689
-0.051825673615019226	0.38800900376594155
-0.17108160730190636	0.30005106288307348
-0.31521440768044712	0.19288983261832088
-0.46209843666444528	0.078590864282432393
-0.57839877862025146	-0.034453891979868471
-0.62421252260574323	-0.13547688294589125
-0.59711801646014384	-0.21953936653878836
-0.46969056028915862	-0.27923328772712119
-0.27703638635121758	-0.31119903215197242
-0.029317987183961863	-0.30899279615283931
0.2260581179445369	-0.27445909260303919
0.44573148847886085	-0.20314766293190098
0.60740139574340768	-0.10749901781088708
0.66788832468872261	0.0082399289944547205
0.64646819388094479	0.12393864533705165
0.53389994118347994	0.2227787768439691
0.37255499365507183	0.29057687642724472
0.1920555257878164	0.30585903436716444
0.021408233145063037	0.27367828418604867
-0.099430810542629491	0.18426578576261227
-0.17368756528479282	0.06061325030795759
-0.18372057819426066	-0.085101946438943032
-0.15217601423056817	-0.2302056381829844
-0.091275070541397052	-0.34881875304024906
-0.014651197675141441	-0.43837863203820143
0.058023378815404876	-0.4816435417416069
0.13264378679575922	-0.49677163365464516
0.20568937799485373	-0.48980850805785869
0.28573525526965027	-0.4798500851869244
0.38391569948381143	-0.48866538943634746
0.48903252834616723	-0.51428070861018516
0.60332476987824857	-0.56996636687709079
0.6976150740056144	-0.63175927953778133
0.74931602158174004	-0.68768292874584858
0.74089684784440746	-0.71504793811132017
0.6401208762760664	-0.68613542874329247
0.46851842299618923	-0.60405739029815264
0.21930091450942751	-0.45254661541928137
-0.054811656857307781	-0.26202181625479631
-0.31710489183127627	-0.046865580492681774
-0.52635058474531493	0.16108092584328099
-0.62620665875918136	0.3269117808468337
-0.62530032811937353	0.44543866447742292
-0.49503699514392291	0.49152972822262825
-0.29074001877798616	0.49010963559179316
-0.039268555639785971	0.44770710687290755
0.20257938497184344	0.39437812321761267
0.3725670608808378	0.3606212597333403
0.46015151410066452	0.35163745484070807
0.41988818039969888	0.39098606967079286
0.29424513633715293	0.45409041119964855
0.091184723531215317	0.53398074353671532
-0.13122041742666832	0.60139555641291054
-0.32100421572431764	0.62594096363313156
-0.45188462040574812	0.60404435708487958
-0.4729957659406881	0.51229307433476379
-0.40612302523981897	0.37981339215035825
-0.24068633733456624	0.2154882099798657
-0.022916138332425798	0.056634997348008573
0.21559486456095311	-0.060613231911827527
0.4415135456086049	-0.12382021127742929
0.61155627781508093	-0.10060219905040502
0.72398185775018142	-0.014668606925904319
0.75593653264958438	0.13447866048825247
0.72747432352020935	0.30660082362846913
0.64427740555468416	0.47005692098574031
0.52660756343156045	0.59955159378847289
0.39389781173938881	0.65712398558477447
0.25431663594080206	0.64912962790653717
0.12296641623387963	0.55993968048581655
-0.001521516999167879	0.41754640227022966
-0.11502507853353863	0.23612403560300138
-0.21891415269892678	0.04149779002936383
-0.31407680501099522	-0.13870398403327333
-0.39783640668703596	-0.29571646685821806
-0.46935811264962857	-0.40969504411740587
-0.52400463729857316	-0.48625074919754441
-0.5577382352727891	-0.52167885645358947
-0.56792544077749829	-0.52408202865273135
-0.55024317819087831	-0.49890619123682683
-0.5057225316329812	-0.45041683053683046
-0.43242467387067968	-0.38356295893420611
-0.33493626334169035	-0.30173992371928249
-0.21435292094342151	-0.20763010616120531
-0.079208932063670912	-0.10832141670498668
0.065400020224114216	-0.0092710963302869067
0.20806250807947346	0.081946465297693311
0.33879375144788371	0.1561582825981028
0.44821812389808596	0.21270290233823272
0.5238407494196754	0.24484226400512896
0.56503459669556644	0.26163320385867594
0.56363917534730656	0.26653949193694082
0.52975998654859169	0.26960226639242135
0.46601257209906771	0.28225174939219805
0.38670631974243269	0.30378445893058958
0.30428848258165475	0.34210283085213966
0.22696100633856908	0.38281933377325428
0.16780591319021212	0.41959850424373046
0.12463022687394851	0.43618657430793922
0.10209185961544417	0.41482625815256141
0.092720168126831551	0.35369264590046406
0.091680403822859705	0.23870960623507823
0.095722794821344562	0.08887351766139201
0.098450927677887351	-0.091267536366731294
0.10446997849388122	-0.27244480201248633
0.11425204115504758	-0.43058176736570047
0.1337999488640027	-0.54555362319261214
0.16991567955256187	-0.58808914616640284
0.2206738929188492	-0.56155106665607057
0.29017908556964367	-0.45078575421810441
0.36714372471079587	-0.2820710679632123
0.44552393174673721	-0.065251668882157554
0.51369324068850375	0.1655264791087365
0.5581104561860708	0.38070659415399399
0.57847588772705216	0.55667646908030954
0.56582479710285716	0.66007539977405061
0.53261113205207611	0.69059209520072284
0.48345854002202904	0.62894464334707822
0.43289318367793617	0.49868420303574507
0.39628786402516225	0.30520421501962786
0.37572631349059332	0.0836959214946493
0.38303008913088504	-0.13810572357896492
0.40435851806209289	-0.33243841474121943
0.43581281449683412	-0.46384196983869369
0.45938887420207963	-0.52767506499143746
0.45745682332363674	-0.50042467028591353
0.42499518493761379	-0.40324572166946188
0.3459737015772007	-0.23793863662867534
0.2357888410169591	-0.039053940632257408
0.0960565281546997	0.16733505942219298
-0.047911865846134716	0.35399629033476909
-0.17529826976045854	0.48686404903607428
-0.27100685887538922	0.56036591823697945
-0.31063209091997457	0.55215086866605323
-0.30128504734333794	0.47848903320080499
-0.23453447393046198	0.33961327034326722
-0.13260183540281609	0.16128437394843967
-0.0085249358265303901	-0.037835611944900427
0.11857649704739467	-0.23621757938605312
0.22632593586148722	-0.40932689050692317
0.31145597536903147	-0.54751809102091897
0.36053434467077694	-0.63208696741194981
0.38167911336685506	-0.66567515950041778
0.37679110826259499	-0.64085010685598254
0.35108978684315278	-0.56913019671478104
0.31173777491487253	-0.45421333298114813
0.25480639431951912	-0.31212840522014773
0.17977823992349962	-0.15533952903862439
0.083582118459231289	0.001761069784428993
-0.040885169876777233	0.14251267776298354
-0.1820450106103931	0.26125664241130242
-0.33893347555692377	0.34520214344708455
-0.48680970565153969	0.3990849707739938
-0.60607682641425964	0.42059422687623271
-0.6803389559058457	0.41807915372988413
-0.68212189879126917	0.39849538869696027
-0.62506372077792205	0.36371284810387555
-0.50079013368585756	0.32004858861563934
-0.3478640038420619	0.26111682657847884
-0.19203401413975452	0.18366564367065011
-0.06336842670028725	0.084610500561076468
-0.0037969576001755691	-0.044592006336035869
-0.0034839278671477125	-0.1908172025782795
-0.081835132889750584	-0.35249841726496695
-0.19305586566204364	-0.5035050433567323
-0.31100336648052945	-0.62267625940009275
-0.39612758882642546	-0.69353603773671135
-0.39729724818290657	-0.6873506484332268
-0.32311329884060258	-0.61973237686122951
-0.14670984062544792	-0.48258774722139963
0.07664384758529727	-0.31830031309310763
0.31834090640086987	-0.15528864967985703
0.52525997753584419	-0.027354216309929229
0.63463818254836446	0.018896567837280262
0.64679322251695825	-0.0065399928883896497
0.52215697694381291	-0.12621431249060497
0.31762403211609413	-0.28909265508824644
0.056248850647573609	-0.46754362355800422
-0.20001631693937874	-0.61391061563011595
-0.38483265049076049	-0.67051799162346415
-0.48830539628769748	-0.63979146664880482
-0.46161588557048261	-0.48640823386581383
-0.35519704330761276	-0.26593821944661483
-0.182849014250067	-0.0021472672451967184
-0.0056514702906916327	0.24487518262436114
0.11496770186521964	0.41011422890340388
0.16625300190402981	0.48458041117166917
0.099284330989910158	0.4206330166193315
-0.038872402015857753	0.26921090115642637
-0.23792429520219588	0.044035241983071197
-0.43647242655432261	-0.19088163758080548
-0.57558451163799995	-0.37327106048619707
-0.63756773580051873	-0.48418091072022013
-0.57132063156441371	-0.47061692683011375
-0.41813687296971441	-0.372436868086504
-0.1816689870850626	-0.19287655566978951
0.076261052652842831	0.011192457602107705
0.30224143848642399	0.18842226085489489
0.46738914630967665	0.31900610707728566
0.51719694290631057	0.35559021992472578
0.47512564784960498	0.32946777652272619
0.33020485671844091	0.24097308485504715
0.13122100827972333	0.1356289760023863
-0.087504709450216642	0.054638299544798472
-0.29354694864077591	0.011295307967972465
-0.4420704421480246	0.042709519274093125
-0.53598375989561187	0.11863798649372717
-0.55523635651444847	0.23497223506400447
-0.52387031073881973	0.35041836576742041
-0.45288728500018177	0.42645814605220561
-0.36135798283793386	0.45065610135828432
-0.2712481031190685	0.38888206374645223
-0.18487432229226239	0.26770188080232482
-0.11461385189211813	0.088944617410915375
-0.052250785527850924	-0.10730954626517362
0.0041039603282922877	-0.2872724891558609
0.061053642730804131	-0.43023896909856935
0.12593470325643036	-0.50066957154513558
0.19843667186616473	-0.50927869258223657
0.28261051792247993	-0.44507668090883812
0.37270836479768465	-0.33763626413991149
0.46730796402346714	-0.20377673002176852
0.55748340048416212	-0.070768746859354192
0.63707789502033507	0.031926709989342793
0.69636179129498221	0.094061273937141615
0.72503227595787567	0.091842139201557774
0.7186520408892525	0.036441648010513569
0.66641997783924301	-0.07842107908395736
0.57712467384793908	-0.22417918283667346
0.44870420317861665	-0.385274694888317
0.30290899591185255	-0.5289618220292629
0.15413380038752775	-0.62205065358989908
0.022383736091005354	-0.65031557359086889
-0.067490723497249022	-0.58125229263028
-0.11563089202266205	-0.43650692030612848
-0.10624683789521941	-0.20994974900374822
-0.062281823340778399	0.047596059040766012
0.0069765475155849008	0.30201983104072527
0.076351231961541047	0.50931380626257816
0.11773996218441901	0.61342770483144882
0.13063080936016747	0.61637841138462202
0.095807394148516342	0.48395905822516061
0.041280800285450885	0.26879062248085456
-0.020908881480272042	-0.0087206574546878704
-0.062065051527237611	-0.28613743307585982
-0.047792051421268217	-0.50029524902873068
0.01685303314810464	-0.63296918746466335
0.15244229493023051	-0.6308729615038321
0.31648385704264376	-0.53602622288587265
0.48803584022164831	-0.35155660912474279
0.62302034436028497	-0.1408538760176507
0.67054115939836123	0.040411876603604208
0.63011133593188162	0.16595404332883781
0.4671106059668777	0.18021351338585548
0.23304271521307537	0.11533770302888924
-0.05325303313750919	-0.033513631217417614
-0.32840357952571447	-0.21093662093649346
-0.52955786787831827	-0.37089149820986478
-0.63631058454548639	-0.49012620501859416
-0.59364683827217779	-0.52059298390531539
-0.44254430580079013	-0.49063916526684148
-0.18326655942542633	-0.39723793988236061
0.11705897876407077	-0.28646396914738109
0.40379105112826658	-0.19873615960504512
0.63920759202183375	-0.14799496659163958
0.76161914715379631	-0.17251580166234232
0.78828662482166589	-0.23971270270362274
0.69985948841586665	-0.34434789125563303
0.54448261836668677	-0.44265222791250231
0.35263441442324722	-0.49208393904343833
0.15796378201947428	-0.4837231488633571
0.00528845381322798	-0.3825936599273897
-0.10841965211817123	-0.224322663584098
-0.1638813404995049	-0.017680916962576444
-0.18320071026660695	0.19173847472364267
-0.17870274599392416	0.35971303289519646
-0.16044559549039986	0.4733601205204821
-0.14651515826335546	0.49588013144170384
-0.12515316379210339	0.45480149445807821
-0.094844694830978418	0.35309549013510005
-0.042945591062235125	0.22763395701613853
0.047397011160279064	0.11261395717087996
0.16507191909700786	0.019031100585867874
0.31517236952085498	-0.023994506000545132
0.46593793754059287	-0.036639290774100206
0.59477598965430012	-0.020846098985973407
0.67927638846696259	-0.0021955727015074062
0.6849941750439601	-0.0056302965571289488
0.62544118050219	-0.035007288090761896
0.48882183927632078	-0.10906872261636053
0.31661338247841836	-0.20810171144226033
0.13535577461133241	-0.32608410416222983
-0.021934750062619801	-0.44068586123392434
-0.11128883608934984	-0.52889545520602255
-0.13902588254132156	-0.58673519939922247
-0.08349226121167419	-0.59737434616427598
0.015362301515706776	-0.57636055095969996
0.13697016462370365	-0.52736705434053954
0.24483870021887377	-0.46918635336796261
0.29549803781129719	-0.41969411983570698
0.28931226417328815	-0.38531407010110735
0.20008997622733601	-0.38142477930154611
0.06402777303299613	-0.39903734289061837
-0.10439530067182186	-0.43953929195779295
-0.26621798499969113	-0.48717989473283146
-0.38040826569001152	-0.53045638384317151
-0.43869936112439339	-0.55801239718525431
-0.41035058351234793	-0.55459190738313502
-0.32175163710957322	-0.52039114288140942
-0.17724723921938978	-0.44625843170785418
-0.012231662908440577	-0.34498144773698297
0.14144712428492032	-0.21938163569837385
0.26880548847250596	-0.090206011054611082
0.33980814797678083	0.026371960333353033
0.36776207862743665	0.11381018493104471
0.34760360330371814	0.14971408724705468
0.3044093991794305	0.1354676472912372
0.25712679977784658	0.056940706762876499
0.21908015892980789	-0.061718894897726743
0.21262838984948734	-0.21259010523724092
0.2296151479101636	-0.36112272159547443
0.27641790437681069	-0.4765085455833874
0.33179412478851583	-0.53960051193419312
0.38195898112957366	-0.51596134739696975
0.41091682532933566	-0.42065347753508348
0.39759809971341364	-0.24290078233816897
0.34343970507732191	-0.025781625276497858
0.23679641165723997	0.20498185229904392
0.09584505345678429	0.40809710404066424
-0.072832971818495157	0.5362078742952856
-0.24609658503821916	0.58178314962787847
-0.4029178190228796	0.51031743157552001
-0.530375940214313	0.35537791956881298
-0.6068869291475153	0.12185336667800278
-0.63741267636349963	-0.13872638647876226
-0.61325752803372491	-0.38428298256106996
-0.55381009780184831	-0.58157321866546641
-0.4689834025101447	-0.68125026248321574
-0.37850857873422039	-0.68954664488975215
-0.30352230123866014	-0.58361250171238199
-0.24972097229880383	-0.40134818578675296
-0.23399940584764378	-0.15901020425865839
-0.24389904167680776	0.1013197699750337
-0.27959246917316216	0.33913671608487395
-0.3200810534839833	0.53345417072281298
-0.34874108800236975	0.64712653167042689
-0.35262037737772123	0.6881261947093894
-0.31110685501438051	0.6432831320923158
-0.23055642804061738	0.53887901218795609
-0.10284163869532555	0.387586435057863
0.049199484949024541	0.2170625778762458
0.21397875302391076	0.053919324908060465
0.36587410867859466	-0.086034845057380155
0.47965825774711057	-0.17813900577051681
0.54255872230661828	-0.22233861534713256
0.53060454375405242	-0.20596923380200477
0.45216386996412261	-0.14219962918859114
0.29836713188637815	-0.033454387322767475
0.096956521693234779	0.10069838506794342
-0.13885641616576216	0.2458327890169916
-0.37434930757245216	0.38409761542558252
-0.57805625390264215	0.49536454016189368
-0.72699628422488438	0.57203900935845864
-0.78601580488323619	0.59758344163703825
-0.76016678542698857	0.57869859539812785
-0.63085627997194627	0.51078515005902503
-0.43386544116262427	0.41120576119108387
-0.18281139274099095	0.28967733155111253
0.074406724469510452	0.16453779900004556
0.29428148089495731	0.054588783428332094
0.4500206190448196	-0.031843858495763253
0.49462675286109825	-0.078319007644411923
0.44520783847227752	-0.090380831505856685
0.28589114975658936	-0.063472119983427014
0.068621347406791225	-0.011455886704034203
-0.17564614669124454	0.057303789765060703
-0.39981634223863027	0.13086731434157739
-0.54758358902223836	0.19560041123235217
-0.61562444489891643	0.24822304400277415
-0.56737326386355724	0.27936854866236255
-0.44625100728889844	0.29366253208556348
-0.2662362439474984	0.29058173407238197
-0.079090505634786618	0.27620609185566003
0.063426381026502082	0.25560551135550424
0.14733073174572464	0.2312868263101262
0.12976125910054218	0.20783361596416244
0.045590945863307406	0.18408554971844429
-0.10063797290547655	0.16065625369485625
-0.26079454149259984	0.13680743697487502
-0.38973891677859185	0.11111877528726408
-0.47395552592173151	0.086249994812047481
-0.47384500377073491	0.063130825161314116
-0.42251888413481958	0.045530931767632905
-0.32521340779592295	0.037540279841585894
-0.22595508868460171	0.039127699661222322
-0.16828747278698106	0.053572509934150685
-0.15889570471829281	0.075033210582275245
-0.23274082558705761	0.1013754896527336
-0.34853869189953429	0.12475710147743431
-0.49323965342122489	0.13744530489354193
-0.61710127148292071	0.13697727443242613
-0.66846694393746298	0.11619728942767073
-0.6400295109842028	0.081451294309797806
-0.49144386488820546	0.032927676776638909
-0.27016724730516939	-0.018056613640150494
0.01035436574932256	-0.062826560090306086
0.28843228508985796	-0.093267976831822849
0.50491510345434021	-0.098050103924834445
0.63874499905723858	-0.078147647112660465
0.63676793057264947	-0.027559758984119408
0.53612114935959487	0.044117660937151894
0.33599000851535032	0.13334843191961662
0.097076161499251842	0.22795424499815631
-0.13101183409929001	0.31689651652505146
-0.31580933757322421	0.39321988981656847
-0.40243717017788555	0.44566558134949352
-0.40853038843670597	0.47610528799454732
-0.31904930126331726	0.47946916667194328
-0.17713897274245405	0.46532305370999
-0.011753871759126538	0.43781060662321297
0.1495739071738604	0.40812851877317541
0.26769842220219897	0.38719868199472285
0.34850674646538793	0.37998915838253466
0.37752639914797514	0.39750587362701606
0.37669010026050576	0.43255712877583496
0.35988192039132233	0.48731760945927416
0.33677532699158014	0.5446940876198938
0.32554562610734322	0.59360826033807457
0.31457137254222817	0.61819003783063697
0.30325810686894195	0.59899169379527328
0.27670017782627715	0.53566783486974923
0.21851843967809875	0.41450573280276093
0.13253891642189713	0.25615966595921058
0.0089524760393441399	0.066304286977460991
-0.1277145591582397	-0.12383425521417313
-0.26429297589765716	-0.28763965400481017
-0.37652057908286674	-0.40560772980378784
-0.43658797363575857	-0.44638739188656845
-0.44196754622934092	-0.41890306704389596
-0.37364520142532576	-0.31025338301011418
-0.25327099047949153	-0.15456464622988503
-0.086931427709960582	0.03013001662258883
0.097696971508586083	0.20845243850158596
0.2755879954612579	0.34259787317454038
0.43270421885056115	0.4218129315277831
0.54519739331322226	0.41563717661470262
0.61747377633169032	0.34538700570156078
0.64180870996503125	0.21042369015478743
0.63074669212012135	0.046152170727267502
0.59133005203849431	-0.11941699293737204
0.5323406377752441	-0.2647393861449277
0.46403332567514877	-0.35660078153576436
0.38903136011068945	-0.40200005746255002
0.31277661695696246	-0.38828190518558653
0.23706807805089972	-0.3411946586223365
0.16382427354844609	-0.27517288756899122
0.098128434367659445	-0.21150257564966718
0.044218929243259861	-0.17629534908533256
0.0065488748812054416	-0.16950884988162307
-0.0080646520011625859	-0.20568129107023322
-0.0024751627032735639	-0.26718258579395482
0.026526090733078874	-0.34727529960005205
0.067569407252328836	-0.427819688306802
0.1143495771273241	-0.49013436247881792
0.15488187433103001	-0.52910682342435589
0.17588697975198328	-0.53086099201934744
0.17494346291631763	-0.50300622012538032
0.14189078464279833	-0.44531132392346889
0.086666951942067513	-0.3674218313312636
0.010917789768339433	-0.27749909915994786
-0.070640694890337155	-0.17976445690993711
-0.14552358634706888	-0.080714583848753879
-0.20539178574417541	0.018315212513739333
-0.23617593405621737	0.11556401745046213
-0.2425818960995785	0.2058119733455458
-0.22005272263570105	0.2862918133031781
-0.18230749680397068	0.34788485043610923
-0.13745516495527407	0.38178726524485657
-0.09776918821655059	0.38428718867030687
-0.077791807046916517	0.34500576679340911
-0.078825629800727728	0.27514013469449439
-0.11065582091010639	0.17508036447176187
-0.16237695260086973	0.066868791152556284
-0.23170357659703505	-0.032635801091150538
-0.30256091883612413	-0.10749268759504117
-0.36158488884041945	-0.13398550160099101
-0.39835798757965601	-0.1185823852184498
-0.39698734184388318	-0.051004319710850579
-0.36053498369443998	0.042223579141881566
-0.28167214203613666	0.14654928117679
-0.17567835312860838	0.23633254827953643
-0.049272538286982706	0.28187879460731124
0.079192228750407892	0.28079903318257204
0.19237162319825543	0.21304003375418679
0.28052047688235887	0.10189994030011461
0.32643181716595565	-0.045499106705126441
0.33514673265142275	-0.2006823270023447
0.30071972211074099	-0.33596670473567181
0.23890358239833673	-0.44185480622061973
0.1584441942065396	-0.49492262303624046
0.074416804793620353	-0.50926686353604578
0.003481249173745894	-0.48451798641812893
-0.050370355228443284	-0.44065073222779855
-0.074606177353415459	-0.39614690851656514
-0.078185523091677464	-0.3551157729639165
-0.061135281538988798	-0.3324259610447407
-0.037720872020059817	-0.31428114692434794
-0.019393566048052494	-0.2961421743668991
-0.014622696153371579	-0.26510617005073034
-0.036889138361955114	-0.20437168484301074
-0.082609533700365195	-0.12109528994140185
-0.15717575918974314	-0.0086507677832169255
-0.24714298287228931	0.10841496448333032
-0.34579993942964665	0.21408861529879819
-0.4383378059646289	0.28939552545955738
-0.51002637610508839	0.30735585822554157
-0.55391853495755272	0.27597185464662011
-0.55672041650677584	0.18389502455041096
-0.52274206774593013	0.062197724863601929
-0.44767852665783175	-0.071326909707041239
-0.34408095425830176	-0.18818970267413426
-0.21867226987156665	-0.25441370573887506
-0.084632236555226462	-0.26866909962875135
0.04492334402466247	-0.20956368386920521
0.16307966836924279	-0.10330765376757142
0.25815662450867638	0.041370093986323186
0.33133433618984925	0.19341786401451247
0.37816472448254473	0.32285631809847615
0.40385228544823271	0.41773948807004985
0.41130147170379	0.45185861812421013
0.40296433465277909	0.43802273295301392
0.38323124973040973	0.37243895284649819
0.34919169745861744	0.27870423520569976
0.3009327083547188	0.17374084710450885
0.23385200786778071	0.073779979814401861
0.14253753670173247	0.00040667048128471047
0.029505679609303569	-0.045518351444241059
-0.1094185824059547	-0.051991118786344562
-0.25957309739257783	-0.030856307574807881
-0.41495929517677749	0.015434919182061071
-0.55376144942197414	0.070705989595670704
-0.65682165417649419	0.12209366179165468
-0.71016787811183113	0.15720678271902935
-0.69098203083381038	0.15973750497044797
-0.60664438358776418	0.12857266974063342
-0.44709393702476224	0.052466775280775167
-0.24183641253341892	-0.054490996985873598
-0.0049955360324656917	-0.18968023182773658
0.22734370541737872	-0.32994013241859377
0.42094460263602423	-0.45615520738041293
0.55613859606285332	-0.55356912513705481
0.59817588222945206	-0.59803690315831992
0.55806348367911984	-0.59860900292835695
0.42301119784889163	-0.54665229148367434
0.22966089658914446	-0.4710725696369939
-0.0031275815972855031	-0.39007687173536543
-0.23479833923074089	-0.32712836421231167
-0.42530287027686453	-0.31445273398856516
-0.55425916189691993	-0.34396945394954553
-0.58398411545176121	-0.43089016808629321
-0.52633248230825946	-0.53756405000267848
-0.36834297492637941	-0.64261805985252951
-0.14678061138769372	-0.71243048197701198
0.11961318668717871	-0.70417583002173856
0.3897289174554121	-0.62409237622719671
0.62363083596747904	-0.44845164849984986
0.79905624992286517	-0.22432839348738512
0.87741872762448159	0.024985026145340615
0.867753742312525	0.25186993054337348
0.75457684113137846	0.40178074794124446
0.57286137067139431	0.47220579140564223
0.33926099057084991	0.42670271301189416
0.093250308830352666	0.31251792396861472
-0.12633521507404696	0.14673247581659682
-0.30092447593040011	-0.016599900365368642
-0.39413153949697355	-0.12075246154974492
-0.42056543338707025	-0.15666319204197635
-0.37046875850057182	-0.081191721143540119
-0.28055486073600872	0.060153629161199373
-0.17433855293297593	0.25551881955992589
-0.081658035168161058	0.44708137273501791
-0.040985809148920992	0.57834750961388814
-0.049933782822842561	0.63347709614911696
-0.1303254247256147	0.56447072005997034
-0.24799855480028798	0.41131243697380521
-0.3885985143888353	0.17854585828674543
-0.51452620783017866	-0.07550709558824327
-0.58614162522866708	-0.29923221466033545
-0.59521285062999274	-0.46796275626698647
-0.51047549045611074	-0.53103142566261063
-0.361386967682581	-0.51482566910550598
-0.15284249504540171	-0.41269825057119425
0.072735690314786133	-0.2730859221624195
0.27762443954118304	-0.13335504933366854
0.44283127504626618	-0.020069556005234562
0.53053114044730532	0.023382068985885199
0.55949862327312305	0.010107154935316005
0.52387696145075302	-0.072410552172838011
0.45973514740283294	-0.19068879124101065
0.39535106933219744	-0.32252252039453499
0.3482412778252913	-0.44659633598060922
0.35103645404550848	-0.53237686372372461
0.38667209446483658	-0.58531297361733436
0.4600071543115638	-0.59405514623117417
0.53790193848018297	-0.57846517556088861
0.59387122798812875	-0.55049939011224369
0.61281054969486348	-0.52252466692461141
0.56466722195739594	-0.51261292371526923
0.4678006513005214	-0.51560536695626724
0.3194015300564137	-0.53762758927983634
0.15292331915994598	-0.56289834992271115
-0.0046023393170395166	-0.58159496042394043
-0.13671929645327652	-0.5819673565088116
-0.21302894793016713	-0.54877726757904743
-0.24832701786786393	-0.48266662414439149
-0.23781222629190724	-0.37508437469005868
-0.20987698116753556	-0.23837119469135645
-0.1871134351976598	-0.07628316853719859
-0.18212107419480339	0.093976982028018768
-0.22009759505715176	0.25877609877479718
-0.28584051723062959	0.40364940676952976
-0.38124185937630789	0.51111435845419206
-0.4802158207469327	0.57659111347253833
-0.56098132262124789	0.58671680522332825
-0.61251621758233077	0.55035796488351985
-0.61237340525832784	0.46536773048162616
-0.57304666579277697	0.35142341486174183
-0.49266077195178293	0.22059897355957747
-0.3918756454957899	0.093557616528798626
-0.28819080494277532	-0.0080488374365648326
-0.18921223278624469	-0.075112259321895553
-0.11145858960400548	-0.088564895502276822
-0.045691359661128604	-0.056633801014576921
0.0082672762824604305	0.025735391663368079
0.061080747133517951	0.13776616847937831
0.12466310246368749	0.26712765779586001
0.19544029951838199	0.39353729989121877
0.27919916764760472	0.49509713748488554
0.35977114010922823	0.56432249161619064
0.42659705609599974	0.58320906694920549
0.46863552715329876	0.56141775532913729
0.46863065907007806	0.49567651480796504
0.43466680830836524	0.40677985142944389
0.36174305420616382	0.30822845979408386
0.27185933392449957	0.21863173228359961
0.17996469225863154	0.15976821041637149
0.10221088564386341	0.13563114138291255
0.060783103655482271	0.16242192535565009
0.052530091668796797	0.22529464490722156
0.08757067963634764	0.32326592949255845
0.14827980340172592	0.43094953863720586
0.2250670023669602	0.5287260081720152
0.30394729580927854	0.59831163863599934
0.3673318865464027	0.6137603191362988
0.41644176335887984	0.57843981979938097
0.44263909537866236	0.47914630263223096
0.45791154436925641	0.33964848110043583
0.46890199140405048	0.17048665873380714
0.48300694768535007	-0.0018577726533430101
0.51199310216422311	-0.15025252520074933
0.54939280266777024	-0.26610998351645959
0.5978147831288434	-0.32706517815640485
0.64179657418125691	-0.34731788341666975
0.67018015949316034	-0.32661063602451934
0.67266091389440119	-0.28595017924234456
0.63353556325038618	-0.24400340251324659
0.55784203812258748	-0.20753240402236026
0.43926461312029907	-0.19371307190559756
0.2961609819654622	-0.18997092575372845
0.13782975812220588	-0.19486960582661597
-0.01486754302673917	-0.19217063825289302
-0.14157057439470691	-0.16466469660763669
-0.23147721762937415	-0.11382797881137749
-0.26508375910478132	-0.028074373380715899
-0.24813463755517159	0.070618517897481303
-0.17311440350612811	0.17181290779618966
-0.060299007957670271	0.25247546411928184
0.0807795146501393	0.28635628568033844
0.22540486411184732	0.27266729222321107
0.35050808409589701	0.19339475099749304
0.44161510854053621	0.073965718299540295
0.47438588530472625	-0.076436606753354591
0.45534941629476999	-0.22709438537440829
0.37425144123111581	-0.34755480625341528
0.25710169453028914	-0.42783958784334908
0.11710973101623977	-0.44170467285115683
-0.017578170812856318	-0.4074945772047126
-0.11725372509180122	-0.32465682346823188
-0.1733933990977107	-0.22363833443963752
-0.16080508900790602	-0.12857653475460587
-0.099786222256572757	-0.057847441464091869
0.0093961126485347449	-0.039807917610142157
0.13184300275080116	-0.068652849855157586
0.23948449748404016	-0.15574386703306184
0.3115666211692103	-0.27793760567133313
0.31387982980698742	-0.42389807605006663
0.25872087779203312	-0.56956478574533531
0.13448484503961658	-0.69115304428203961
-0.021332789011409396	-0.77649945609379256
-0.18604393628945559	-0.80398908329060415
-0.32683134277746206	-0.77819186236818294
-0.40350109232597342	-0.69039279337246917
-0.41549508326058682	-0.55883174776277711
-0.33787447561598005	-0.39084973274637941
-0.20358756811545578	-0.21042834112534159
-0.023614912767416417	-0.038290627617253478
0.16107909024875913	0.1084467863171841
0.31154348324331138	0.20520745993630349
0.41075738673897966	0.25364779636541535
0.42224272333610707	0.24005046268403735
0.36542012911212352	0.18596022628788106
0.23380285025962161	0.099547921931054537
0.068634979033456348	0.0072180146178860132
-0.10203390750242353	-0.065158046128157801
-0.24510701758270687	-0.1078103791103843
-0.31882704441421883	-0.097014306186368374
-0.32112595601660182	-0.048762768669840764
-0.22584467964984456	0.038206147445978653
-0.063499030799733028	0.13585255434198268
0.1585269029152305	0.22139249422596774
0.39699701063320619	0.28032009102400296
0.61571519311412026	0.28668154273744845
0.78617732787417205	0.25203666934822788
0.86601608474936476	0.17104603961973108
0.86062498754021199	0.068453605208920562
0.74873871376890533	-0.036807587608965131
0.56796647210641316	-0.13264425392536405
0.33329913245965398	-0.19711204000373589
0.091326388642968645	-0.24083110605277722
-0.11416266959238838	-0.26140644027625881
-0.25977536015023955	-0.27593920495241769
-0.30132462555321787	-0.30119715786128692
-0.25740450219363747	-0.33578550070124857
-0.11533573273744396	-0.39183926845632977
0.075248859113624306	-0.44553671904962827
0.28385333630883314	-0.48399819820324858
0.46574629622922453	-0.4865324775041962
0.56746302955783268	-0.4241770606803707
0.58470751933794685	-0.30886609703119472
0.48148679365644498	-0.12853400568465068
0.29942700806559669	0.073782519117041603
0.049497389426760151	0.27166697398187145
-0.21232424810045253	0.42732436723122919
-0.43489351658937225	0.49204203615598674
-0.5927409104798117	0.47215649045568814
-0.63483633098615522	0.34069915146142515
-0.58671716985801814	0.14887262156942596
-0.43862430428214344	-0.078968665548091038
-0.24541717916153419	-0.28924878238800467
-0.045796140770932942	-0.42314870239670715
0.12152063781813566	-0.47204328905343995
0.20227547374750363	-0.39305311538378324
0.20438655010235857	-0.23012202619511374
0.10272971670523594	0.006286144739397051
-0.057825709514075889	0.25861079129155295
-0.25523918136412016	0.47321876648101424
-0.44614853980736657	0.62786385909104037
-0.58283669802385996	0.6735908284715344
-0.656327892169418	0.63689361594222549
-0.63281725358827179	0.51300127907820181
-0.53907500989522628	0.3467532284632891
-0.37851143203220561	0.17422618882042426
-0.18740152136208368	0.016937275307361273
0.0034163284497779195	-0.086654022222107357
0.17422202336891807	-0.15129810313316006
0.29394334918928683	-0.16982763760434677
0.36579827276028887	-0.1695363233417605
0.37764677273555081	-0.17269114366528615
0.34449059949635691	-0.18720491191209795
0.27219397144633062	-0.23456243902723495
0.17602946317208054	-0.29631471550698757
0.068650644661199189	-0.3690842785975203
-0.03622125188564141	-0.42914129899425024
-0.12495047660477823	-0.45278904367963357
-0.18462701249759192	-0.43655076103871798
-0.1994308266363603	-0.36207598318268175
-0.16445621694472884	-0.25028912591558994
-0.064477651060679569	-0.1068324624420034
0.085365413086519695	0.040798047328386725
0.28703281514572904	0.16783193651919809
0.50445219474458269	0.26045045282594359
0.71409334567360427	0.29450830845275422
0.8802896450929858	0.27621464299739334
0.96096708296577305	0.19755280216770874
0.95181761467392867	0.07705487983757861
0.82137008588421379	-0.076346305352458357
0.60903981570527788	-0.24186958199453565
0.32406674632800259	-0.4012447128983806
0.025505854172452668	-0.53800607677067314
-0.23551542749873716	-0.63183671826025234
-0.42597452702239569	-0.67602040235036731
-0.48852952413016665	-0.6540649770396284
-0.44501103137497011	-0.57498123793079103
-0.27758242805792882	-0.4341283189168349
-0.047903493666078406	-0.2559690531256974
0.20594217188119018	-0.054528611080193586
0.43106265057982007	0.14352088551133052
0.56261334361149318	0.30971980831687207
0.59836869349960264	0.43540550668458644
0.49813252436226169	0.49665237648312721
0.31097209259699304	0.51078964981899799
0.052375860115055226	0.47813667613801875
-0.21711596550664575	0.42579749929089372
-0.44057303945113557	0.37755261021340014
-0.59167731152736014	0.34369201709613978
-0.6169728755989804	0.34793696438045785
-0.54094295468487608	0.3737742342499013
-0.35284518192439035	0.4206475993079134
-0.10490042081979359	0.46440733273615137
0.16786268328610249	0.48141779722805644
0.42460984277557856	0.46958049685171949
0.6145922134391153	0.41016793534859003
0.73252481970930095	0.32943147639203463
0.74742981282741694	0.23848216683683771
0.6856369681578629	0.164013460880196
0.55176828151874568	0.13869621399609144
0.37996924279022537	0.15570926920895289
0.19935807121227381	0.23278120516390594
0.029638574523563083	0.32893367047284233
-0.099073379493567745	0.42084593783614177
-0.18889575173014803	0.47327371363346593
-0.22656817777528804	0.43909256124659135
-0.22810976575240574	0.33062218236955276
-0.19971796791058735	0.12518786217818936
-0.15759738746193827	-0.11935158639113554
-0.11810946443717633	-0.37035288081904555
-0.086981140629550424	-0.57484414467874068
-0.077754953553939521	-0.66747133690662697
-0.083345556076171057	-0.6527376688937091
-0.10566493182988539	-0.49249368929206522
-0.13126362602652267	-0.2493433452548818
-0.14999720748142206	0.048848104016733201
-0.15386258901652697	0.33601404601446577
-0.1296403415455657	0.54000947047448777
-0.082835059608522596	0.65120431146223323
-0.0087083948581131703	0.61810570804064158
0.075230253130127989	0.49415703495336799
0.158425703532031	0.29415135068323245
0.22475364844078624	0.082546743075680912
0.25460785290391208	-0.076274089249930566
0.24787891723425481	-0.16729192013251182
0.19159586222412958	-0.13879542453742935
0.10473719148264829	-0.036478200465957247
-0.0064554406242169557	0.13122785172541554
-0.11674246557473156	0.30424896413696717
-0.20243382982954802	0.42519525196246205
-0.25263933407553296	0.47758316556495234
-0.24400789265459186	0.41193303353193006
-0.1902321110622604	0.26984333638384062
-0.087510710083493148	0.056430641419508681
0.035025741808060715	-0.16833898310871145
0.15717967885139231	-0.35102076228809442
0.25595337212362612	-0.46693424880092871
0.30164394344405432	-0.46362236082473612
0.29416927482516486	-0.37097022696109189
0.21612807085045738	-0.18261694574280338
0.089774985626188714	0.045156474446304024
-0.077978304906764495	0.27021552483728234
-0.25850416166876178	0.45648160805269139
-0.42673433677067607	0.55113618395088448
-0.56507898070009077	0.56226457205553382
-0.6474201077829792	0.46752693047056521
-0.67427387861504529	0.3053802033135698
-0.63289847838952784	0.094714843606008431
-0.53694984763979436	-0.12810951725980246
-0.38973823548949404	-0.3243373004976875
-0.20955890136102154	-0.48226589526776242
-0.010084518855896979	-0.57371142063644676
0.19150690543960605	-0.60936210809865321
0.37766411839438074	-0.58478634651023076
0.53583418604140665	-0.51715978285479047
0.64892896715670667	-0.41870384010008493
0.71300283038004464	-0.29984957914953819
0.71535853168116692	-0.17403429485612568
0.66516276784614836	-0.044460708338944575
0.56006773771166296	0.082003353580726968
0.42191969109566024	0.20291591315645663
0.26383523383595542	0.31513219283081345
0.10965549670962378	0.41389276521551516
-0.015721590334997083	0.49448862753729356
-0.10234981897387911	0.55362372839367491
-0.12758114005429885	0.58533184677354566
-0.10462314611400476	0.59291448872955776
-0.029457775606063528	0.5747062705575755
0.068886058368203232	0.5396416405168486
0.17044215585171985	0.49369185282905437
0.25204043895868172	0.44408110590277278
0.28335257823922139	0.4004895168986905
0.26588712842845214	0.36152058378216623
0.18212037071942572	0.33152313234868169
0.058820796288459189	0.30294129626855526
-0.093797994120701514	0.27056635815126723
-0.24359504801729154	0.23170569697481361
-0.35930108993530463	0.17859966449594897
-0.42808748805671892	0.12124062498787755
-0.42142553224560148	0.061536727822985408
-0.35514618198967984	0.015980969460481768
-0.22528850713356199	-4.5041048158524916e-05
-0.062699466470674023	0.018701007892653661
0.11047847311156261	0.088920354128223245
0.27209276605052635	0.19161782796087773
0.39254094009533191	0.32457812529678542
0.47203030842334887	0.45416288716972897
0.49547868999194034	0.55276592350133646
0.47915209521024105	0.60007542353424015
0.42948683169253327	0.56142645421585324
0.36088982678073656	0.4522721923534615
0.28937098816430445	0.26193721914152129
0.21655768241491632	0.03414238836593466
0.15103960402149805	-0.20304854598833691
0.087939676921763216	-0.41333970332401498
0.024839620026050179	-0.54989103391836414
-0.037047257094589531	-0.61627129116279411
-0.1010310044251371	-0.58690050718298326
-0.15595982438715611	-0.50238479605339192
-0.19474153485095025	-0.38150457890053657
-0.20850733945528033	-0.26415696669392863
-0.18344999527884781	-0.19620784672198724
-0.12729265987213434	-0.17853131115450604
-0.035651055918328664	-0.24029492948156547
0.068959754901988718	-0.34248415703072449
0.17135777619156656	-0.46927077324489785
0.25392808941722822	-0.58026337526809824
0.29191416712950069	-0.62993557153998159
0.29155883968002194	-0.61786410761653121
0.24193352056210798	-0.51429752065493095
0.16979593290125231	-0.36169404429123514
0.091219548267789219	-0.17722900873114833
0.027328534820511948	-0.0069996614229039392
0.0075100087225932789	0.09894332854229286
0.02304859753122886	0.13528489588765277
0.086380685893589118	0.065777582677821606
0.16343811870292252	-0.066832102202711269
0.23308436620193351	-0.24973637614199456
0.26896093698942453	-0.42936651825776834
0.23359105056442586	-0.55378937260273153
0.13919304446895842	-0.60529046176005608
-0.030090722021720473	-0.53786236979959756
-0.22750909460828955	-0.38445075631400455
-0.42557466373314473	-0.14384462418417737
-0.5823538358958773	0.12749347238478242
-0.64579112577458941	0.3856486648870508
-0.61876479927614447	0.59418889334389513
-0.47023464621567501	0.6995223694651872
-0.24990060954647655	0.7092134096792897
0.021545485799839177	0.59923880658156681
0.2881194959430885	0.41076934338088589
0.49191107685031021	0.16190620032751002
0.61800700404822517	-0.10216502110738418
0.61968298787480125	-0.33772609989620073
0.53446187986333615	-0.5222737144579348
0.36571435142781927	-0.61571340000812758
0.16917265326414299	-0.62710036512954481
-0.0070306273023330833	-0.54125015688308575
-0.13672582874602129	-0.3907872950498909
-0.17020550657291297	-0.19075769667047382
-0.12995042236291171	0.021287282972386412
-0.0060369722660309627	0.21004823686184423
0.15402919192206754	0.35372340315958556
0.31649301818425701	0.41637813484886438
0.45002631103491919	0.40511168044813112
0.50995990484275266	0.30436689172404796
0.50256165802768038	0.14617831191523314
0.40849140429992192	-0.054388386384710719
0.25990405215728507	-0.2619837394740745
0.072682952190518749	-0.4405570925764285
-0.12369738816898071	-0.57714634632233208
-0.29740240771287474	-0.6410019990876753
-0.43962891718124086	-0.64943560286003643
-0.52824621672730598	-0.5993309909213822
-0.57140227690328338	-0.52122181776443632
-0.56591482888716094	-0.43944799715042343
-0.5236438909548421	-0.36947458455580673
-0.45267529485971764	-0.33887642116890115
-0.36114933134731253	-0.33566406361537621
-0.25769826841766885	-0.36524747876221908
-0.14893200606062607	-0.40300327707379147
-0.041619296450456526	-0.42948412287192478
0.05608414896609655	-0.43457182145119672
0.13576780326333487	-0.39623304672716841
0.19142736070385136	-0.33076585715872103
0.21329429757002252	-0.23813721389245152
0.2042507408767992	-0.14530708278077334
0.15984957721175941	-0.076014172773257241
0.09231000413939798	-0.039889215725027967
0.0075764328103333309	-0.060911604108847481
-0.079973890946227089	-0.11977406502137479
-0.15633209266424541	-0.21577473147613785
-0.21444864710359449	-0.3170767781952919
-0.24182711906732338	-0.39682054829996649
-0.2407993639598654	-0.43937266960676719
-0.20701814788922979	-0.41542193283732409
-0.14802430354773799	-0.33914219239769322
-0.067264316992797835	-0.20478143405276197
0.027326005762840336	-0.042806054447666657
0.12929641989717722	0.12513231864480459
0.23074375578055184	0.27834139284271991
0.3242518696062528	0.38777753653063035
0.4019094390834323	0.45684313963629891
0.45480213080576071	0.47283725813143385
0.47852283431297132	0.45502626226874987
0.46383274102230593	0.41340906079717488
0.41631261189490931	0.36308709419977708
0.33289376723547809	0.32257002736925328
0.23028572043059789	0.29163209582564614
0.11826029068344651	0.27990126570029272
0.01456188084894355	0.2763260100520063
-0.061469077226090726	0.27611567603826276
-0.10484885131418063	0.27011560749441055
-0.099895978902984281	0.24745714422376822
-0.059363219000279917	0.2084916454799022
0.015847254991602715	0.14743678319668385
0.10586514876865989	0.071824959136516597
0.19413381270141675	-0.015478692373070913
0.26981013936395704	-0.10625469709358266
0.31487150250873752	-0.19326107211077032
0.33429980897116413	-0.27070020912436227
0.32326610737718614	-0.3315682674609714
0.29318034610762994	-0.37224196132569631
0.25259720790600809	-0.38733246329289267
0.20525353831021148	-0.37513255758140213
0.15996789243797216	-0.33078598813652105
0.11004982429327964	-0.25835104835324052
0.053450958813558935	-0.1559880690961975
-0.014936361683764325	-0.036534681901750528
-0.10401275535367893	0.093911168070544282
-0.20444771584151653	0.21697009082564267
-0.31691071638544716	0.31637720932224395
-0.42030243636194442	0.37969103953956118
-0.49883445960052275	0.38735457926631894
-0.53724354598022894	0.34444950603268221
-0.51246128698991622	0.24162027035919723
-0.43211477162967976	0.10262155106344463
-0.2869902708694923	-0.061259586682217454
-0.10454183028857437	-0.22197585142157497
0.099729653687734857	-0.35141935414137931
0.29917846262781844	-0.43848482234037606
0.46373894610880823	-0.45720772580841634
0.58817000367911842	-0.42405794865893481
0.65153705652155069	-0.33567633400624242
0.67085488931007375	-0.22558547463756076
0.64896336555432932	-0.11835441062328286
0.60745266993009928	-0.037484643228206112
0.56650802028573544	-0.017355289627157888
0.53318418061317152	-0.049902542160441064
0.52467791683082521	-0.15070487878151295
0.53074844100759744	-0.28321455982573757
0.55161720680686088	-0.42808248908142188
0.57309425536362013	-0.54929121414319382
0.58219283573349623	-0.60551246290423555
0.57552477781801303	-0.59332959825719223
0.54241601241262416	-0.48350376785784316
0.49173748589116117	-0.31217334530996621
0.42513199159536846	-0.08954523254242705
0.35360991941696052	0.1358250077642591
0.28781666292300401	0.31933356001835977
0.23049000442918649	0.43891828102466096
0.18988668423963606	0.45022606014414157
0.16009522195609829	0.37552598411649041
0.14020259907031327	0.20619837756383924
0.12347017021642549	-0.0094435838001621746
0.10303561034531979	-0.23801279654814897
0.078356939998515257	-0.44335071919913488
0.044495375629788565	-0.577947957333941
0.0077790044532520392	-0.64246996633978037
-0.030084791792520264	-0.61181150188891564
-0.060172680227136892	-0.51577526870701984
-0.075052378912488324	-0.36556075290219647
-0.068543353283154737	-0.19187236599941604
-0.031448516568651316	-0.025687596703377225
0.034614756553936525	0.12261330041700085
0.1352601421965845	0.22970588840418829
0.25799157476259393	0.30344522571931853
0.39923533316766086	0.34054512733128739
0.53783805998657697	0.35110488675927815
0.65770652407814634	0.34328153342931012
0.74008662550602822	0.31961567458977158
0.76106403858226668	0.28530448657427215
0.72002620942051121	0.24053529155316666
0.59992174954863176	0.18509307854983462
0.42615283703601048	0.12538202333881085
0.20546692326910293	0.064097624159331484
-0.023223200175439784	0.012150902640672128
-0.22711747128527821	-0.019295597874689083
-0.38113024998102163	-0.028300944287123618
-0.44569187026748686	-0.0041856827045342153
-0.43145434787971193	0.037997167838151102
-0.32227472082313724	0.094148654696403281
-0.15896825629137254	0.14208603259112268
0.036274010921744024	0.16056242600172443
0.22372234561145657	0.14267127300813498
0.35835864517859961	0.067624677574509129
0.43385697701256382	-0.044180233472423322
0.41858133068398218	-0.19088993567317036
0.34344383704996201	-0.33766151796186394
0.21523290029171979	-0.45581755775273658
0.074683690007560519	-0.52500806514599463
-0.040387031777098098	-0.51076806808312369
-0.11443563816237799	-0.42676509045451771
-0.1123484153781744	-0.26184299641959141
-0.055018862009749793	-0.056007793112767004
0.060615397613919708	0.16687736523290098
0.19780045449407985	0.36954005575389415
0.32768666156667725	0.50952301798280775
0.42962360869863309	0.57851761049824624
0.46975433356005286	0.54589357148135065
0.45884884567733025	0.43615850165710579
0.38660147926234228	0.2508120418784886
0.28238229792874431	0.02824780994266219
0.1643722893381975	-0.20167327650212757
0.055833015558561176	-0.41185347615615198
-0.014268552896286677	-0.56617278319825182
-0.044867653702740241	-0.66183707354447308
-0.019440987397089899	-0.67801809888935671
0.044602805114230933	-0.63269822607625981
0.14247593003883019	-0.52885987108118315
0.25283914549829339	-0.39067463820073639
0.35692586925560815	-0.23786957654010071
0.44223032859417644	-0.086760767649561754
0.48950741531034436	0.040628874698405378
0.50020855362826677	0.14169279806518809
0.46511450907417612	0.20383828052645536
0.39699214953818523	0.23500091676688725
0.29971156303664515	0.2354127380746594
0.19074385471707461	0.21559171271495384
0.084858131685041485	0.18413743453694018
-0.0059695239172507944	0.14703705807683154
-0.064164663982202497	0.11349239337299057
-0.091753279300434462	0.08245906776813812
-0.079553507573056861	0.057344380760299449
-0.043614459961002022	0.033995125921923899
0.0086362915264354065	0.009949333941273758
0.060515991733232237	-0.016459407031064573
0.093120965335461062	-0.048658209524141079
0.10568640082753995	-0.083826940810784317
0.084767110217752448	-0.1217381330326502
0.049500547640574835	-0.15804090411230667
0.0073780420891846332	-0.18875375751960413
-0.020107219004238237	-0.21254106875435116
-0.0087457579929844098	-0.22566913742950367
0.040804883472535303	-0.23135069467547043
0.14574504137942429	-0.22998803120832811
0.27671056046184933	-0.22627876788402895
0.42210498343098074	-0.22434143869774092
0.5458255523429113	-0.22631559494789319
0.6110979153572168	-0.2362147134730764
0.60834039687461938	-0.25253555164797414
0.50605024239187091	-0.27650728862801505
0.33321633678045848	-0.3039461359095541
0.093171909028846478	-0.33287449095279487
-0.16861882771714426	-0.35790297502162072
-0.41365258277702721	-0.37471111680428854
-0.61771335976633546	-0.3781145914878814
-0.73911962567717648	-0.362207754424826
-0.79176469969934127	-0.3248340938073489
-0.76456882385949732	-0.25979445771832954
-0.69076969663912047	-0.17331112183823605
-0.59371162646085107	-0.064050486148177654
-0.49199502552786173	0.051518974170889839
-0.41535903823960363	0.16364564083887784
-0.35373177642988196	0.25351254317207539
-0.31362500341325539	0.30100856159597095
-0.27502690914691486	0.30026452450287788
-0.22061757594087961	0.23279246640873028
-0.14883309005122333	0.1163376493681548
-0.044787276816865555	-0.0486913339480455
0.068872998700712146	-0.22877244087246565
0.18180029763757996	-0.398191508036149
0.27198251606216306	-0.53311630487294759
0.31188366815188412	-0.5986584342012734
0.30772796071582087	-0.60227223249849082
0.24562483367524809	-0.52797911314234547
0.15838260187099817	-0.41118944825010634
0.065011502612352806	-0.27081719583853886
-0.0069847915847611299	-0.14037301158689969
-0.020917700193330478	-0.059327274211628186
0.014668290062667712	-0.028714772617940785
0.11687720701369053	-0.073979163360044731
0.24545208752344869	-0.16136422220740698
0.3774187415756774	-0.27807610808624617
0.47803287764075997	-0.38667132808051458
0.50295767084597087	-0.44728069127271075
0.45799653120437189	-0.45438745059341429
0.31909962150341242	-0.37835445282319324
0.13148985854720532	-0.25167372549458045
-0.083023622001386174	-0.083534832299173023
-0.27824931393116392	0.085791988459653745
-0.40333807134753902	0.21645808773860548
-0.45045367763782052	0.29800913406584228
-0.38260865504906721	0.29747558447245148
-0.23640764110744175	0.24255442440635733
-0.019678746380217542	0.13763179561937625
0.21823592600887837	0.01967068623091842
0.43315839040889254	-0.075882430023752001
0.6017681838342307	-0.14009186824038047
0.68039709986052666	-0.14314508407073639
0.68591038315314223	-0.11222618211148391
0.60806210816340045	-0.05328382220174132
0.48451757910905069	-0.00021179426591528411
0.3404731513896424	0.012079591654430606
0.20308974591109846	-0.019308763928351125
0.10819326482808699	-0.12085961387395772
0.0549851197939214	-0.25673230810780345
0.06168359375469197	-0.41426607380526942
0.10706397498673616	-0.55040403207615285
0.18340160689388135	-0.62083152533100949
0.26841460703974795	-0.61666111684294511
0.34020429871926416	-0.50191683145407728
0.38989640814233439	-0.31354962686792459
0.39973265875135588	-0.058517487393670138
0.37446638214377781	0.20917664194356225
0.3094866033091081	0.44234610030762422
0.21512796551356789	0.6135840508224063
0.096966513486946973	0.67336005960399103
-0.03533293217195229	0.64085825683965403
-0.17289603167194389	0.50300753638380291
-0.30777529786038899	0.30704317335112413
-0.43165579877343285	0.083118276637269659
-0.53676552905353703	-0.13059176124624866
-0.61450178977047365	-0.28769961949762801
-0.6590417296784562	-0.38268797409208916
-0.6610982048733266	-0.38689699484156825
-0.62246139439997139	-0.32336687943411607
-0.53749869680340712	-0.19560332330953853
-0.41919130967908796	-0.033550003024506732
-0.27177104923799694	0.13810817284075161
-0.11585345817856563	0.30008920491710017
0.032123193253452545	0.42684502738426894
0.15539527148904037	0.51248893101543136
0.23239090653585845	0.54166275909366279
0.26109653741811978	0.51723278826898667
0.22731581139883844	0.43350196534126195
0.1460252337692719	0.30080212314405769
0.020093518446712918	0.12104161048214998
-0.12835231318393037	-0.086206173758222329
-0.28144567750916866	-0.30930441649415785
-0.42353654729745277	-0.52253501151086801
-0.5335360993614563	-0.70210583714991315
-0.60989413795502123	-0.83060212665934519
-0.64125204604724451	-0.88056844441424564
-0.63594626430503554	-0.85833467537508745
-0.59546733499843196	-0.75062063048013206
-0.52899433628714732	-0.58880109617109622
-0.44433257246070956	-0.38736372984603773
-0.34709390739971169	-0.18368972957419591
-0.24353393927432626	-0.01479262572749521
-0.13952676950534296	0.10373692120406154
-0.039540879077647167	0.137678568941735
0.045951272530875636	0.10590783247981032
0.10837522435871065	0.0027253549283644367
0.13756849987186032	-0.1323645903387172
0.11927722479348377	-0.27158764199135399
0.057201131390595954	-0.38545342078805439
-0.058001090487427395	-0.43403876623289195
-0.20146018786450962	-0.42086766075909077
-0.36263468151939837	-0.32516041912731058
-0.50788256033824508	-0.17990488385931769
-0.60516377470714144	0.00085658682669373723
-0.63913096090501531	0.18106722525934674
-0.57643523706218514	0.32387467458550617
-0.43904110801057095	0.41762334413225249
-0.22142100199386802	0.43160736722215098
0.027297733092930689	0.38612521501561148
0.27321691652410035	0.27972701378676917
0.47617661854814169	0.14695193151701283
0.58415402832227459	0.01443441979819207
0.59883960839461747	-0.095561245926940042
0.48995183132922093	-0.15016658017856177
0.30138385623550845	-0.15455976147602943
0.049370714356459081	-0.094141032356498733
-0.21339473814454285	0.0046242847132499879
-0.43619799454627545	0.12931544735892392
-0.59686897527927196	0.25239847276590505
-0.6494159139719663	0.34546783312870938
-0.61458936430943445	0.39871742104564178
-0.48377979673100346	0.38866863810595176
-0.29907569460235389	0.32793342953132126
-0.089894167739109521	0.21292591732544944
0.11436019276923227	0.068760972731534156
0.27448885966106351	-0.087969275535459884
0.39045653163709215	-0.23528247788713416
0.44275816869121831	-0.34804436606857853
0.45060445968225721	-0.41911856736436326
0.42128537372998481	-0.42985533269264858
0.37105803004541899	-0.38966052289775482
0.31788845866502902	-0.29519587356042742
0.26393989623223657	-0.16604401138955099
0.21939383341645563	-0.014268282797256518
0.17816153817617897	0.14091173574544905
0.13832956899393259	0.27954281770838335
0.097553544967030573	0.39176256685694155
0.050864084888169896	0.45980088826993187
0.0042227481537278335	0.48742765147693273
-0.04106573509678943	0.46784107851182338
-0.076000258300071621	0.41498601694050929
-0.092249651741604488	0.33515959017667535
-0.086499374735493753	0.24450319271086193
-0.050762079378515367	0.15818256938930531
0.0092749823918557035	0.085421792558603118
0.094700670157771671	0.04122415779688509
0.19317399726357506	0.023417740255791658
0.29738215643067861	0.038615946766951049
0.39332946911002409	0.075466077868529671
0.46747321671448278	0.12931294985321573
0.51114171207967918	0.186677422289072
0.50987036125277052	0.23524502444649867
0.46749516601202973	0.26686656351117116
0.37657908256320377	0.26905477900924318
0.25647665367102707	0.2425094031896802
0.11518763106267167	0.18105413028576869
-0.020660655943427551	0.092829813870699662
-0.12672983868694324	-0.019816078285685736
-0.18815328346638066	-0.14567969454005156
-0.17752646154678534	-0.27627191413004215
-0.10812468936820933	-0.40110107664287548
0.028342652000876399	-0.50928715255887047
0.19458228518068327	-0.59350612843636863
0.36741745377862184	-0.64369116830978412
0.51278921376462383	-0.65719071023121844
0.5892577304700094	-0.62676687804450815
0.59578891941802337	-0.55611177840886283
0.50511704472213892	-0.44279709445143245
0.35449722594299166	-0.29794622061223247
0.15623792854787066	-0.12645142669453427
-0.042086621069711401	0.055422230264279781
-0.19487627847492553	0.23503807446062505
-0.28390033232443168	0.39661869238983677
-0.26686918604614268	0.52256879196838302
-0.17035935089147089	0.60570533312928043
0.0097995309424352486	0.63081588242684927
0.22365644886487132	0.60439332791364708
0.43373260859850205	0.52164063783601311
0.6067817190060717	0.40121513816692261
0.69506213450938326	0.25298341518467432
0.70458112415392526	0.098520656219637251
0.6139303326263813	-0.041367814426525672
0.45761498742496798	-0.15450582138939731
0.25196947775426876	-0.22010811442010264
0.030097963181868047	-0.24319659387035228
-0.17339365676584123	-0.2152310545756837
-0.34667621276070137	-0.15611256283574149
-0.46447185391677093	-0.075468139601867504
-0.5325207253810087	0.0044202842454925612
-0.54534162900438887	0.061178616613904259
-0.51132074378892334	0.085456320187992124
-0.43509889203750568	0.057132054842332546
-0.32243094569846503	-0.013855863085364567
-0.17719548935120946	-0.13195586882117202
-0.0096622074053958479	-0.27412904779916536
0.1755852235476919	-0.42558619803966791
0.35761019547352696	-0.56602661701000911
0.52117071495428569	-0.67167063773390534
0.64459926154857405	-0.73816595156251974
0.70187231908417647	-0.74883940156967999
0.69081588133573402	-0.716873865611108
0.59151005597489781	-0.64325372201211373
0.43116898513842256	-0.54790131243776075
0.21645663624437275	-0.44666812333226064
-0.01089635887953147	-0.35275109868347948
-0.21580587232272636	-0.28477871751915174
-0.37166842491567825	-0.24230786116388436
-0.43708117672394087	-0.23479782010722053
-0.42135808213168846	-0.25116984588208641
-0.30699103115067056	-0.2878305699870467
-0.1330433769637151	-0.331783143014729
0.081168463323746193	-0.37130528008192115
0.29391179146777535	-0.39897991911470698
0.46293407393870595	-0.40320741890295453
0.57047839948829171	-0.38481323197209882
0.57971897031995723	-0.33801822116177449
0.50560991254902399	-0.27103651431925085
0.33874706339157229	-0.18605648491947632
0.11537949174875066	-0.095376258919047621
-0.14354200159840458	-0.0081524540789183943
-0.40152677507347728	0.064002031539033638
-0.62134976672292841	0.10795694176980775
-0.78426343689709055	0.1191077331618193
-0.85671662945359661	0.085898304039779633
-0.84589513191700505	0.016053072909800313
-0.73815882188319037	-0.092894290175979791
-0.56243427299583726	-0.22192764153093122
-0.33128956913565394	-0.35952750336833084
-0.08016005718744279	-0.48567020793632087
0.15891200339419551	-0.57880522195329842
0.36317926643794807	-0.63199366422177583
0.49855383452389068	-0.62668610168060579
0.56701510194325666	-0.57616365663916347
0.55132897173360496	-0.47898634871356632
0.47504802023603387	-0.36076805292243935
0.34656861532271438	-0.23996394883301672
0.19412528543798668	-0.13661014241558839
0.043743555908207207	-0.077106490610016537
-0.089553196040500466	-0.060816920074818613
-0.18097848424077226	-0.10275466916635148
-0.23379611018997326	-0.18237165973095909
-0.23868247490022693	-0.29223702132085383
-0.20861329365989434	-0.40801236917478695
-0.14998970344240392	-0.50632582812252114
-0.073211840204677567	-0.57684699894323455
0.010224390511992656	-0.59852754048052326
0.097205160487289	-0.58014940337089649
0.18103054626399342	-0.51752505338443722
0.26096292801151477	-0.42851460396402008
0.33510826928528797	-0.3255151747836213
0.40023589647001695	-0.22072821292001865
0.45438829507771944	-0.13033782689785026
0.49185195128188836	-0.054793152047511395
0.5075086942084287	-0.0016759056348495151
0.49761498051212055	0.034227549621853315
0.45634628984936543	0.055214659498857621
0.38482738234120434	0.062452281246688168
0.28017364240868392	0.05930758335067824
0.14858867680818838	0.041477077882662729
-0.0084684560641449524	0.0065289818160221159
-0.1796487267065284	-0.047784651068547186
-0.35864032337317975	-0.1274776603486083
-0.52887253439994519	-0.22368414897600211
-0.67703610471309994	-0.33562886530887576
-0.78703485279557495	-0.44505371270587379
-0.83922135805802212	-0.53863708263608023
-0.83094008264355479	-0.60079425912632378
-0.74571253507304958	-0.61130675165411663
-0.60536015562386924	-0.57075427533649226
-0.41311605430489456	-0.46657892102255333
-0.20826673044245025	-0.31797507099360478
-0.021970453288101151	-0.13074859783982881
0.11815497692499233	0.067492878516304103
0.16991777526631022	0.25376686927011127
0.14588162657636644	0.40839210847804691
0.027828912369601198	0.50431810547354927
-0.1340882423062843	0.54067004562098375
-0.31155973300969381	0.50181428392869654
-0.45727711640787222	0.40497682079818226
-0.51409747512117543	0.2536940995438739
-0.48321412684867515	0.073401146435301032
-0.32825529039137891	-0.11619466227706995
-0.10477334506383439	-0.29437393322161626
0.16490654272015415	-0.43615069395682449
0.41747451545734937	-0.5346173054419
0.58642018044571587	-0.5714306027785343
0.65901997686784342	-0.55591119109775533
0.58324529830705329	-0.48444163182230909
0.41050088885911473	-0.37749289117873214
0.15218468866805521	-0.24738420245438497
-0.12371149682757777	-0.1149533258895418
-0.35217542954977676	-0.001889192924132599
-0.51287046727289398	0.082042476753449486
-0.54914347909971617	0.11777671503551801
-0.50493169296693219	0.11152233574002275
-0.38544994204146388	0.057557067364678756
-0.25021227973539883	-0.027390802237496487
-0.15676133108238649	-0.13361856113197482
-0.11622621438466299	-0.2457717530655732
-0.17572051954975865	-0.34664856526743792
-0.28483345679544064	-0.43208835535605294
-0.42829182039908748	-0.48990400308794729
-0.54779644808939554	-0.52697312927813078
-0.58027561132134187	-0.54301931220996402
-0.52477380319346223	-0.54731755923492365
-0.3378246879278845	-0.54814319439539994
-0.083889023608809621	-0.54821884590201397
0.21022134713429197	-0.55481759257509544
0.47502601371510039	-0.56256340662790705
0.63373985365305185	-0.57095393843955033
0.68146516000140778	-0.57264123233283803
0.56531262127697646	-0.56104135787258125
0.35247192860855381	-0.53335988971188764
0.067057902660752677	-0.48371390235364098
-0.21459415665706882	-0.41478496581332291
-0.4128545521903369	-0.32583566348032267
-0.51349165501008565	-0.2212400297358007
-0.45609241443398985	-0.10385398422453493
-0.2995713985675531	0.022505545454937534
-0.058245787829505381	0.15478635214093389
0.1945053054021583	0.28783835487811316
0.38688000402711092	0.41857045714958374
0.49982942179361889	0.53775349847831477
0.47405248097013347	0.63832953854957253
0.35850387889577312	0.71069382035957496
0.16004620519415769	0.74333665372431923
-0.05434529471976534	0.73491489786973385
-0.22314281039247988	0.67595469870611957
-0.32314144731607142	0.57933850599635661
-0.29825330481154166	0.44773917195421203
-0.18559959093862607	0.30231163513732451
0.016208436801566424	0.16043555188195702
0.24772882741215435	0.036109621066004099
0.45982360667328448	-0.049436944441494268
0.62296958675276304	-0.10051603027771182
0.68469818091662771	-0.10781299469673863
0.66470761165033021	-0.090978206978785725
0.55002882036984369	-0.060523051012279151
0.38619506354964228	-0.034549841226663928
0.20341267076843936	-0.034317106272306719
0.034693364129490034	-0.06086758737486863
-0.077164626780597309	-0.12797903124043436
-0.1313144948331692	-0.21870495007809976
-0.10454354755183784	-0.32746791809030462
-0.021151211393197977	-0.43393849600310186
0.11194158457542677	-0.51839456028160169
0.26581204066261077	-0.57343673791107164
0.41497058640663809	-0.5815840254837803
0.5421966050510556	-0.55335919064383543
0.62188792034042251	-0.4871952918428763
0.65369964030998551	-0.40188045325057603
0.62406253319990657	-0.31143148767575446
0.54704744214000078	-0.22859538765260989
0.42554554725481802	-0.17105819632072644
0.27952660580031807	-0.13801957467276596
0.1249625546768445	-0.13849378475386195
-0.023261964924203873	-0.16072306654618349
-0.14505060821963922	-0.2006127008925308
-0.24006654908448477	-0.24418782725614363
-0.29681050717898522	-0.27869575300855276
-0.32867350036428811	-0.29637525526768538
-0.3403220985796982	-0.28432000132338819
-0.3464303652509883	-0.24521262803143373
-0.36294932677376507	-0.17315563870371919
-0.39071466417783218	-0.080983101261717302
-0.44109481645105159	0.026295929711821788
-0.49844253611485573	0.13110391088883364
-0.5571165421064137	0.21837356090683399
-0.59846737416637819	0.27556503928633219
-0.60303358366830395	0.2844366435528603
-0.5676098546506555	0.24702667832886593
-0.47633982623237775	0.15297912455821361
-0.34771518454558381	0.021235250802183889
-0.18559788877525576	-0.14145875973510974
-0.018020758881731894	-0.30887367003830141
0.13160049811570862	-0.45831170425719286
0.24555258420890677	-0.57243229569216791
0.29672025546680014	-0.62540589241463496
0.2898936426388195	-0.62000167426132158
0.21296935632144751	-0.54361825834790867
0.089512713042467315	-0.41653778090894444
-0.070104465939214461	-0.24677668181659015
-0.23840508422048512	-0.058530667273688164
-0.38971840079596243	0.12617603167754254
-0.50825352821354819	0.29281254968307074
-0.56822083845422966	0.42000152683071962
-0.57394581221336916	0.50625821575270691
-0.51378064340176055	0.5409874953414715
-0.40985556435409537	0.53014312690417342
-0.27110200759741976	0.47318051223875829
-0.12546856646546223	0.37899960876530853
0.0012677227619838291	0.25199851664369943
0.093660756396067482	0.10513820945249722
0.12453469056042696	-0.053454262231308482
0.10330170953780138	-0.20487902924311313
0.020410567918437528	-0.33329262194347969
-0.094424289096549402	-0.42139879117991608
-0.22377701968548572	-0.44672511559747213
-0.34033305911980022	-0.40895664216408567
-0.41115792864867939	-0.29145531505728089
-0.43568552851717673	-0.12071802129334817
-0.39258109295895455	0.096368338686877331
-0.3112161412573729	0.31761186097950611
-0.20250668172582456	0.50784689389268878
-0.10048448150787301	0.63910778034947002
-0.040943410278197735	0.66769034971527652
-0.029513168756843695	0.60564449097111295
-0.094241698113707167	0.4343792778233258
-0.20366814667391367	0.20211298546131629
-0.34970878339281097	-0.065559407612799159
-0.49028018754962854	-0.31935893763081924
-0.585031860390273	-0.505456747299737
-0.62068130497006058	-0.61190753869185333
-0.56081528537690317	-0.59762089030037457
-0.43447551975892146	-0.49620331556957625
-0.24375530689325373	-0.31119899141758633
-0.033086668980760299	-0.091704505916054474
0.15836485325373997	0.11971653036881072
0.31270651660498411	0.29992100800255839
0.39113470495725222	0.40537838449389679
0.41721649631709601	0.45468734844713993
0.38903847644578976	0.43974352028777075
0.34423850596344624	0.3971255620609902
0.31660243445998804	0.35545403862415165
0.31577288078726035	0.33049886196628053
0.37274128702827547	0.35416296614413945
0.45724703307945413	0.4066678498118701
0.56206436233005463	0.4895626108702596
0.64908012638457757	0.57076738563613427
0.67854998414509893	0.62123075912303327
0.64814175710815125	0.63341648314160626
0.52827295708671662	0.5808881216003744
0.36095017203352109	0.49129482321926254
0.16246799045550536	0.37179626555093725
-0.01962007749699388	0.25742442600569332
-0.13387144965554054	0.1842796528357267
-0.1756587535674925	0.15631651106800071
-0.10751236026196402	0.20128414990420054
0.023483542874750386	0.28389916507235674
0.20124966491686641	0.39162694573589735
0.3702409454537392	0.48397026079031485
0.47282477003970574	0.51694722810383753
0.49918450985403579	0.48847718992168576
0.40462192116184048	0.36714659761361379
0.23614923425993242	0.19697224167424701
0.0058570710200822815	-0.0052777064168703404
-0.22618798701747306	-0.18927093824474006
-0.40100162107318288	-0.30160609238967934
-0.50324642099321804	-0.3347221563861979
-0.48353361523820082	-0.24828477135603066
-0.3850329691852265	-0.087212615117819942
-0.21474810941411762	0.13572168566944354
-0.031788680777314296	0.36441433640507009
0.10820009077506682	0.54331104117865392
0.18782132195623269	0.65799067726035254
0.15815024051074672	0.66267893351586971
0.058125287394423082	0.59588107924816125
-0.10757827522051844	0.46414179200700817
-0.28509568323873152	0.31756853591763845
-0.42345453029499597	0.20514690300313509
-0.50930248102671338	0.1367871871197143
-0.49927940978994356	0.1520231775982302
-0.43243628106349169	0.21096998003785214
-0.3171500912639143	0.30246075768967134
-0.20208261893401744	0.37987512692877645
-0.13702058950754392	0.39351669380501231
-0.12696615872824019	0.34144665254520173
-0.20890463097593187	0.18889796917618373
-0.33667328577612449	-0.01534106565224554
-0.49295980838897807	-0.25173435788194415
-0.62819828599035454	-0.46729235171111055
-0.68677256508726459	-0.6039632907783532
-0.66952105294642084	-0.65739768270430043
-0.54045589080710854	-0.58737668183612091
-0.35443972325862083	-0.44345659163280271
-0.13564640504284814	-0.24303118754172859
0.059845553058716514	-0.042369207944883594
0.16791485477478246	0.099596007700668468
0.18851600183285211	0.17346448717278146
0.080460476471642783	0.13568627067631239
-0.096943959113780717	0.029777981473187956
-0.31915583487066751	-0.13230953099828066
-0.52306479213335877	-0.29942890506239017
-0.63935311333020217	-0.41922068982857291
-0.66210140512642746	-0.483370303503111
-0.54300780732512843	-0.45294189737997131
-0.33990200294105977	-0.36743982130553188
-0.072127792944626221	-0.23838906344702726
0.19315903672802909	-0.11079186013585514
0.38706566481531751	-0.032302278335983044
0.49545939632317088	-0.0064898143169361804
0.46456885803770348	-0.066624394052287927
0.3444172633567788	-0.17125879539386132
0.14525576820414926	-0.3052298325599091
-0.067370828211737371	-0.42295532242471567
-0.23161592724349631	-0.47539573436056276
-0.32613377128418625	-0.45775992509171148
-0.29639421753578221	-0.33480186375908882
-0.18010382292415034	-0.14884668248497832
0.0221633134778733	0.087452109943856798
0.25353996090922293	0.32032567437992893
0.4651561894221295	0.49894483301878356
0.63244599750386676	0.60183709304455812
0.70667646391391126	0.58196479730932982
0.7114784178878848	0.46519426100482508
0.64040484027767475	0.24463728252944228
0.53495635499396044	-0.028480244884757012
0.42826881399847117	-0.31879635346921165
0.3389895139899442	-0.58560746843502209
0.30240101190306551	-0.77902000551440853
0.30173337899171843	-0.89124202537544994
0.34200444829128224	-0.88990314209401844
0.39313349139195464	-0.79884511117895585
0.43080831540926257	-0.61860183126329438
0.44274114680259746	-0.38672648705033641
0.40336101327706836	-0.1307013379433429
0.32820531821104909	0.11872694152452917
0.21522821693747418	0.32480074458063202
0.091608481297771452	0.47807060854017697
-0.021360589936957886	0.55184009970020154
-0.10806842222279917	0.56109252434257872
-0.14365528747567891	0.50206775530312919
-0.13457534754497244	0.40429965921704641
-0.071733540104175	0.28816829867708577
0.023082190403146026	0.17737495864638173
0.13857639258839072	0.10239635351561668
0.25236664961316146	0.063286257594902515
0.34213204919330292	0.078220995484427749
0.39639262627748795	0.12330963070464479
0.39437896855154114	0.18962946463201985
0.34163850551985198	0.25045210829870013
0.2297665069587107	0.27729101414866969
0.079850039738239481	0.26649795932288406
-0.09918101138294308	0.19630165113422149
-0.279259830294036	0.092584751510897581
-0.43559395173772136	-0.037185552577723061
-0.54943043839493144	-0.15953412894220895
-0.59219179562305513	-0.24180910774881206
-0.56855923013540377	-0.27407351496111726
-0.46443142955748506	-0.22711844801006262
-0.30757845651009896	-0.12610782265984027
-0.11003886721239392	0.026745279392270286
0.095094131505167254	0.19179725851459245
0.27558015961530813	0.33531461924077571
0.41682218048932101	0.43735396737756232
0.48885444565321839	0.46144968475535769
0.50554271061556322	0.42343494783682206
0.46105879707312603	0.31507967045419955
0.38451875798729646	0.17210802232914327
0.29635830238390692	0.019302668348452907
0.21679028376639964	-0.11874196315106697
0.17393004574114293	-0.20758866710686116
0.16450582702519173	-0.25198310880938168
0.2012505434633643	-0.2369202129239788
0.26426550727873949	-0.18721499626340241
0.34378371627545917	-0.11586949795005438
0.42214302955515282	-0.043317575720329141
0.47906130372639183	0.0056831429988559766
0.51263154407249201	0.031101928156668027
0.5105650419868345	0.019419377070027978
0.48372479574779415	-0.013656119791243242
0.43519777473093157	-0.062252767713056587
0.37602335703807011	-0.11038018211129545
0.3176428712962947	-0.14162377990188382
0.26193743530538138	-0.15138436187061083
0.2163907212569586	-0.12752963826876551
0.17563639460255423	-0.076244297615771867
0.13841181926669743	0.0040722857068214748
0.099889572022013109	0.10219645903409948
0.054636831636105027	0.21131801771175557
0.0032071560485656221	0.31979724332641574
-0.056998868452030643	0.41681044483222884
-0.121955148145026	0.4930993354723196
-0.18947569256305144	0.53682621341069892
-0.2566396056576663	0.54490563283885707
-0.32003398872909228	0.5075060636931471
-0.37894885926397331	0.43302805690299029
-0.43199184120901046	0.32017226931408449
-0.47779721648425338	0.18820685311395258
-0.51589633967387794	0.049329726976797932
-0.54220561673220591	-0.076547751711723608
-0.55418499511049346	-0.16768512586289475
-0.5467352049021138	-0.21737177591169651
-0.51404022122074966	-0.20755858069443234
-0.4557102564567283	-0.15052058791841783
-0.36673147201766143	-0.044913902685137612
-0.25515999596537842	0.086453768351612045
-0.12263360049623259	0.22699088710601037
0.016606485385735975	0.35939284277264627
0.15161924859636405	0.46169077847064033
0.27086626917966783	0.5312858943405766
0.35942232777955047	0.5550037284524586
0.41650680951218766	0.54260241013714772
0.43283814416202937	0.49539210680734025
0.41899397836815611	0.42554224228753634
0.37789714553366555	0.3429180582478531
0.32323051515095647	0.2557422685641359
0.26776105142453854	0.17419201570927811
0.21715930362117652	0.10226925556225282
0.18325981091328111	0.04701569491507307
0.16033756778842398	0.0094892235015123626
0.14983961897207543	-0.005560673103181089
0.14208435292295052	-0.0021670756314182567
0.12865941817497986	0.020749078342687671
0.10720407922798729	0.052600844919491567
0.069723559151685793	0.087181662818707234
0.024707630770338371	0.11242944660814468
-0.025371333767244632	0.11514803353409482
-0.070455909364992325	0.092533094280828718
-0.099597006556177065	0.033197437438377331
-0.11299724630395878	-0.050306513464248262
-0.10331758480010919	-0.15596501402893984
-0.082233926892065393	-0.26354921827295791
-0.055504099364190977	-0.35561354919042831
-0.033543292597478215	-0.42179445545264677
-0.030456275818016496	-0.44236905000374338
-0.040932139274878133	-0.4279697630193407
-0.070700514871738909	-0.374722251420051
-0.10074454687087779	-0.30642394791503552
-0.11850096243665006	-0.24047725569020756
-0.11033864476650246	-0.19219292023592308
-0.054975332008222313	-0.18572512496541183
0.03719881352485685	-0.21194595929596641
0.17311930164233602	-0.27893717389316797
0.32209137782762431	-0.35922396842538096
0.46414858993154434	-0.43546530401580807
0.57404154066145641	-0.48534164696551568
0.61811353195162466	-0.47983119880771197
0.60162001397215958	-0.42169971496917358
0.50715237256625867	-0.29521526038429091
0.36904610264892407	-0.12684910806343061
0.2042674002882936	0.071896749806787702
0.047515547868157849	0.27184640582073227
-0.062756136403453566	0.44359234453417373
-0.12084356393112006	0.57632739787628529
-0.099368698712289746	0.64524544653511962
-0.024900064760326829	0.6629358287898095
0.09622112125168035	0.62645939069008238
0.23069097330545604	0.5575954896122074
0.34685258769366073	0.47294225133527551
0.43342380081039744	0.38510421670054668
0.46309052470188161	0.31365190974533619
0.45229162870443657	0.25428550666056976
0.40028534302781182	0.21379463425162043
0.33129949709794504	0.1784814647124619
0.2663816054136392	0.13973997622777587
0.21433084296604785	0.089084377630811742
0.19497448000877959	0.013424438612568843
0.19627574525327213	-0.082032545215520974
0.21889753578032856	-0.20189605501728661
0.24456811673546161	-0.32980599077594647
0.25753576984468762	-0.45616272969993421
0.25090334244729912	-0.5652943212774334
0.20931078868494363	-0.63949734147605364
0.14239506987657291	-0.67526658806595075
0.048825975630427482	-0.65938608022677336
-0.053855024779711012	-0.60328472969765257
-0.1531111371953347	-0.50787957282744312
-0.23525854666238161	-0.39149025496662115
-0.28327969221988225	-0.26854827844050055
-0.29463901773005141	-0.15163510867342203
-0.25756013933831978	-0.058542554264352162
-0.18274797923406952	0.01192891198527192
-0.069972501467350401	0.050986697867099848
0.059737803398409131	0.070815353002904757
0.1924525183354375	0.076477827414157123
0.30710745868671413	0.080546327693414618
0.37974294237516337	0.096373206518157992
0.40511504463317866	0.12668097565508865
0.36317454315976966	0.18177443829969719
0.27437764847801244	0.25225907284309668
0.14036618474559145	0.33703590543585504
-0.0024659112423077991	0.42152309599509796
-0.12512426954965267	0.49414729274495317
-0.20376836544130067	0.54478405691498177
-0.20014357364073512	0.55954094179866343
-0.12849782583604627	0.53814861942837156
0.025533325551557483	0.47249908378025807
0.21436736799794734	0.37221592231646689
0.40961088705964177	0.23869921763022878
0.56806103607349068	0.088511478304434912
0.63676411664471078	-0.067254912945928697
0.61657926952472086	-0.21078949592391535
0.47457645534592741	-0.32423356664153136
0.25916951607058297	-0.39663947375693159
-0.011128046140627852	-0.40936098891473427
-0.27954525125059515	-0.36763513916755558
-0.48870690300536646	-0.2624986437545917
-0.62191214789478477	-0.11790619776072157
-0.63155137255784821	0.055272429791366838
-0.55297566029313927	0.22674574147590415
-0.38784589080332244	0.36728962668179227
-0.18962306151514963	0.46283215594232929
-0.0043114998698538937	0.48387664483418491
0.14405790447334316	0.44747324761614543
0.20919098644976575	0.34815545226621164
0.21187324483454351	0.2239765732034093
0.14474775049558458	0.10224788034606233
0.045947622089877828	0.0097289951742773224
-0.054075524749710127	-0.013768609593133342
-0.1396341100829048	0.019910782246036651
-0.1787322061694773	0.12701473288824405
-0.18984324077642414	0.26307917706954992
-0.17154414041158275	0.40149751611507895
-0.15152848111220144	0.50494491245409734
-0.15588404193128683	0.52453489952061882
-0.1880051403294016	0.4683457656255261
-0.26915457202019077	0.31095883137044644
-0.37181468129741418	0.10397853331715814
-0.48656013642334656	-0.12619711600549244
-0.58037676120608739	-0.32936752389708263
-0.61942065847613836	-0.44645541276264572
-0.59675565942856734	-0.47769282475696734
-0.48513324167426941	-0.38545431001091063
-0.31164656879626479	-0.22423506700127629
-0.080546723019090438	-0.015870718472791083
0.16688857397090867	0.17928545824745931
0.39671433721860516	0.29623131130572228
0.58268127430580907	0.3270778415372716
0.68593871631373149	0.22357321473512531
0.71034580778904199	0.041803784172297798
0.637392005763039	-0.20163980230361828
0.49533570386304643	-0.43652226262333998
0.29464742083979106	-0.59313002220880573
0.070180238354363308	-0.65330731073875914
-0.14763709470093589	-0.55782950909619622
-0.3350610612690117	-0.36018958909029891
-0.45850687811386165	-0.067833782678647717
-0.51706959487990789	0.24032230970095675
-0.49100965080530273	0.49415533279581575
-0.40324609387285354	0.65984231909304314
-0.25841661109161757	0.66698488179783955
-0.091625724620997356	0.55518592350324614
0.068947627535233258	0.31571993985107161
0.1978890059011304	0.023173764900214413
0.25942060878821316	-0.26498441802649114
0.25645358483031883	-0.50612416107904346
0.16950264241336269	-0.63124730584044186
0.029979300592629907	-0.66198880068884891
-0.14935583298202371	-0.57820595123681284
-0.33203531570839456	-0.43623352736417587
-0.48152369115649479	-0.27445351353224939
-0.58526439315982126	-0.12658157160917397
-0.61137634587117617	-0.044347022899905664
-0.58129762190265588	-0.01209087355530958
-0.49412011300102288	-0.044155674868714384
-0.38500128591508076	-0.10226611271768545
-0.28312817588392364	-0.15744407672833177
-0.2055039691834431	-0.1961405069483512
-0.18432436137788599	-0.18678062442664137
-0.20319885984128047	-0.15446347578571173
-0.26783937083713183	-0.10350655318465821
-0.34413439326125511	-0.064679741062619034
-0.40659202218158125	-0.072386315571512441
-0.43506537534526785	-0.12004359373209436
-0.39707004709266508	-0.22764029404274141
-0.30412670271212616	-0.34986548822250957
-0.14596220245813543	-0.46060713698291295
0.044526444227349915	-0.52225729184495362
0.24716064309028168	-0.48289394721879303
0.4340582883124488	-0.35934723514846673
0.57222970615400559	-0.12897589962406519
0.65681900612580779	0.14172790078241584
0.66684873834111158	0.41271347394442476
0.61769390725287199	0.62729767653553903
0.51110174999553903	0.71199472224200555
0.36697811863788321	0.67716184789926481
0.20164537012359776	0.48385490085720928
0.027601226962363393	0.20649226325872894
-0.13880893169370745	-0.1181035717354286
-0.2928057188282171	-0.41608908982894405
-0.42478504831971114	-0.6035647840937014
-0.53287563833124707	-0.67387613926434353
-0.6120488192486474	-0.57080077701914478
-0.6621726682821627	-0.35914277959909441
-0.68000457245786639	-0.060047065148196792
-0.66984793271411347	0.25173125236431898
-0.63187493569577602	0.5001662050358332
-0.5752366113093772	0.66792543652251346
-0.50631492656177923	0.69578228227849825
-0.43358925679683513	0.63339369900725584
-0.36708203506491316	0.49017164774170979
-0.30854605525332829	0.3276244509476321
-0.26477490524558644	0.20665443704163436
-0.2306686361034834	0.13849154920412177
-0.20500192703233688	0.17042457796538488
-0.18294448148508732	0.2551793096923794
-0.15887581069197967	0.37931018321172566
-0.13394117052641794	0.48862003167472018
-0.10560606357349357	0.52568516693190548
-0.079289260928389449	0.48673959171216397
-0.058808939714317728	0.33106106523878898
-0.046432384432282134	0.11209462987908972
-0.047460916264234723	-0.15074837565523178
-0.056610602290542759	-0.39608908117406161
-0.073207847436560072	-0.56048738878210291
-0.088722959349279137	-0.63071564288320248
-0.095624494592267628	-0.55707105711266236
-0.090244111341153593	-0.38553892588081989
-0.064783446019842719	-0.12408571545331476
-0.024101120447069847	0.16293487610045779
0.032781602077371123	0.41877445152934245
0.096151009572751522	0.61265064211297993
0.15934538101151577	0.68779028288455613
0.21418748023435072	0.6654173653322808
0.2514798966594663	0.53159480211622234
0.26762143252673765	0.33503266475398996
0.25598691413184504	0.10756107881270696
0.21645085872558317	-0.11411720519610016
0.14533279919889136	-0.28378288723780198
0.046672514927015761	-0.39815549031458397
-0.080572705481883597	-0.430511373941659
-0.22483585683560922	-0.4049607285453154
-0.38138881091987853	-0.32656065842272808
-0.5307576481927867	-0.2257467814764498
-0.65793550966130243	-0.12873891063008583
-0.74479308546452228	-0.053241565117653676
-0.76856362210164719	-0.027268367046582011
-0.72815259149933187	-0.046111820720242509
-0.6069474483152002	-0.12272289199346158
-0.42873549085554435	-0.23213981831930361
-0.19932817261860108	-0.36420878587492633
0.043959517313838958	-0.48745691434287625
0.27029086974229105	-0.57228293667581809
0.45441959152160072	-0.6029181992405559
0.55850567421110853	-0.54810154770287112
0.58949355449784524	-0.42470921711849485
0.53033097532026108	-0.22453364798948175
0.41516800948343718	0.0084349303573581867
0.2611073659844339	0.24631095463502001
0.10223887918576484	0.44898798622203401
-0.024003446724348156	0.56778017190879382
-0.11054941222596963	0.60054019217270416
-0.13011591218571034	0.51518913298978453
-0.10590765925570976	0.35283592465458513
-0.041728447642000899	0.12653484054202885
0.031502072450486203	-0.11162906261298135
0.08528399894255502	-0.31142720400998108
0.10855429325097203	-0.45423588247073154
0.074858742819930532	-0.49493813329828662
0.0018709674879535307	-0.46278516624830385
-0.11163876053097675	-0.35618573899642897
-0.23541461091904475	-0.2225502430857505
-0.34535271050376148	-0.1021851326500111
-0.42422691563516474	-0.014810977592893808
-0.44407983886167879	-0.0022100673663976739
-0.41300133841565534	-0.03850369745931765
-0.32145675026216908	-0.12624833410157149
-0.19436225375147445	-0.2219207545217898
-0.045967892763332643	-0.28816331095814846
0.10126259032570141	-0.30903574461192967
0.22225952370078422	-0.24667349720375881
0.31059065179702017	-0.1294918194137816
0.34848708980088033	0.041941067447338512
0.34488905364342159	0.22194863355052952
0.29780163697517087	0.37111705793625527
0.22226132182418917	0.47008999268524487
0.12861944836033742	0.47846480356295074
0.02893653580874234	0.41996652855566752
-0.063301584949184281	0.29109715098897743
-0.14201950871243688	0.13312320061046978
-0.19676270134312379	-0.020222815848790841
-0.22718271877049162	-0.14983684601364822
-0.22798333847375851	-0.21937278033428401
-0.2035533616651182	-0.24682428360361977
-0.15371314732722202	-0.22734009884528761
-0.086871799627915566	-0.19310888181733729
-0.0082386686422034963	-0.170937764847369
0.072766624368739902	-0.17212006125036367
0.14688150768396702	-0.22398052669889329
0.20842548260779314	-0.30523196644778516
0.2480603677579612	-0.41427308903637045
0.26749663947324115	-0.51937094028370989
0.26289379440561617	-0.59199253677614538
0.24156659023318933	-0.62093667475116499
0.20679165532653235	-0.57912037078988565
0.16684287426022146	-0.48565598044776387
0.12969151191771836	-0.3409101155608113
0.099522055742938209	-0.17403702386847883
0.083556962018203007	-0.010261027433885756
0.080653589111753715	0.1382614848779618
0.093876658423876796	0.24709510792723119
0.11782653714075773	0.32785256847528271
0.15041982104684976	0.37812023756485202
0.18477254574763616	0.41554177721198082
0.21536326590701219	0.45659745915565303
0.23602102013419521	0.50236382526977763
0.23964216220926726	0.5655759021677117
0.22350330128352927	0.6277385073700944
0.18136623826099238	0.68069056356210877
0.11667175166360792	0.70616478186347986
0.027657468253288731	0.68203517504641342
-0.076305355785838191	0.61171676083865012
-0.19020695661300335	0.48279308983191871
-0.3027252304362214	0.32063257620646185
-0.40313720306457862	0.13805578583494102
-0.48463572185409082	-0.039710185768171667
-0.53632514009792287	-0.18407045691101281
-0.559747965793714	-0.29230782025309493
-0.55016636632831839	-0.34550193008247088
-0.51552571682725601	-0.36366731982165612
-0.45938033255186617	-0.35377851116168391
-0.39016556048154405	-0.33603519358505346
-0.31617273779192406	-0.33384573853807231
-0.24138820915562714	-0.3445586218203493
-0.17283416836555915	-0.38111393782451369
-0.10969440523649934	-0.42014520221781204
-0.054491315901170498	-0.4486435070787973
-0.0042312751986481609	-0.44847621756617839
0.042446228922462526	-0.39321408878437503
0.087918139658027514	-0.29473804297480871
0.13504747377401677	-0.14359300125945201
0.1837365226115131	0.022642277898927789
0.23614811897310231	0.17974712682351845
0.28836365524024576	0.29710235203448226
0.33985186526483696	0.33352945724693039
0.38261355743816533	0.29648568319920415
0.41125951099607755	0.16515052221971313
0.41742854725679479	-0.016821276746636398
0.39105270080010435	-0.22714052910485868
0.33186311107715449	-0.42253104947678255
0.23150825214194862	-0.55348072601795884
0.1041681547657083	-0.61640815353223521
-0.046700294504257452	-0.57804999592167994
-0.19727918894220769	-0.47793993404718116
-0.32823772766825976	-0.32897600836596774
-0.42265770659752977	-0.17780180399108583
-0.45511422944752322	-0.071969445173917526
-0.43179657193118876	-0.021651354956684341
-0.34100603543341423	-0.064974597523832889
-0.21098164665588801	-0.16562737370006991
-0.05645998397272687	-0.31676904337813583
0.09375030624846678	-0.4681131935383761
0.20752818865700226	-0.57357212297268922
0.28007425182802759	-0.61370905613915627
0.28814181649626097	-0.54442256083986607
0.25495165083230159	-0.39361890583469517
0.18637258413366042	-0.15762103615788203
0.11121375375432055	0.11292250921156996
0.05827641229871687	0.37959054047557983
0.033453043313004568	0.60937806505714232
0.059935017142782945	0.7545461748269473
0.11462692599415462	0.8208754266438284
0.1920416314086146	0.78777642510395063
0.26254569572558517	0.68662011886600971
0.29680019937252994	0.53266303484427868
0.28843444962682002	0.35365904286819044
0.21316314968182981	0.18018964949852875
0.095391192217012713	0.019028471455513229
-0.059422436237944722	-0.10997550209924069
-0.21872531404036796	-0.21546688192913654
-0.35179471095579085	-0.29671929619121551
-0.44768256622990166	-0.36199670354294938
-0.47908353724671204	-0.41944656901992577
-0.46434673935678539	-0.46869200164483782
-0.40351187839686914	-0.51358727658275094
-0.32420184029242299	-0.54958636044213538
-0.25076417856658612	-0.57383169977738346
-0.19306459626306782	-0.58511212991579375
-0.17359758817129034	-0.58039280826763717
-0.17882433257725391	-0.56228721513838897
-0.20899574979713043	-0.53192402639382252
-0.24523710852982722	-0.4907228127633147
-0.2694831032007764	-0.44124354446460434
-0.27955637694657542	-0.38119369889837901
-0.26191169935532826	-0.30959236194980078
-0.23258738549794811	-0.22506467838318467
-0.19802118372046154	-0.12401003952110341
-0.17346956378563236	-0.012124791573946083
-0.17780845839391526	0.11014758809294578
-0.20661722707826394	0.23064910162185659
-0.26939238085627443	0.3408554001444799
-0.34325839797447422	0.42942205932724631
-0.41541491488913557	0.48288065605792374
-0.46513296798862042	0.49907883780419265
-0.46706973573683497	0.46869698651107844
-0.4222664283634191	0.39976847563431378
-0.31514122757903584	0.29269437081442656
-0.17022039740452105	0.16105197744205682
0.0032609149905040782	0.014429880560328102
0.1750111773417328	-0.13480469314768243
0.31663043025327015	-0.27375477702281764
0.41320880795025972	-0.39442100595019391
0.43724422735568552	-0.48533767940920081
0.39811338098013171	-0.54400683695786167
0.28716045563965842	-0.5629161486573363
0.13098088534082086	-0.54564302247760521
-0.05607960069583371	-0.49019762876324352
-0.24592770129622135	-0.40576935045162754
-0.4106294528777526	-0.29698126391370733
-0.53536111344539694	-0.17554245919333669
-0.59421620083290638	-0.051948971597989162
-0.59250897197134422	0.065536958292244193
-0.51977500093757867	0.16523444472539409
-0.39744385412794586	0.24690338790962149
-0.23493503657010964	0.30442553949423651
-0.057814306446955691	0.34375445940382265
0.11025190751877138	0.36691583015804641
0.25414611191898473	0.37957503562096917
0.34967519207883396	0.38819374862280048
0.40039958307586487	0.39240878478476304
0.39576358851680732	0.39586896814469841
0.35392248813925903	0.39299994628295976
0.28308724754714515	0.38118482679281362
0.20253511274821348	0.35520005367336099
0.1319216140439608	0.30859201187244906
0.078322864157065311	0.24243398613710532
0.057923348127154051	0.15308098064336156
0.063053479304877647	0.048234222052051828
0.096238794290103624	-0.069142670106336707
0.14307840837480826	-0.18848187026473184
0.19334240428328903	-0.30084055973646973
0.23704341631844977	-0.3983800983498379
0.26062320271295247	-0.47085806431225924
0.26456447440182013	-0.51654298379966301
0.24182016095050915	-0.52856031128326442
0.20142136470038188	-0.51209684008462808
0.14631543047231504	-0.46669566753383096
0.087706560393221861	-0.40241333607655194
0.03557885420938587	-0.32571619970637478
-0.0034600361164266328	-0.24691792110966171
-0.018488905003478304	-0.1769491172753091
-0.012464313559398699	-0.12042527928929836
0.019204125602802491	-0.087135640262391678
0.064796772580003006	-0.072489591109142826
0.11879779755777668	-0.078947105448900809
0.16718615765702563	-0.095145668278041967
0.19588223155439391	-0.11377389243006802
0.1995459247682298	-0.1251383680129517
0.16462152800792096	-0.11683664549834366
0.1016762643769937	-0.089684456628711703
0.0098273814282808167	-0.036242198660603374
-0.090130903476749874	0.031126574476570128
-0.18258844087768802	0.10758633445914016
-0.25287577951852847	0.17799260721333146
-0.27923145764002333	0.22775950270336628
-0.26732135729149015	0.25037574049158345
-0.20769494827333113	0.23200793324150953
-0.12394000557304453	0.18003651161380371
-0.029272907115241355	0.092014302151101457
0.054642686111014617	-0.016409270128999533
0.10165806083385345	-0.13493283786246948
0.11201199597708257	-0.24995940154596918
0.069690096387998918	-0.34593625380719828
-0.0026968289757358099	-0.41842915088901084
-0.096020810692956496	-0.45644146586600642
-0.18584772530687654	-0.46410764087064793
-0.24591403694840264	-0.43926088188968554
-0.2725800134332898	-0.38980827043485639
-0.24700941809723825	-0.3203214364867818
-0.18852822851131881	-0.23863994062555918
-0.10268948592220434	-0.15205986493212467
-0.01197576263878862	-0.066783274884583216
0.060631298972055818	0.0098155682013047075
0.1110758678375926	0.073957169757569982
0.12205623377740429	0.11924708297195336
0.11032839174766151	0.14615590326156466
0.080821558026950499	0.15116372772201855
0.051714358467606643	0.13984760450554121
0.042891455741581618	0.11374746180832059
0.054163955668612915	0.081454756594085909
0.098366918915281751	0.05010349363007649
0.15631314361300863	0.025605957701949969
0.21968440321740113	0.016551009834082905
0.26870883242247906	0.022042926077557916
0.28112336438092572	0.046419478777985773
0.25608337717235863	0.082569040076158534
0.17876599070119348	0.12759228461193858
0.068842912645718776	0.17319007723372568
-0.067106010195441185	0.21180441011890716
-0.20462807527887827	0.23831257592038271
-0.32055189280367147	0.24510353305269486
-0.40445367774373508	0.23208427640830256
-0.43482613630412759	0.19541429350283021
-0.42174840499049493	0.13872506488132366
-0.36062567723984179	0.062254315438866198
-0.27397248846315031	-0.027657200359029663
-0.17605488893048105	-0.12699368246186699
-0.087023527501603692	-0.22854254272951574
-0.029914507601857168	-0.32565678354200278
-0.010337515804594575	-0.41262383328836072
-0.046319902781738864	-0.48156558141496075
-0.12364477966291934	-0.53233164712981407
-0.24375289209545739	-0.56010462438061248
-0.37769868719819977	-0.57100747839468546
-0.50598026637149229	-0.56690396646040442
-0.60170741241815884	-0.55575430634233436
-0.63263356453103647	-0.54556199247060033
-0.59532585494043089	-0.53806095213689309
-0.46556228194328114	-0.54030917432791514
-0.2734636865325249	-0.5443379683887567
-0.024768416990119752	-0.5483275646891953
0.23159805025405383	-0.54088918914187267
0.45542547802179345	-0.51088907022173813
0.61482980027610701	-0.45574243061164749
0.65966515119964064	-0.36490800377935095
0.60450669295527815	-0.25112148584511507
0.42883982926997832	-0.11666304727944629
0.18778796963416147	0.017642001500625479
-0.088140051119334428	0.13450778708435046
-0.34561510529080364	0.22103582798238192
-0.52319333450796834	0.25640646222058611
-0.61471009595570647	0.24709735784257428
-0.57776030539048961	0.18522217221527698
-0.45962142872525874	0.093053275394602619
-0.27367048206756878	-0.017336870620282902
-0.079203730590047997	-0.12323488429222179
0.065814306680443441	-0.20066017840245673
0.1440113751990465	-0.24134190799662031
0.10495595323866536	-0.22557259046038675
-0.010138676680850016	-0.16368155155487391
-0.19785249748765724	-0.052492090317445179
-0.39523723456482956	0.087185195694961429
-0.54737110901864006	0.2417374959950209
-0.62675461660764731	0.39274815033653088
-0.57665449295195925	0.51957073106200302
-0.42985023957320001	0.61528172991797037
-0.17873491688367354	0.66366674263140368
0.1122654161685505	0.67195202960350064
0.39522783462662819	0.63615417658251239
0.62824987610457861	0.57368780325425006
0.74964531172301241	0.49482099858395395
0.77084251600531062	0.41700994048159001
0.66661832788460262	0.35948944375107866
0.48524112525225499	0.32719168667579746
0.2524346676504986	0.33611375210684119
0.010609649059870189	0.37229574114497843
-0.19192471931617669	0.43531162540601381
-0.34714022960416152	0.50055687619593403
-0.42439376519329997	0.54803864885677966
-0.44322084109204979	0.56349586289619447
-0.40592493300304361	0.5216698155816244
-0.33355904223297272	0.43556052897570291
-0.24560157020760756	0.29816344031648506
-0.14907979227234325	0.14423360134515051
-0.05790721162848364	-0.0033545972901108372
0.029096453865926925	-0.11596373507227471
0.10970539464042441	-0.15514064153284041
0.18022438263096419	-0.12745817587804756
0.23904053323809715	-0.012704209688465591
0.27768100649757271	0.14721946462739571
0.287166342581683	0.33191916069916005
0.26740351648135074	0.49708268883185747
0.2094892902105244	0.59400287740485547
0.1308748428724181	0.61547098582476489
0.038179591479735375	0.52522973199805367
-0.045004415682043476	0.36171756880451689
-0.095164553450122438	0.13432946562051318
-0.10544313544374523	-0.10606140913718032
-0.054220860893847825	-0.31162091887240667
0.037730052197442333	-0.46383699874694684
0.16795087500556696	-0.51860556222188714
0.3031204407668826	-0.50486853780315477
0.41455167038516394	-0.42140662024808118
0.485883572033598	-0.31459942426353921
0.48558395206983623	-0.22441636685347274
0.4304793368442596	-0.16886873588400056
0.3145942783697786	-0.18815568918012349
0.17480250601645636	-0.25568303386913921
0.037310226917327313	-0.37279777223598876
-0.071855440203611468	-0.49587547663274273
-0.11562969682831818	-0.58735873570745545
-0.10091937520589259	-0.63039350285711671
-0.011038036828551513	-0.5868268303366827
0.12029930455109798	-0.48299801022030836
0.27632198773613037	-0.31787212626482575
0.42288339356728422	-0.1354188556771585
0.52368254261922997	0.027796981274064707
0.56841185449324638	0.15059573001712698
0.52856537474053911	0.19395698201026484
0.42243724608599753	0.17483817889498943
0.24819963911273552	0.086035191063554006
0.037712515797283984	-0.038987676278031576
-0.18624556904498618	-0.17514821265460234
-0.39825822334748096	-0.30450426348137066
-0.56735076970817	-0.39822843659262469
-0.68741950931799156	-0.46389423425597159
-0.73753934005520572	-0.4945592172249797
-0.73119979445581729	-0.50494381787605302
-0.66698551580237198	-0.50751970150941017
-0.56868606973350566	-0.50209073010717487
-0.45285421203790549	-0.49719124787426572
-0.33978501554796253	-0.47910147344251469
-0.25400582750072231	-0.43895174205017967
-0.199372580470909	-0.37072604808290072
-0.19336060776163141	-0.25955072061935525
-0.21963905442478063	-0.1231290908186892
-0.27618816197553664	0.036231700254930506
-0.33754997432714123	0.18721675323788911
-0.38242035966617027	0.30321440325203664
-0.39631808668780166	0.36780780577681182
-0.35392559401738671	0.35014962443581987
-0.26644774005098198	0.26691966991841165
-0.1261631877885408	0.1113059928329159
0.035467037956275774	-0.077063462953995632
0.19868992683191597	-0.2719760572883233
0.3361027724520983	-0.43999782842372215
0.41354642424488947	-0.54034034366247108
0.43153720441569299	-0.56885437570469854
0.36945925019207343	-0.49930738010659864
0.25654996593561513	-0.35716087560225196
0.10380190347277218	-0.14656535368617554
-0.054666242363499963	0.094778648366745946
-0.18487398195120436	0.33746011081872496
-0.27541414783101131	0.55245998956395304
-0.297657700789276	0.70343991205851641
-0.26928976646694758	0.7829468438789432
-0.18945429182628848	0.76584793465229006
-0.085145773689714141	0.66884425968305961
0.020382305958134568	0.48879377791954209
0.11676295564167224	0.26009298805743092
0.18179756128474681	0.0041685425092875608
0.22772750870441746	-0.24321206092720196
0.25377854904009434	-0.44439286084537022
0.27679897224857203	-0.5836125956596
0.31362349436710746	-0.62691579097543826
0.36351858829372391	-0.59122912381272552
0.43816410048094712	-0.4691065097727371
0.51715462630252695	-0.29971075871671488
0.59059165708318728	-0.10930387256617366
0.63863435142253167	0.070857809258429938
0.63695782839053694	0.20003320634861724
0.58911569790080609	0.28041453974693986
0.48101853712093495	0.28980514605285435
0.34127056335892214	0.26063059818716777
0.18336334502436086	0.20784413908732871
0.038545405980062737	0.16166609530286963
-0.059840391777212829	0.15845877474042344
-0.10458549423971579	0.19474947626613703
-0.069343193527203709	0.29154743183013154
0.021814910739605738	0.41176915008711701
0.16624905317988975	0.53756344125725697
0.32601043895420623	0.63224263259431135
0.47049095543910568	0.65304291072533416
0.57502879060578782	0.60034150775060624
0.60309967002991394	0.44637626621559584
0.55968286827464919	0.23280154141179421
0.42753816688851487	-0.024758312626277819
0.23679977049110315	-0.27597544958223963
-0.00039461369535426227	-0.47171276140762558
-0.2472957119302544	-0.59277367926416991
-0.47043745335696247	-0.59514581541235889
-0.64783252210134235	-0.5041395185074713
-0.74487077956952308	-0.3143671948126297
-0.76595462306407458	-0.073910283764787768
-0.69433686186509225	0.18325035456105632
-0.55885612144613006	0.42020057581591336
-0.37049429443521359	0.59074306145904243
-0.16607438864902335	0.68874647399070033
0.021328345728051999	0.68544793959179007
0.16948874317111187	0.60254474867963159
0.24252272121897991	0.44105243463952226
0.24833178049609481	0.23425339474843135
0.17135433828055677	0.0064352113518185566
0.046095562150204855	-0.21440213737049013
-0.11066288046848315	-0.39581029663077416
-0.26131207184332322	-0.52684681390725752
-0.36706258521989499	-0.58193126093087311
-0.41467428023842984	-0.57252921015577263
-0.37090036882840255	-0.49214544758997736
-0.25697136736766213	-0.36908190430281163
-0.069905911668917436	-0.22028352182754948
0.15090714464293556	-0.073326054780364178
0.37641787581676933	0.040545046351398946
0.5785908624185695	0.11539392764798205
0.71915876380842858	0.12786837953348174
0.7997674178528984	0.098972018488989247
0.80089021105740799	0.032606196834780138
0.74777715686541746	-0.043274502522602218
0.65050735444026542	-0.10160444599336371
0.53506693312774667	-0.13581543330698093
0.4282604441157124	-0.12265708002800038
0.33771172104133146	-0.085110305061418076
0.28363898293892831	-0.029212734354426843
0.25506362480488642	0.017456137655017211
0.25295121388863118	0.024650809879475891
0.26168745246536163	-0.0056683236797972422
0.26832232100580788	-0.093854449458322151
0.26582855217280138	-0.20321232723321644
0.24160541971115249	-0.31608015583731586
0.19942328084565383	-0.39571080453898605
0.13618459511123704	-0.39760235190917409
0.059892329322295525	-0.3273573688729714
-0.024436298912967915	-0.15873247024545231
-0.11094158244105003	0.0572363970723841
-0.19290133069770726	0.29537623384123363
-0.2678857763069577	0.50434158226093706
-0.33142422737391741	0.62427927498486502
-0.38291726689104877	0.65553944141312392
-0.42011867557183019	0.55975532772484204
-0.44349816835832956	0.39322441623632359
-0.45195155005082649	0.17940272164742371
-0.44795433178816402	-0.02155210701338247
-0.4323346473532329	-0.14327453443096314
-0.40893043361416892	-0.18093220476543317
-0.38118004687040458	-0.088477117068800099
-0.35111036261094047	0.076809328649746197
-0.32243916497799863	0.29469264813071516
-0.29353208431134697	0.50008009507300122
-0.26509409115599059	0.62435430874470221
-0.23382494903844095	0.65785464817871753
-0.19686556542954212	0.54943075175141798
-0.15359747904130086	0.3549344207004867
-0.10110987187765003	0.090371813309319121
-0.043420721533655386	-0.17587050318285141
0.01831344774486713	-0.37568854195404727
0.078419093906235138	-0.49222840346910574
0.13153413219100712	-0.46981438835373823
0.17556766647664454	-0.35680790930334477
0.20538844684291171	-0.16108249354984611
0.22475544992345833	0.051573901890608585
0.23359643773245917	0.22004052426548235
0.23827380420810329	0.32244223355201751
0.24376885758751146	0.30346734384404628
0.25415261698806313	0.20230474003926222
0.27565760105812331	0.019252686205820504
0.30678061944185625	-0.18432864107383165
0.35010111672752781	-0.3562669622068837
0.39960370673119916	-0.46870032215627067
0.4523639475754731	-0.46746704952182105
0.50168845092899095	-0.37929401380004346
0.54117512225556608	-0.19453172365511612
0.56702563829228525	0.031852409816141257
0.57284625037564962	0.26074868026554759
0.56002114017123095	0.45423346478300858
0.52560838162016099	0.55994654126066923
0.47619254923225995	0.58208800094363033
0.41478494566891944	0.49547973564734854
0.34916346041655755	0.33589612155290122
0.28687635265884104	0.11770551110905914
0.23162381596541537	-0.12005213267180107
0.19085303587425786	-0.34033569999489721
0.16087129566403935	-0.52278027875867539
0.14299015310305518	-0.63357830113346469
0.12964397026040875	-0.67601662450883482
0.11480784813844358	-0.63576599540530931
0.095171127705734646	-0.53186717860035626
0.063552007796893281	-0.37054071866195237
0.02553901581615391	-0.17591802273909504
-0.01884061046645381	0.03219394132473348
-0.060084803313704235	0.23460131104501175
-0.089342928159142854	0.40750888845378358
-0.1046334477204266	0.54491371215787088
-0.097529927227547983	0.62950295085021701
-0.078516424577045746	0.67141101630450095
-0.050465391070291875	0.66874732425283634
-0.027785211722779358	0.64027403151286266
-0.024951081414839062	0.59999746537634602
-0.044635021853329328	0.56029453015302
-0.099369168363495214	0.53990993340956606
-0.17404837497050746	0.53374659266690583
-0.26455985638567664	0.54919287477766354
-0.35045866587582841	0.56753713931341232
-0.41198246309022074	0.57751770116791123
-0.44297064359286747	0.56417306122722699
-0.42599053495270561	0.50720226520690137
-0.37509600080422323	0.41136199351226743
-0.29201363137299591	0.2664195122705787
-0.19629257445469733	0.097042110031615503
-0.10682980782889939	-0.084591611151681484
-0.027308431769482937	-0.25124832566153976
0.027241635298370242	-0.37496969576085359
0.071963870048991005	-0.44575215575468208
0.11221712139779282	-0.43946385293566032
0.16232535419634603	-0.37053131060395439
0.24147437950182105	-0.23563436745820238
0.34043750761283126	-0.063881224595623398
0.46651397589796312	0.1253640112706218
0.58931181420446754	0.30618921828972029
0.68842840750073908	0.44933483507629096
0.74119492779193352	0.54547907352087743
0.71382939447848393	0.57249578681453661
0.61926865034295286	0.53953848967034834
0.44413819009203348	0.44143071357218966
0.23359007735376702	0.29903626139872563
0.014885058409797328	0.12373493593185446
-0.17167741999399025	-0.061197731054246772
-0.27639099494695674	-0.23410240282619893
-0.30021566866171923	-0.37875069147970947
-0.21314788913824848	-0.4725659605964857
-0.058371956103843832	-0.51293361898514889
0.14697818285750425	-0.48522686517592356
0.35475502331589803	-0.40290569358570655
0.51518035051705757	-0.26677431998349843
0.61601234785013914	-0.1001732788432125
0.61819567016864596	0.080031183590192609
0.55239268832525723	0.25361198686085162
0.42225190490675463	0.39593084621522984
0.269759579564334	0.50335512830137685
0.13326753253580498	0.55914605466175704
0.027327584648108427	0.57798377585959049
-0.013210741166997535	0.56221515709624781
-0.010888730986155294	0.53210127599974155
0.034775853520831797	0.50621831115535754
0.089561962065204739	0.49196782489264529
0.1235010369607937	0.50739229088358184
0.12431783873002775	0.53914515368617077
0.063193790392422441	0.58765766821028942
-0.0402096532294519	0.6296388770722936
-0.18660252174815492	0.64581485505330039
-0.34368893883878138	0.62456576056890323
-0.48504429541962274	0.54307248449195988
-0.59376481937364833	0.41565890423179574
-0.6410592099444069	0.23804295399777881
-0.63616544396845265	0.043223354262639506
-0.57109423239979473	-0.14648828213199633
-0.46873607212961838	-0.30331269808344724
-0.34383328304322919	-0.39248604769040113
-0.21284110711227527	-0.4126504845071241
-0.097032689601996763	-0.34195071810300376
0.0033033594830769418	-0.2071152345313631
0.077451166883720973	-0.015624030165934145
0.13541937709878155	0.19663271638512236
0.18095908908684583	0.39824619499119801
0.22212706620946618	0.5682923038459039
0.26831121809284042	0.67337055289854364
0.31926920490161936	0.71950129675143093
0.38012328400693229	0.69311648052729324
0.44416757341554175	0.619580842614192
0.50877511334194936	0.51098807460653983
0.56683139453406695	0.39358326200801036
0.6111454305055446	0.2939625913528629
0.6393196931736691	0.22316645114375294
0.64539813368255383	0.20421341789617578
0.63286532786536853	0.22776511410587078
0.60054188851796975	0.29970809350080174
0.55646365589641011	0.39738613889979091
0.50549108911589247	0.50757761070971763
0.45597094439482266	0.60786532989437436
0.41703392677042084	0.6744209703727535
0.39118864890144528	0.69825633368613549
0.38616926768103715	0.65888075637790455
0.39542985544326842	0.56697330736073992
0.41892219641903999	0.41798204917316056
0.44488731181100566	0.23710933748103122
0.46403542136417458	0.040003772713972374
0.46891071368238085	-0.14922531688076343
0.44724151665800266	-0.30352281938949505
0.4041856321704162	-0.41607748538188782
0.33563804620603821	-0.46615045717430942
0.25711553433612505	-0.46846944761297227
0.17808495652589509	-0.42292310003204747
0.11259104557987878	-0.35328976528402772
0.077946728129905468	-0.27893969173345617
0.073814282659296959	-0.21298583017835285
0.11129379369249108	-0.17714366275857338
0.17338476973796912	-0.16497584381315472
0.25425101385619253	-0.18279896931752804
0.33149972691565854	-0.21406669650236651
0.38452041794464775	-0.24712251116220041
0.4021299655242716	-0.27361352358088986
0.36338403278005044	-0.27871170984505711
0.2769557751070385	-0.27018595834094572
0.13646435599718459	-0.24667294545497626
-0.033872585714674719	-0.22074128327323969
-0.22030897389301082	-0.20441457798872587
-0.39781095694795093	-0.19796452366715939
-0.54039579355555956	-0.21077930630516378
-0.63716407678249587	-0.22753305630303186
-0.66516462161852563	-0.24065776847759576
-0.63457002097039306	-0.2362680355758611
-0.53920015935966881	-0.1956415732513023
-0.40516197693164119	-0.1257210076013453
-0.2475879772978446	-0.018190563824432453
-0.093221354581110666	0.099896839729010783
0.029274934257258689	0.2119033996770861
0.11052767412114017	0.29489954591576961
0.1263228640565254	0.31831602536629672
0.092519904675767678	0.2884340835709911
0.0062316026107403361	0.18954425399903155
-0.10051626115112514	0.057049419791087491
-0.20490351066550633	-0.090603588684988648
-0.28220052417120267	-0.21825607964156682
-0.29893376035533853	-0.28555121282774637
-0.25851480192861653	-0.28963660326548685
-0.14223692857523704	-0.20307729417953649
0.017018491938167457	-0.059264160710628538
0.20557825665653359	0.13096007832487661
0.38452459146095347	0.32738591072911244
0.51547104679851974	0.49020988359074907
0.5831504460161675	0.60737110023381624
0.55237539801379953	0.64536377828002955
0.44452009657960478	0.6287191219250029
0.25526183542180941	0.55897351753340663
0.026503923680203711	0.47160563621978618
-0.21173260175341105	0.39855383690746715
-0.42812363042684126	0.35197544253477858
-0.58158030336785937	0.36215587565272189
-0.67137582924476613	0.4066491963466059
-0.67492444927755679	0.48502604255828258
-0.61671420683892153	0.56152210326912388
-0.50499253903807495	0.60578834557472361
-0.3658955058854384	0.60114957307426764
-0.22523218398326064	0.51491860598014283
-0.092230960665272449	0.36478236154833987
0.012857223154128943	0.14484830417062119
0.097290951614694227	-0.10683238734794195
0.15836851446192549	-0.36428703005492036
0.20571985396417131	-0.59717267200062552
0.24741387443568397	-0.76812991302238609
0.28543197948425469	-0.87223541480672118
0.32578670329375953	-0.88626839606342989
0.3644535584501965	-0.82776178556000235
0.39991016473313196	-0.69846037877287059
0.4306627347457368	-0.5225077942850076
0.45371081155716719	-0.3185804646063673
0.47205202354903358	-0.10482474343244044
0.48712722638253619	0.097798403269920259
0.50060628128806228	0.27905637980484727
0.51651840232745583	0.42332286904889244
0.5292263866675484	0.52581806931794484
0.53747253079441792	0.5760562123320353
0.53214755081216869	0.57552888075529007
0.50422783446007513	0.51814034825912691
0.45219866331870395	0.41616677354170284
0.36769346712377016	0.27224371046024953
0.26224418914910319	0.10919724720896007
0.13900843682413017	-0.056595383847949765
0.014742647417773437	-0.20315206136331679
-0.095321132888063972	-0.30477545253137101
-0.18345212340289679	-0.35623395936371721
-0.23393779596426445	-0.33755079005644323
-0.25549134680618985	-0.26726419325033074
-0.24576827640696311	-0.14672991382189077
-0.22222914387132145	-0.0075186712600234344
-0.197984086938051	0.12564103504650811
-0.18373987018329485	0.23086679992078171
-0.19619602429820437	0.27640921208431218
-0.23048438867654081	0.26714079045302536
-0.29258786744793081	0.18804425158904434
-0.36665279709592957	0.067039591275292409
-0.44330805683831315	-0.082726483546985058
-0.50908892260204575	-0.23195138979063165
-0.54798163922623577	-0.34964160566961827
-0.55826217919222654	-0.42772324033931775
-0.52970166099942417	-0.44209158784240349
-0.47180089143274845	-0.40984557173094477
-0.38604422457541704	-0.33165001739599459
-0.28625213703194258	-0.23270251336327394
-0.18316867762916092	-0.13478047711859217
-0.0875074837833206	-0.048809247172736762
-0.012344147202566784	0.00360809489446257
0.038663146161954702	0.03272736080432341
0.05607042682742823	0.035572070664315572
0.044159453680717976	0.030236017736152653
0.00049136144768694399	0.032125251292227541
-0.06421594687147697	0.046326523407972123
-0.14391161347909628	0.087881640204981418
-0.22703336804177668	0.14233148881715893
-0.30147167243871187	0.20711282344960286
-0.36281747223446054	0.26157984901032427
-0.40028170397771967	0.28615907071138269
-0.42089485659526849	0.27507034184573131
-0.42380152721953157	0.21076854816434762
-0.42187032778227013	0.10897509750521928
-0.42605539577180063	-0.02840178073574904
-0.44124475165088162	-0.17746766548133081
-0.4799632014406397	-0.31743553800460855
-0.53025452595428746	-0.43707496185875039
-0.59166535719413671	-0.51536050273157374
-0.6422119476140159	-0.56089013549221334
-0.66363749898078683	-0.5699738949343488
-0.64430779535766114	-0.55845016697216354
-0.56157540951600593	-0.5394910883618953
-0.4302231770982175	-0.51740544137106315
-0.24587900508553601	-0.5045238364116138
-0.04336025223279704	-0.48995292580650274
0.15330753504719255	-0.4705807734332732
0.31612101274710586	-0.43539375504010824
0.40800817547081741	-0.36998282998277249
0.43214946097191625	-0.28142231131606382
0.36809799013552397	-0.16365857874596085
0.24966370817091738	-0.041666391674686179
0.091484984429839891	0.068695727884709137
-0.06937033262998718	0.14613268805873192
-0.19410914660938502	0.16217397718661308
-0.2732688319809829	0.12248733261712913
-0.27600366039194246	0.012183078779558685
-0.22766984391948761	-0.13553705722837317
-0.13095734805795242	-0.30428234625258044
-0.023019184203168383	-0.45850947003286718
0.063691538812121432	-0.56002972507225324
0.11238514780431794	-0.60038853792700564
0.089857675222429351	-0.54958657637370989
0.01289889533589051	-0.43406941325443071
-0.12454443765784709	-0.25690664325691198
-0.28714723109382512	-0.058226868620702747
-0.45006140760280472	0.12859645361520627
-0.5879091671001756	0.28022829316139597
-0.666471083516461	0.35969727371199262
-0.68742395743702078	0.37453897627736898
-0.6332491204341415	0.31084948779765426
-0.52731355347756792	0.19597591417770607
-0.37853270226150204	0.044564025429402646
-0.21274250418485904	-0.11918608382818893
-0.054560400959430946	-0.26882924805036862
0.083442674659210708	-0.39645491000215705
0.17974074701591966	-0.48415282818743827
0.23658150309762815	-0.53547688984492159
0.24590813275295981	-0.54656518315749791
0.21710815174169423	-0.52175486379650649
0.15370581393636956	-0.46312533371404463
0.065234094847333557	-0.37358794225072878
-0.04017688560888049	-0.25378891623269684
-0.15479430677829101	-0.11260302515548241
-0.27050695249599116	0.047313753858379035
-0.38031988937822347	0.20665881686375487
-0.47636694781759048	0.35212234086400668
-0.5531506203201062	0.46307000589111641
-0.60286541049116071	0.51561487112179749
-0.62456911542522731	0.5062049761252172
-0.61282983884946585	0.4155247306084261
-0.57331116447120645	0.26697808333448747
-0.50660102033825161	0.064574477963510665
-0.4224944771563453	-0.15281816048859109
-0.32820372504272016	-0.35436124153144388
-0.23206533381071329	-0.51195731792832033
-0.14381915972078665	-0.58600639577022984
-0.066467533548798099	-0.58017752458358907
-0.006880761058619885	-0.4739995353218589
0.036805226453329051	-0.3002930897949167
0.063009164830153369	-0.071903075145644688
0.075196746889410013	0.17171435367151106
0.075518191555294101	0.39367131319174969
0.066338656350995853	0.57341810180325314
0.050189221586524647	0.67558391929709449
0.028722337825618248	0.70774417799979961
0.0032385780262185193	0.65683813906571886
-0.022675344684277444	0.54940345580245165
-0.046954340654450304	0.39848930443844988
-0.063732966498424942	0.2315003773655066
-0.067992680831325231	0.075343102463615114
-0.055127687998734957	-0.055438550503373492
-0.017704944929699186	-0.13643814476641986
0.040812347511042082	-0.17033665346109572
0.12440334627584559	-0.14623401345531395
0.21817402098437605	-0.080466896783011971
0.31501248881503546	0.021468514232031922
0.39555146404396874	0.13795081359142702
0.44105869600631631	0.2507580244983118
0.44251719670349365	0.34419567702432052
0.38022358023122826	0.39695485099296823
0.26750478964172486	0.40765692035175138
0.10064860180419928	0.36307102574980737
-0.088930870636654072	0.27744494690572796
-0.280239412597586	0.15369813188803441
-0.44572955452504481	0.012584716296075778
-0.55100395527509205	-0.12854002755149274
-0.59561801453563845	-0.25656006174406848
-0.55761947823539393	-0.35203706334372059
-0.46713396650802308	-0.41658261511377853
-0.33447033366764389	-0.44151789786960161
-0.19712662310160733	-0.43827579451716969
-0.091733795200277093	-0.41236029252905998
-0.031201953268733561	-0.37287925902083979
-0.048348956128032944	-0.33065437097753431
-0.12008249762061131	-0.28604818626334694
-0.24684930609269812	-0.24392809968328297
-0.39085013685396935	-0.20160127739996175
-0.52019462905363978	-0.15658838718097551
-0.61760285951932203	-0.11311631901641186
-0.64927372058158239	-0.070776484241753104
-0.63288040488077413	-0.040995986588407314
-0.56412479928923898	-0.03333906682604755
-0.47511971344157888	-0.05298572517536116
-0.39248373837935213	-0.11287451943286875
-0.32840141675403189	-0.19929401764074367
-0.31088674582499637	-0.31216723518977751
-0.31906995281008882	-0.42352938783063632
-0.351639585947495	-0.51175062295257079
-0.37793467943556552	-0.55774916103061811
-0.36845586788042523	-0.53139360134580771
-0.3184068982969368	-0.44420295486941452
-0.20330401630136438	-0.28479971904771506
-0.05271036069562865	-0.091742033736733578
0.1235311081442004	0.11183736224001134
0.29074360932430654	0.29103976833872652
0.41187671375654611	0.40320059191754382
0.48420840564783141	0.44848477044716967
0.48138251694917333	0.40031616225347233
0.43725107534013247	0.29625341212909789
0.36524137661245359	0.15061101921038925
0.30027144838059527	0.0065452787921248725
0.28304757546690451	-0.091516516086781255
0.30963228203946125	-0.13307285952239276
0.40407242623170242	-0.082167955983716165
0.52312129096990412	0.029262618686991357
0.64477676973336762	0.19668469823878609
0.72935188899645365	0.37384984942872124
0.7272184692398963	0.51971125925060035
0.64619802192387865	0.6141299007432286
0.45967330009794016	0.61614734063678034
0.22133239947474445	0.54717498485095184
-0.041187317296456138	0.40148918397117911
-0.27635089797588808	0.21953667073041697
-0.42353378430548533	0.032321187546985521
-0.48236743169087332	-0.13755194404977419
-0.41504760163667659	-0.25321414885900961
-0.27325681758783193	-0.32645144547693528
-0.077704163778704746	-0.34735990620020274
0.1164942806543656	-0.34414079472664849
0.2497497095940486	-0.3374292033598581
0.31477121974895211	-0.34001971857923602
0.26921750055372778	-0.37680447349199003
0.15865096771291462	-0.43212592051829535
-0.0032752055491894541	-0.5074972575319967
-0.16317460235720949	-0.576298381279293
-0.26688313892784127	-0.61543347400512582
-0.30308064276057467	-0.61584287708711161
-0.22888209566786677	-0.55470999329213744
-0.084817950927511779	-0.45020982069733301
0.12125637799398319	-0.3035638999060995
0.33420078985029966	-0.14281600610650813
0.50386499195080936	0.0077718298410182941
0.6074241451619351	0.13563283435013376
0.59703447374787166	0.21670648834801429
0.49760249482467517	0.26121199743367124
0.30183632625035817	0.26579871873025984
0.058487390063245985	0.24711567859252453
-0.19771996514058734	0.21968244298146214
-0.43199640117637472	0.18653675020147073
-0.59796516616036954	0.15949818142589139
-0.6956641525934365	0.12674077400889205
-0.70044745580144907	0.083070910438791487
-0.63998971542563443	0.020411136486478503
-0.52263135754153678	-0.075017028288254392
-0.38172911817207805	-0.19130412276379966
-0.24721652209518447	-0.32980927663248738
-0.13770362912138778	-0.46450519789271211
-0.083291580780881364	-0.57505131583204538
-0.079440656692606706	-0.64574659627528641
-0.1397015908907118	-0.64967880450652771
-0.23990416165977058	-0.60014097143546163
-0.37042679924741867	-0.48988021593368414
-0.501174281798619	-0.35362203939957576
-0.60437992491561954	-0.21483865182415157
-0.66343654647420125	-0.10003704630110367
-0.64897381672449628	-0.045320675403208277
-0.57151449414569888	-0.045372370684228357
-0.42059339785514976	-0.11809576974916378
-0.22980401618854204	-0.22993190701708008
-0.01821593927649098	-0.36464624245160132
0.18106431914842847	-0.48816913702405168
0.33059752757092559	-0.56368614839344366
0.42431224920853244	-0.58319714646033638
0.43457747973026128	-0.51918301199903261
0.38863269026638125	-0.39338627004731314
0.29181566291572658	-0.20740990863126041
0.18220046044161448	0.0058465804397277357
0.094499064006025216	0.2197361831119316
0.044135500511803177	0.41389847809223473
0.065285028135795578	0.55864267988363281
0.13640593421797423	0.65531286704406966
0.26040884516585722	0.6899872460622154
0.39811200195365287	0.67877264764888845
0.51873256363417131	0.62745668886238204
0.59998440237912598	0.55307521714894259
0.60498385947678823	0.4717695612621296
0.54674068663029429	0.39201089433829717
0.4143707714203716	0.32813432799693604
0.24267204750251742	0.27868937554219592
0.054369487666828781	0.24963553302707697
-0.12520213790976556	0.2330779638245182
-0.26246294023979044	0.22581868819187081
-0.35942330296478825	0.21972663152889826
-0.40007658979928329	0.2061842410512878
-0.40489397153685486	0.18345297156861942
-0.38398817565240273	0.14413749742821544
-0.35242789581648976	0.096590607232536319
-0.32955067990779557	0.042249559926404182
-0.31266269277687048	-0.0055343811699433585
-0.30942534085619094	-0.034915995733916787
-0.30811044727865894	-0.039939895827749664
-0.30083831397070876	-0.0068081280031046867
-0.28372491098422015	0.052796831530895122
-0.24713274836671786	0.13982615978506072
-0.2004425080577002	0.23017685054792747
-0.14619511299678709	0.30556728465127803
-0.095272350231137476	0.34948447797618104
-0.060009862124612019	0.33595909366655857
-0.038587005666725627	0.27507857076563275
-0.037932825722663571	0.15698142982070512
-0.044133901029275502	0.015545089463459442
-0.048956656174491679	-0.12894134651550518
-0.042290598470255507	-0.24557441304563365
-0.0088485500151130204	-0.29640896271925649
0.04407300896281343	-0.28228093875711796
0.12115346269351132	-0.17957964875912166
0.20175239570410511	-0.02369985218012037
0.27187468462878267	0.17169709148426474
0.31626383737634123	0.36502167475643521
0.31321874864865229	0.5142482687192439
0.26807813470068054	0.60702387819571568
0.17142888917435409	0.60798986314511627
0.045825374610654175	0.54413752924157577
-0.096362725054228354	0.41701962723197677
-0.23399448036399442	0.26759318185732761
-0.34311218697522217	0.13126510258773921
-0.41979648561308941	0.026238485982786861
-0.44776890651404799	-0.011441068070742024
-0.44014907680085402	0.00010583991562709182
-0.39914320165890421	0.065763429435421988
-0.34121307713672855	0.15256284036027035
-0.28160888973615456	0.23365969432268588
-0.22617167328268628	0.29556476553353817
-0.18794006214044687	0.30985480985877978
-0.16057144119540728	0.29448750396567497
-0.14542957626230271	0.24849984553333229
-0.13243395891896406	0.20023062739217165
-0.11356742662509482	0.17542991684606579
-0.084003707549812109	0.18090088815376457
-0.035080404248697586	0.24017708755146511
0.029711268977938982	0.32881746641069859
0.11268573124949759	0.441233998962762
0.20508847975126729	0.54440116286455531
0.30231488140446533	0.60621999308559282
0.39422974612070733	0.61832279191932871
0.47159488644228947	0.55272962049684826
0.52711466139838681	0.4361782372747729
0.55071499803219504	0.27322456292087782
0.54149300484394958	0.10243417193278755
0.49246853446955902	-0.04144054011395204
0.41179928154519946	-0.14240411578532952
0.30034255583958119	-0.16639670650962526
0.17301936459100897	-0.13285909012441793
0.040852533740676003	-0.038468195117499486
-0.083606083051372113	0.08254427903348939
-0.18421459996994352	0.20243921298392828
-0.26072028753928367	0.30506193784696434
-0.30336090909829888	0.36016537123023734
-0.32452310038781462	0.3822876343056491
-0.32873020828673827	0.36720388037910107
-0.32980986271973056	0.34095593065623381
-0.34279599397003191	0.32559890121216406
-0.36859304784081126	0.32886806074436481
-0.41797203028541408	0.37230328638888249
-0.47636719113655057	0.43654586890511382
-0.53805689061835738	0.517862771548523
-0.58727980350990139	0.59091685396695393
-0.60624826092744477	0.63007845805418516
-0.59531965408353993	0.63249210032787695
-0.54274119910309171	0.578681675829679
-0.46705575236530467	0.49287939088140248
-0.37655411566289443	0.38442000669035964
-0.29023966888023334	0.27851975364169784
-0.23034605098860503	0.20441379886418448
-0.19547328651999155	0.15938009333427108
-0.19935016148308135	0.16052185239626071
-0.21882403041903908	0.17759845007536579
-0.24280615734258151	0.19414938674349444
-0.24883359984174055	0.18593749870486229
-0.20946191816254964	0.11843738606727214
-0.12854686834572043	0.0060532577918706414
0.0098499234929876785	-0.16430736636022178
0.17379050733268417	-0.34467981868112363
0.34797370831355512	-0.50375241694408091
0.49842757483661132	-0.60465868494459052
0.58750944955189943	-0.59443744714995395
0.61093027485249829	-0.49006111931800411
0.54167538496913892	-0.2690882003307713
0.41027894703891105	0.0032007347170358398
0.22541214470512827	0.28871115111471285
0.025649262679848305	0.52832642882821723
-0.15172013366743559	0.64912764245209753
-0.29417070266571615	0.65442717338987622
-0.36961000663922305	0.50067532023149464
-0.39944976823275247	0.25553940601224356
-0.38424241251045532	-0.052603551826139627
-0.3544733945384963	-0.34943233791305489
-0.3385510597696586	-0.55602672689910126
-0.34325916210823754	-0.6578067312789444
-0.39294764215370731	-0.59454723125831144
-0.46332628527331454	-0.42426339835461629
-0.54834489997401858	-0.15921792472421223
-0.61763335743615555	0.12355687134399194
-0.64030050930573223	0.35210528979739175
-0.61185922269269755	0.49893478377072104
-0.50794844981624732	0.49847816299949232
-0.35729878699464801	0.3930036576287651
-0.16822278221214892	0.18054989542621161
0.022386467310002548	-0.071761506740494863
0.17918608645941547	-0.30705512405908625
0.28921286092527121	-0.4965537525956748
0.32115372724790869	-0.58239599245357576
0.29471535776146418	-0.59495900670891311
0.20863527958780897	-0.52833827088747753
0.09450786490407688	-0.4335174477435853
-0.021421485014215414	-0.35381418507302576
-0.12436833034034551	-0.30632200327717085
-0.18707308268403583	-0.3335706972429478
-0.22071578646043516	-0.4025690913094806
-0.22025888452699022	-0.50998781098741919
-0.20709559316653001	-0.6093712476491121
-0.19799276211926506	-0.65679967710275888
-0.20179193387049751	-0.64133607155145689
-0.2362473903557829	-0.52500794242199322
-0.29138776296457142	-0.3450019478514989
-0.36862199029923032	-0.10886404388707385
-0.45156343265656429	0.13245615177439973
-0.52652250196637662	0.33187868580898017
-0.58681698193203824	0.470248609050746
-0.61896484078552061	0.50396441108385959
-0.62967593687082457	0.45928582233412757
-0.61767161720231734	0.33311571930464628
-0.59343538400087092	0.16992315334770847
-0.56594454167244945	0.0047510824845426059
-0.5384390306761434	-0.1372193367885623
-0.51881665566599267	-0.21635468862210497
-0.50208112846311304	-0.24096879305449373
-0.48773020555435881	-0.19752344251696832
-0.47017955759655439	-0.11194130398153367
-0.44361625395553628	0.00080359656510587199
-0.40822385499112185	0.12140354373580889
-0.36061937601597915	0.22674592056138884
-0.30568952153739326	0.31327140580127683
-0.24563201471935359	0.36808501958740575
-0.18513081490441496	0.39608112083308339
-0.1292212923382168	0.39648466012750205
-0.079046937475494419	0.37340888257494187
-0.038119227912190246	0.32965590608601009
-0.0043695724703221236	0.26838406283091781
0.021941554827060315	0.19139836483108852
0.044289871987110013	0.10556089044349275
0.064881368872211298	0.014885454211589376
0.087264755893620358	-0.070278140402663086
0.11505515854073264	-0.14043646482033412
0.15025932144151458	-0.18900657984888089
0.19711880420865782	-0.20528218574588203
0.25254428737738216	-0.19213993558204265
0.31842375350937552	-0.14544257062265298
0.38406685613792541	-0.075525526541536506
0.44394403129882742	0.012229618607131426
0.48446091404624564	0.10709855069911643
0.49171626705272037	0.19883721082566358
0.46110114349891873	0.28062325528615917
0.37883898646045194	0.34367000215515903
0.25853138892502803	0.38362640719839969
0.099952398439030518	0.39394612614325153
-0.069191905597956835	0.37242837717936872
-0.22916307025324248	0.31327516262231342
-0.35628416857976641	0.22073178582173236
-0.42067105308658231	0.092006983014017815
-0.4212069324726575	-0.057587542145504308
-0.33870808086998078	-0.22090469919435449
-0.19749115448854129	-0.37624191231760151
-0.004543832205993803	-0.50384920209064621
0.2073306798486699	-0.59072168888001231
0.40923379254948583	-0.61443481413608925
0.58246397600971567	-0.58349763518268138
0.6967381712927031	-0.48995246001306686
0.75790237642223812	-0.36077497806921383
0.75492393349749676	-0.21157973770185154
0.70815575135566422	-0.068492470177974704
0.62880551363039017	0.038910241577495376
0.53327623803145652	0.10536640418760936
0.44118237942942479	0.10957878041225383
0.35409730997560618	0.070076518915999642
0.28272990691645383	-0.010331460809601532
0.21928810983710395	-0.1057817084856056
0.16124282781498814	-0.19391717653921792
0.10351402961967363	-0.26140973736043849
0.038733447930156338	-0.28555917642470141
-0.028763299904418452	-0.27212470690290957
-0.099849523580846283	-0.21420609143707622
-0.1662667092823088	-0.12708146708930451
-0.22100248167131112	-0.019854622816538794
-0.26119173500667842	0.09585163442373161
-0.27968357204459082	0.20646933129681835
-0.28232299195548849	0.30873017797737407
-0.2696648487017001	0.39477901069164967
-0.2504286806637398	0.46480847795016189
-0.23246694614158081	0.51691928768945172
-0.21893573933917479	0.5495320978576973
-0.2171272407869243	0.56134154056148555
-0.22248564980545008	0.54962640126213191
-0.2350681749073095	0.51082398926221606
-0.24832796904709539	0.44615336514453247
-0.25649041327934446	0.35282788088627182
-0.2572960318167819	0.23930197160682662
-0.24571596936068682	0.10882261641590921
-0.22428374549993488	-0.025774464680249427
-0.19300191035979816	-0.15442907244984194
-0.15443451703236605	-0.26556766545988497
-0.11163714345533929	-0.34614522868051312
-0.06313776521715575	-0.39051598367056511
-0.0092921943871593152	-0.38764248657645228
0.052327500539667567	-0.34065471860559204
0.12519975968878744	-0.24460918740977977
0.20581724512952143	-0.1126888698022929
0.29610055328197293	0.05044651741089775
0.38324432121925761	0.22417068655607678
0.4600601602326595	0.39264616401512475
0.51161774408777716	0.53684679081528286
0.52190576604980732	0.63403802684432176
0.4869787789112402	0.67950754190253349
0.39232585250968754	0.65548748057861839
0.25363212897498111	0.57840987839512192
0.07191316726491967	0.44905472507184707
-0.12333321326678619	0.29661030260572202
-0.31094981272083894	0.14326578151905819
-0.46489921377620058	0.010798485955508079
-0.55355247131022955	-0.070581515806939887
-0.57252696882843845	-0.10398328564898239
-0.49967938928348171	-0.073750936012920071
-0.35666288921129241	-0.0059692469359527494
-0.14604408446306144	0.087649241454800741
0.097060719954330285	0.17964369698679661
0.34595268128478535	0.24065233996092011
0.57281279692476306	0.26466547282976527
0.74287890007404067	0.22934895097327709
0.85028164056656685	0.1543143359102882
0.87244502054489215	0.042634539402600938
0.82472681628298783	-0.078408633898748595
0.7067447157515564	-0.18426927166175655
0.54314298600295541	-0.26366678516752373
0.35170245167977271	-0.29288771850796597
0.15263112798202119	-0.28468476091863421
-0.030971360132070035	-0.23593858757167971
-0.18999901729456189	-0.17055178474921689
-0.30720816661285094	-0.10662553624828806
-0.38391222770270111	-0.058444724696261149
-0.41297390657715438	-0.048030573955129816
-0.40250166715177277	-0.070275244118059049
-0.35417958463317395	-0.13338194542341519
-0.28014353116123336	-0.21943875129758791
-0.18895752969305379	-0.31856951701028707
-0.093021202983571	-0.41487010726991835
-0.0051157858026173921	-0.49090240041979855
0.067339534937394266	-0.54139221082490463
0.11169264819541512	-0.55382336180415082
0.1308610915875211	-0.53248370483904195
0.11933178577241559	-0.47501206652231709
0.089744470581167093	-0.38883934483918681
0.048247984131792668	-0.27813051776699788
0.0088019522221501108	-0.15032217192208136
-0.01428027160202181	-0.011823482509491452
-0.015911032466348961	0.13011833825959379
0.016353039256053466	0.26872236297938046
0.074758152853392212	0.39618056202866203
0.16065645489046326	0.50457700750502088
0.25917350316438376	0.58745446684629565
0.35994639184117472	0.6364542176129192
0.45079265837892035	0.64936480153469212
0.51731934223342724	0.61996593851117299
0.5557950315775495	0.55192537159352173
0.55645332627517596	0.44374117017008885
0.52300623070900731	0.30470207512886011
0.45349848054470204	0.13861918837329201
0.35516548179727542	-0.039576503754677549
0.23150728574887577	-0.21970672251326398
0.091774692263763197	-0.38370224319855084
-0.057330543437468198	-0.51473771566349447
-0.20466123614167278	-0.59890323749569208
-0.33981641895169473	-0.6160085046322693
-0.45385568169897056	-0.56806937187759932
-0.5343121221034125	-0.44208238015107698
-0.58136424960243782	-0.26291516704476403
-0.58701436083527503	-0.038255014125167651
-0.56332419191640248	0.19336046961165379
-0.51439983111868015	0.40001754547158885
-0.45611051860619134	0.55415732098228931
-0.403545444105119	0.61551419077439773
-0.36315084720202584	0.59029455484483051
-0.34910449780100622	0.45795452041307599
-0.35330099467564813	0.25847936044206188
-0.37666098925614183	0.0095410510449250308
-0.40628409347677502	-0.24246441000947408
-0.43020896920047053	-0.4511783856062927
-0.44653911807151331	-0.59881681767034101
-0.44549327348010914	-0.64431087415685795
-0.43876440205141892	-0.61115623985971457
-0.43161767481966545	-0.49473510458174869
-0.43355521194786883	-0.33831912125129832
-0.45936927195695687	-0.17491379510250976
-0.49845461080742925	-0.03069975902079581
-0.55415424619076881	0.053754546403050642
-0.59941565143495446	0.088607039051024072
-0.61344972213667015	0.059954601095980359
-0.58080920918128442	-0.00058810092545762865
-0.47208588419969666	-0.072593327762169299
-0.30837358055199798	-0.13640341538479192
-0.084430767611940988	-0.16214235605903682
0.15014469103055986	-0.16003744164856132
0.35959460367217627	-0.12158928991717263
0.50764148527939723	-0.073101915430132461
0.54082200550530224	-0.033684299870415955
0.47493550858679184	-0.016422159648689805
0.28720895820285852	-0.045503419263948013
0.039896165680306149	-0.10673043613418373
-0.23147751961236704	-0.20261501442885294
-0.46949974812125111	-0.30721673839256114
-0.60504410533717923	-0.39877354804936865
-0.63772743675742449	-0.46726218023036753
-0.52422724437172064	-0.490636889917823
-0.32423514419352012	-0.48320306268227586
-0.060219131877715805	-0.44540121533096821
0.19947242951027938	-0.39678020913606155
0.38460478131191034	-0.35720746231584283
0.47836911465171073	-0.32616782083917822
0.42436993965957542	-0.31704820109853415
0.27113254066086639	-0.30800981004139644
0.025096664462809136	-0.28713110039930012
-0.2438765662502913	-0.23804725121256329
-0.47413345623148972	-0.13546675013078327
-0.63461197636148092	0.0057518759423431601
-0.66388891046521115	0.19268591662054158
-0.59139412446298167	0.38481943470194746
-0.4067903577819898	0.55366898764900885
-0.16795577372649415	0.67021438108251341
0.082321106500644392	0.69113871458642739
0.30910861716803628	0.63084866373366355
0.45972072812463477	0.47242590139653884
0.54463201142655071	0.26652853526080733
0.54498209527409447	0.043895542717166836
0.49608978108362067	-0.15263401247689704
0.41930972073760392	-0.26857567290161505
0.337673991037996	-0.30812664215314017
0.28313395915936318	-0.24134272883923633
0.25028640586633605	-0.11616366050530114
0.25082534560047037	0.045044024193752669
0.26541044450555756	0.19550494997870629
0.28122323613052608	0.28182107033855047
0.29039213270152059	0.30149386031374381
0.27693724144559395	0.21971533458002646
0.25236501090895053	0.080015827720544219
0.21742983591942969	-0.10164679943494231
0.18840798485917845	-0.27736311095053789
0.1811991890526935	-0.39671222228011505
0.19768745450076489	-0.45127061842460986
0.25032110165790905	-0.40332307020161845
0.32330691848744358	-0.29032383561503294
0.41124872138706731	-0.12098365675706586
0.49540374550815386	0.056182147819647567
0.55696626937535787	0.19538773043339325
0.59072897926653556	0.27973393637919508
0.58140851473249522	0.26796872015611256
0.54042729447903348	0.18736490647032444
0.46884820878920658	0.035829874517093005
0.3824664824820449	-0.13979208467177232
0.29531869534429206	-0.3032006178665001
0.21374367275586426	-0.42485653246571409
0.15088912587890502	-0.46047280857659506
0.10036497715347599	-0.41799257484370095
0.063825899955198856	-0.27819544275953234
0.030285352639537268	-0.078284943887441755
-0.0092880372040819951	0.16485615165837159
-0.059105103901926685	0.40948594803794663
-0.12853188402662932	0.61552108205672607
-0.21113414324966875	0.76110318566429946
-0.30741528696418774	0.80777735719773913
-0.40592843257782663	0.76524983430004001
-0.49794354669267821	0.61806210010476859
-0.57581348711852787	0.4032535164772823
-0.62870030292581602	0.13768569927240781
-0.65744638693466995	-0.13356663034469582
-0.6567979069127815	-0.36856054068540678
-0.63420558708789854	-0.54103904746528664
-0.59281803670207622	-0.60683575903898279
-0.54028776848008586	-0.57773596580061626
-0.48422909326256441	-0.43560340207824999
-0.42790522594396957	-0.22603634442470549
-0.37743821892625473	0.027685118600385146
-0.33186587052756927	0.27674268868939073
-0.29306604654641022	0.47012306495832501
-0.25864059694368791	0.59113116657662135
-0.22741034944582109	0.59684158461112269
-0.19759623655478231	0.51493200248561544
-0.16772171914332423	0.34262181696994726
-0.13570003982552556	0.12836047909277806
-0.099882389411266523	-0.090333078422385513
-0.057478384185895369	-0.28344790389023622
-0.0051113910430021555	-0.40552375830909132
0.057108651032258519	-0.46538957090457062
0.1328812391375363	-0.44590676604655421
0.21415469813082841	-0.37951761930057759
0.29938622916588636	-0.28553627364595835
0.37274870045309705	-0.18620855121122989
0.42233775994995976	-0.11210387988197971
0.4348422695688885	-0.057565585366363956
0.39142119466028441	-0.033709064579656278
0.29675987286768524	-0.020787531786091766
0.13997683645718764	-0.0045883117509397681
-0.051068533088483532	0.020375530113628942
-0.26416381986337079	0.070682653040038304
-0.46324959487107542	0.12727055832923484
-0.61377008534900712	0.1843955811647161
-0.69900190668978301	0.21867987913125292
-0.68406538578411114	0.2042936287912174
-0.58887361537512872	0.14284910839530321
-0.40622319481179359	0.016627570542357986
-0.18258393116735261	-0.14220773124970826
0.050889403876643903	-0.31937695254220089
0.25545510479614819	-0.47894861349862627
0.38227825838069546	-0.58225518684677913
0.43048371600798629	-0.62322497045509939
0.37023096145510909	-0.57260903297568666
0.23958118431343625	-0.46127153478535821
0.051195914272254603	-0.29703456767631747
-0.14856638518509077	-0.11977540605450661
-0.31497284381552682	0.032264253111541394
-0.43048515220895078	0.14635558571739538
-0.4549363763131824	0.18908882794958953
-0.41147951981138114	0.18426510196669477
-0.29588452784867242	0.13311113442556657
-0.15013364198697746	0.069940348017885609
-0.0064584248312822452	0.026136696078594104
0.11011914160248298	0.011715313334762943
0.16027995184920912	0.05488023913618105
0.15468381365144684	0.13244871294963656
0.079340079237541689	0.24104726201817944
-0.031118990315000202	0.34945206236281323
-0.15630332311608258	0.42730759635777099
-0.2674769993751302	0.46863547218641449
-0.3292676791282439	0.44884462636898376
-0.34119455100529905	0.39341755626907748
-0.28229874632448715	0.30963036254636112
-0.17864209705696082	0.22751117183287495
-0.038965183049405341	0.17934366734765878
0.10572710800658572	0.1656372799893798
0.22611902445412124	0.20864261627630207
0.30840257834240853	0.27541983256867458
0.32532713243308692	0.35182858781031723
0.2879048829319697	0.40372098076878171
0.18921547580672501	0.39138668392365616
0.055805924533428121	0.31737263508265096
-0.09644609712786964	0.15627028619672437
-0.24245292406142882	-0.047764232684279401
-0.355215034408427	-0.27521226009116034
-0.42459032463806179	-0.47756993833102734
-0.42842340693554182	-0.60247503963247739
-0.37575461229401108	-0.64198401276184536
-0.26054810994709193	-0.55652992515505506
-0.10587699735855789	-0.38862069303193614
0.075977392708970415	-0.14905272547868006
0.25867559691841208	0.10660638866787472
0.41737641481698107	0.32577202830788854
0.53530372498917211	0.48869888114417348
0.58650083575527234	0.54809631470061149
0.57366825745511785	0.53401566841415482
0.48292624466010492	0.44554361512550744
0.33805887299584181	0.32828352214729584
0.14705013660791819	0.22286560872102826
-0.056579465492213529	0.1432959919007622
-0.24436050497268769	0.12679844342583549
-0.39315577564915388	0.14435021848191554
-0.46884428226910824	0.19140120558663043
-0.47590796370514543	0.23175727648343553
-0.39690200535623843	0.22735689463355893
-0.26348567239074888	0.17925217340131078
-0.088615696438497898	0.061624475123261989
0.089045136485920176	-0.082975483656141533
0.23212665746858588	-0.23424167057527212
0.32379428357765327	-0.351258670749104
0.32836734330494372	-0.38379825707472803
0.26501393346553614	-0.33949283384416717
0.12683849448549481	-0.19068519494367306
-0.043648675976315457	0.006984055512349565
-0.21750784790435423	0.22457412841910476
-0.36092287794258404	0.40964278486151456
-0.4298436174710995	0.49885996642717589
-0.42603235226596387	0.4959483425032683
-0.32464980764028956	0.3635180345806559
-0.16145051636302291	0.16157662793588162
0.049885872152463519	-0.082905936692841464
0.26797398252633631	-0.30820660419965951
0.45184200597699598	-0.44568921081110408
0.58656959329636826	-0.48912314179180555
0.63672418025957311	-0.39127525232962695
0.62287060313542886	-0.20651696888140161
0.54205081282835277	0.047703079309430262
0.4294009012066683	0.30784964541482557
0.31276906271319194	0.5096785823688299
0.21106094052886185	0.63786796164173698
0.15613124542134807	0.64146067075046065
0.1369809690732704	0.56311811448918614
0.16249232654663198	0.40966205025852542
0.20487635847095284	0.23765430775611243
0.24554302932135583	0.099946005840893651
0.26577778262303553	0.014491034429543212
0.23866661560397612	0.028050238061150434
0.1702178316309319	0.1070538717274163
0.049510164985948811	0.250601945500599
-0.099581679848864055	0.4074460386781163
-0.26413838233770204	0.53395331735646101
-0.42221505635960566	0.60637703121066622
-0.54943641204685323	0.57952054578471612
-0.64017434010392671	0.47410067956824964
-0.67745093080233854	0.28067749235740047
-0.67094029557327617	0.044524625776668804
-0.61992421904399408	-0.2039965044143161
-0.53860177189780445	-0.42958916082480764
-0.43789143797840979	-0.58834763180024163
-0.32691676243189349	-0.67573742437244155
-0.21754709282488652	-0.66480651557810344
-0.11246350573944827	-0.5789017837480458
-0.018229216530636694	-0.4211285061021488
0.064932843553912836	-0.22525946300992414
0.13491458062793232	-0.017505271491555306
0.19080826725226163	0.17634230118509298
0.2314164698654661	0.32380631195671145
0.25550021294810138	0.41873167118944987
0.26114096106202728	0.43886930068438784
0.24917996040189655	0.40002422307342689
0.21850882277311268	0.30130353528044262
0.17305791590528319	0.17055193623059237
0.11437034056102323	0.02801668918073966
0.048499509446713412	-0.10440280194035852
-0.020314727628956766	-0.19795865198540497
-0.085088581210298567	-0.25294904135315682
-0.13927372063860355	-0.25287618411434665
-0.1773239197142413	-0.21938009410575074
-0.19183035279568822	-0.16055749152091667
-0.18183248754991566	-0.10054047136026319
-0.14181022971793511	-0.064797110809880001
-0.078033439436102109	-0.05741618350630219
0.0092583551862343086	-0.09771203449828246
0.10749425232704327	-0.16547602673525766
0.20843837720165034	-0.2553612098137128
0.29884612058863713	-0.34209686884125617
0.36459570334577607	-0.40041956900198916
0.40008276045082036	-0.42496051966291748
0.39281453384686266	-0.39485291728843019
0.34933442349565735	-0.33132736577047839
0.26715391715366654	-0.2390875288217727
0.16087599337985981	-0.14684742344442397
0.039841587918831627	-0.081749080030005791
-0.082651683029830184	-0.053212122122839885
-0.19160058824189685	-0.086291268588086931
-0.28278103704669666	-0.16122326385480376
-0.34529266226213962	-0.27741743197816693
-0.38416106219825141	-0.4024107529449778
-0.39810003250894999	-0.50964358859463132
-0.39514461398046802	-0.58081511742452252
-0.38190581461201617	-0.58559853349088775
-0.36136952841857811	-0.53351215195659907
-0.34006860148256013	-0.41438465094351135
-0.31397318560090526	-0.25695813563091346
-0.28348458159955658	-0.077875022260699783
-0.24184218847391992	0.096736944233090386
-0.18309396642873318	0.23735348120445993
-0.10521553266194304	0.33752178554738771
-0.001610871618670514	0.37625907422627142
0.11995715823786947	0.36763100438385693
0.25930801278949661	0.3109780029260707
0.40029076455598595	0.22949297752776879
0.53212664898686723	0.14061539742109555
0.63851863317469593	0.06094600484011297
0.70167491609081711	0.0128527091888214
0.71530103754839336	-0.003526521810449964
0.6637963580364501	0.024854086810281957
0.55728761449874475	0.081639022718055912
0.39282648055838498	0.16246361327821202
0.19403750666634453	0.24440111436382927
-0.025033297021782329	0.3075187300390107
-0.23859863599674902	0.33846994309602424
-0.4209329285782753	0.31481616668328571
-0.55780502612386818	0.24390081379645484
-0.6245367708489018	0.11692110510026615
-0.62674360849949495	-0.04012296926408928
-0.55437579843175366	-0.21337781137635917
-0.42975074203108932	-0.3752070239089928
-0.26270862836648851	-0.49650749092652641
-0.080631353743331163	-0.56782577033244674
0.091951998155501369	-0.56475933389246114
0.23664280039352695	-0.50305232408444434
0.3270243819770321	-0.3807126027119942
0.36262179139482964	-0.22654648356364793
0.32862763338660173	-0.061796397451950424
0.24162256820602671	0.092838144891524171
0.10503720023975817	0.20932915619168335
-0.056485698171447218	0.28841963526653774
-0.22375531701636586	0.31596796338743777
-0.37698516491974471	0.30860000591927172
-0.49157209596385337	0.27299495566555082
-0.56277526376489972	0.22485121158175703
-0.57380223860285862	0.18147424617586519
-0.53620462456869966	0.14472203159390762
-0.44924838312686566	0.12560856523103259
-0.33299801243691168	0.11397124384786698
-0.20162249443438746	0.10650996744495494
-0.072074339255750935	0.093651223697692798
0.035776556858928207	0.064023882942061822
0.11651337028493482	0.019720697196851239
0.15606029400760113	-0.045409157046025175
0.16052438195671548	-0.11800608286995984
0.12761509384654177	-0.19155836871189322
0.068449405308985634	-0.25167318201926736
-0.0097358433228985977	-0.28306552138966778
-0.097590786438293067	-0.28190018180960447
-0.18536008288677405	-0.23575628325082904
-0.2670233189541048	-0.15510584935520205
-0.33478765159259016	-0.039829709381207001
-0.38421502765218168	0.090719433549273379
-0.40909557170424282	0.22289560707311143
-0.40695190753684363	0.33969778965555858
-0.37208986221631601	0.42129207104964422
-0.30794995047923773	0.46253114502890691
-0.21212074161146779	0.44856887945568075
-0.096463899031494507	0.38866784181660852
0.033162866744715171	0.28077300955507062
0.1611591277237383	0.14399102066318706
0.27286940323067066	-0.0095453607182087383
0.35960114079398908	-0.16096953559187754
0.40556002072251052	-0.29049384776307541
0.41739586400030998	-0.3887487046834831
0.39030717512703639	-0.43823105100053306
0.34285358386478515	-0.4435536189322265
0.28675679853415931	-0.39844359065857893
0.23772908795928463	-0.31805456094098034
0.21550262276176119	-0.20985050696414584
0.21973940586976973	-0.090627463638115774
0.26201975397051169	0.023176826776907591
0.32632089640852524	0.12302350914669483
0.40628434813940656	0.19342826590873208
0.48449756901718311	0.23878974208767037
0.54249957913532587	0.25387551955501958
0.57707721273110002	0.25209447020768916
0.57452778746703592	0.24117538940990033
0.5478588731608085	0.23292608863122782
0.50002014555613439	0.24184248196777133
0.44748260453741895	0.26758905690417695
0.40657391957857242	0.31927886932802979
0.38067375765479766	0.38306212812661267
0.38312760898571052	0.45388327968093467
0.40036567331198281	0.51447266739740216
0.42962676057760246	0.54769142841063934
0.4518305303922372	0.54809162791700128
0.44935704781662789	0.49996349830145342
0.41506390644154295	0.41695367513278819
0.33159658835769568	0.29946809630910476
0.21197149312599153	0.17151908722744919
0.054978970458196857	0.052314359448334936
-0.11405734800755779	-0.043326307620540579
-0.27707478678381908	-0.091379518270975985
-0.41350012770678896	-0.10024840984396961
-0.49752413507138216	-0.061880397456605722
-0.52679218601400701	-0.0016192520724251733
-0.48474473301243726	0.064595279547000797
-0.38818731433749121	0.11660370967867902
-0.24005456260165309	0.12724965048507897
-0.065399647257699395	0.10158405554824147
0.11601272860062384	0.026122072087641859
0.28538253328374102	-0.070685268646554028
0.41857828762510202	-0.17412739291850043
0.51182963096188405	-0.25646778096576178
0.54975922504075958	-0.28537064553070252
0.54305652346669342	-0.2599232153630765
0.49140835552750922	-0.15838412704638241
0.41244525592130404	-0.010903369821749843
0.31863903488883877	0.17279890803393821
0.2251526950899449	0.35317454704444301
0.14932764040477323	0.49368886082456165
0.097100477413126135	0.57558128182430335
0.082166089954414906	0.56230157720286711
0.098591050129963512	0.47068405644747974
0.15035913074635932	0.29176470990378373
0.22141361352722336	0.066388262155732361
0.30340842782073935	-0.179996038370904
0.37719540355980619	-0.41016577285593392
0.42456538463867005	-0.58206568393936275
0.43435525852147278	-0.68474503881483006
0.38688925929315976	-0.68650340063256676
0.28949619098556673	-0.60753462416280413
0.13409086482896079	-0.44481139864065206
-0.052760506687006499	-0.23629678382170635
-0.25793976661721491	-0.0076235796906563048
-0.44918793709780325	0.20724474520466804
-0.59492607857717017	0.36924957994666041
-0.67999591917341529	0.4680435516599602
-0.67314369287300035	0.47357391639675545
-0.59107694251923748	0.40589817645679471
-0.42685977857237284	0.26200312026342354
-0.22016873216806593	0.081048145498039209
0.0030187627475119876	-0.1098194784997699
0.20854130414565042	-0.27757657828123156
0.35404709349428404	-0.38128531046151237
0.43812988635730604	-0.4175424155092074
0.43465509718851403	-0.35905029795065757
0.37545595078612981	-0.23655412222779232
0.2712500432594066	-0.057569156328865063
0.15924967512904903	0.13551250585875499
0.07727795043085911	0.30490934073173109
0.034220054728797772	0.42927436944971242
0.060496923722687279	0.46938227271890176
0.12932441104074538	0.44108654829630189
0.23642874740086542	0.33443049925511326
0.34469973723384295	0.18761939035294603
0.41971466269166524	0.026289278088762046
0.44913732132865086	-0.12180890968829353
0.40113213529736341	-0.21924008535088405
0.29977451295505531	-0.26942067173462225
0.14614945526009035	-0.25513841845639951
-0.022607393438301874	-0.20084425754504362
-0.1741468167593018	-0.11933840164736804
-0.29302452983931493	-0.028360758526306651
-0.34668288789760815	0.048481522156409371
-0.35411275430477795	0.11598995345035863
-0.31266067924265523	0.16599209508582594
-0.25470195749680463	0.21380265735896151
-0.20736688996731356	0.2715702071341648
-0.18373700849244462	0.34062073443697277
-0.211902647108623	0.43339279902242045
-0.2739677001214485	0.52869725856641425
-0.37103478450622551	0.61752675635063548
-0.47419806629026573	0.67577449531279354
-0.5582628031000294	0.67636973245117826
-0.61319833711337646	0.61919694886572885
-0.61446758618191022	0.48536770929817324
-0.58039508091086212	0.304130019821435
-0.51220022873113336	0.086981953326355832
-0.43666131701731775	-0.13171512589909115
-0.37833590478159573	-0.31710642587231802
-0.34510558454210877	-0.45917415678632745
-0.35915621332837899	-0.52987921488010403
-0.40213255661844421	-0.54843075003311348
-0.47144305961472466	-0.51641329689181814
-0.54198254017359582	-0.45866159739421336
-0.58989742508608267	-0.39909235107965652
-0.60884133275065755	-0.34204421979052479
-0.57865899718086178	-0.30558976108298386
-0.51692349832251316	-0.27244398735502567
-0.42710756274965844	-0.23628621370523822
-0.33135698459115304	-0.18229608958799923
-0.25169121172716347	-0.0902004554041268
-0.19196200947780326	0.029962946587112026
-0.16910260187123508	0.18507885397795457
-0.16588806066347728	0.34465298681306955
-0.17691794430283608	0.48792101825625112
-0.18365201674061055	0.59257782654236035
-0.16539901490843775	0.62639744261667307
-0.12321157831360997	0.59837808151173766
-0.044037029207877186	0.49494277376386031
0.050499943710496445	0.351591103807044
0.15019849109400518	0.18859526487832509
0.23383977263862385	0.038060461104910806
0.27628693076710437	-0.061963652227481465
0.27909316795160949	-0.10903823535734614
0.22708332167105219	-0.078764906795200901
0.14530562932793301	0.0010273635607415418
0.0447864103660955	0.1220566403304309
-0.047583743859576741	0.25008020144886223
-0.10258729569915773	0.35282114580294588
-0.1161787645939313	0.41610007515688563
-0.066848181651494906	0.41039068713904364
0.022228525777018351	0.34945679304385435
0.14551774804776146	0.22732912494923269
0.27160250093127886	0.073680618133099354
0.37207515976436639	-0.09214789971935701
0.43237403620442266	-0.24512937375202506
0.42425576328629272	-0.35588361672068386
0.3603577522144325	-0.41812919810447341
0.23473361300633799	-0.41085536036107539
0.074891382257735131	-0.34886989731064338
-0.10067892769420375	-0.23085122396346172
-0.27086963405632203	-0.084176719206819531
-0.40917872517304738	0.072481801875330598
-0.51329917529445457	0.21432923286269451
-0.56818646204220213	0.31283958520471727
-0.58555106364596676	0.36053369020822862
-0.56781961728866615	0.33510854383022942
-0.52779912373223536	0.25250966356965182
-0.47714056218214729	0.11124157135684345
-0.4217386344907072	-0.058675750145440617
-0.37088330079596799	-0.23536553395478249
-0.32603976544615915	-0.3958936110998228
-0.29084592538509563	-0.50955602908237707
-0.26807366296407381	-0.57778537150050291
-0.26061249225465427	-0.58380470743594215
-0.27174741503985878	-0.55153862793945774
-0.30689254505939045	-0.4909775933772747
-0.3625500605147664	-0.42714706488474757
-0.44176183352008264	-0.38746864017630323
-0.53032289607730532	-0.37474436988094922
-0.62098481164873121	-0.40877184285693091
-0.69591985796746536	-0.46598604213096223
-0.736859603750047	-0.5392435222948283
-0.73787773950847113	-0.59907715751156032
-0.68213851059234865	-0.61662432772015763
-0.58410182120537024	-0.58292807018450066
-0.44374831185638663	-0.47229164487812125
-0.28768001897952972	-0.30607176361106581
-0.13642374563485868	-0.085026011467507157
-0.0081858324534421004	0.15474497140140289
0.069992608804222659	0.38502274351634241
0.10408908846636274	0.58140312377764902
0.082477279806701345	0.70928482669333048
0.030927582228252846	0.77104072396105461
-0.036869144246372679	0.74981028774507397
-0.096300608202239277	0.66869243115364319
-0.11907360805492023	0.53691725449122152
-0.10254001429027769	0.37923066833344743
-0.027341268028747326	0.21945210423833308
0.084684544217818028	0.069591099563217379
0.22769616967068632	-0.049485792226386174
0.37306166601005952	-0.14053018789698901
0.49471544239623416	-0.19601343706165394
0.57911719161019415	-0.22590978771521336
0.60064410977454585	-0.2345139713660658
0.56947809602471833	-0.23133588708657585
0.47951931692003519	-0.22580854714865936
0.35399016631141872	-0.22245734346206111
0.2082636146703277	-0.229439859131845
0.059788098694475725	-0.24529253284396951
-0.069128356694973761	-0.27344354775544344
-0.17769154569691123	-0.30737525355817996
-0.25388129860479736	-0.34431060857678925
-0.30906748221375807	-0.37645597007018933
-0.34746086177854429	-0.39630288450273643
-0.37851857221374213	-0.40021874258272622
-0.41382470538752714	-0.38057680439905955
-0.45120915569388226	-0.34185100827427772
-0.49614096469579505	-0.2826704181343096
-0.53728678275442798	-0.21294291725789335
-0.56818501600187188	-0.13960238192492211
-0.57968943868832989	-0.07019989705785927
-0.55989991312714171	-0.014784057613142644
-0.51061658126098863	0.02720379023125781
-0.42591857219037432	0.050908254407939689
-0.31706878675516942	0.062522877628762574
-0.1896078219278467	0.065551137391333697
-0.05478171841110327	0.063207837271007622
0.075566869260022707	0.061184359067316563
0.19768718561008206	0.055554445605334755
0.30329286718085324	0.046304349428578501
0.39414808338561524	0.027387923181253954
0.46922577543956023	-0.0076995300754319849
0.52861326447872725	-0.057596109048965172
0.57377878711154462	-0.12685389754344584
0.59955253813603671	-0.20423563720782398
0.60272858084739545	-0.28400080721802046
0.57888354636254591	-0.35421127879722275
0.52081296826566614	-0.40128439866714749
0.43365420245018832	-0.42441321950812894
0.31498519997410179	-0.41425377845032824
0.18027970892791201	-0.38283446886598144
0.03941199279553869	-0.33474601267855997
-0.093241543545271768	-0.28295746136451894
-0.20027257130414158	-0.24180797843944679
-0.28090259873504531	-0.21177794970941463
-0.32411093119184836	-0.20235076434570226
-0.34321584858450044	-0.20085657576827223
-0.34379578266705901	-0.20174561338890709
-0.33804958326106616	-0.19314103840342695
-0.34150860269576239	-0.16009542807910751
-0.3497537652021091	-0.1062707636133646
-0.36962934015811955	-0.024149566774319214
-0.38287664445187869	0.067677206882868574
-0.37713753929548843	0.15891250969555515
-0.34155466109491067	0.23219209621807008
-0.25587975661025225	0.26653252425403473
-0.13592735599118053	0.26249433639292963
0.021346797377587576	0.20711815391542179
0.17961459644109376	0.11998029855157259
0.3118437085921188	0.0087361628225791146
0.39319106710272872	-0.10381084436429804
0.38482491285344295	-0.19511486018372243
0.30167899041168117	-0.25674785386872434
0.12951116883767175	-0.26914546952646029
-0.082982684466492457	-0.24317081970921522
-0.30600918663564691	-0.17647287765608508
-0.49710301499877829	-0.089129705413794058
-0.60271215747271523	0.0046191291768169322
-0.62630329942876672	0.08960917025900246
-0.53697090136974779	0.14686063329788296
-0.38427962581796693	0.17357993648702003
-0.19021109666064831	0.15787782357710886
-0.0066088903058590396	0.10806153336186904
0.10936926938254679	0.024018858963350081
0.15168420088470558	-0.080881118852742656
0.079776203152051722	-0.19742583480402409
-0.059950889093162901	-0.31325794931848377
-0.25352849429366853	-0.41502246627188794
-0.4442105540030844	-0.49649979003852152
-0.5752941643309385	-0.54577549742727771
-0.63268128005223467	-0.56657907501009885
-0.56930729180315087	-0.55447555220673339
-0.42736898810969381	-0.52204387728265567
-0.21339384662482086	-0.47602391006162992
0.012674809396142376	-0.42949794528853358
0.19641581683323966	-0.39681944129917918
0.31473521762740542	-0.38091476714452638
0.31538967034468091	-0.39273615959672548
0.23140616198978947	-0.42255947382801728
0.059300557264749698	-0.46873614334681879
-0.14363711835628276	-0.51799166991675138
-0.33137325621863484	-0.55765190306314005
-0.47362274116184033	-0.5842672330092904
-0.51814014772688188	-0.58678012431247628
-0.484772798154739	-0.5753402034961177
-0.36047090989841973	-0.552441957181244
-0.19168037186281933	-0.52999326963230109
-0.0103179101454005	-0.52139573668088901
0.15307876937853176	-0.52466271024657429
0.255054487295791	-0.54831962209687046
0.30244493812255896	-0.57423182851953647
0.27842926948786068	-0.59305248946720956
0.21052194263998011	-0.58694362571276848
0.11504165133215188	-0.53412957817044981
0.0087548456785493441	-0.43707654636881771
-0.083956421908398776	-0.28263831903260828
-0.16962026457022403	-0.095876469487543428
-0.24248587767616331	0.1117600357916585
-0.31500796213067195	0.31257958752725129
-0.3994975814656343	0.47720179053200185
-0.49063484316800021	0.59924403605965237
-0.59523871332373623	0.6560663221745251
-0.68920367966767704	0.66706043325764797
-0.75675434483179416	0.63570910729544594
-0.77971933021064266	0.58709948153605018
-0.73048308705872267	0.54525960776651994
-0.62160272842816988	0.51684948035649558
-0.44308825163034321	0.52193310963878903
-0.23496545514207373	0.54432649951094514
-0.021949600115708356	0.58111772250058524
0.16001770416394231	0.61255458305029131
0.26684452699228145	0.61826518403559505
0.29826657147632102	0.59719670268526825
0.22744501191245842	0.53458039185406647
0.090011504027939698	0.45119212753957127
-0.10111198336388225	0.35540897455076181
-0.30463521522493037	0.26965861930820056
-0.47950680830296127	0.21863946971901338
-0.61208823842712123	0.20391642613248889
-0.66848592428103804	0.24262835944719033
-0.66841365404902486	0.31275176592241971
-0.61063557914339128	0.40670070389980412
-0.52410702856377533	0.49830135803093206
-0.43390602776824744	0.56125110828926883
-0.35042863879381864	0.58835042705081175
-0.29691963113492392	0.55783662094430386
-0.25991090787736149	0.4870965671849744
-0.23950789445158208	0.37744952564054901
-0.21823479331806298	0.25533565498228189
-0.17839422198008789	0.14309601276448491
-0.12075636073968844	0.054347162205711431
-0.033606501186332606	0.013071232573486358
0.063298073039005129	0.010512583275207205
0.1604970097351392	0.053343751673087914
0.23881422299323471	0.11926233317020413
0.27551513328036015	0.19436614632234303
0.27181486926761989	0.26012705903358385
0.21432155062202152	0.29431062871634817
0.12412162482292383	0.29413360540139649
0.010415058058969348	0.24531910319234565
-0.10453058613068578	0.16011358728304795
-0.19713109100204332	0.040068509299028957
-0.26213644998098706	-0.0970079759511146
-0.28218506895286988	-0.23748333658586776
-0.27002749379528612	-0.36727925219845975
-0.22694486838131178	-0.46975007512876887
-0.16998380460985474	-0.53896525525533312
-0.11433749325623031	-0.56240970093853848
-0.06684734156429252	-0.5431913890727188
-0.041449107841976425	-0.47677955413025874
-0.032052929672354118	-0.37357533173739244
-0.040778170911052215	-0.23721870958978308
-0.056932911048342222	-0.08346236595152734
-0.072848763999217636	0.076141860625862895
-0.081574490345139097	0.22535146330897002
-0.073684614938849424	0.34728399310055846
-0.048933458881495549	0.4323074379405703
-0.002325568251007314	0.4640362867587518
0.06131520703022128	0.44584858758845458
0.14138766309063322	0.36979478281875672
0.23021931569978774	0.25347217831222518
0.32268179294867622	0.10397359096787764
0.4105415540014456	-0.055137069934560502
0.4856676223299311	-0.2034123399199621
0.54262393310205981	-0.32441006767551467
0.57272310685080785	-0.39456863840909734
0.57758811095286289	-0.4147989780835083
0.55346456382252562	-0.37235156165273414
0.50779713287993211	-0.28464612735108941
0.44478290764109829	-0.15761049258049659
0.37041024023268498	-0.012970894792118074
0.2928202546343659	0.1295840963307214
0.20975172480311752	0.25801366008258664
0.12415379432690013	0.3528146642946709
0.028536478292435989	0.41668547367376435
-0.083938665055406064	0.44238015791679669
-0.2122771216031053	0.44022846988454306
-0.36403591752775488	0.41607338063534582
-0.52039887371264415	0.37612930527343286
-0.67430772583844334	0.32932754681210585
-0.79804575569010239	0.27336041258248595
-0.86521003727417167	0.21005948880354178
-0.86480092960652122	0.1359382418250327
-0.76891171210813802	0.046320833885175487
-0.60186069757022276	-0.053393236462433748
-0.36217158940705307	-0.16446369831323043
-0.099321495170384147	-0.2715887064819032
0.15013816475310793	-0.3641596178854356
0.34890662545390816	-0.4293565553123781
0.44489308855706022	-0.44957106371206845
0.44591623407221187	-0.42856023351912809
0.32573040618794974	-0.35710991298270445
0.13443781399250068	-0.25652537360855693
-0.10412022182640807	-0.13731193928118193
-0.3374066918786911	-0.022655301113515769
-0.50877829948847031	0.062744708002707386
-0.60671258582539622	0.11292518951938495
-0.58803684818602953	0.10845148770914427
-0.49105852151376167	0.065039041218061214
-0.32163264881197628	-0.0156752949668355
-0.13394370319725674	-0.11089042559577694
0.023614198060384384	-0.20062634639221261
0.12781494441785118	-0.27478292944945848
0.13062436408419562	-0.31384298645663805
0.058072523532961509	-0.32607769434977807
-0.09680906565905148	-0.30850170385128606
-0.28305891059255867	-0.27536740529114323
-0.46306850787998366	-0.23881644613328695
-0.60374737740940176	-0.20219570569825721
-0.65631862303833777	-0.17602466867991778
-0.63023298947086748	-0.15092716642223444
-0.50534472245496265	-0.12349054759490082
-0.3216664227164619	-0.086343744914596884
-0.10027603395107434	-0.027919651627414666
0.12216822700284032	0.042606265185188501
0.30467384082097365	0.12734536107613281
0.43916577126546275	0.20400427489619374
0.49751003516785075	0.25575239164193309
0.49889095399561051	0.26831282842891219
0.44439425026609791	0.21735310370579994
0.3601817376612077	0.11620939846983576
0.26813948849462221	-0.0420346563733804
0.1821804493883333	-0.22095389210026156
0.12460771074034493	-0.3973478663507688
0.092136913536302753	-0.5384587691286582
0.093060651633859862	-0.60413015561617389
0.11495115681499798	-0.59335748791781162
0.15207522970209247	-0.48039750945397958
0.19264175763161551	-0.2993099314591845
0.22502101373322844	-0.060926508027039673
0.24299564124973899	0.19081214599936608
0.23639073314909212	0.41556410681504602
0.20544921338553773	0.59170154721208068
0.14465191483774323	0.67932265150334226
0.061110203700401114	0.69290746132146919
-0.044760910536380413	0.62192380162143868
-0.15839152488018088	0.50150650674910746
-0.27081348952514961	0.35415263947201781
-0.36480653542146896	0.20724333948009035
-0.42294885068566968	0.095256194761738758
-0.43687691401285633	0.019398923189025963
-0.3885458963970308	-0.00091353836306113864
-0.28957790905803155	0.014174741085119451
-0.13521002845406555	0.058227669037854903
0.043447470135971	0.10953625279619661
0.22763426142449369	0.14673956396129234
0.38506341897936042	0.16235731713714008
0.47988224666801355	0.13900654540368926
0.50402772830411513	0.085034364934233372
0.4280289681722444	-0.0019268282252388469
0.28025690872709214	-0.10711584061286347
0.062867753637458529	-0.22055247917206294
-0.17496517645440429	-0.33026134664098949
-0.39439831312717794	-0.42284460581016647
-0.56228619604926056	-0.49258938346590331
-0.6289584886980456	-0.52940294281396205
-0.60514625122522891	-0.5330270373865077
-0.46867200641963169	-0.49787713236897596
-0.26859102984726951	-0.42983935600731549
-0.030510718750429457	-0.32857958859188213
0.19740276911088223	-0.20717403917489047
0.36080156213859871	-0.07294324042961195
0.45262340460461487	0.05717989821676802
0.4344064580243388	0.16757224208541199
0.34600159906916383	0.24698393425800461
0.19744930250313364	0.27737457668825366
0.039718935563705329	0.26349265808125216
-0.078243225613015388	0.19717499521566076
-0.1403274329589306	0.09911620582448398
-0.10333576196970705	-0.02051014028392821
0.00041353418205506077	-0.13830408255695173
0.16938540649350872	-0.2301067477889468
0.35442816695972762	-0.28802130413061056
0.51256047835342244	-0.29135112933580626
0.62373623933883549	-0.25433672138939578
0.64472215746511718	-0.17577354696201272
0.60209846885025364	-0.081300077750205396
0.49294601476740202	0.0093657908680398749
0.36252968730019891	0.079666863266403765
0.24860691852890907	0.10471650925211282
0.17078092973680462	0.089785137146543029
0.16894157253617506	0.02439908951263518
0.21998638802023279	-0.069096066567078646
0.32777067837680585	-0.17900950876190239
0.45131101193433709	-0.28385066025338729
0.55673372179530323	-0.36011749524896297
0.62656481582543033	-0.40215353834029838
0.62483435206432314	-0.39237580907807262
0.57315651309282256	-0.343061796792685
0.46862809251848941	-0.25414556734632177
0.34883131530076683	-0.1450744106943008
0.24475241469047776	-0.030656630868921189
0.17327615942104391	0.075256748498575082
0.16750530579013875	0.15439511882436788
0.20977212435583081	0.2052089309338927
0.30394638924112721	0.21681505750759153
0.4185183460488856	0.19894362439662511
0.52814152398995573	0.15268099485678649
0.61819584636336855	0.093075329354620914
0.66157151262493297	0.031517132389307929
0.67039122351516545	-0.019934264881262265
0.64075835886772259	-0.045886005311776362
0.59362108085899312	-0.044948162365324076
0.54634547161731217	-0.0067262627951077229
0.50578115112049793	0.057158910414523811
0.48840210777635523	0.14425137637145938
0.48270131842325914	0.23745120204578346
0.486974395714453	0.32158997150954699
0.48828742061313585	0.38841715256473958
0.47239093495580126	0.42131551466717893
0.44152716877580817	0.43021673692743151
0.38806716971693461	0.4124917442810509
0.32737502678441732	0.38920556870889356
0.26894722581774111	0.37704204998654395
0.22275762395794033	0.38651568966537247
0.20486167118950033	0.43908336265494607
0.20651107482155251	0.51860178865625994
0.231297633164529	0.62761151213178479
0.25825652319901288	0.73151793370666107
0.27185472567457764	0.80413043727179134
0.2593886275946844	0.82277761749235978
0.19966022360813271	0.75062394500079443
0.10261967152848049	0.60397117578626536
-0.038011242125664924	0.37014456047790939
-0.1947454088206528	0.099238085788254951
-0.35039451489586748	-0.17803306500555974
-0.48034038921359645	-0.4162072309682277
-0.5555238808561509	-0.56008155455593167
-0.57207961550284381	-0.60816444231706424
-0.51017255441826903	-0.52479791771022022
-0.38865253992889565	-0.35727827246097521
-0.21020298035036769	-0.12138261203037556
-0.003488138979754717	0.12398948132939601
0.20907842632211771	0.32226353442579703
0.40606119093087345	0.45068711461886057
0.55974319854345167	0.45765815350198857
0.66655518633508137	0.37315108518253126
0.7092692092227264	0.19183966271443023
0.70114435767812067	-0.031976139148686543
0.64274657769064403	-0.25682427623755755
0.55492735762432177	-0.44954720374514173
0.45326754047204831	-0.5592856422652811
0.3541450083365964	-0.59767275142606535
0.27789465514884254	-0.54608131063503462
0.22822628841736933	-0.44443318114767993
0.21875179071620379	-0.31568052260989704
0.24009983077988942	-0.19210521925801302
0.29256095128736392	-0.11320198703879922
0.36076141297947145	-0.080284490466819083
0.43350028017953185	-0.11584508703192534
0.49854968481905526	-0.19584241375502154
0.54083179253805991	-0.31245589328861212
0.55769556653434116	-0.43951552622774737
0.53958676306329589	-0.55209107209208419
0.49213716859213791	-0.63864267676030773
0.41498535475390569	-0.67812327539108819
0.31655672230652049	-0.67412425966412537
0.20311161763033744	-0.61970385405713924
0.080783775491092918	-0.52541449533474061
-0.043314030232301119	-0.39529801320654073
-0.16585857049901639	-0.24194445331525694
-0.28221806449565184	-0.074575684291456751
-0.3892053936610137	0.092661933118799014
-0.48390228022469051	0.24718642202567356
-0.56087042100093387	0.3750827622299272
-0.61551559468832806	0.46008132293074211
-0.64238727786346317	0.49666395904301608
-0.6346285349905364	0.47044303859514858
-0.59186438110531181	0.39175739144581634
-0.50852729153713383	0.25835674843825163
-0.39333794986945875	0.093620774647187474
-0.24745713738298034	-0.087240008309644762
-0.087997036315330915	-0.26196843921800755
0.073909752590837444	-0.4054803516363007
0.21916370356989007	-0.51104623962888096
0.3285200377704775	-0.5594717618422681
0.39128191370709192	-0.56306725808837232
0.38823351172944409	-0.5207496937445909
0.32568698748052916	-0.45350485076098201
0.19539325671268554	-0.3769793996271627
0.021820219447594321	-0.30610764010185471
-0.18399225252188678	-0.26081742075703063
-0.3900091587569493	-0.24177476564255534
-0.56749947347424257	-0.26038402717008868
-0.69551140091453545	-0.30435806882621858
-0.74159423656443757	-0.37092307577350736
-0.71151368090307687	-0.44294343539569153
-0.5893265930991457	-0.50679973511112031
-0.40770879257056097	-0.54916955997851757
-0.18036572599934089	-0.55296527608581281
0.051734629238124386	-0.51586312776373788
0.25050333754371695	-0.42585875068795653
0.39359782690060197	-0.29490633691160112
0.44169626835157239	-0.12338193475338945
0.40764749711962733	0.065984388907772293
0.27742795643819057	0.25780393535135071
0.09233299331878117	0.42967655178350955
-0.12525264999465174	0.55650936424909803
-0.33262071596597448	0.63099183751152654
-0.48482517716585483	0.63237809940629897
-0.56619460102993924	0.57588128676198425
-0.53881858906864633	0.45968049351534396
-0.42446801162832759	0.31413197617730459
-0.21743001180958488	0.16065107814222807
0.037754627139913927	0.024239632696569185
0.31139729782612813	-0.0633392518822425
0.564654329587574	-0.10095405717276962
0.75216319625837202	-0.068912464632440981
0.86379185695766936	0.0088662336527713589
0.86679428158717065	0.1252576037084234
0.78364991163332343	0.24956938974250212
0.61299479850029881	0.35339322317190414
0.39361308233662973	0.42275300839545654
0.15330781039115782	0.43015219851290376
-0.076341687232871713	0.38774377883839106
-0.25718997502661922	0.28971261801865278
-0.38113232195802671	0.16246651915566659
-0.42201470695576104	0.024188377966156735
-0.39583956462880843	-0.10626221474738198
-0.30088270839825654	-0.20357997467922503
-0.16416998075646747	-0.26891908662233721
-0.0052084617641617661	-0.28999255164161586
0.1551697478626482	-0.2818186366155388
0.29095800628453361	-0.25099141889458243
0.39817285681102332	-0.21049646812764783
0.46052235495133087	-0.17532399891065986
0.48892532226697333	-0.14605415375302369
0.4842669778998388	-0.13071895344955034
0.46035618461802869	-0.12195297773994684
0.4295495380127986	-0.11631664661160647
0.39708905875657291	-0.11006446011628181
0.37435654853033062	-0.096837628924390934
0.35528925989966376	-0.081036441167330511
0.34061088245752269	-0.063007376879520197
0.32134390680281089	-0.04855307102230895
0.28889917933701514	-0.044653426867979705
0.2428353222453353	-0.048123119518150216
0.17564569499086519	-0.061984392198686775
0.09993693214140878	-0.07459444380912672
0.020115918205916617	-0.078016327143372657
-0.046724737175956786	-0.064154723744195036
-0.084202472299155506	-0.019843422721277634
-0.085780258850933253	0.047641845832216999
-0.034972007970444509	0.14208258666020357
0.054757660403068988	0.24347330614176652
0.18468236685196809	0.33822726228342537
0.32707347867229064	0.41086970494678993
0.46251489967516429	0.43970852391525816
0.56734264089768005	0.42980905742998482
0.61192520635613434	0.37102847862883148
0.5947490209240387	0.28729917260507565
0.49667221330132699	0.19151847969497005
0.34094817602502814	0.10664870730745094
0.13312283086662385	0.059254803646561383
-0.092823281177309841	0.051426186663233293
-0.3087087111900067	0.10117850890779104
-0.49159026116055538	0.18729801478610025
-0.60892235534579098	0.3037504961189979
-0.66133067802570744	0.42301296321189469
-0.63173378280807491	0.52008713567459297
-0.54070748596639961	0.58136467741475539
-0.39446286207216347	0.58229713592329724
-0.21901268983921018	0.5307065800602625
-0.03683353236386816	0.41939838906879751
0.13525488892983428	0.26887417929051022
0.27355925045682689	0.090647175325130516
0.37622379560390723	-0.095512068358560548
0.43011378804276751	-0.27012279547421075
0.44537284333365329	-0.42080238687480365
0.42259357420050642	-0.53022241044200147
0.37729425282393009	-0.59373954880341573
0.32088512763334504	-0.60003452589351625
0.26628288260624017	-0.55180678567339092
0.22939490336277593	-0.44373925745083698
0.21265933340435783	-0.2885622091201977
0.22790807993969855	-0.089761798508483717
0.26286723746703672	0.13024671487450931
0.3166161309983449	0.35583181574262268
0.36692697620113385	0.5631561135979346
0.39661666491134401	0.72711981420960159
0.38963049363565916	0.83587861349022996
0.32161129953885742	0.86649832071099753
0.20028335248259571	0.82714880156534643
0.013747254728975297	0.71051608000638133
-0.20348315375855919	0.54011749052629232
-0.43446776777168411	0.32831102015397717
-0.63838478078293504	0.1012607352324177
-0.77352698584716473	-0.11692848412751339
-0.82561047900909867	-0.30772109220059235
-0.75639701009571536	-0.4467968199166118
-0.59604241081510889	-0.52740495719964997
-0.34274721645374201	-0.5326138186387499
-0.054139066103488391	-0.4686460611688103
0.22707547683882234	-0.32883380246654537
0.45793265000159489	-0.13491697489555379
0.57925191714991553	0.10509635693327839
0.59697703647691047	0.35667847208509901
0.48017921720803752	0.59312750584223106
0.28029557001138855	0.78295782494226285
0.019619860992125551	0.88720685106640107
-0.24534666693550475	0.90160355466611397
-0.45661679736236255	0.79712924015831099
-0.59635468466796526	0.60906432732787597
-0.61651428087015825	0.34424662867938299
-0.54973897664481697	0.058985270470671626
-0.3946656471796558	-0.19980601549766094
-0.20526779095700226	-0.39710323334931347
-0.024434316348957378	-0.47634987767141274
0.11594413112608472	-0.45522974527307758
0.16564589115621869	-0.31256076598954008
0.13677509974987739	-0.10838403532958818
0.010699057941310132	0.12206457790026747
-0.17059338965883791	0.3255514637579624
-0.38397382651863649	0.4372573841599241
-0.59149366736769149	0.45670335472416634
-0.75045247430033379	0.34377800940331893
-0.85197738869045803	0.15255925510996204
-0.86680609628474059	-0.097120775616280797
-0.81340652605916752	-0.34263612570391039
-0.6916200979044016	-0.52105143993894032
-0.52806402482308901	-0.61346278020920841
-0.34384649839583131	-0.56708404670146773
-0.15533600277942525	-0.42062636930498781
0.014816037482113076	-0.17478940781086491
0.16435025196984068	0.10917852729962758
0.28204633083019398	0.38130396033186387
0.37213566782301877	0.60706272713480536
0.43392033367023325	0.73060689626233
0.47096798763205716	0.7659342939050624
0.48575538438323945	0.69432414007306142
0.48085730840211055	0.55808432186190071
0.45813730223292964	0.38219651834560597
0.42220584635266017	0.19991857359888149
0.37584319614935946	0.051794089508474354
0.32640356943400589	-0.059052528287718793
0.2804122126946903	-0.1094164788831123
0.24313629528813369	-0.11899534619702616
0.22285679749267778	-0.092948801237213885
0.21705753303155068	-0.051685781831789207
0.22929509188072805	-0.015344921399084305
0.24963212556030887	0.010103195823802376
0.27272182932406391	0.0094737076607113238
0.28834916194695315	-0.0097291854895064176
0.2852589846091127	-0.048673468282261267
0.26122478534878463	-0.096527447730928376
0.20765740243205577	-0.14458001652427954
0.13238964635552708	-0.18763740229153519
0.036192988655364113	-0.21686123545214375
-0.068337715521040301	-0.23447420032419308
-0.1710608130138434	-0.23767953972675199
-0.26384522632422924	-0.23269720857632631
-0.33498124784380834	-0.2231931323630143
-0.38506311474145871	-0.21403264218510742
-0.40884373650093858	-0.21191755276085672
-0.412137388569218	-0.21500433872048161
-0.39742608609684227	-0.22668370927027437
-0.36945951945684341	-0.2379547754002673
-0.33315515052070283	-0.24424180345777463
-0.2904916799436168	-0.23566003657724274
-0.24386786866736512	-0.20088738528731018
-0.19694099770367884	-0.13966011375271423
-0.15105236878492714	-0.042783715677035462
-0.11554868069097542	0.074271587027617603
-0.096998479037768856	0.20693814962105878
-0.10507752504943753	0.33170274688394052
-0.15289731843612248	0.42805935030006304
-0.23671918935573613	0.48241872501979732
-0.36543186919693493	0.4709302997300675
-0.51426465397762777	0.40387205530501352
-0.67273671358896758	0.27335465201204284
-0.80686715779987872	0.11002948035827681
-0.88405363401434511	-0.068283441618419941
-0.88967969921833989	-0.2309793362428699
-0.78983327222172994	-0.34431438480698129
-0.60979891495681804	-0.39988569237163207
-0.34549100991460258	-0.37105577120613809
-0.05110801422886483	-0.27878458097709402
0.23479128738523899	-0.12272611685978119
0.4693734951808346	0.059839215402544443
0.59496157362834834	0.241799131246201
0.6175276453607218	0.39299527195718531
0.50587333990346528	0.47529507725345232
0.31383310104930007	0.48550886727544573
0.06511838525282479	0.39866497885741853
-0.18110021594608161	0.24197680163589719
-0.36281429490915262	0.01976590630027765
-0.46482584347695222	-0.22426391347379543
-0.43798817340747187	-0.45633890185191756
-0.32213891731016259	-0.64234737462097202
-0.12171084357064679	-0.73710200535702286
0.10622814338159796	-0.74005596485812275
0.3109778475444499	-0.62275023645025196
0.46900237525021898	-0.42373405612569043
0.53082895696250765	-0.1534635762369308
0.52356802428531635	0.13224096897068469
0.44239352564702339	0.38554134167833476
0.3336421410380957	0.57203540025396393
0.23592815819355364	0.6360383640870747
0.16759270230811438	0.59355991229417149
0.16845122401390364	0.4224237333120226
0.21269503473371584	0.18150301856933887
0.30143490003306006	-0.09716340310947838
0.39372790811591818	-0.35524875547473184
0.4533807421452738	-0.52754569740980284
0.46725538280963053	-0.60265709469105377
0.40068013039772604	-0.53185836050489232
0.28206270927184207	-0.36192451150456401
0.11410283133229818	-0.10066710102715007
-0.060747165746280876	0.18374806779244821
-0.2048850918940186	0.43245555384648937
-0.3010607923963507	0.60974271771641242
-0.3124713466772942	0.65248185187926888
-0.26017286225122899	0.58405271954047933
-0.14056193428674194	0.38673207076806998
0.0091858207547702801	0.12070123745127573
0.15981000026429831	-0.17585837147599842
0.29116836751609337	-0.45467023707973642
0.37059575330593253	-0.65622593226171366
0.40640055246022866	-0.77603977258065071
0.38882981689865903	-0.77913075088882366
0.3394024061372069	-0.69747640820734225
0.2723845386258989	-0.53957585510337236
0.1997811894822821	-0.34088337579102318
0.13961907567898002	-0.13457582087353856
0.088099190100789704	0.0640153982493184
0.050401563594757545	0.22783534726832702
0.017615799246758553	0.35887774430861635
-0.017107383836409577	0.44923839387971909
-0.054771302870468455	0.50155610251920335
-0.10120391429363026	0.51685709156371862
-0.14878058133162556	0.49207492112555357
-0.19427797833808183	0.4237650101078978
-0.23032012836752044	0.31408800347469884
-0.24858956726856071	0.15739607972563596
-0.24868743101253601	-0.026329942843296626
-0.22558736692604422	-0.22931239237225165
-0.18485437679191055	-0.42058965105310914
-0.12804153763292789	-0.57238990115963406
-0.062158271055790776	-0.66736607058632458
0.0074849850843960886	-0.67374135903453758
0.074238202510070461	-0.60703313335746101
0.13158548980691404	-0.4583984506918341
0.17381399853009036	-0.2691414398883607
0.19340684067737296	-0.06577502115135872
0.18926024350661372	0.11617012244327443
0.15468809141300077	0.23286484827473367
0.098920524982299196	0.2826916147734243
0.022909658021095038	0.23860221459373729
-0.05519654473788653	0.13305950244291107
-0.12161554509984747	-0.02352330810849854
-0.16229894964442038	-0.19204550099605258
-0.1567513224621411	-0.33480649235434534
-0.11053125282550148	-0.43719267201572137
-0.013582145669329318	-0.46576049255729562
0.10774588190284755	-0.43929918187935041
0.23956887495707077	-0.35430256642456176
0.35454494204980402	-0.24421330314286277
0.42212730938483911	-0.13446795751690874
0.4380466690862338	-0.045578630391209407
0.37951362148046225	-0.0085498546012817648
0.27154166816406683	-0.017340899656759053
0.12038158849805183	-0.084283343814808759
-0.040467850484493882	-0.18526479366834511
-0.17994976939377905	-0.30784240221219655
-0.28448772593890664	-0.42933910849778789
-0.3246649832746033	-0.52552293482882084
-0.31694554567420663	-0.58861578444329299
-0.25856757581726614	-0.60057383581041657
-0.1777918616398724	-0.56796228554024997
-0.097569562250417546	-0.48725710791889043
-0.031067726811546497	-0.3706821483874328
-0.0028707942942118687	-0.22526276415783367
-0.0016777543818825734	-0.063070394203604371
-0.03083453804762111	0.10536236312750855
-0.070984760393599328	0.26839362874625389
-0.10521230281319563	0.41449066512394783
-0.12954229740585288	0.53279344923114136
-0.12918335181416607	0.61017197648439891
-0.11966892080205715	0.64190345401699545
-0.10639950158064274	0.6158454423028098
-0.10498257445093355	0.54112687673659376
-0.13481684904484101	0.41520194890767353
-0.18992913458077967	0.26095245070620471
-0.27997340486241029	0.092500511988708733
-0.37746687576590582	-0.066420689554586146
-0.46621540920191906	-0.18974121482637699
-0.52200704087067051	-0.27034921819136637
-0.51384079466740662	-0.28693255406775992
-0.44588956791770284	-0.25602218319774506
-0.30105746695491753	-0.17756402928715301
-0.11214988865094816	-0.080001057863257188
0.10521096359007374	0.014446222597626636
0.31657140303149106	0.087164517236794026
0.48471773642006566	0.11054133928998834
0.60230777990140916	0.089353755997550494
0.64156589905248729	0.0116017707227501
0.62657875232599869	-0.099995911667455584
0.56152464105272903	-0.23427102630657207
0.47835300217538207	-0.36857224982994141
0.40676077022142559	-0.47897316951908381
0.35768375376735406	-0.55813078856897069
0.35776291918709358	-0.58761925459940534
0.38957972761581655	-0.57676072161741221
0.45365149027654716	-0.52333343042261271
0.52281162327965636	-0.44354326825701851
0.57360845058822185	-0.34863085179877179
0.59541455986714675	-0.25127023353910172
0.56502425890054531	-0.16666709956460107
0.49672071129386136	-0.098467165767320897
0.38893391882772471	-0.057396805175384417
0.26601767476069088	-0.037419732467167822
0.1479412298805973	-0.040440389164662062
0.046288213380228878	-0.053362967765146076
-0.017401070295297208	-0.067969224899266822
-0.053027396115140603	-0.071530909688911334
-0.056683435846245557	-0.04871891285875795
-0.048253194650141135	0.00088243376892037189
-0.042618284517630375	0.089031933175943517
-0.050878556727835617	0.19702929022535468
-0.09125571628244547	0.31985671130732585
-0.15726581400456405	0.4282254948222905
-0.25420198463431426	0.49611936043019611
-0.36495468142232829	0.50870325074267209
-0.47874433196793936	0.43580103089896127
-0.58187414796516712	0.29741965297617029
-0.65789657723853501	0.087875472961808171
-0.70428433899586451	-0.14593585573608966
-0.71085480952486724	-0.37129628908793783
-0.68412646541039801	-0.55135664297087739
-0.62424265271180879	-0.63514690222206083
-0.54014613929331978	-0.63231151593186874
-0.43811322050023099	-0.51777232915342719
-0.32628665994865519	-0.34472713883565137
-0.21254769344982685	-0.14106601746591851
-0.10395719976368178	0.042366016518031971
-0.0087534874067536367	0.14492990043457196
0.068714497079516129	0.16811769452799061
0.12058987271446184	0.074363635841817294
0.14915813429922256	-0.079797868703297151
0.15053294907816098	-0.27024781722283397
0.13537291874094054	-0.43730575756486778
0.10860604668399981	-0.5140795026928312
0.083537795031376205	-0.49808525537613108
0.073113830901926719	-0.34366131245420378
0.083341542707631083	-0.11344920468039459
0.12718307520420766	0.16881693385147223
0.19671982647929784	0.43207661632339711
0.2942201205803181	0.60104761158599729
0.40208532438366146	0.66466101853959791
0.50876005874077268	0.56568275701006654
0.59838288577391263	0.36732613307139383
0.6526159649982427	0.087063758005944736
0.66733312508650555	-0.19511636398553558
0.62928868697542528	-0.40079775970582843
0.54750333338821888	-0.50779322486198952
0.42123649616312059	-0.44890711758989166
0.26652624889180387	-0.28074827740586505
0.094076985662674639	-0.0098483715106192984
-0.080850823176230158	0.28075672501311066
-0.24259726920262564	0.51750623182278621
-0.38165627255084966	0.66544319749710878
-0.48350203115381157	0.65152302260588746
-0.54753380319351197	0.51644787083326038
-0.56488269130048674	0.25179811449171996
-0.5458273600620388	-0.068105471733987746
-0.49169688153740959	-0.38565825984529628
-0.42047113594132041	-0.65913143747117475
-0.34527539482943409	-0.82133549682687812
-0.2820025562381675	-0.89104789615498192
-0.25079265249142729	-0.84831790594019574
-0.25202955228240687	-0.74214058167137109
-0.29935133120365265	-0.6054070355566108
-0.37313540088101238	-0.46647836792287201
-0.46766475501792898	-0.36908320802689037
-0.55486072297416356	-0.30001008128743351
-0.60938750516984974	-0.27080033126889402
-0.61729948212731434	-0.25092413279113296
-0.55111003093187794	-0.21712603017529458
-0.42610636231469273	-0.1591242584819221
-0.2361143395158728	-0.052019237744629146
-0.018031382093851651	0.083591042634651141
0.20371287081138578	0.24491023489262193
0.39788921470437999	0.40343299407976047
0.52552974597061608	0.53245997123587718
0.58542092282727531	0.62377683062967548
0.55349692699309538	0.65488303231839273
0.45934668434889242	0.6419378399762391
0.31223972785988829	0.58721061507389638
0.14906841799160425	0.50987052427918744
0.0043989873064685311	0.42906910536795045
-0.10552064752101749	0.34712860648682081
-0.148474750824244	0.27679826510902023
-0.1378005470171082	0.20594865103062823
-0.066706511259806922	0.12872869381164184
0.036636844353168364	0.039052551633530733
0.15286937073373527	-0.075826358215709086
0.26235150370246973	-0.20177688349565959
0.33874904090051755	-0.33740157101378065
0.3827857477780866	-0.45724590633844242
0.38188039051653433	-0.53981860778464918
0.34961376456355808	-0.57183252391995854
0.29161584013166042	-0.52806425217630759
0.21915785910778318	-0.42283126427556134
0.14531952855343225	-0.2505418671304927
0.070305423157417557	-0.045700152600315805
0.00059113793843960753	0.16960047032586256
-0.069556681031667511	0.36371964612494739
-0.14349558122606063	0.50053796018575769
-0.22187738699106638	0.57139918078344465
-0.30982976692658171	0.54957167024781517
-0.39728273574505257	0.45316223180372212
-0.48065654161953175	0.28051115256340875
-0.54560815276809527	0.064186343194511553
-0.57883963063327082	-0.17344344884035001
-0.57363594371475746	-0.40344044681388158
-0.51575393268793346	-0.59342850920521362
-0.41448004246828712	-0.73135398293245246
-0.26690325962920519	-0.79136169652057775
-0.095372799872369712	-0.78248006362810019
0.086244945055448413	-0.69693467670227371
0.25541251671612847	-0.55927882790184813
0.3881131009555478	-0.38229111674622679
0.47491837317494101	-0.19352121360070454
0.49537521711873023	-0.019458415480157504
0.45854119360323059	0.12393755804475513
0.35956455000353149	0.21044746575312198
0.21972011038773318	0.24436057558082361
0.051328107492540125	0.21399866383813174
-0.12359943731277133	0.1410449641809613
-0.28326510734350679	0.034886897919911848
-0.41470485580921601	-0.079266321598798845
-0.49795902587248109	-0.17742506570891914
-0.53221703098950968	-0.24654315905995119
-0.50674000479748837	-0.26347009041397501
-0.43135312991606184	-0.23452923876700554
-0.3062687445286893	-0.15158201939488058
-0.14958651558111394	-0.034863812220211676
0.027990020551637341	0.10497341625398574
0.20406013397395631	0.24731801049308538
0.35845219023115849	0.3714553718405802
0.47377536662544556	0.4670423631590972
0.52547900168810202	0.5158141859241423
0.51487097727719577	0.52082122564057054
0.4263021932730629	0.47512293008757606
0.28609293414018394	0.39042731391764829
0.10228315138620267	0.27142120086978583
-0.085935256238033872	0.13222761146365486
-0.24434920459656898	-0.01539058038216182
-0.34998229833708799	-0.15966611112541562
-0.36277013775561051	-0.28737264863545575
-0.29976365177117764	-0.39112452475890597
-0.14820108950342337	-0.45932286704205422
0.042543909353411263	-0.49138095625525757
0.24156030152512711	-0.48054039949681449
0.40622204863196454	-0.43371734532918932
0.48224509135370569	-0.35120249079171761
0.47369244923752668	-0.24611379755208407
0.34933455153447618	-0.12705937815403803
0.16076510981271863	-0.0078594770087208419
-0.069239888752408968	0.097355078717430044
-0.28545684173137642	0.18090792474655351
-0.42752175619041077	0.22942067980331304
-0.48807981646690352	0.24586856771369733
-0.42320318327027712	0.22487156870367112
-0.28224693455066513	0.17811703229797005
-0.079958051823719456	0.11105655037475741
0.12376701489769157	0.037017376099714963
0.26817808273955906	-0.031347804886870584
0.34108936876965246	-0.086563698130650971
0.29410015796485961	-0.11652435513009783
0.17510506372381557	-0.1224690523864649
-0.004177373595676534	-0.099298946688563205
-0.1836196498942331	-0.053922448672192515
-0.30268923145799853	0.010792110393936929
-0.35088266677258573	0.087823335619745452
-0.28032028766951278	0.17030778385305206
-0.14259821039720816	0.25490326861145041
0.047338654888752621	0.33628109797602868
0.22741635807829241	0.41353734510412221
0.33298803538798499	0.48477713696758262
0.35682751768230186	0.54764462020394911
0.25058816225376018	0.60073709588348045
0.072984526034797201	0.63930022767986794
-0.15618863867020641	0.65930047260145774
-0.36851856068456396	0.65717275171454359
-0.49195097260185106	0.62671614750628446
-0.51761561080690044	0.57180463272243132
-0.39173224083172081	0.49018612902553205
-0.17697650782835903	0.39403787215235425
0.10722143232910558	0.29027298284929498
0.38490534627476186	0.19243172775001199
0.57937709830229434	0.11486391433718794
0.6734322395588368	0.062054040810145261
0.60531631177550205	0.046137490458635314
0.43198120749403879	0.0585114154940541
0.16430280287863402	0.099604843849341665
-0.12124531120691388	0.15445753164961723
-0.35317263653571079	0.21124854414939159
-0.50565401903285701	0.26098898189343012
-0.51440546144904242	0.28955528034878575
-0.42331299508060344	0.3005305000031066
-0.23238335907437405	0.2891803090004389
-0.0089704326295507071	0.26633331983864134
0.189094581446832	0.23893856819437556
0.33323691483145429	0.21390045267527885
0.36582066459356216	0.20115249329996515
0.31619803174842404	0.19855636151216544
0.17726334343060474	0.20947893222322433
0.00075431835146073109	0.22733811504891488
-0.17207173051579719	0.24741757151660471
-0.31687925882216728	0.26748692080285474
-0.38933236056582443	0.28251779294525153
-0.40817480773202808	0.29618781688808576
-0.36556946596329598	0.309915421407438
-0.29692314828602884	0.32544983704552505
-0.22985255540199886	0.3474368058744523
-0.17989088992760971	0.36860522208063556
-0.176841306775089	0.38722261297853378
-0.20551064975873679	0.39131882125612372
-0.26946403585357442	0.36922305486531715
-0.34222980048966595	0.31830474532876774
-0.40277319189960692	0.22679467782641693
-0.43834858865082443	0.11043799933831286
-0.42625109479449824	-0.02770732751381828
-0.37532378211196593	-0.16134896447506902
-0.28041964644068335	-0.2682290892744571
-0.16080401966347593	-0.33318619133848065
-0.028905043362346856	-0.32950603508599569
0.09991271572278157	-0.26958897326894604
0.20807542158449294	-0.14568054021227167
0.28978274044326641	0.0084690443841588664
0.33252368496651619	0.17149907614824261
0.33885637980602096	0.31399547477174272
0.30380852279822773	0.39983445806503171
0.23746040705654525	0.42778442730017835
0.14301783569522084	0.37520754794804606
0.036131976548186083	0.27019874522262372
-0.071338221253814976	0.12190810219433236
-0.16481029848697218	-0.035467689235260558
-0.22643918903192081	-0.16909355260979775
-0.2541537644445806	-0.26573455852322758
-0.23493176594190898	-0.29608793435444908
-0.18378151842142784	-0.2755221332922535
-0.10422516008299028	-0.20020402473111848
-0.017698992236560445	-0.098435587432884358
0.05630518833673212	0.0083691960799251678
0.10843172985053054	0.10337946769488313
0.11908466774788305	0.1604666722036269
0.099493143559444872	0.18610991837143973
0.047474245042578134	0.17119264741232776
-0.016331831039789836	0.13637330677175957
-0.074900503639482793	0.093987291838984216
-0.11956783785488531	0.059887199996666259
-0.13225943187243044	0.05446113946308212
-0.12418210537979643	0.076437973120645486
-0.094880470872448344	0.13661754197881681
-0.061266748113458828	0.2191750198747322
-0.039726140834283621	0.31768705093551342
-0.031384309625238568	0.41474906530066419
-0.049280707599583667	0.49326080386294047
-0.07405916091994208	0.54588597848970688
-0.097099746393938868	0.55762288623934442
-0.09923316519982836	0.53436751243156033
-0.056416081048999159	0.47241289317026502
0.025349316850326244	0.38556617316122954
0.15914445377851741	0.28188751381752636
0.31176182255840962	0.17491090112116031
0.46538384090051027	0.078449780853929438
0.58692215942217218	-0.00027406497047333198
0.63757371503473514	-0.048828081672439079
0.61666506656674491	-0.069031141467917737
0.49836880502356729	-0.055491654156606625
0.31934377078608239	-0.01740845230765465
0.092897705514840917	0.04213801933158292
-0.13674350362380228	0.11018418749602772
-0.32584966824983541	0.17621749282073459
-0.45962595034367848	0.22980444885794871
-0.50052423925621814	0.25800173938842397
-0.47307416449604184	0.2578262943616888
-0.37651162912633829	0.21971667766967559
-0.24916970183419154	0.15046467126592655
-0.12363273437105619	0.049087438043559389
-0.016382780607009508	-0.070652600924220238
0.039638170099593348	-0.19986997237178725
0.06122557246213154	-0.32491666998328211
0.045031048655051052	-0.43122125644322196
0.01854410693679617	-0.51266855148485158
0.0059660581175196119	-0.55681002309219985
0.013813116716541986	-0.56807428919743175
0.064156047973205899	-0.5427468409640881
0.13453251053759807	-0.49280852668207037
0.21871843801262764	-0.42513420286983833
0.29006977077916996	-0.35132733600525884
0.31988664647851084	-0.28366945010052269
0.30811240693232811	-0.22700122907111772
0.23485657278783492	-0.19126548439762783
0.13092074520971106	-0.17343735739695512
0.0096747658522794763	-0.17566862833944469
-0.096476566106176581	-0.19237219184535151
-0.15038487468554251	-0.21960201404291646
-0.15291104863698954	-0.25458666067852731
-0.080058442830834048	-0.29290639974729571
0.03074871707047391	-0.33556009063129077
0.16334742825150583	-0.38241976298829078
0.27795066730088064	-0.43244617398628044
0.32988883336770525	-0.48699859624261521
0.31764665595508684	-0.53875351306696229
0.21054226858764252	-0.58433841341217463
0.051405858349949499	-0.61325955296605072
-0.14366518593459737	-0.6146920465857677
-0.32515433595783372	-0.58625680571604155
-0.44136895802686238	-0.51736861142988355
-0.4827399794724867	-0.4218209696995846
-0.40890831637233721	-0.30189104347565415
-0.26055136879303475	-0.18154264289644695
-0.046798532409251026	-0.080238223430204744
0.17806526352553534	-0.013759012037776472
0.36267438681816516	-0.0076424727716362835
0.4891415506130084	-0.05208234982515067
0.51177184708426382	-0.15673748060863776
0.46262250694928547	-0.2887500495237168
0.34292224360907592	-0.42938273666832127
0.19946170118688675	-0.54593289236382692
0.074951197678035431	-0.6013575609870585
-0.017139575132673623	-0.58994034046960264
-0.038543874595511861	-0.48409887429967075
-0.020942535309934306	-0.31238807018421322
0.029774520736579033	-0.080018385065244224
0.074501298357831702	0.17055918527421585
0.072004607731200404	0.40365305196279511
0.022776110778485653	0.5937745373235338
-0.1019201454062999	0.70106594667089173
-0.2556345061624159	0.73294274215923816
-0.41710402036592098	0.67366700134332058
-0.53950453031240519	0.55284118333646481
-0.56729710901352515	0.38625306326435299
-0.50536311319713934	0.19960877064466478
-0.31977417143016806	0.02187146305480072
-0.071420541207084673	-0.14094216855871985
0.21124135987834172	-0.27039962989940541
0.46483838355707835	-0.37478517343977191
0.61823780235682757	-0.45452443155628452
0.66626193629361508	-0.51476077024060374
0.55976929851905144	-0.56286628476311729
0.3595185821540845	-0.59258041966410868
0.085777337560070319	-0.60262449506294902
-0.18912249383260363	-0.58542497949276173
-0.39210400752790436	-0.53081015262616627
-0.50513454236141242	-0.4452959011640466
-0.46922236965078518	-0.32449421897378605
-0.33416778745375919	-0.19094506422850538
-0.10723345015203849	-0.058895654535217931
0.14295943990862198	0.051163794540371454
0.35359629468491532	0.11331917683938821
0.49999461688779379	0.12959494653432835
0.52460702387182445	0.084757927352593507
0.46321358366285509	0.0046669044705922522
0.3143851011174888	-0.099100267868565906
0.13220198309802556	-0.19893397313758227
-0.035994989818960529	-0.2647266679909826
-0.17141613391968952	-0.29239427864018419
-0.22992517883660607	-0.26016856315414355
-0.24022110395446239	-0.19099448261476842
-0.20329960036225944	-0.091448123941062637
-0.15813426257969559	0.011132132309305889
-0.1423455334397056	0.088639325444110684
-0.16098855909158102	0.13680310894802344
-0.24310458540745572	0.13433875105942636
-0.35435575605173708	0.10418244682496154
-0.48259147418268161	0.053526733503273381
-0.5902912071908758	0.0083178526967377618
-0.63639618968037892	-0.00321781485417128
-0.61937052316902874	0.019271850694896248
-0.51144246022026496	0.094804912646590023
-0.35026078230134067	0.19560992136648506
-0.14960206034963239	0.30984465039470299
0.046688821481790523	0.40873949351025363
0.19476179464694002	0.45922692923132624
0.28085584138719549	0.46235847688050374
0.26877140545927791	0.39710861201195868
0.18197403377117427	0.29664094444911077
0.01883119096151669	0.17568524481626199
-0.18156243240490999	0.068517506264937342
-0.38979641003886245	0.014036590821188953
-0.57845048447508429	0.013103662485737983
-0.71149901296590401	0.091516145698522788
-0.7853477250693236	0.21336412116794393
-0.77921988914019469	0.36435092006125291
-0.70863724604029632	0.5054342154418352
-0.57411683585332618	0.59429202750503085
-0.39989602926837925	0.62646664602222768
-0.20289668802203337	0.57168738216608883
-0.0055823790555378098	0.46507119192812868
0.16752420051431882	0.31820969933802057
0.30567857947757665	0.17140821145395063
0.3870104029536629	0.067016426306510862
0.4203746248376275	0.010492795008157141
0.39923165404303618	0.033195402873158877
0.34789477063376839	0.099775045326667547
0.28131309987627051	0.1992579368466709
0.22103951507640759	0.28987590558892945
0.19422290326087921	0.32818861008596384
0.19902434853362844	0.30823877368548169
0.25152934313695863	0.19713658216705518
0.32511354968248879	0.032239306767611921
0.40747600560557573	-0.17563011664428424
0.47173207867730971	-0.37975849618396978
0.486094678617779	-0.53393629668152909
0.45297021701534707	-0.62582961212415456
0.35271681008713723	-0.61680468560767254
0.21969225366695824	-0.53955153463626593
0.069795140730549279	-0.39838383098492286
-0.061238803930757715	-0.2397968549370553
-0.1324764621589429	-0.10584712541081034
-0.14361142107833078	-0.014164598276970938
-0.067624427171094598	-0.0048219225142422141
0.056279115794331876	-0.052547537717004725
0.21239693101126647	-0.15933437812194828
0.35723889111228108	-0.28346160878085019
0.44389544768270456	-0.3902975807257959
0.46692258705758372	-0.46056767025255052
0.39224074281508325	-0.45738847836009044
0.25884702481117772	-0.39895468197086681
0.078698870515469477	-0.27953471282948655
-0.10116426933476037	-0.13402390746845846
-0.23331949340762143	0.011084718144150942
-0.30695971601733907	0.13631577057040847
-0.28420960568564407	0.21063027033700538
-0.19885099845813026	0.24222595958200199
-0.057403306786069946	0.22198911699777757
0.096221530025841898	0.17081515344806619
0.21971324545331275	0.10321911951877469
0.30174740870386318	0.029228374735764132
0.30708842520797952	-0.033961721948894893
0.26515951977247237	-0.093340118227923985
0.18072881886816822	-0.14710266223603016
0.092526022933506397	-0.20443329369518654
0.038015063109828703	-0.27558684934940886
0.025761373759253831	-0.3555464862672762
0.08691834754791751	-0.44872952662323196
0.19118604070511033	-0.53708831184369943
0.33237912814089848	-0.6082672976343767
0.46930714647909072	-0.64960746333188235
0.56371685994659437	-0.64150788044846752
0.60061126064417947	-0.59243872816293186
0.54446241493056713	-0.49583034233851769
0.41860986425881014	-0.37720132443415066
0.22038518652034175	-0.25262374754031031
-0.007715661241258583	-0.14386753262557639
-0.23411772281468202	-0.077928393334295715
-0.4287264178116833	-0.055201024729647254
-0.55093445143396813	-0.091786336877642219
-0.6007050107003743	-0.16756139841413067
-0.55600916275961221	-0.2757911625790776
-0.44221597242376937	-0.39241288562614945
-0.26658072692944634	-0.49481739472567116
-0.061415826151816233	-0.57190893036763202
0.14557778139337108	-0.60300984245524347
0.33331045439124596	-0.59425662991916484
0.47193533635738677	-0.53961745997975274
0.5600231242846998	-0.45491967767112657
0.58074912021762526	-0.34876400405524299
0.55045265251713982	-0.23679847826894482
0.47184765617590774	-0.13437386988396841
0.36898561334330632	-0.050982708657588839
0.26118420047349983	-0.0010906199912154276
0.16535876964479182	0.014870913475818306
0.10518477807395771	-0.011560204506575734
0.079699586799746355	-0.070757758507543164
0.10169520412448814	-0.16140886981480601
0.15358314547421392	-0.26703562452272317
0.22893638446636538	-0.37542569409146975
0.30706255482904038	-0.47246944371131905
0.36749174271300539	-0.54024525343659968
0.40312956446769643	-0.57797675013532102
0.39611255979646087	-0.57399816104656254
0.35827804478833097	-0.54305606511144189
0.28863082569939075	-0.48980838994046022
0.20780497173183249	-0.43285531676454497
0.13224579468596806	-0.3904831996243695
0.073524373023522702	-0.36829144770119526
0.051281882907782399	-0.38251665538250057
0.057753343034376958	-0.41953362109030745
0.098805203834817001	-0.47786305616587904
0.15318434626474606	-0.53730381623897072
0.20769532063405005	-0.57956195525610954
0.24403156931151232	-0.59743658960824431
0.23980478022636212	-0.57335757483581518
0.19406476700714775	-0.52013874743687472
0.092342271862836056	-0.43848214533097118
-0.047193803018599767	-0.34715301979405849
-0.22016847199580475	-0.26358010108749519
-0.39966924321995728	-0.19247499017461514
-0.56386119312197991	-0.14888461202163375
-0.69313663122128522	-0.11923172488126518
-0.76078693739749026	-0.099583694526214933
-0.76627997700090378	-0.076053623362724476
-0.693452611081804	-0.031365346951070766
-0.56248923241989912	0.028245968398147182
-0.37799231818497891	0.11081598547972747
-0.17054447625707714	0.1908083814172018
0.035629163817343323	0.25167831503954424
0.21685368986778045	0.27448700402522586
0.34222989616199001	0.23062987801754417
0.4092055338387357	0.13255945995099391
0.39861028681463484	-0.030301678874700692
0.32939915102388301	-0.21746825391193036
0.20540700131712764	-0.40407866283374194
0.052823884861631018	-0.55383928767844293
-0.10592077581273883	-0.62198900881613062
-0.25571023194315168	-0.60906872892448216
-0.37277979837453923	-0.48789635833246847
-0.46064386175374744	-0.29687975445630665
-0.51079079470224775	-0.050426715202604465
-0.53553395414109484	0.20664467057083855
-0.54254530063219886	0.43007024010712414
-0.5372373958744654	0.60378041719694042
-0.53002414675854403	0.69039409813813402
-0.51357347827111244	0.70958170265233123
-0.48719522355382838	0.6579490102175326
-0.44137756503240144	0.567308837862462
-0.36507918452298888	0.46340434709521472
-0.26219841699590396	0.36105028395567512
-0.12611393002559959	0.28673444339894977
0.022656592384186016	0.23118084018746735
0.17337753747306706	0.19926750818598796
0.30332402393653318	0.17502018504262418
0.38788683304374544	0.1447370080733979
0.42198336431330402	0.10647881213934152
0.38591959934399034	0.048680207687500192
0.29892057316442178	-0.013481994724142339
0.16371505232186256	-0.074160979759944318
0.010097823859153286	-0.11693215130583465
-0.13724569152006855	-0.123602286553167
-0.26025862825092994	-0.09363045025002506
-0.33076763436586726	-0.014339786034292416
-0.35443674836931471	0.096055165572077009
-0.31984315740595648	0.23205311705442749
-0.25007406358747919	0.36819116575298094
-0.15668009947281925	0.48274969634522608
-0.06284816086491167	0.55899755930470696
0.007126206512930347	0.57224147043466167
0.045018319862905457	0.52464821842349596
0.031156156337237187	0.40307134978155035
-0.024413809637462255	0.22875730684625792
-0.12539963373346344	0.0078286154809779698
-0.25020974850189448	-0.22748942838172753
-0.38571112617027442	-0.45206791705408428
-0.51023620338170106	-0.63849515993837025
-0.60140100837560062	-0.7527343578467367
-0.64822173859050669	-0.78953192886179036
-0.62998403442109474	-0.72416786990635384
-0.55349559523836467	-0.58100464527193052
-0.41089248540474416	-0.3620691755725402
-0.22547525034062516	-0.1096480887634563
-0.0081371340475425435	0.14403957181127436
0.21176389485550423	0.36676413170395256
0.40757056620966081	0.51481520538296643
0.56028754063295727	0.59041588275600709
0.64091173669585899	0.56959797916345956
0.6528091103822059	0.48722493277563056
0.58168834342976938	0.35747767555712584
0.45151817714722192	0.21843554146543448
0.27150639744217153	0.11016147663561991
0.071644552255582888	0.040885576499564862
-0.12134303254307741	0.041471932929407491
-0.28844690483170687	0.084081502739444855
-0.4020103019936237	0.16366071012701333
-0.46125082964309916	0.24271724481513299
-0.45170966070850882	0.2857505476415888
-0.38675933063085838	0.28173178945942262
-0.26889518994789274	0.19892749079123068
-0.11628996629776904	0.06395104346613513
0.057537232067458088	-0.12089699893954266
0.23613019645173602	-0.31441160114480404
0.40240668459386719	-0.48128102313434018
0.54472568893723183	-0.60152482553476028
0.64733305852778233	-0.63792516565901425
0.70548598129660556	-0.60688251343277089
0.70751380049900092	-0.50076109038595196
0.65844589920828411	-0.35445179901874951
0.55442383740810497	-0.19286355624773563
0.41044042762275951	-0.038306540353693443
0.23413106556850916	0.076696982030594871
0.043709561653107187	0.15787435904455396
-0.14411731233415068	0.19299066349103838
-0.31719304482163024	0.20341045474697614
-0.45796612944106807	0.202051740742728
-0.56591477879305641	0.20201924862085002
-0.63198636930765617	0.22315964901278257
-0.66422190312819784	0.25816511938223341
-0.66473030296106306	0.31251351413830164
-0.64225518354715927	0.3676944730762538
-0.60480089384889202	0.41065934006324861
-0.55669415390814847	0.43050085729270815
-0.50467794307984337	0.40979354285035224
-0.44950783238730141	0.35504341292644609
-0.39409993523938303	0.26122978289605137
-0.3387156038343947	0.14550727329049865
-0.28443597131357562	0.018855027524011407
-0.23171780825698715	-0.10522120767702783
-0.18175173736264721	-0.21018943006788382
-0.1334173354179255	-0.29414926278939124
-0.086651014304554172	-0.34713885106256676
-0.039472891437463888	-0.37681062640212937
0.010459060889037712	-0.38435347172003964
0.062121995431349455	-0.37919617804558897
0.11723833160129424	-0.36944451536902551
0.16991429713829218	-0.36025642971943911
0.21673131278895846	-0.35970941960169356
0.2519862189435309	-0.36715059757871482
0.26785043515322049	-0.38649322002712111
0.26728164468172266	-0.41211635401069968
0.24651279105280155	-0.44266789092894832
0.21788951303746254	-0.46925461415135433
0.18911671586637854	-0.48523596187570617
0.17034954368431143	-0.48250186101659848
0.17605709526864879	-0.45100525872772385
0.20100241195218649	-0.38991653248957708
0.25166012002632748	-0.29133551478879599
0.3073645633926379	-0.16642678776064393
0.35529628251519507	-0.016918011675734198
0.37839131399786824	0.13678021538534463
0.35299724066502708	0.27991182478307458
0.28605996431924818	0.39378556792363034
0.1661911319566951	0.45580038581059112
0.024741090820976835	0.46292964101222539
-0.12080789532267429	0.39862890664762191
-0.24023992904296446	0.28085049206789892
-0.29784016886672848	0.11177626847447539
-0.29262318315434821	-0.077826876564462952
-0.20116045878340177	-0.26487303743990387
-0.055066398729134866	-0.42413739707290776
0.13422609292641305	-0.52408751944078791
0.32960103262604518	-0.56056035576577345
0.49340138873033568	-0.51205181372379238
0.61581740140393215	-0.39905258793106146
0.66678673787760256	-0.22364749768559522
0.66941008531355983	-0.019550076617929252
0.62687339556859145	0.18807245329141922
0.56885854178974327	0.37149633779438068
0.52479205869203116	0.49673365009978898
0.49862591342833268	0.55740968585641648
0.51266663074376473	0.53003334973016314
0.54127707257662649	0.43196588787847995
0.57526123724206446	0.26243955334697888
0.58760224035465458	0.052350230137077833
0.54707690350258864	-0.17674687011540935
0.45710810708016653	-0.39759747726805789
0.29872854895434897	-0.57931575150018466
0.10788559829534561	-0.71124119021075027
-0.098292652279221265	-0.7693972990720308
-0.28231567524462942	-0.76284621344339765
-0.40231292042094302	-0.68582728319299158
-0.4542963631561806	-0.55883237046678191
-0.40916337410038983	-0.39396589338932853
-0.30038721716754879	-0.21062953389299979
-0.1380470723782507	-0.029112717479137247
0.036777437937302544	0.14114336843461905
0.18390422734982059	0.28349146511585449
0.2905615081359757	0.39926036100755125
0.32283546350555586	0.48223251116884558
0.30397009422992366	0.5383996570188605
0.23437947561614933	0.57047659879177948
0.148639567266898	0.58207661510155795
0.07707571481916406	0.57797997960613612
0.03285383547702949	0.55740050740774416
0.045248561947792948	0.52186399990391374
0.096259093358798703	0.46921477186668031
0.18732813329034165	0.39711872076553206
0.28939980109086855	0.30763689990564147
0.37779641256772084	0.19919960096226963
0.44082608192450934	0.080365006294638705
0.45350232647153615	-0.044773715753324297
0.43103125269606846	-0.1643912314604728
0.3718019184867547	-0.26799853943458274
0.30127898694975314	-0.34749347434495953
0.24094763197115759	-0.39085463125438225
0.20113537909980961	-0.39935072759020468
0.2041192781741952	-0.36665273731165582
0.23553593021147462	-0.30353248588588821
0.29694303445505665	-0.21380059536404444
0.36285434606468164	-0.11201164995338361
0.41283607718749915	-0.010644231899042548
0.43328855610469003	0.080263030861469561
0.40063754659160478	0.14680886734689774
0.32437295431288388	0.1881026244433425
0.19819703835830191	0.19614158246148539
0.04589850222780667	0.17836067014632828
-0.11693312277212493	0.135792177810349
-0.27199806097130586	0.079641301061801131
-0.3959377222877199	0.018481192964563867
-0.48833901865037727	-0.038759728535761533
-0.53639551486851045	-0.081432415506708627
-0.55392866221943649	-0.10612560484499378
-0.54580929865984906	-0.10512184989422715
-0.52608282896085012	-0.080690653381260857
-0.50910052292083774	-0.030329047554881951
-0.4988156234146181	0.039363002807104253
-0.50590248091079815	0.12554952034661868
-0.52454904242637357	0.21944151055569561
-0.55535164342483989	0.31409267745286434
-0.58975946903530307	0.40113894810056056
-0.62156498098362922	0.47179513101557286
-0.64433468494303447	0.52037828585337242
-0.65115557513464051	0.53860878813006474
-0.6372586476405967	0.5254914987805348
-0.5967128453330387	0.47548002024080738
-0.52609132206312936	0.39394850352356819
-0.41900480022688186	0.28066643181162221
-0.27840951706187972	0.14690141103063675
-0.099830386082648853	-0.0010598327435069298
0.10082789914562436	-0.14850517677864539
0.31824611613420706	-0.28283623061821095
0.52514293813921264	-0.39142507135953492
0.70014243427127831	-0.45853832855676052
0.82020919447809959	-0.4808939543828844
0.85436815517783049	-0.4461823073759274
0.80506234606973226	-0.36575279799496074
0.65279907612919408	-0.23901967119185441
0.43241044394598732	-0.089478782026233147
0.15584803442876838	0.067398327994556695
-0.12773930240372888	0.20812447326180991
-0.37491621924174917	0.30669428107634011
-0.55659062304970031	0.35519077120224474
-0.62440055212451706	0.33147649735983425
-0.592720265158864	0.25220748498128287
-0.44329608361651762	0.11550053591497553
-0.22564985748107697	-0.04516412536740938
0.032816472673494537	-0.20637356879122259
0.28399685715451495	-0.33980910931699143
0.47435705598850525	-0.41014260172022365
0.59277969944389342	-0.41498949648132838
0.59980140305650242	-0.33095264522858686
0.52692597105066852	-0.18574169929389045
0.37704050402925049	0.013865441112443547
0.19653172839250382	0.22847067099741139
0.024556769301028639	0.42426707768289962
-0.1143084689233491	0.57770318401391996
-0.17824566573359224	0.65133497728214562
-0.17982494464473422	0.65303315146947949
-0.10650900224955828	0.56770121157685127
0.0081982012322221864	0.42679671183885448
0.14293140868722942	0.24637572369885175
0.27381181420367334	0.05754620053146562
0.36897433660370715	-0.10692548881486874
0.43101254457212279	-0.23595851931822642
0.44537404992762797	-0.30382630058743038
0.43163164209062904	-0.32169975988180155
0.40002967219409269	-0.28556600323228104
0.36400106691904632	-0.21524990393283139
0.34238342574780767	-0.12473287860487658
0.32920708140947214	-0.027532403296973793
0.33044082602259078	0.059032557939917435
0.32910688090111467	0.13238505249158072
0.31297257070543411	0.18287618166425162
0.27377137751478331	0.21440281964561475
0.19539452393985743	0.2263905040632698
0.089136113046664064	0.22260434590370698
-0.046346051941303576	0.20569074850825883
-0.18925184888580701	0.1784313724399981
-0.32266113294456056	0.14345562975550197
-0.43327616900621252	0.10386666931559001
-0.50010473259839194	0.062893868373916514
-0.52931014696187051	0.022787953808554449
-0.51368245284434966	-0.012482950883746119
-0.4723492732526699	-0.044841658305362207
-0.4171196760849486	-0.072676411852997752
-0.36273936741505786	-0.10262279564692192
-0.3281202410008095	-0.13908324302386299
-0.31257280168850188	-0.18714544973114752
-0.32584845991416622	-0.25521743182803047
-0.35553639266641612	-0.3377406617154548
-0.39619694150115869	-0.43768373023728563
-0.43666802315254383	-0.53787329812401241
-0.4644472433434742	-0.6280526805525104
-0.4781158766635985	-0.69044050502748688
-0.47036038218831139	-0.70471616134772863
-0.44636281218327734	-0.66824067780787355
-0.40764753526439795	-0.56551815580724107
-0.35787406145635742	-0.41479876583057573
-0.30099522759477254	-0.21969099288317248
-0.23765542186274741	-0.0086239948026987732
-0.16839762214011597	0.19501454519341918
-0.097478896172306304	0.37249171823916249
-0.025138540042781737	0.49636809194447473
0.036027153382729646	0.56937555366404202
0.077605383475390366	0.57857507577639899
0.086806377441065341	0.54353997081994454
0.046785162995849644	0.4730200004558841
-0.038705462019784587	0.38654678969433193
-0.18100468749008086	0.30475146203843201
-0.35168152252479712	0.23308528367030057
-0.53868593731228676	0.18699524652423621
-0.70421423850100706	0.15712529684683593
-0.81169259909986424	0.14380486083932065
-0.84538139021586378	0.13342449057211708
-0.76869014387144552	0.11415141001822934
-0.60759755032921359	0.080985029671146472
-0.35782524333150778	0.022225558805704829
-0.073553924461559339	-0.053862174949133583
0.20612222188943202	-0.14840307235713651
0.44022201040303138	-0.24492773896527822
0.5726023982765559	-0.33180295115233505
0.6096547735715494	-0.39564509718666868
0.52222106619536091	-0.4195177476547155
0.36080660780789048	-0.4024461319810283
0.14841361990751739	-0.33317423023244963
-0.061606637113847736	-0.22560936106854584
-0.21238797895192654	-0.08248140007585511
-0.29147295584544286	0.073933343459695294
-0.25552709104022692	0.22623663044149425
-0.14031528121068107	0.35706437471505503
0.049643796904206047	0.44358560210115855
0.26394596025236244	0.48480273757739095
0.45775958828810021	0.46657547535941712
0.60984831675327844	0.40550103355378231
0.67676905454553526	0.30572030566725689
0.68031036165184611	0.19046195971483068
0.61477713659994548	0.079991984518271719
0.51917727266519487	-0.012660688835984524
0.42493689695321946	-0.065631900647744573
0.34910620650096347	-0.085161347936514351
0.32553132334471341	-0.063639436473255998
0.33525059959206688	-0.020749880303407513
0.38174335582129321	0.032251560381144309
0.43153280865666299	0.07769061824878376
0.45684243003660474	0.095021584133401005
0.44405077459691455	0.081603023346591697
0.3634595353138616	0.023662282731573805
0.23552276910445544	-0.065952691472629638
0.058630185429616927	-0.18499588854012783
-0.13072348036611942	-0.31543415508830613
-0.3036422407722727	-0.44227207367765042
-0.43894014282576105	-0.55415042575296769
-0.50241670012776884	-0.63449984221537448
-0.50421952547501658	-0.68395535725642798
-0.43287684931275849	-0.69442912447731442
-0.31904633229657814	-0.67552041655026285
-0.18123765138959469	-0.63009576553059421
-0.044422988114455032	-0.5702655468702188
0.060893183478591011	-0.50632571869462506
0.13279806400923386	-0.44658606503839898
0.15321345591929947	-0.40292145068060292
0.14013107969213143	-0.374932591513296
0.09850355600062051	-0.369371050959791
0.049369986717951439	-0.37665915120538923
0.012604219477795785	-0.39361224551073043
-0.0033453623284162249	-0.4078028040731117
0.019177812168055721	-0.40681858083090178
0.072423028168952922	-0.38742907782152497
0.1602509580114867	-0.33789037374360759
0.26548401115798731	-0.27133049255191222
0.37772893575318978	-0.18953043386598187
0.48049338808709108	-0.11478734939010179
0.55650540025686457	-0.066334754911343038
0.5977105929857166	-0.055144557800891149
0.58897079705235833	-0.10423066315056523
0.53426541438744757	-0.19670059358553557
0.42716448733136125	-0.3359712620385783
0.28375792543365302	-0.48412840267869506
0.11024504064998988	-0.61389490773583189
-0.070132331897591674	-0.69677621595993189
-0.23857342414946109	-0.69214183860733125
-0.37555572296273365	-0.60912245038879698
-0.45639997460402937	-0.4284593584990935
-0.47777563278520307	-0.19469017674256525
-0.42169396466689701	0.068838180731604359
-0.30745027616936965	0.31781230776316788
-0.1367855934997538	0.50206727898303039
0.055625977041930681	0.61581073786855089
0.2442466403178887	0.62395167230681148
0.39992643663431299	0.5642211236995488
0.48580973664006261	0.44737456138018705
0.49947575416934376	0.31924768944074666
0.41622106248255053	0.22572091596505692
0.26603795394997815	0.17741559831111572
0.056123226772691152	0.21167442467897804
-0.16984006328122442	0.29421381062630153
-0.37441505494681981	0.41858508023951646
-0.53166636651361887	0.53862619613235996
-0.5987146406847379	0.61047424359038116
-0.5889549429544505	0.62078317868457422
-0.48689518915455443	0.5307347260346873
-0.33631747097559311	0.37288266528000763
-0.16262992175562954	0.15048624257957721
-0.0054623323839032055	-0.087389217006119083
0.087783676213846071	-0.29810733787632337
0.11501546080905617	-0.45912202549281261
0.045405740946438788	-0.52720020589486094
-0.082243192619567487	-0.52176644174921893
-0.25572300185266078	-0.43505101788313644
-0.42607910905371943	-0.30540369385438937
-0.54644345428410501	-0.16155610715164245
-0.59834814622606625	-0.024592908809478523
-0.53845923747123392	0.071538098487681917
-0.3945068363528233	0.13669473220068762
-0.16268982634531265	0.16186580291926089
0.10573206538345671	0.16971052857236046
0.37215538187770969	0.17710682786813173
0.60241242902676884	0.19238740905873683
0.74749222078589661	0.23421759242395129
0.813321176001498	0.28847746058908064
0.77809099796807435	0.35397788132745733
0.6759948472965982	0.41059181947477541
0.52390701711968146	0.43924616297328389
0.35197581316690812	0.4355900102766504
0.19421048306370489	0.38334974434007579
0.055902494255155061	0.29922039960120889
-0.04177540040562959	0.18663532312492082
-0.11245780951730834	0.069105959984745877
-0.15910189432033459	-0.032533887357231971
-0.19256724403621428	-0.1068179440017904
-0.22596375093031631	-0.13293049283099248
-0.2554976671115054	-0.1180860580388982
-0.28534352559848186	-0.056826938819660174
-0.30470637592710753	0.033645906944936223
-0.30477423524840769	0.14263531238888719
-0.28377273373559181	0.25608760527069552
-0.23303514187197163	0.35772236931697776
-0.16442655587826568	0.4435226697573893
-0.082517156476943465	0.50243726852066828
-0.00052496064606351788	0.53928865923618263
0.067119060561665417	0.55232562047394096
0.11948358864772438	0.5502180593407584
0.14724208574580933	0.53860529876428809
0.16114923890656668	0.52482786985202268
0.16610015522471128	0.51752767030242353
0.17034703670173365	0.51843992327023736
0.18569399599048789	0.5342022569387751
0.2063804082315982	0.55874935392080394
0.23544920301323136	0.59184085337304859
0.25829382964561376	0.62263951384694693
0.26349120600731951	0.64274398043067404
0.24453385598147223	0.64460623267074357
0.18693570106963447	0.61660004897294085
0.10320946629506324	0.56255867784762636
-0.0068891629227596889	0.47707996759273186
-0.11957514627094579	0.37624389725132729
-0.21636560902376792	0.26835058469832312
-0.2815983690002602	0.17133746173612918
-0.29167599074170431	0.10394590850557769
-0.25192135935563031	0.072064197866311602
-0.15221709858276236	0.092145257452990639
-0.015286557064800454	0.15123650308139644
0.14776626445892599	0.24991603748045993
0.31220069854058086	0.36404472754539291
0.45381544162947801	0.47623747280791889
0.5598884012948383	0.56681027808743323
0.60836821452703038	0.61105519762047233
0.60304138951192476	0.60665898268733631
0.53505482067198362	0.53778841987355364
0.42027598628780111	0.42029545749997421
0.26446582471944458	0.2568994562608875
0.089090850150956122	0.071164965621502249
-0.088765212607547439	-0.11859845344449793
-0.25019305707422324	-0.29390647476824883
-0.37325990052775398	-0.43201435081379752
-0.44995244687644592	-0.52739378470872633
-0.46189997924293674	-0.56460374262871627
-0.4182419772629154	-0.55063768789351919
-0.31454902803865281	-0.48263492304280037
-0.17315709229304158	-0.37471689659250079
-0.0078657663529827122	-0.23518267592680606
0.16014526949127708	-0.078638706980647538
0.30699878756985222	0.080956015860112446
0.42698783369475818	0.23336007056408048
0.50260444465087106	0.3650432969774865
0.54537441984972357	0.47191291508159822
0.55646469977726132	0.54499535370710173
0.54944389799512217	0.58540282615197148
0.53840628173999605	0.58997187153946051
0.52294183047267162	0.5625559412244201
0.51235507426692106	0.50429373074861072
0.49159662852048375	0.42016604667455754
0.45224280894935737	0.31351964652495889
0.38372104467253909	0.19039537296105608
0.26850926996620644	0.055252367155182891
0.11903228507481566	-0.083817508903240204
-0.069167282523762169	-0.22041156835122477
-0.26296498025359416	-0.34500314463714105
-0.43990667535887307	-0.44856436476988498
-0.57243878090135081	-0.52319616120489099
-0.62402354085165135	-0.55843083355271805
-0.59915932972735153	-0.55294640735688849
-0.47749358928989727	-0.49931240149916506
-0.29704136177830537	-0.40538663557538424
-0.07463269626178759	-0.271388871443831
0.14652998598879527	-0.11280280119892373
0.32275826465266227	0.06039437964649743
0.438680087810362	0.23146341948941287
0.4570551861502522	0.3835139739206016
0.39979979152812373	0.50702212584582773
0.26360017174500894	0.58555461373159923
0.086905949653541814	0.62294912648646394
-0.10105256676419877	0.61204202485657622
-0.27593116509551513	0.5694040317956236
-0.40257309819909881	0.50281915883942352
-0.48418566227870319	0.43148390098774209
-0.50595077479066763	0.37443218873193429
-0.48678782483592553	0.33993572713305181
-0.43608627336931138	0.34627682632328322
-0.36761782228546142	0.38245760158057246
-0.29858183520081505	0.45156009512450945
-0.22808478790479697	0.52962683626234397
-0.16353868534073707	0.5999607139778188
-0.097226303663359576	0.64386269146104491
-0.024404420863898352	0.63586320998235302
0.05643696362384526	0.57957672428482765
0.1512162381774203	0.4613645905312056
0.25145146137154173	0.30751654573286141
0.35452385781070189	0.12985542070820524
0.44876231778311765	-0.041856709801132638
0.52344590578370431	-0.17691713546033125
0.57310532379685897	-0.26632493223055287
0.5874811375842629	-0.28435202783899249
0.57022282030897986	-0.2504771566527309
0.51870073674027684	-0.16488340043878907
0.44149277782122553	-0.059729644724541391
0.34325047102991163	0.038621413862326336
0.2331232715305612	0.11259812685572748
0.11915246903615714	0.1323744712384089
0.0093140873785139515	0.10835087403618442
-0.087583271742456614	0.032024901997796187
-0.16599605221806318	-0.069720887062794071
-0.21768974472021405	-0.17912655473244815
-0.24192860720719833	-0.27732667605995337
-0.23297184480342592	-0.33810758875283231
-0.19760010668244352	-0.36575406642174074
-0.13670230346337997	-0.34954130660856708
-0.062212855933899192	-0.30828437522713592
0.017104034886919209	-0.25279707824667058
0.090848799074193701	-0.19635839304286376
0.1465977043302534	-0.15707954014646158
0.1816590367543868	-0.13127759606152706
0.1878451271034503	-0.12521703834766448
0.16922010910706911	-0.12716688436899637
0.12537261483558634	-0.12825513253620863
0.061541480023704243	-0.12616931726921546
-0.01830689907707576	-0.11172665493351691
-0.11076657194680815	-0.096666098103041248
-0.21243052317906894	-0.085661796415666763
-0.31933555118179219	-0.09072537504504348
-0.42943648247314559	-0.12710961595161593
-0.53357221731600413	-0.18976519841287892
-0.62550083474773011	-0.28630676482821832
-0.694419624963029	-0.39399520779240554
-0.72808412877339534	-0.49919584063346772
-0.72457767336582357	-0.58221004355102302
-0.67284733448087863	-0.61726302905418207
-0.58805740726934441	-0.6089486135424943
-0.47317111237140053	-0.54396017658450613
-0.35373874905942587	-0.45022424118233595
-0.25116439322761985	-0.34239334392387111
-0.18084993565070032	-0.2469828236203494
-0.16916743045930066	-0.19567516456606274
-0.20461046347987333	-0.1876214668997358
-0.29555512991827393	-0.24212949439549186
-0.40872595576692644	-0.33041174044142718
-0.52313872840320674	-0.44048522312405425
-0.61029575887811494	-0.54124413212224698
-0.63369134055350951	-0.59920552826202789
-0.59636531387419156	-0.60951781618846401
-0.47732121815048162	-0.54798191198323298
-0.31216225014767884	-0.43915734216252594
-0.11609116626540794	-0.28971033495981008
0.070687173088986741	-0.12912170130493575
0.20651306800582345	0.013208157678152994
0.28054828059248982	0.13037178433826993
0.25864898419173782	0.19924864704461789
0.16907224518779271	0.23907756661208562
0.013874035985973244	0.254193977233724
-0.16248618813424931	0.26618750714424927
-0.32283996597439013	0.29872062569917718
-0.44325834288617144	0.34991024372915963
-0.48282966908526814	0.434432458992213
-0.45533356878133846	0.52627218006175869
-0.34866502485877088	0.61245880034986122
-0.19956631150904872	0.66853496309860738
-0.031700200758794303	0.6642716640729619
0.12779981801302101	0.60401323911635496
0.24340712456010161	0.47068505110088799
0.31663833945779807	0.29831501470551119
0.32996721290827369	0.10343973989983996
0.30499573578479472	-0.078541496316019171
0.25175510525242739	-0.20885694628407434
0.18743145263793495	-0.28108741200836607
0.13316696920151991	-0.26648226600926933
0.087124672307931653	-0.19326404907978881
0.058705888528098722	-0.067289382378501544
0.035337881503686178	0.073094602670935108
0.0090109585568432168	0.19326728305544166
-0.024562684782954008	0.27619251238470777
-0.075832279165733693	0.28811369502637629
-0.1343232387308336	0.24457155569350822
-0.19716864425801739	0.13938204878561486
-0.25199472647603532	0.0039628896109892677
-0.28437507632494768	-0.13930226785048702
-0.29760069395058791	-0.2694952852140679
-0.28393878359024555	-0.35743843095817263
-0.26203432390961318	-0.40552683051342386
-0.24362596873837813	-0.40032522678392185
-0.24169989682184609	-0.36014703582765356
-0.27711171782062677	-0.29317154748627161
-0.33799179281849556	-0.21636588331287981
-0.42974705819887954	-0.1477895070324737
-0.52140339772343347	-0.092344681971031073
-0.59042742716685548	-0.062727956848867866
-0.61690388687344189	-0.053615939207965299
-0.56793588439438647	-0.066708584664541173
-0.45993493388369355	-0.093632397716201757
-0.28328344674570916	-0.12854417379074604
-0.083171838780602012	-0.16555299571381379
0.11033603140938043	-0.19765213418162547
0.26147808082612806	-0.22234582101023809
0.32168897574874378	-0.23449013000188582
0.29931460974334073	-0.23502280589425797
0.17004239581794051	-0.22179572689053548
-0.016717558074078934	-0.19892256639647832
-0.23649323135549766	-0.16820963222468191
-0.43878294888981972	-0.13443089935782052
-0.56819879451241917	-0.10254044532061764
-0.61492747073046572	-0.073804270299521177
-0.53834542946024344	-0.05255788018238125
-0.37549550630978412	-0.034546835389714765
-0.13295609090234112	-0.018664845621254974
0.13850302689146621	0.00019703107279699005
0.39394480560272183	0.028384730352374328
0.60929261040306226	0.06329356138734081
0.74065671898964647	0.10868456310696431
0.80253935231699125	0.15180648189296567
0.78474713913720062	0.18548577471588634
0.71747713375467281	0.19675034873853225
0.62236784662689304	0.16953324143845405
0.51490153804670435	0.10594551884195882
0.42044928773008206	-0.0044292915463671409
0.3309831478651134	-0.1400755366838109
0.25157524298826184	-0.29194858269141455
0.16829643577037423	-0.43305184457332668
0.068102802673376914	-0.53682083065448494
-0.046589173139505544	-0.59291462709356424
-0.18491132993170184	-0.57700234246579263
-0.32526262696132568	-0.50448941784644852
-0.45675932173407197	-0.37334785317122526
-0.55638135777062603	-0.21154708043410589
-0.59863067409877724	-0.040721870561534368
-0.58005754170290813	0.12215179330817896
-0.48182202519472123	0.25118700142775807
-0.32459668272004483	0.35148176269765602
-0.11232999547014941	0.41431178390489826
0.12364574107958839	0.45525706164249152
0.35838018306328023	0.48532473517627772
0.56877899446119129	0.50950908327477562
0.72468616357962479	0.54055526271988952
0.82233637357457834	0.56621777873730372
0.84301706757205952	0.58325431478701162
0.80141395396834014	0.57740049294799078
0.69798035446970064	0.5320006682129661
0.55670087227212162	0.45098632530068877
0.39484325632355233	0.32495171870188239
0.23301139107436669	0.17725289409335274
0.095134390772487795	0.020956300217408332
-0.011495685026782523	-0.12247501763173588
-0.068774660785723127	-0.2262585916631083
-0.08520977020366885	-0.29328624062467046
-0.057643947443486214	-0.30895942511325258
-0.0029659155768589976	-0.2989667517912773
0.067025259856583641	-0.27701048936160366
0.14021767209781136	-0.26445111229975293
0.20017579972118271	-0.28980704829101511
0.24807142118690204	-0.34530670640894245
0.2761831761432566	-0.44388994139906818
0.2947549596003563	-0.5519408439307385
0.30946638860255743	-0.64944161136378098
0.32628893669540737	-0.70853777837228438
0.35568799699402603	-0.69195662760620869
0.38986142783405148	-0.60793511249776833
0.43005621395680865	-0.43825039696736845
0.45959036926035673	-0.22500913220039689
0.46522079853639275	0.0097946103136432698
0.43787781384532865	0.22404592756669231
0.36052744024535444	0.37069815527591637
0.24381944353483184	0.44255250577613464
0.083814070802817359	0.40573792423993255
-0.092754096764582947	0.29322454787117697
-0.26856890501286279	0.11163641729326672
-0.41931482575816625	-0.093859232579808743
-0.51633081986046847	-0.28331411205854046
-0.55533726603376987	-0.43444734484608832
-0.51565165262936485	-0.50740182197334882
-0.41782161159534659	-0.51495795176760306
-0.26436205376306388	-0.44610157249322929
-0.0886886308340437	-0.33235928536983222
0.083984046628189243	-0.19352619665774412
0.22653794437827879	-0.053782629499161544
0.30489046461657815	0.057057184895079188
0.31472068744243437	0.13609986447056496
0.23233086151571408	0.16604175481919947
0.081768883355211888	0.16029944179119585
-0.13488619747123581	0.12121824609676456
-0.37542559145088761	0.064708308747816995
-0.609101966603667	0.0045535534249872694
-0.79945190076374306	-0.050522047167682362
-0.9011794782578969	-0.087021902759651881
-0.91003484762821674	-0.10547994236978048
-0.79438137542881093	-0.099625102088711989
-0.59108349195040022	-0.076375770430552492
-0.30726376189720273	-0.037206332577119458
-0.00051114858283497994	0.0078222653840773395
0.28154484136752295	0.050809476737371302
0.50190327318434436	0.083799718185415387
0.60299047423347241	0.096248461482919725
0.59889515148361716	0.088021994758046201
0.46545413125059731	0.052454629003111521
0.25984938285893139	-0.0014022326196386204
0.012505598396367976	-0.070832178698677639
-0.22046856411096463	-0.14349592298953148
-0.37593985678270436	-0.20782441962171502
-0.44455735709380423	-0.25879053606173485
-0.38107816321159499	-0.28563658942056191
-0.23004496517858197	-0.29398518489431813
-0.00087857324812298798	-0.28308952415763877
0.24629827504500817	-0.26130013488595549
0.45673731649344557	-0.23694353368797899
0.60489431786160774	-0.20934495543850787
0.63784668099138864	-0.18422984461481942
0.58298123744299624	-0.1507240890181884
0.43229974292319129	-0.10207716896610318
0.23903482683420807	-0.031643751387199666
0.042569616900676177	0.073664346504194442
-0.12354562613783004	0.20126909524766617
-0.20924242854081171	0.35262658067816827
-0.2246923015864129	0.49872263969527597
-0.15020272345874217	0.61819937567006755
-0.025297319699407114	0.68954407502298676
0.12846365143677124	0.68085421699200932
0.27688260990532443	0.60194132649561882
0.3803253055675454	0.43868568416971304
0.43354149045132884	0.23097850210002632
0.41125115783392596	0.0007892844506410257
0.33390933382855981	-0.21223656437758867
0.20502711146411737	-0.36287383418126251
0.050156283270858019	-0.44589243820393665
-0.1084795291000249	-0.42948051576690099
-0.25738471998244661	-0.34815817843355362
-0.37496825836804909	-0.21108957848650453
-0.46329279863245892	-0.062530733089407861
-0.51401096584057659	0.055369509677682609
-0.5367618169162226	0.12712549028135614
-0.53567337886926625	0.11453736757943508
-0.51893136650646232	0.043598838318166321
-0.49534957977712746	-0.087078002956063327
-0.46717179026344635	-0.23354819078585146
-0.44071104025205021	-0.36045295203758321
-0.4125733175789163	-0.4434216151935092
-0.38322596064214653	-0.441855346445927
-0.34739796004199752	-0.36907985953108141
-0.30073952211463739	-0.212467798160621
-0.24095433805043329	-0.0092795386006332206
-0.16258583493462755	0.21813298649401872
-0.070765011418762389	0.43767180257801308
0.035316262734187281	0.61263688093682811
0.14329717377327747	0.73448245142320057
0.24549288044679066	0.7783584610150851
0.32868359549407272	0.75647772962230553
0.37900770140340101	0.66637964962703755
0.39070584767626337	0.52723445059018181
0.35105498045577471	0.35201903813914392
0.2670845923053306	0.15685277645658585
0.13570334006351253	-0.041607810126102068
-0.0254493229521222	-0.2319972964276994
-0.20673875165659805	-0.39961707170285654
-0.38724186451358833	-0.53781016831257067
-0.54787862653430375	-0.63437595003034963
-0.67348525299115647	-0.69124681187331127
-0.74327272706559355	-0.70203387541954954
-0.75503671004172079	-0.67950032475964484
-0.69518013455260308	-0.62844576066205016
-0.57709216973280975	-0.56637205467124219
-0.40160926587090634	-0.50927207482509096
-0.19279251213796833	-0.46647243241186981
0.032502429373682452	-0.45499871254888508
0.25182282713922016	-0.46774686178690655
0.43968351299317154	-0.50950502239054285
0.58832613476515683	-0.56162219233558408
0.67823556997701673	-0.61230191612678331
0.71919696138661715	-0.64576869644185952
0.70922048400397397	-0.64275433265232618
0.66411591859447805	-0.60194047918155225
0.59688048693812035	-0.51134162625280666
0.51396204100111431	-0.3836910658379038
0.42823121121075608	-0.22160850686622213
0.33341688396378988	-0.043449188688338088
0.22890533188449561	0.13687282013469326
0.11059502671756281	0.30341429830492928
-0.030935573425018219	0.4386946286814567
-0.18034015502086972	0.53341193023213229
-0.33559211764245345	0.57236814785705281
-0.46615386389326047	0.55577118661858549
-0.54626457371884629	0.47424236212473841
-0.55956731466547949	0.34134338763868566
-0.47280887663946336	0.15875743767359313
-0.31091727250624862	-0.047258555912506585
-0.068610116472444083	-0.25885986501599334
0.19673460557912001	-0.44912670386046388
0.44428990503569976	-0.58769236683182824
0.62968517588042716	-0.66705288533952689
0.69059492570077929	-0.66222532944361889
0.64005682507097672	-0.59527987757815959
0.44795655104905729	-0.46713437669047414
0.18142459177104484	-0.31626289130081353
-0.1246747970974626	-0.17341654355927427
-0.40365724108715018	-0.062682007523644709
-0.57962260826930345	-0.022722623498884899
-0.64535391535652309	-0.040559514893576336
-0.5487081017454235	-0.12990506285603934
-0.34856326745524896	-0.24934883447201744
-0.062341640410770061	-0.37366126350125328
0.23773222370797836	-0.46801213107007006
0.48079133037492994	-0.48780585505273105
0.64534076820340847	-0.43710895896515861
0.67152163949464261	-0.29077955478161138
0.60355890865885053	-0.091847295001343227
0.44438811498719555	0.14104721064186954
0.25801863613807269	0.35987872187733561
0.10170998972067616	0.51537328306691266
-0.0013527048262283099	0.59263643057917759
0.0027243580822068833	0.55075001696441361
0.079074637616930413	0.41851113803936002
0.22915115656279303	0.19480799111995442
0.39788902966293616	-0.071550875741115766
0.53831612921171756	-0.34309443263869926
0.6276072053403392	-0.58692192781424979
0.61835231912740118	-0.75691532056619493
0.53733341002506652	-0.85525544781846219
0.3799112491904022	-0.85941816562715789
0.19293940258729553	-0.79740037589417467
0.013615281197825152	-0.67994917979563363
-0.13373187887551538	-0.5362898355649558
-0.20746752660630219	-0.39541356035760111
-0.22231019578424771	-0.26876957858357398
-0.16769281571863767	-0.18015472185277559
-0.077837648824328004	-0.12151738572097469
0.024029911645770521	-0.09820780827176194
0.11548632889653673	-0.093817293531572615
0.16485357807065074	-0.097421698069570323
0.1766697301017979	-0.097917602341160856
0.13730429923750523	-0.080125471288421388
0.069584930678927806	-0.045349508020501535
-0.015660856561470381	0.014262377639972406
-0.096063169670089044	0.086420840891353365
-0.1481980433864904	0.16646446108512
-0.16440017603872298	0.23936155593926886
-0.1252784841139381	0.29090150590713854
-0.042586347874389745	0.31395970213418156
0.087161396632754684	0.29389549713754398
0.23764020027508431	0.23904638725548355
0.39282780312824578	0.14579850944108566
0.52530250152089919	0.035365294367013758
0.60558589562312926	-0.079340800426060162
0.62382581398630876	-0.17703071858907593
0.55350266405868442	-0.23409313997223857
0.41514030931971863	-0.24458239843708074
0.20597425807669195	-0.18927375439656405
-0.03065001670560423	-0.084393108046606824
-0.2647739249924882	0.069957716102603762
-0.45900130968635006	0.24463123058091274
-0.56644965438608574	0.41827933973953002
-0.58561944696749535	0.56740204360417368
-0.48617083064729338	0.66242107488268509
-0.30774232300163096	0.70022313987990481
-0.062399374144448058	0.66211240403676574
0.19747867032090743	0.5652582226528331
0.42408902610599269	0.41235250825450664
0.59163655915215263	0.22813175460221433
0.65235522257260736	0.032099428147309504
0.62435497056328759	-0.15735347665658375
0.49506051942869922	-0.31709630069176109
0.30876153595633693	-0.44184457149911027
0.094089821881023203	-0.51671523767743943
-0.11455631133471925	-0.54737337693528343
-0.27432497827261643	-0.53073934070646445
-0.38194509906510016	-0.47816425641392785
-0.41296681808800761	-0.39582708763746205
-0.38807457719284871	-0.29616467734036001
-0.3127731442842584	-0.19046995859192478
-0.20815168557869859	-0.088353624653914095
-0.094943823539721806	-0.0020586707894741556
0.020279042669308755	0.065018875936257409
0.12264258835482547	0.1037532110869275
0.21632196764388895	0.11909067151303639
0.29967636558595417	0.10933821849705937
0.37527936472027029	0.085288174306718201
0.44706451273358716	0.053883489965541598
0.50931109923285789	0.024979240488584041
0.56035880545840944	0.010137648581865258
0.59196000419687045	0.011180222196018233
0.59588311564067886	0.03653134066102659
0.57041967881273359	0.077944612544858155
0.50835341023448555	0.13447314576774666
0.41797619760271687	0.1926428216028781
0.3000682159828395	0.2420228038850204
0.1699483197904145	0.27253635284966177
0.038093470997140423	0.27096848344540037
-0.080190477999982496	0.23630309536767413
-0.16874982529398438	0.16001588983185747
-0.2196511574430754	0.051416477226739705
-0.21756363638316734	-0.088320542715268777
-0.16852583407418523	-0.24331443680965678
-0.066122192680764275	-0.40266866131462004
0.067615736475314325	-0.55025604816962748
0.2226087448245879	-0.66928586389200495
0.36941536194546548	-0.75085226100637781
0.48093919158199627	-0.77876043211966406
0.54006580266779702	-0.75808652350231132
0.51640372826717851	-0.68207076877121953
0.42268767973210908	-0.5700260984939487
0.24787701717784966	-0.43096905311819378
0.03290632737883379	-0.28902903662045021
-0.19911828100005011	-0.16678193922013379
-0.40575201351490559	-0.077904842636177474
-0.54027419469966997	-0.046422163353765838
-0.59240635895595395	-0.063867787293559644
-0.52537866524893417	-0.13856768369037106
-0.37194456442185042	-0.24417001908693053
-0.13512357017350499	-0.36579766735564362
0.1326523470976132	-0.4773524757422975
0.3887826168544174	-0.54973560989402448
0.60075352581389818	-0.57707198847919494
0.71837789021463827	-0.53749955930419124
0.75207555095477441	-0.44988040060210738
0.68225445007769325	-0.31625863156565065
0.54876310038622911	-0.16522607712236445
0.37334039430260629	-0.020816133808327211
0.19072313501204224	0.10125179400935855
0.041113529783023531	0.17439407114774591
-0.070145741212032944	0.20716999351828969
-0.11793838493702227	0.19142200370056581
-0.1213830327145221	0.15071702650726401
-0.084593123982199314	0.099853811212223725
-0.02746794135868131	0.056979327011572045
0.030043753979998068	0.045565257662398391
0.083976958268391452	0.064436208755655214
0.12134396966582486	0.12612150287224824
0.14926412122194432	0.21297867279940708
0.16954245846837368	0.31796322253568965
0.18513414211850543	0.42181056102801689
0.20163520609053626	0.50554901965825816
0.21292807630167784	0.56125533512012626
0.21628730074068364	0.57290278972235087
0.20713254711112489	0.54583007800175154
0.17681319759531614	0.47613207088742243
0.13481465674578108	0.37551352151126882
0.081360440590965769	0.25064155331876031
0.03558559688541757	0.11272392629829747
0.013993451546000214	-0.027658263313760666
0.024702686114210663	-0.16195790081582018
0.087438361909781784	-0.2801645597463262
0.18388466551486959	-0.37608707914880257
0.3138984038920089	-0.44069083481747279
0.44268677721979621	-0.47249579003868275
0.54222808299041148	-0.46459349579068487
0.59206583622563913	-0.4242345647919829
0.55662480220889188	-0.3510976174285062
0.45323952764746278	-0.2609901816762295
0.27219082405943562	-0.16428065230832911
0.059064662295850515	-0.076965049319129591
-0.15602875606879874	-0.017087993329274433
-0.33638131168678997	0.011127922767016648
-0.43349716973255392	-0.0067877675058442884
-0.45262927506513828	-0.058136064024396077
-0.36791822059616813	-0.14220831949857998
-0.22420522734234138	-0.23750394190377658
-0.042086587083855848	-0.32679192373069532
0.13156231955816236	-0.39655486414329116
0.24599115972225524	-0.4256077066413802
0.29222849834922054	-0.41972241070808775
0.23256069741429111	-0.37098310132722917
0.10246403295270348	-0.29926822549654974
-0.091394614307382743	-0.21639464228482019
-0.30030069646950391	-0.13863124046278003
-0.48034405177060818	-0.086823142694387706
-0.61044464108230068	-0.059058506368757376
-0.64814333795874401	-0.066514164148670674
-0.61366724258921346	-0.090769212877083644
-0.50016387631947479	-0.12300049003117799
-0.34641284923421811	-0.14559160637105831
-0.181601038125102	-0.13779437050716314
-0.02765416421698658	-0.10018102636567183
0.080527601814965016	-0.019615779325798579
0.15268073153000333	0.083525446361122399
0.17896639494935723	0.20116662803549434
0.18321032601192855	0.3095438555428906
0.18281398709428789	0.38434246917039117
0.18721136290465792	0.4191386949338789
0.21683838325404717	0.39347645330859654
0.25609067521066881	0.32513800120354358
0.30377340486772653	0.21545247255871602
0.33709388496125692	0.093323156756367001
0.33379090798809635	-0.01790463557157965
0.29107520075905002	-0.10022783423413961
0.19067138514669268	-0.12595080676939291
0.056776568462552274	-0.10080592935822257
-0.10276074155618095	-0.013297363970616687
-0.25717012431391961	0.11258587922265996
-0.37607022870291862	0.26483317380454885
-0.45044533852246044	0.4190052065439433
-0.45412037849049275	0.55005422507137069
-0.40819207474327396	0.64779492038486941
-0.31479583477649664	0.69146940707871929
-0.20464053922980607	0.68774766199472415
-0.10513418076199145	0.63147746171495356
-0.028314830811312849	0.53736752161288992
-0.00086228987105667516	0.41395745097877473
-0.0062593634349332929	0.27460234464439975
-0.045803688266805392	0.13266858431997858
-0.092730571049502414	-0.0033380813395128698
-0.12426352439904073	-0.12214959207252968
-0.12973556727972224	-0.21868650098856501
-0.086052543640401005	-0.28479236546306586
-0.0077194911434368078	-0.31843011243662611
0.10663638943222568	-0.31340448445628377
0.23247574348748687	-0.27403359207815264
0.34960949577351302	-0.19864885034224491
0.44635960746056175	-0.099015088343903268
0.50177111410373865	0.018649646771639664
0.52348571729966553	0.13937359411404132
0.50753916639884833	0.24919381869532592
0.46779435369474059	0.33886579566316039
0.41574706622358476	0.39364797436654597
0.35453436910752034	0.41606849721350414
0.2938497974245412	0.40001411433073503
0.22551972834332673	0.35666745191120375
0.145985188147674	0.2917664075563432
0.051095764570223953	0.21553191716745063
-0.068500315732272027	0.13923480077285327
-0.20075794324834823	0.06546330359289404
-0.3440912124821785	0.0015886741023199216
-0.47647428473009273	-0.055467277433754382
-0.57905130735937893	-0.10592103713764675
-0.64072641666133678	-0.15098646737231253
-0.63961381490518299	-0.19343813625976938
-0.58922745152445422	-0.22881041264514812
-0.48577392747483417	-0.25573450275465104
-0.35928949045909969	-0.26769446256708124
-0.23117530179398391	-0.25793609853409805
-0.12354322159330137	-0.22580536546333577
-0.066891322829968375	-0.16564646952245085
-0.05746212824341284	-0.085710463083035718
-0.11006422327460164	0.011666882446113653
-0.19949749279183407	0.11439551800895177
-0.31382075497967021	0.2119453202345144
-0.4280657953302946	0.29730074065876183
-0.51509809191748768	0.35892539558260494
-0.56947538518102214	0.3998516673402277
-0.57163801545726578	0.41609720893958579
-0.53680366113021505	0.41716982466027419
-0.46634851322736792	0.40859136522138562
-0.38223737415458747	0.39833734431238277
-0.30271624469159164	0.39597917291279966
-0.24031772074431404	0.40225100987151496
-0.21469476818150363	0.42327951275060255
-0.22273227789443187	0.45245859639001007
-0.27324287997322716	0.48839157399375055
-0.35009632269006746	0.52157690803170165
-0.44708254209699405	0.54414000022987163
-0.54325360494454467	0.54980334602388192
-0.62069214316736332	0.52919869058078728
-0.66409639726517133	0.48372368643229724
-0.65186700498269889	0.40805572960746528
-0.58497940651956271	0.31298733478131557
-0.44977452415999442	0.20219903102707751
-0.26855654939488027	0.09170417117918922
-0.047492506111791247	-0.0053099604638259055
0.17866518059509598	-0.076684629220993963
0.38107918702348814	-0.10515893173202751
0.5358371851101642	-0.092852089736343707
0.60698560452135175	-0.029953834016530831
0.60181084836641252	0.065008265917212094
0.50338350553218614	0.18510495087343154
0.34839744835246661	0.3053515591133027
0.15544810181513233	0.40299894580263962
-0.038098603155229858	0.46441130103607242
-0.19065587948933929	0.4650788994907466
-0.29629087063339904	0.41487434258493033
-0.32530744853482879	0.30592716194203179
-0.30740864062069784	0.16695684162377694
-0.25079850332074743	0.014846522736722809
-0.19027782157438095	-0.12276523423021461
-0.16251601416463776	-0.214965433105339
-0.1701112359903513	-0.25469423983043438
-0.23984059979100963	-0.21874192694838829
-0.33583665082768838	-0.12464517848419361
-0.44424087046756855	0.027455300843556844
-0.52580356313182186	0.20858130057277532
-0.53662677224756716	0.39696424622998122
-0.47679676216414374	0.57083452513076016
-0.31657077591890886	0.70286129135763598
-0.10153792087492768	0.78795967013631252
0.14961922911176032	0.80902322889351486
0.38592383048272061	0.77478579510870293
0.55271755300805925	0.68377069875802443
0.64236228284611541	0.54950299977814165
0.61430648523555853	0.38076016241581173
0.51263209270550514	0.19030830371689936
0.35000210227508999	-0.0099716274004419889
0.18012178571292994	-0.20864666230632165
0.057359721410658066	-0.39377926668600599
-0.0076110134816387617	-0.55500218867587037
0.028185777982593863	-0.68020328760463467
0.12220931480558651	-0.76267969558053161
0.26402858333361168	-0.79124217665705365
0.40029047848109811	-0.76723769432714084
0.47750472673127725	-0.68441132367127311
0.48565181972401411	-0.55437949398032371
0.38179054566652876	-0.38046382635867226
0.21119574133998736	-0.1812938204462794
-0.014911633681475581	0.029865128540513715
-0.2373111595695449	0.23359908622646958
-0.39921407129245223	0.41055094652334911
-0.4821044448864224	0.54728482935381562
-0.43609771331033564	0.62420516231674616
-0.29851104076445595	0.64043391629526014
-0.070974779587719111	0.58352944367786375
0.18933520167701087	0.46858702754727188
0.4335484407056977	0.29711115816823785
0.63511836650292264	0.097432566383153785
0.74413836793349786	-0.11109084457238508
0.78181810309269384	-0.30003610161323341
0.73898134628620349	-0.43790243577218496
0.6568791377475709	-0.51456533145982741
0.56699483070360102	-0.50320081322960475
0.48945526048020366	-0.42240649168574201
0.4599263174859563	-0.26903105610023176
0.46327418969966067	-0.08149729502321465
0.50578919205623274	0.11355807753777963
0.55886483409590748	0.2839281486829261
0.59958692152242465	0.38927991680634888
0.61716888078018584	0.42735493401867064
0.5878941445022996	0.37275786321593041
0.52763849982638567	0.25456637043600272
0.43658738763158922	0.081130357456763225
0.33809527932644157	-0.11076222004575202
0.25366510148588312	-0.28679388148543195
0.18903692948983283	-0.43120329981462574
0.16276968895969143	-0.51194260918014367
0.15790975574595406	-0.54355394541249069
0.17075703502363535	-0.520994335356181
0.18010986444057783	-0.47097124011599734
0.16483350394931956	-0.41455883727715909
0.12102709181078833	-0.36361400424286888
0.032079689610956294	-0.34150592179816708
-0.085013212672771732	-0.33477185738275922
-0.22611749982847507	-0.34547536790777678
-0.36925998597372928	-0.35040676574398211
-0.49374204177508468	-0.3295251196375632
-0.59160588237369616	-0.27538771737337536
-0.64450244330500817	-0.16760988015351236
-0.66290693405270207	-0.024976576472446554
-0.64549152389846809	0.15092452122184175
-0.60931626898372582	0.32888620358778292
-0.5680138808782258	0.48314981539610946
-0.53053856257866372	0.59578202186193463
-0.51192109717997336	0.63727842611045837
-0.5075644559571908	0.61659355918215331
-0.52141429330286371	0.52418493081083506
-0.54287334295939027	0.3860392080416753
-0.56485763505763242	0.21785487612980647
-0.58077293482474446	0.040953990179161702
-0.58122820436036782	-0.11947679172366324
-0.56752988317790343	-0.25933279327152409
-0.53612057182934703	-0.3634980236610249
-0.49220074929855573	-0.43981976829432506
-0.43836889826016701	-0.48938458431793669
-0.37887360819383664	-0.51735866569540567
-0.31794884813794322	-0.53051695169992974
-0.25823696209095598	-0.52511976354906531
-0.20242799853869939	-0.50090538658169281
-0.15461281305748625	-0.45421486770703645
-0.11763055228064441	-0.37842914615046713
-0.097926391522953252	-0.28216683030242345
-0.10181887962677963	-0.16505736038295526
-0.13252704264268869	-0.047449180128599444
-0.19799000183359777	0.055423707716191206
-0.2903660204048174	0.12858853995511471
-0.41115850460168069	0.14941173369593222
-0.54027114656703734	0.12564174528200159
-0.66545521709731248	0.047840398405242623
-0.76467138647711341	-0.055065991872269342
-0.81422965340520537	-0.16639686072646087
-0.8068333034355385	-0.25885313375140667
-0.7215579797163657	-0.29974268802463166
-0.57559660816354374	-0.2885641042717117
-0.36799440818357704	-0.20424251251738809
-0.1322701424527748	-0.075806141941689303
0.10780384166043105	0.08632868277002162
0.32394307882590379	0.24740111810900706
0.48106928110121494	0.37308703981778135
0.57579156895480776	0.45165996545722548
0.58510927777977684	0.45350525900435157
0.53277347485974003	0.3979632569532795
0.42374569992445171	0.28462296583710123
0.29139387102859632	0.14312373951591228
0.16436602323609453	-0.0012570254211530241
0.061783345248991046	-0.1358444506281197
0.014557383227286707	-0.2358295970734145
0.015965099861033151	-0.31233725022469805
0.077751788755306875	-0.36293387779638514
0.17542400332503411	-0.4034854940166398
0.29618360196534127	-0.44997082536525601
0.41668996334070413	-0.49961820280175823
0.51165778791759842	-0.56220786493228925
0.57412296868514956	-0.6160628152967873
0.58552653665407595	-0.64802372154829457
0.55536777822607342	-0.64231782995364117
0.48169629742571618	-0.57416894559029663
0.38030217239508946	-0.45742805967938543
0.2626514672447321	-0.28504543534990412
0.13976582809385674	-0.094947061955704917
0.025233481653928483	0.086959769818487964
-0.077179249741270883	0.23166870083629401
-0.1592148753372705	0.29837686037439087
-0.2207586736846725	0.29656649250888006
-0.25892193852434753	0.20785259889990237
-0.27376913353101928	0.075034036072017751
-0.26387930652579344	-0.077820639315598572
-0.23081999881039486	-0.21290552600665108
-0.17385751481151013	-0.28343630739539261
-0.098474612975359879	-0.29227967287100282
-0.0069474197329377277	-0.21266865756936515
0.09183786444338872	-0.08671990764462166
0.1904530106398431	0.066748745734797138
0.28224797774965804	0.20460782247587328
0.35783417956696983	0.27873295053283209
0.41799902247529092	0.28529097459551334
0.45822340944765577	0.19097627663397054
0.48503826450963494	0.036081872761787169
0.50196205037206765	-0.16727739454567475
0.51351305395218172	-0.3678726224036975
0.5268676711726169	-0.51704487608571259
0.53757003772797751	-0.59496940864191039
0.54727115689588812	-0.55687416310118265
0.54482682184992837	-0.42894213480085713
0.52191018886539664	-0.20535136233483556
0.47172017191476062	0.062655341037711601
0.38220789420512752	0.33886121660710022
0.26078988430787792	0.58401006213096951
0.1040180079089857	0.74807449144810756
-0.067562623128221699	0.82715129760538342
-0.24129703660196714	0.79082206472097771
-0.39696294784162572	0.66860503341974398
-0.51187749608541311	0.46597082232431913
-0.58076743740503078	0.22464388155953324
-0.58644887975756788	-0.021946683978859471
-0.54197090672507886	-0.24344421998099419
-0.44760112713511818	-0.39998941198731108
-0.32450007320827629	-0.48666113555114082
-0.18913973730022565	-0.47820743714267955
-0.055853347833275183	-0.39576148955177198
0.056052800387058302	-0.24039790804119329
0.14502591415472577	-0.047040411662347494
0.20115026582295392	0.15858914581374292
0.23020836390839847	0.34781055328315819
0.23335824079035145	0.48524089198561388
0.21455759723413048	0.56526643111918162
0.17788924896666083	0.56406411891149166
0.12413588348241164	0.50087899951358428
0.053952029774727989	0.37747140642608462
-0.028195020926092492	0.22247241982786764
-0.1220479934763069	0.05949984764145605
-0.21432231062290596	-0.094646159863468665
-0.29693657710765425	-0.21392403737080842
-0.35402397180248701	-0.30244022209729021
-0.36817711573392747	-0.35060533932684618
-0.33593628717997703	-0.37346525954176257
-0.24180151545607645	-0.3802950385271664
-0.10448616847643052	-0.37881774565846749
0.073405953062699786	-0.38233979804493801
0.25904611819204248	-0.3833862082701186
0.4266563689995525	-0.38319897360356747
0.55248058561728808	-0.36893355709650427
0.60256487179335583	-0.32843418203719926
0.58172459876756599	-0.26087656498405931
0.47265722266076182	-0.15583431414696314
0.30776259257795213	-0.029957977859765492
0.10134313137034918	0.11090874059926734
-0.10961142607981457	0.24477169785349151
-0.28873572489243976	0.35040807919629846
-0.41985420220991476	0.41966019533931609
-0.47012676467851527	0.43282666325677405
-0.45318164890647944	0.40331574945425885
-0.36174171550024858	0.3299540801304105
-0.22568299911148837	0.23678519318029886
-0.064627335844009176	0.14224688850265291
0.097939818052181826	0.061983006285135624
0.2329750768330672	0.019067769912622622
0.33753039287686709	0.009647829692205517
0.39446082718249198	0.04367199388081093
0.41731366814385373	0.10280801201380943
0.4085375231208398	0.17812001863693219
0.38428349621443408	0.25136766697602392
0.35947948898683613	0.30326702978752074
0.34024371641428625	0.32801298302537946
0.33967747579109675	0.31007076709681441
0.35175942172525138	0.25934536139848907
0.37875522227937397	0.17422822633825139
0.40890513438385673	0.07372515928976188
0.43401852804056418	-0.029232441906253855
0.44565373209770331	-0.11802991824314318
0.43271637069650648	-0.17304897685137924
0.39497392795976299	-0.19036912147885923
0.32576793925900593	-0.15495722727601502
0.23328187498923608	-0.080532887165715841
0.11939487708170689	0.032613752790059042
-0.0036385337008065666	0.15922747685820826
-0.12602385944540673	0.28120425463393012
-0.23850188967120758	0.37680038407034627
-0.32882853615904667	0.41898644981351163
-0.39616393421085577	0.40551556137982447
-0.43288687601319953	0.31804203921469337
-0.4470973026930169	0.17783283517714291
-0.44068801406135283	-0.010805424446642849
-0.42465922625245378	-0.21533744249273373
-0.40868822475602384	-0.40924462871452072
-0.39863660131673512	-0.5701702360738562
-0.40492213402786126	-0.66632275993191636
-0.4235535493333028	-0.69948788284412067
-0.45754776675996556	-0.65348082948843778
-0.49629798515210799	-0.55042146885839482
-0.53327290313711662	-0.39848103694859999
-0.55926294089251283	-0.22332065743377782
-0.56306987422495547	-0.048811807129830964
-0.54412833487441914	0.11150533739216656
-0.49534074607909301	0.2357263425946817
-0.42510550915099327	0.32507250256118891
-0.33569057189901164	0.37085604200413053
-0.23838971807071113	0.38089973549906941
-0.14277628620588673	0.35812462581705007
-0.056279559736734125	0.30854813308407009
0.010534046351785162	0.23797722458723233
0.057502588178173511	0.14996430161426508
0.078997480394022213	0.04836599115584931
0.080852232415103031	-0.061923416609770229
0.064774273704163943	-0.17741524600392988
0.037513258771867529	-0.29003602653720528
0.0052053419524772781	-0.39280131149411318
-0.028601546762061471	-0.47895535387416643
-0.057779076590871656	-0.53919664418216562
-0.083932295566484988	-0.57417802318676381
-0.10544268594114006	-0.57876350508674479
-0.1258526142748391	-0.561018060096517
-0.14807401154497471	-0.52420100667254044
-0.17237966675161417	-0.47759331428744362
-0.20200310606594263	-0.43045244263037241
-0.23097404895199913	-0.38610823950823581
-0.25743305583134612	-0.35213341525295139
-0.27228113000259863	-0.32505684197863904
-0.26685769418013794	-0.30577699926118296
-0.23798805053822786	-0.2887577750472074
-0.17612830221375275	-0.2697403945898415
-0.091725469033231644	-0.24579132554545419
0.01480264920684379	-0.21231959189161514
0.12291228927950747	-0.17003874991785156
0.21749303123968453	-0.11709292164985047
0.2818270454452097	-0.056599433856701777
0.29334114825414426	0.010699787413938554
0.25449098172073364	0.079534417972081578
0.15228052829616853	0.14657582822545576
0.010491583147674354	0.20525700833325292
-0.16162151261653107	0.24946545406886009
-0.3334724143682341	0.27450901899742036
-0.4767536178873229	0.27272086309561533
-0.57537426084127397	0.246912562902216
-0.60074440514999483	0.19311584823153261
-0.56205377383607902	0.12400341923362965
-0.45018190464533608	0.045602514580366127
-0.29146941532802567	-0.026118751479330855
-0.10086092082798409	-0.075589814087937662
0.096576032689708519	-0.095590786399384828
0.27405946137497145	-0.070437563257948477
0.42178806333897007	-0.0099522347350679448
0.51888290237542778	0.088299983065406693
0.57179489758658963	0.2032325733964315
0.57563440492263684	0.32033268474884335
0.54354417763348439	0.42231410530514979
0.4835579405756546	0.487553509632217
0.40611313487950612	0.51454938706780562
0.32287866531462761	0.49059846428674525
0.23819386581985255	0.42768270384469531
0.16055042424006058	0.32905950984379706
0.089160183626702291	0.20819928431943607
0.027261155029289809	0.077762586452818888
-0.02873347770148223	-0.056563651091375698
-0.080068846326468421	-0.18503964969081879
-0.13053199296150897	-0.30716338803725424
-0.18413730327297909	-0.42043576066493554
-0.2414478783701284	-0.52110824142400469
-0.30620400875945591	-0.60722386467911871
-0.37288851191558881	-0.670908843420986
-0.44020764717685223	-0.70419325098154339
-0.49923137945865104	-0.70540854070176218
-0.54233125907999769	-0.66569399181654954
-0.56430878916839378	-0.5986561999760347
-0.55570937339970705	-0.50727865055195143
-0.5216728604478521	-0.41456995361439297
-0.45978609645157553	-0.34061751340136776
-0.38325349269224906	-0.29716843278086408
-0.30104059548170675	-0.30753860880012418
-0.22345084586730812	-0.35710906315939472
-0.16423735981349824	-0.45001207512141955
-0.12201665888085508	-0.55330976904594942
-0.1033680638154163	-0.64330125595401388
-0.098156293025247976	-0.69640785512452064
-0.10087479620645252	-0.67822270732028644
-0.10421670024095868	-0.5975294591106145
-0.097619333740887174	-0.43953367742142679
-0.085343541211764448	-0.24056274194568425
-0.064380610344240793	-0.020352882835828767
-0.045976540195065405	0.18611688436066068
-0.038625801901488288	0.33922210687693849
-0.047574266912657336	0.43316286621866257
-0.083464126400862496	0.44065639455177108
-0.13860089233392761	0.38652678712857752
-0.21323838561117961	0.27604382030155006
-0.2941738706103994	0.14058768293616269
-0.37014201991536955	0.0092111693254988605
-0.43558442980741241	-0.10583376046080178
-0.47928758120695153	-0.17871185448014823
-0.50695149278046636	-0.22112019405831104
-0.51802105345783822	-0.22963536636594939
-0.52004813336928513	-0.22378360192580649
-0.52110401335817003	-0.21922728656802809
-0.51907535021494056	-0.22413454154106538
-0.5177032368285841	-0.25457927333315888
-0.50749564574684447	-0.30250651205508661
-0.48090827460764995	-0.37018088001382382
-0.43583904102943533	-0.44271750710901953
-0.36271924593284482	-0.50924640839231861
-0.27640443704917861	-0.55998755071470796
-0.1810726427681297	-0.5814571888297867
-0.099187722035163586	-0.57389647408136379
-0.052225368264895093	-0.53025148880110073
-0.047328106439569105	-0.45892369477903944
-0.10580491170376517	-0.36172788908566084
-0.20663212698509401	-0.25137014821131026
-0.34813800388955984	-0.1369766602509723
-0.49357579152656167	-0.031101887461210828
-0.61319249769428952	0.052521301023719984
-0.68433509793237368	0.10830193774190626
-0.67037080251317627	0.12381944435706216
-0.58348591503669245	0.10582978435804935
-0.41053261064372432	0.051429967068158854
-0.19088048498421359	-0.022823723352183398
0.052673795336348112	-0.10568047250602212
0.28355926804380827	-0.18412686177965434
0.4600431835473629	-0.24047972510110902
0.57481423719147484	-0.27749749044823507
0.59845440774912206	-0.28679919550858296
0.55555109534395497	-0.28411984508107707
0.44897540738978869	-0.27904027140109006
0.31445820078910791	-0.28164202984682785
0.18176139224200624	-0.30925315130113207
0.071662909769472358	-0.34971504148546789
0.01689055880725035	-0.40589909841039434
0.01135662381116761	-0.45004337609147166
0.068380662639833445	-0.46005581434776727
0.16246866052064621	-0.42179815377931784
0.28116378388969127	-0.30607449064344072
0.39867404697951703	-0.13596569778736184
0.48811830098346082	0.091898713272299204
0.54030720145524147	0.32736056228640659
0.53283232845196837	0.53312248080037017
0.47846975965680627	0.67397252191393342
0.37401715891923265	0.69683922364510942
0.24500134779741697	0.61800376278449864
0.10919149207413642	0.41548048478790117
-0.01334177707495394	0.15099842167773295
-0.096391161926256089	-0.14044183788669581
-0.14059749634082153	-0.40064061836026799
-0.13051590732093427	-0.56134970434728138
-0.08819621771929885	-0.61771412674018078
-0.021900564542410118	-0.52435798754797558
0.042452867668818797	-0.33459585802526909
0.078547058057367017	-0.064464657887573801
0.079316378565062892	0.21957855623883021
0.022042670054837146	0.45369607765999703
-0.072633495093638339	0.61399293686341172
-0.20287022772394186	0.64343714681332631
-0.33498963730339221	0.57760205338549298
-0.44120688104849837	0.4125951323872501
-0.50200092655526785	0.20978200698809127
-0.48431212965621318	0.017713942372459317
-0.40097148285832762	-0.12905851169715449
-0.24101624299287203	-0.17379959147717591
-0.042767972919556238	-0.1345136737264111
0.17157185168935513	0.0068743794297958655
0.36460571244026557	0.19886178783463243
0.49485761122741295	0.41011507292693422
0.55236151151502966	0.59820146779441252
0.50510026566598032	0.71142998369919641
0.3777512088786058	0.74624180755686764
0.16952122709217823	0.67079056312697227
-0.075195479553232303	0.51824795113974687
-0.32492437770182081	0.29661356900442576
-0.54169958106151983	0.049557350443562319
-0.6799527092032901	-0.18532326501716073
-0.73101671118224243	-0.38181119737789682
-0.66180240731255136	-0.49987284427187645
-0.50000780338798601	-0.54336033327418576
-0.24518480978240834	-0.49333642552448859
0.051317466930287464	-0.37813561796228368
0.35332807620086515	-0.20796121835980672
0.61576063958148952	-0.018269555358510044
0.78414009201580048	0.15971833854741885
0.85046154278013675	0.30309326714395013
0.77532413568439373	0.37781516187656894
0.59844070207154088	0.38605560727254262
0.3253751169211142	0.31006706665768724
0.019173393133308868	0.17556683508184179
-0.26862263502512779	-0.0088067611804746176
-0.49793655667431702	-0.20956435247748617
-0.60614319710250453	-0.39714484169940389
-0.60934701353856868	-0.5511250849457483
-0.48218497130939314	-0.63959395222150817
-0.28643437140920663	-0.66745430470049005
-0.056816243982990594	-0.62066741957831373
0.15086363309462941	-0.5241469187945289
0.2694133831684829	-0.38950922526906401
0.29827027243522292	-0.24260721325640242
0.19549833481228557	-0.11037661236328999
0.018025390482151293	-0.0011852794528674864
-0.21276007849106729	0.063354300201844557
-0.43217602383483084	0.096040282223739601
-0.57300945868621911	0.09547137707119005
-0.62146471675226211	0.082633434964738586
-0.52426435971670138	0.074475501231224123
-0.33264071678648133	0.081706701010130542
-0.05580594330854733	0.12385864079577126
0.23345687745336222	0.1914129218504966
0.46999247632076507	0.28935144065658175
0.62170525569094715	0.39370491804856539
0.62361494664704131	0.48891346141950276
0.50922029395302382	0.55473080757611914
0.26766935038864642	0.5654913615032624
-0.032966077010284131	0.52189322605961952
-0.34357218170691589	0.40756959992234398
-0.61812690942463233	0.24804960062088494
-0.79167701401178947	0.051488249722067454
-0.87190226455661768	-0.14635896620908245
-0.82980483632331214	-0.31415095865087383
-0.71046426463233603	-0.43048951190647633
-0.53564813496446839	-0.45991676842390894
-0.3462944721029555	-0.41327056524693301
-0.18796748077695966	-0.27660061364391486
-0.068556206629511229	-0.088813433389058838
-0.018197334396613429	0.129416465332678
-0.015712151528509861	0.33734334248518794
-0.058660027331231102	0.49152897676716323
-0.12096340097341947	0.57937630178924693
-0.1796794626881342	0.56531912782343263
-0.22296332858815487	0.47482660358436146
-0.22978595520694264	0.30687392820177989
-0.20475701151551182	0.10537676070236722
-0.141437542676878	-0.09549565934293297
-0.05194437664849829	-0.26752887443716694
0.057595953163640967	-0.36842910799794182
0.17565151794211203	-0.40626507771063164
0.29106571643597851	-0.36349529553616583
0.39658603253978014	-0.27465660206548548
0.48136870240144464	-0.15822722329310557
0.54503086800987133	-0.044841514969234351
0.58129528386283769	0.029797931212106877
0.59700134858163789	0.062417597087842364
0.59377702773039898	0.030661647189067456
0.58097937497840024	-0.043925558260752437
0.56765737858267951	-0.15542508572872751
0.55636320034408904	-0.27931649061203562
0.55591763577807651	-0.39195662823213195
0.55656377199789431	-0.48479466528329462
0.55653707789830209	-0.53913242499129888
0.54068120365022454	-0.56176879308310756
0.49466367906867015	-0.5504161739351392
0.41424833411614786	-0.51363583482480257
0.28506838084735459	-0.45887664339794104
0.1231832028007353	-0.38718820292566986
-0.069009802522341276	-0.30224960625890618
-0.26489146495594923	-0.20362125230408776
-0.44192137982009616	-0.088989981875057939
-0.58546585315561273	0.032344437899482603
-0.66988883949099587	0.15811723134301731
-0.70565698868325477	0.26953658328515057
-0.68606958783001282	0.35133018367179214
-0.63699267973792661	0.39067474147750952
-0.57652533957294061	0.36652706575540056
-0.52126775735481445	0.28827454621578341
-0.49641015690781676	0.14868741086236903
-0.4942815119843646	-0.023426046131922919
-0.52309431108616644	-0.21039614234478676
-0.56038823378961666	-0.38603681452066968
-0.59106621030353057	-0.51906601979725642
-0.60125097723235399	-0.60710201457252877
-0.56915740149522531	-0.63053115220220002
-0.50341202235688165	-0.60976709895076087
-0.39823948080726213	-0.55161669884440301
-0.27506033858989892	-0.47728677195373848
-0.14910104618664746	-0.41003937501537197
-0.033168578372476581	-0.35051564205751762
0.052898410690824474	-0.31318086218522628
0.11496850868186138	-0.27982462690459259
0.14748826292217887	-0.24163718981542329
0.16488514032117058	-0.18488185374163316
0.17806698932694348	-0.089220186228110218
0.19203921264490234	0.034352353288258024
0.21848426299570051	0.19177540208409116
0.24827883878169943	0.35258210247397964
0.27987548795109363	0.49564725925487901
0.3022291145870375	0.5988855222563132
0.30303255578268584	0.6299459440746733
0.2845245604562322	0.59850012120631302
0.24000757695671115	0.49138526439555036
0.18398334408475522	0.34475358349488305
0.12510451130065739	0.17947918560995826
0.074220794974470747	0.028233589725645408
0.04709055310826165	-0.06985164374469266
0.037640510266283289	-0.11328253198088895
0.051087765701152955	-0.077634547504058904
0.069319553349844618	0.0074322361230074159
0.079217160006587531	0.13179554082817849
0.071015526352233044	0.26126650761836323
0.026597224046608373	0.36186745140495902
-0.042099353052984706	0.42284257240236905
-0.137831286916684	0.41583989292982437
-0.23462957840234355	0.35967026158423954
-0.31274887524277034	0.25360513331966217
-0.35627531878324326	0.12791071138392385
-0.33899883263886166	0.0065894350903071639
-0.27206271773297208	-0.092295948803493372
-0.14752458374309876	-0.14114679534199381
0.0035685719781920703	-0.14456835980527996
0.16120603818125651	-0.091118007714902832
0.30022134687980301	-0.0013407633909827521
0.38798430300719106	0.11531461041136505
0.42687537655482349	0.23700196347557434
0.39934349555851201	0.34274012829259171
0.33255309081839018	0.42048539398476348
0.23856808800954291	0.45014934386884825
0.14513893054292767	0.43488492785255572
0.082572350212740189	0.36520386781778813
0.055263407544350364	0.25894143115872631
0.085325355684028992	0.12267726518878466
0.14991034856326885	-0.019310047967834837
0.24373199918729768	-0.14525409639297468
0.33621918348118135	-0.2410387221550872
0.39917751678988317	-0.28201743735964924
0.42019039385893875	-0.27801481997743016
0.37214502608529115	-0.2205988381997131
0.27093557885968095	-0.13989283347043355
0.11268537967766054	-0.054697827199919738
-0.070405846378262527	0.0094512523197235552
-0.25563661107819319	0.018459956516487554
-0.41838887636874178	-0.020794175180243853
-0.52680976080911912	-0.12592590383156171
-0.57990230633162843	-0.25755277653804998
-0.55925909277116126	-0.39484632645514056
-0.48525862497916333	-0.49975935647938013
-0.36376957846149338	-0.52605993630476378
-0.2199140210898034	-0.47747379869437734
-0.076292932890215562	-0.32556168557790832
0.053661747094821501	-0.12058663914954752
0.1481209744050104	0.11455394185298309
0.20967508526777515	0.32620238513059013
0.22986596979530222	0.454310629966034
0.22000992187300689	0.49515244287603144
0.1852386453960187	0.4065557725473708
0.13564780044738131	0.24381001175259756
0.081713686240122804	0.026567903789765673
0.027426089279419433	-0.18043265423086086
-0.019758086962059308	-0.30940467767484647
-0.05976389417376498	-0.34984268581665168
-0.089880196660553219	-0.24955328723128153
-0.11055865310354232	-0.065813229382666941
-0.12096765559018845	0.18565603705982966
-0.12224586820633372	0.4323820131374978
-0.11416507418346575	0.60252266807927912
-0.099994308172104154	0.67846514665285473
-0.081363391482633093	0.60061832544910665
-0.062961747366946541	0.42307497822737411
-0.049362070117615002	0.15600855429917981
-0.042544367922993098	-0.12841409640114443
-0.047284248367924615	-0.36130815258598553
-0.059767607555512567	-0.5226540790036649
-0.08013723331024418	-0.55342414045517263
-0.10129805805281056	-0.50175811549488991
-0.11734875505796943	-0.37523885527555551
-0.12485088958800834	-0.23650940680308707
-0.1172623520535598	-0.14738976552211605
-0.09799284028434653	-0.11793193726923945
-0.065947615721046196	-0.19667896912586724
-0.028097877941426729	-0.32997773280219239
0.009835570971869094	-0.50076690109765243
0.045196277092788339	-0.64781411782592369
0.072153588014547437	-0.70547369029430651
0.094509297096695546	-0.66992430082136556
0.11276219383028749	-0.49480702157943746
0.13099063741402267	-0.24208899031450584
0.15473792261984659	0.06537205775574749
0.1801080322190759	0.35660684287407879
0.20907055258463059	0.5580342860712475
0.22957196768364604	0.654632049765562
0.23326741005655607	0.58936651999784728
0.21100052035638561	0.41469044693131274
0.1488016836177507	0.14052302471641204
0.052765799236311459	-0.16256869256776252
-0.082989388089604904	-0.43051519643626995
-0.23650202923338354	-0.6339046559562026
-0.39591823221662226	-0.71252348060091419
-0.53679638089635595	-0.69470744066667967
-0.63388942823240113	-0.57131608358618002
-0.67775977493801098	-0.39456448742355138
-0.64615166671982316	-0.20330058863114292
-0.55227252155749951	-0.028485359476996031
-0.39267286997836104	0.083332732493012651
-0.19506762004606756	0.1400682366600397
0.022747942927814208	0.12394934154211974
0.23446442015968413	0.065486662182741948
0.41166382017510689	-0.019612310019170333
0.54287663573502143	-0.1047100156118852
0.60463250333453955	-0.1604004257393796
0.60451600029670816	-0.17928145721560368
0.53469463174858067	-0.14014219824133051
0.41794925077325001	-0.055003105800067752
0.26514730030322631	0.079451013016387517
0.10419651591731044	0.23842412033213056
-0.039487718951294076	0.40709047844720392
-0.14756090493328533	0.55885437974196861
-0.19166023337424659	0.66645027297592851
-0.17642524869631895	0.7170619513116977
-0.087348964917294686	0.68387086813525622
0.046491835404196401	0.58161849153601053
0.21326870561304112	0.40308620350132962
0.37574362398089733	0.18733571572330607
0.49841141390385418	-0.041716828261302775
0.56424509335350415	-0.24585334199912251
0.53765597753266647	-0.38090243038182919
0.43882399814374901	-0.44080787583751435
0.26059029945067358	-0.39367901604417327
0.049382558971719059	-0.27284779014377064
-0.16310195687210544	-0.085766080829838637
-0.33983087052506872	0.12181660487433038
-0.4323774890298267	0.30827408551457103
-0.44322749217020863	0.45378450168997037
-0.34540086742427412	0.51798867027541307
-0.17886799875198811	0.52087238098934163
0.039754837563388129	0.45730454979232771
0.26738533101368328	0.3622766148328681
0.45885402407510184	0.26455879871077581
0.60380608151125492	0.1776836640326746
0.6680765292333547	0.13105870646762344
0.6779263262748032	0.10582934942812988
0.6371223081756735	0.10155499177030913
0.57898187132716317	0.092401202832397278
0.53617731301992655	0.052394412273215327
0.51441076609566672	-0.018488562012876249
0.53915671786228114	-0.13892674914028003
0.58377040221184107	-0.27892617842388595
0.64043687464527121	-0.42470404924386496
0.67814115764390925	-0.54630588051877704
0.66380735553146286	-0.6084245273777561
0.59580327828174817	-0.6133351805692514
0.45027099161839734	-0.53966540799273943
0.26081183261567048	-0.42305093332427302
0.038893214475402345	-0.27986992352122481
-0.17294102546149898	-0.14652261663910973
-0.33397060075158713	-0.06387190194088585
-0.42725744550064204	-0.034907992761597111
-0.41513746632455067	-0.087371253783527572
-0.31906845924954552	-0.18787412022791514
-0.13348319828460048	-0.32573879170883724
0.098207343902621411	-0.46057633973005924
0.34630838145541587	-0.55302375935218839
0.57523857993193273	-0.58932547951877678
0.74210958859411136	-0.53500055429434323
0.83914767047387828	-0.41286210337659524
0.83750119471338136	-0.22082809394165967
0.75751549224389547	0.00089696238120196806
0.59877475670716784	0.2226665852876919
0.39471076911393016	0.41488871362679197
0.16914641633694702	0.53861138552446508
-0.049507425568133347	0.59226782284547064
-0.22781646340145631	0.55306985893203131
-0.35702806172287671	0.4457296974777209
-0.41247029551722469	0.27544334095854051
-0.40846674030971952	0.077971226369432226
-0.34180454118494391	-0.11832640619804478
-0.24042106444963829	-0.28605296355774068
-0.12404062111806076	-0.38935450079435457
-0.014089522152240692	-0.42524283300378074
0.060634124037914995	-0.37046828572247681
0.10252139878178107	-0.24996138271345167
0.096252593605663572	-0.067700392407268328
0.06616196950886169	0.13670759366227819
0.023530720018572173	0.33155894000416358
-0.0078016609225917315	0.48916501005951252
0.00032662966895917814	0.56961613709974301
0.046229858197493742	0.57787177614295016
0.1475481391545744	0.4938382325701649
0.2744657312619096	0.35276528856399775
0.41400237378306876	0.17046938266406275
0.53329173958403098	-0.014843148819619888
0.59660617963249007	-0.16334789237541814
0.59954939888687042	-0.26408264106855317
0.51546891840159037	-0.28474808103398142
0.37540564085636158	-0.24953111955086502
0.18806253031825823	-0.15952052657197757
-0.0061990763203878798	-0.051711400211442091
-0.16864044913024517	0.042484766622971404
-0.28569080315523887	0.10522838835943026
-0.32254248802855429	0.10303652919656145
-0.30416737005307976	0.051427746915216004
-0.23101598686912622	-0.056559109715620032
-0.14184467409761164	-0.18696784946172484
-0.070206846448869778	-0.31625565021034718
-0.032161804294964458	-0.42014355582808927
-0.061968725063918956	-0.46553249267804325
-0.13858139229818869	-0.45533999115798851
-0.26508900656742429	-0.37291725141293181
-0.40334449421806345	-0.24386419056428263
-0.52320856329317522	-0.078562951064491543
-0.60374706927251587	0.093981942934558291
-0.60995036895242738	0.24637046162369133
-0.55390566642622119	0.36340697952233403
-0.42558745218160859	0.41923732750256021
-0.25632422383173126	0.41843710669725137
-0.06643407700125413	0.35047996175172091
0.12107729185668126	0.23481759300074687
0.27660454479254476	0.079529765214246873
0.39962851067083721	-0.091794070267883943
0.4753427820402128	-0.25810561110936009
0.5170037298986806	-0.40370164552943494
0.52981517068202844	-0.50560798327786283
0.52312836062557433	-0.56458925742685562
0.50884848927004711	-0.56854775126671142
0.4845175731350036	-0.5330963238929245
0.45391813136778547	-0.46371769563355658
0.4102338456257662	-0.37870456608120334
0.34729611583081793	-0.29638168801072562
0.26694430633678579	-0.22213562220338931
0.16447942858408515	-0.17126164917189171
0.053347941234877093	-0.13235836249679911
-0.06002309480192218	-0.10420284557683131
-0.1592744748261628	-0.071554909470224679
-0.22829552587090218	-0.019019516136242347
-0.25991359182760232	0.05416170372947593
-0.23905302148808116	0.16045360662361857
-0.17331212718432812	0.28013176900993791
-0.059183872261464418	0.4058943421516788
0.085091347528087322	0.51293845814705175
0.24916013663266107	0.57637940911752972
0.41286853110486582	0.58916086625656983
0.55724035802765137	0.52957792224622879
0.66838884875832938	0.41669160474218253
0.72670231136409535	0.25201668528461268
0.7303793427982469	0.066487024902059627
0.66697148195770029	-0.11481622531931965
0.54880821107879674	-0.27282016401219272
0.37619969432566036	-0.37886716701612522
0.17275542481185954	-0.43663025162426583
-0.046300217002942359	-0.43481827906449844
-0.2555017289929068	-0.38966609337218272
-0.42909085424473975	-0.3098111255911003
-0.55272147666114413	-0.20675447592386953
-0.60136233063366085	-0.09458567150885247
-0.58131060778248123	0.025823137417399694
-0.4823005329391758	0.1488279455875513
-0.32898974086114896	0.27465479095559359
-0.13291565123427262	0.40491122019825632
0.076826865895285965	0.52980870187998819
0.27260035860178278	0.64590264901958572
0.43849515283807583	0.73576877493073456
0.54733515442747493	0.78389489138232993
0.60528217183288102	0.78110011602753937
0.60187170816594115	0.70904508419579215
0.55980658530372762	0.57969305462719789
0.49088389864063192	0.38897645644991186
0.41735633073634248	0.1666484138292251
0.36344050480396012	-0.068554820966183844
0.33504169427763969	-0.28765020311832218
0.35103696153430647	-0.45867048493275564
0.39672756295875017	-0.57183202277013023
0.47196556621291419	-0.60215164242109387
0.55197559984226285	-0.56326068790120687
0.61733883768393472	-0.45170635490681749
0.65183771152485015	-0.29375791418621139
0.63103222690296168	-0.10687651805222677
0.56017083640231258	0.085966282492445326
0.42814743975150454	0.25865900984886386
0.25958570105481477	0.40316029149294041
0.066111063811127829	0.50003530271203867
-0.12438791043477798	0.55735292247286139
-0.28398984331542543	0.57105456676912492
-0.40116774180002701	0.55808779980715317
-0.45085562605182483	0.52942252584342175
-0.44574907812125275	0.49893314072119221
-0.38071537773133612	0.48399697933399521
-0.28417345202754285	0.48507512878749931
-0.1749030396483158	0.51323449630530094
-0.076688985837755574	0.55403495642714673
-0.018665912987839019	0.60325838648346408
-0.003564228293380134	0.64130568532580812
-0.050533313165568139	0.65012270977685194
-0.13945086734725418	0.62085646325366894
-0.26609403653516883	0.5346002593137209
-0.40191386427886294	0.40346102435851594
-0.52270086106087832	0.22408725694664033
-0.61121377177897285	0.023947554164322933
-0.64025047656611134	-0.17896685254637507
-0.61548408019921563	-0.3595753676943641
-0.52541027505476978	-0.48845963235274936
-0.39435917846705076	-0.56064170538688574
-0.23423744965971008	-0.55521676284618127
-0.070811155341107226	-0.49054709425158211
0.069641911842205015	-0.36818159851614729
0.1767502704811551	-0.21765562351294729
0.22770787833408901	-0.061740073183333966
0.23354062525220118	0.077722821764477035
0.18985367614324311	0.1716618934653755
0.12010316359588899	0.21899304944869333
0.03970757339838777	0.20238528400015313
-0.031614989140233578	0.14150816898547264
-0.070085722672304715	0.040859727031772361
-0.072468229525506925	-0.071376399859433115
-0.022533745194009417	-0.17190648399114447
0.064519431169322003	-0.24156275982269532
0.18687385853298691	-0.25214075904813421
0.32061572703871993	-0.20745686226631702
0.44730170744751968	-0.092634358994897484
0.54870291687009354	0.064451945828469248
0.60085823047353848	0.25295906306304428
0.60252104484968405	0.43666825580042506
0.53889762549998288	0.58235593296846588
0.42666824086266203	0.67019366791765744
0.26913723978480114	0.66458432427562653
0.091638646541294361	0.57961044013881913
-0.085530652999327106	0.4036137950680983
-0.24395489477089513	0.17821952829784024
-0.3584218660165609	-0.072479749694088769
-0.42902402693983505	-0.30754467307729622
-0.44129835561311953	-0.48164872379371843
-0.41369908567289093	-0.58386074804850252
-0.35199024380319299	-0.57940676919144196
-0.27977942893372609	-0.49448873773053414
-0.21919481304458227	-0.32979513154789158
-0.18043870366863082	-0.12709239187096391
-0.18513166502966816	0.080410619160516422
-0.22114709903500535	0.2663526864012854
-0.29215490937675581	0.39183286143302665
-0.37238615492430871	0.46126148193516514
-0.44333046758579747	0.45797396475762858
-0.48688203193710261	0.4062941239705925
-0.47692391594520211	0.31784402169122011
-0.41897910134493699	0.21406433062847505
-0.30123339119721115	0.11864795300330873
-0.14958138949081456	0.036460262396920642
0.022401713666672766	-0.017211107939084452
0.18957187357071675	-0.049940034794970861
0.32345162598121363	-0.061818532526974911
0.42046603939729238	-0.060004555185575813
0.46103501155318144	-0.051568044905014362
0.46469659050347795	-0.036865051790242104
0.43673262046614164	-0.019443736601453664
0.40033161068531248	0.003202290492839337
0.37906680968084705	0.032781076862774601
0.3770658438435549	0.068139489132209505
0.41289874165080453	0.110788834050771
0.46681154536277547	0.15444383861128796
0.53382826221159441	0.19552111322478194
0.58818502575878828	0.22742631438630181
0.60503622432777404	0.24327500788987125
0.5766511008650077	0.24035407624958779
0.48052450276565462	0.21303321974625364
0.33613400500700408	0.16317955087377842
0.14418154664174129	0.088771898724155182
-0.061511117161155725	-0.0041551862160640963
-0.25500334395837265	-0.11343017545439465
-0.4119498565202333	-0.22948517391664189
-0.49911750789081716	-0.34581118756538198
-0.51722926480554354	-0.45105998479781734
-0.44788256376875929	-0.53388380769376242
-0.31522084851776166	-0.58777224116795557
-0.12632585860693407	-0.60083287524527162
0.086019856910634754	-0.57786393667511593
0.29439296084878219	-0.51457340696464826
0.47563407805234614	-0.42633961186548003
0.59829319337953635	-0.32243731060587705
0.65981888960407509	-0.21688518426303607
0.64086708813942228	-0.12668025460567919
0.56036575792457466	-0.052162258787496391
0.42085876683254259	-0.0036521145836386285
0.25215433947474608	0.031796698101554881
0.076991968910732081	0.059953961864199656
-0.080878282330870174	0.092028971427780548
-0.19097337467750555	0.14305399223286264
-0.2507527462014047	0.20732989472432078
-0.24087311267258957	0.2907517371663968
-0.1812596014251307	0.37356922154155492
-0.076217857442292938	0.44254392461301645
0.046736956453485134	0.48403528030275217
0.16360873471112394	0.47661154994343813
0.25953466053328178	0.43040782806617983
0.30938229319737987	0.33864693016839775
0.31996439892805001	0.23063395468382333
0.28353329576356245	0.1259638318845982
0.21863788754042252	0.046989881752912056
0.13765632570476963	0.024908851522389128
0.051353185465971493	0.052785389710867776
-0.023585218702478858	0.14532099636754922
-0.092545953146818252	0.26880186413196916
-0.15175828310102751	0.40562103246245185
-0.21200929742838157	0.52215946095183285
-0.28359385268179793	0.58095138527936152
-0.36421791102632944	0.57593001664412036
-0.46171210607397961	0.47963906052505423
-0.55599728003681415	0.31878126976182453
-0.63670306773010821	0.09753681340730011
-0.68253372495623621	-0.1439828516991962
-0.66851637960111454	-0.37334509276264061
-0.59531205022939204	-0.56333326859726707
-0.44604265756752159	-0.67570829999435733
-0.24835262301600902	-0.71110486822774455
-0.01241182234306356	-0.64874605007506847
0.22623418682797258	-0.514627579816192
0.43434799167336435	-0.31565422720112002
0.59483528202608082	-0.0883219625970664
0.67570936300167939	0.13763620785484582
0.68840997592865927	0.33502662172633901
0.62497450771323526	0.46737533263435688
0.5116233267378173	0.53279018630211228
0.36537335483398159	0.50824380234589406
0.20587231856044347	0.42066791270341775
0.057338578949116606	0.27598830910694999
-0.076922845588017541	0.11419543178912635
-0.18392913339242037	-0.030830348940303821
-0.26849533317184959	-0.13483303158041554
-0.33079386278000888	-0.15791683431892645
-0.37176979312052211	-0.11312072778015937
-0.39409137015521178	0.014359733511083723
-0.39276148656318605	0.18089008306852242
-0.36420113428093104	0.36107649322245172
-0.30682426149813474	0.51500149299834341
-0.21461192454639863	0.59488123080442279
-0.097283790936468509	0.59892102082272347
0.043248021334852234	0.49615082646006425
0.1895798073941343	0.32631284845031522
0.32804397962308268	0.10270473858971016
0.4455200682594912	-0.12630989290202324
0.52457929884104548	-0.31354044781215823
0.56447899784977529	-0.44217023832345814
0.55512012535842714	-0.47085355247642408
0.5071430061325366	-0.42598686448511613
0.42303991332746588	-0.30579172118732745
0.31715596184648087	-0.15344719275236082
0.20077259122859697	-0.0041615553462575044
0.085573100721927725	0.11993126218340512
-0.015083837603931899	0.1806305449071261
-0.094942902674411106	0.19092837490463485
-0.14271290333515313	0.14119210005056029
-0.16014277775592092	0.061095208030702605
-0.14151925800604651	-0.028713745203633852
-0.097937771232465998	-0.11079261657433292
-0.033043161745510322	-0.15853568847212141
0.036526089875672969	-0.1787851285391662
0.096384915404700539	-0.16323284559717013
0.13612823347294878	-0.13072389849825228
0.13800428749581847	-0.093589972779074701
0.10966803489485302	-0.063063097207711249
0.044965351086048114	-0.056029554895942281
-0.03242827449855238	-0.067858268349310524
-0.10783862225524693	-0.10437344302516986
-0.16041600728301283	-0.15109551317986711
-0.16346154325584342	-0.19995377946837262
-0.11984861484498877	-0.23754584815216948
-0.014147112704324838	-0.24939861989632978
0.12543136744003236	-0.23065351214505667
0.28595774318942052	-0.16913410464538328
0.43701458390760262	-0.072320811153891787
0.54564216769141571	0.062858394351413438
0.60653828594297554	0.21692261278776603
0.59501497367880918	0.37934592642666354
0.53626977815251997	0.52633541722730992
0.43677057518208456	0.63424570631871968
0.32801841409091131	0.69210825846295865
0.24132384262492371	0.67539429154650843
0.18372624133455318	0.60113916732513761
0.18068841540609021	0.46525925674341734
0.20825063867788121	0.30658275012142172
0.26061618070228848	0.15246650921085989
0.30875885952355531	0.033240890661397487
0.32221163709990142	-0.0084769675753628565
0.29950035124175983	0.017809452346476937
0.21857622679820179	0.13265538615235201
0.11069606461153256	0.28850181815525378
-0.011725721604526552	0.45959303829145903
-0.11421074561515261	0.60107436541654713
-0.15860162129636465	0.65862968813610656
-0.14352093460191545	0.63488758713638704
-0.042125343081097333	0.49633416711462036
0.10734475417668927	0.2970807446434478
0.29060930499542431	0.060746633516231489
0.46263061108567438	-0.1547060532319606
0.57727464559112862	-0.28537750076821639
0.62355034203639992	-0.3254615006927063
0.56358203560625697	-0.22921453366883229
0.431889494463921	-0.052548717673987742
0.23374636109185556	0.18660475538949423
0.019015347717101935	0.420046626633031
-0.16843344635070645	0.57950392503976877
-0.30534853987688287	0.64726659509218831
-0.34728547361526918	0.56676621322868326
-0.31395308229064584	0.38630491256466165
-0.19692861887004362	0.11233024942180908
-0.03616236938055388	-0.18616246938031408
0.13918388613498883	-0.44720405626147314
0.30516737675678313	-0.64326859718200546
0.42596698151870982	-0.71502538828058426
0.50805597051688778	-0.69591961144196723
0.53950482818851053	-0.58063665113824836
0.53970079054423403	-0.42612519574609214
0.52229193045825117	-0.27856331121361222
0.4925662217771446	-0.16494824929855503
0.46512201229923317	-0.13505644632955185
0.42567625304350104	-0.16672841454206178
0.36858090701742041	-0.26890688231116439
0.28252928605384608	-0.39806163754662954
0.14925037078622289	-0.521679181719098
-0.016010882179747617	-0.61565210252103653
-0.21685720729174157	-0.64135908000411956
-0.41501655075618071	-0.60982833856136454
-0.58302403874368425	-0.50974652492130379
-0.6920608658093359	-0.3695170521290661
-0.70018481414180345	-0.20719035154712742
-0.6193012470109549	-0.04251201495197781
-0.43053350111011734	0.099155508169767162
-0.18428543835758082	0.21661235958600827
0.092517210631301278	0.29734018244285343
0.34831671525439101	0.34993202311906563
0.52669597715262029	0.37656620284467984
0.61530736898142591	0.38396854021198829
0.57140800379379786	0.37907939775824334
0.42976656203800828	0.36343346487859945
0.19347790343431159	0.34120062518401018
-0.08517939678024794	0.31141565856433073
-0.36332997885254747	0.27553919616493039
-0.60966933661056832	0.23046356783022071
-0.77699359915181909	0.1749847689608918
-0.87012550091459473	0.10485243403347731
-0.86983246629297672	0.015108021832355538
-0.80107655451711235	-0.093327945165317339
-0.6757778538561382	-0.2259692372513106
-0.51382970158716756	-0.36847151733446948
-0.33718856124920743	-0.51652065079225995
-0.15158514232571327	-0.64553980051058935
0.030769428845593333	-0.73441782687477208
0.20735993928850424	-0.76844350276405349
0.37523814287313051	-0.7205159524687017
0.52349201272279289	-0.6066929821409639
0.64534528910482902	-0.4193496624797261
0.72544242445729912	-0.20243332413534004
0.74698645920308149	0.015352979215366512
0.70752536965505919	0.19590134595293532
0.59187021461717848	0.29004149958412928
0.42143478703912896	0.30225751105345722
0.20064289170403762	0.20412252235372191
-0.034724448084460117	0.045199043846804336
-0.2564304762041002	-0.15233124149640559
-0.43741858632764158	-0.33475270951013197
-0.54129657126660125	-0.44386680293667474
-0.56783447748244031	-0.4709406380809168
-0.49606585718906465	-0.37238201722867093
-0.35180798594065882	-0.19457032517944781
-0.14207859383706656	0.050928334734206833
0.097690130544782774	0.30326631582558489
0.338533174545529	0.50471371266985354
0.55403128031262106	0.63435119814884133
0.70997257916315459	0.64021772812583444
0.800769890928829	0.55770854823162663
0.80376517323625418	0.38602600479995952
0.7359591440177935	0.18178775158527546
0.59608592984239783	-0.0070892313585070692
0.41628726242691466	-0.1553005765960741
0.21788722892651896	-0.2134289019316041
0.032072889595178983	-0.20589627159270113
-0.10622588106979279	-0.12548368733046322
-0.18691343864325408	-0.017696954378586802
-0.18094901168646682	0.081384651228260635
-0.11023810674290599	0.15070054014189446
0.027221044920157533	0.15030733128097631
0.18874738891284965	0.10077412381029968
0.34311202653653911	-0.0035417344589728714
0.45796025945022645	-0.12394837054728716
0.48830032080956315	-0.23015748930686569
0.44081451742596545	-0.30260100943121593
0.29201254115365988	-0.30690310699710954
0.087420470019867469	-0.25719871470697636
-0.15182273072663705	-0.14623237704933623
-0.37604603089628796	-0.0037994347426905796
-0.53287369287129538	0.14870319202419166
-0.6092808736875569	0.29333569717359292
-0.56299513852143546	0.40373702431297709
-0.4293835253337443	0.48377400419803113
-0.21169619631430167	0.52432249292180855
0.035988656047544337	0.53799435807967333
0.26822550039460347	0.53305022151040715
0.45586619114058402	0.51341967657681076
0.549669927705705	0.48795690318365204
0.5644691437132443	0.45014876354381095
0.4859576505111784	0.39768972492808136
0.35231051434563032	0.32681115206748823
0.1888290962436846	0.22948605470835493
0.019828323210433874	0.11618396507557943
-0.12007987132733505	-0.012170823792519735
-0.23648514560762027	-0.13496958458988106
-0.31733051432866749	-0.23573668195033012
-0.38094397468294716	-0.30114854701588722
-0.44049996746402043	-0.30986119775633814
-0.49940217656686142	-0.26946023832221166
-0.57148581323807812	-0.17215546623379693
-0.63863073621632982	-0.042730319351598177
-0.69338746661219675	0.10455903026282892
-0.71757922855652356	0.24592098769234955
-0.68832684207451322	0.3546596872050396
-0.61228804059367015	0.42523176918371158
-0.47790940093775547	0.43838771048594039
-0.31694521294320366	0.40855013595551509
-0.14737041196036532	0.33704832680302726
0.0010303617287468259	0.24391279078564465
0.092535299167008825	0.1465595968142078
0.12698097102940398	0.054161342638290561
0.082160878614684241	-0.016047653239946426
-0.011517578905580183	-0.070836484167422956
-0.14259742794387598	-0.10715520905583117
-0.27643389044928035	-0.13722661270869338
-0.37784188989827772	-0.17150271456639118
-0.43698534812113299	-0.21224586963003891
-0.42558971112433774	-0.26929175404443267
-0.36378532985569628	-0.33037242381890902
-0.25218516143025682	-0.39195683376186014
-0.121066833352779	-0.43766996362091531
0.004380963448612973	-0.45113475153549393
0.10827846212896512	-0.42882627713861748
0.16404363494682517	-0.35656616751388509
0.17859457366356382	-0.24993771844898338
0.1438227634223273	-0.11184670198042945
0.078225996336336853	0.033852683554669513
-0.0067779415412169558	0.16688719768513624
-0.098057546887095906	0.27360819477666398
-0.17886949334218918	0.33181589344714874
-0.24863146396092395	0.34689046046880512
-0.29867525555547436	0.31138195466959767
-0.33651520049348843	0.24158091850017302
-0.36476517291157468	0.14747924347195057
-0.38945834431502613	0.040522941230576176
-0.41799161824306474	-0.064545981788916865
-0.44888767273051239	-0.16762361844327159
-0.48607180892566798	-0.2630443121302567
-0.52073306102732242	-0.35275130479176192
-0.54896455020680623	-0.43932919361933181
-0.55997931669479983	-0.51518825626177134
-0.54332977367566138	-0.57864251768164721
-0.4940909234596898	-0.61456533312921824
-0.40116049502786127	-0.60892648961194218
-0.27262272155250161	-0.55675071682078903
-0.10586582297311059	-0.44184351051617854
0.078124432030858157	-0.28383235949721836
0.26722294948902581	-0.084884067979296374
0.43745948533466816	0.11881381452600849
0.56467986532135961	0.29860463229957562
0.63731078601782565	0.42972889974864226
0.63226154596798712	0.47427925163978596
0.55993016499983228	0.44304267117586527
0.4135394034053928	0.32048243711094743
0.2215243383364606	0.14766229755798327
0.00017581788236702145	-0.052728228750591244
-0.22085071047747459	-0.24110317491916453
-0.41084587216249052	-0.37237917099310314
-0.55668060038683054	-0.44035890741703659
-0.63158910090840537	-0.41394846466789487
-0.64577218151535765	-0.32275430269414301
-0.59186500524837904	-0.17335633529864675
-0.4957987121077318	-0.0037402813951346908
-0.37241241698725525	0.15071291852812052
-0.24761735824690947	0.27560901539188509
-0.14848440892953252	0.33913585413158048
-0.086373779880331	0.35816621221496864
-0.085005971869781136	0.32949230852377093
-0.134370988164912	0.28154366375153012
-0.24157825612482081	0.23734091737125113
-0.37899000424377921	0.20990293192626788
-0.5316447910203046	0.22379086198469395
-0.66862305380075704	0.26739847094519587
-0.75857530266441897	0.34499629166869367
-0.78782987791104087	0.4335151703365403
-0.72640432293630652	0.51592076920857355
-0.59188153853169756	0.57837917291025931
-0.37775887377470829	0.59979331003504177
-0.12631052720298291	0.58491831093882385
0.1350957856419655	0.52579171305164918
0.36824326669424906	0.43946922374454056
0.5270121135006488	0.33504939599233974
0.60774362368164447	0.22844123041363323
0.57960148907038478	0.13668570959560872
0.4779987245756438	0.065485440607304338
0.31307521306407815	0.028111540199781591
0.12981404249518963	0.018899461914157756
-0.028360721167247471	0.040572959602903372
-0.14663212906939391	0.081238249083020131
-0.18656070733686667	0.13353451807445801
-0.17558996506752275	0.1865866047208426
-0.1151090522369386	0.22798939590570991
-0.04484157233757332	0.25497193312927852
-0.0022971418897109724	0.2579293264682268
0.0044931282145467795	0.24495825707671165
-0.056954693514747121	0.21649438125972842
-0.15079176180434054	0.18591588364143927
-0.26666624295932079	0.16439451357222007
-0.36057103373461658	0.15898523317842433
-0.38588325728115702	0.18322490882686024
-0.34009840071602843	0.22883957714653913
-0.1884475642439753	0.29877835068104702
0.01889896824704666	0.37290886805346857
0.26255889831785151	0.43773580078621327
0.48493716941738546	0.47629716272489286
0.62408407771040175	0.46678406973504993
0.67368126661029404	0.41024188727930089
0.58787384454197189	0.29363414955820755
0.42332171263564106	0.13739746622347557
0.19894340761491389	-0.051083908004606472
-0.017891868875519971	-0.24568937413122602
-0.15694500469742073	-0.42255754186364908
-0.20790719460782631	-0.56752653037535106
-0.11684058825799093	-0.65688881874616545
0.055606791172974228	-0.69541993696428317
0.29142034093589975	-0.67446964034158274
0.5166376500897063	-0.61060773198683505
0.65568353575889382	-0.5121261814926148
0.69538171099755453	-0.39520824471939003
0.57617028279258808	-0.27613839344019586
0.36163088647007235	-0.16290494950990658
0.068783352443270218	-0.069056198752569367
-0.22224879756247398	0.0058032789662995016
-0.43194182840850015	0.055916118247305843
-0.54147654992149252	0.086192389868036082
-0.48557800563501186	0.09748756717656841
-0.32408975928976824	0.096208077062033409
-0.069110796200045038	0.08770141638817211
0.20140010482131776	0.075999848579231449
0.4118306136136633	0.067344861152830976
0.54304239890615913	0.060456278692593797
0.53211124573403157	0.058138433511377909
0.43478247501844774	0.054379289939098338
0.26246495972347317	0.045061630368644426
0.085243828755640863	0.027305332923951226
-0.026398311185696258	-0.0058525232816472109
-0.062245020514931838	-0.046280758823458452
0.031718096042184639	-0.09357220061143938
0.19457977811907365	-0.131517750528308
0.40651959159431411	-0.146365952809725
0.59827945300668139	-0.13033670730681929
0.69560625026000378	-0.065676080381072074
0.69366463513770127	0.031445883262912547
0.54029559134020289	0.16230097929197831
0.3032170110203114	0.29231762023030056
0.0075227755224277978	0.39524954567500786
-0.27107409902781421	0.44739257007408406
-0.45195477534294287	0.41100853134429421
-0.52474283556407098	0.30195309867642295
-0.43069553803902605	0.10625801206383055
-0.23429301686019194	-0.12434310298444566
0.045196629710514663	-0.35807656711915342
0.33088003583386466	-0.54903080186757758
0.54527693109048936	-0.63948560008076549
0.67087993095889109	-0.63309316843817809
0.64638205594765707	-0.49537879605879237
0.52570182054716341	-0.28300302847510761
0.31894488747477223	-0.020280264350889581
0.096242832558112557	0.23022576658868485
-0.075694588563474066	0.40172516836123578
-0.17649625260776336	0.48258204107460656
-0.14878077373593676	0.42174827953348398
-0.03686918397843568	0.27067060366495838
0.15521792919360644	0.040679668068705842
0.36396061794108425	-0.19892443646834435
0.53270690147968769	-0.38334686436000742
0.63683229117389728	-0.48774122540437392
0.6221373089473925	-0.45231531632753585
0.5206949423382673	-0.31711173075930471
0.3278171695460439	-0.080215568674683796
0.099587540510118283	0.19229289223580937
-0.12053120257059234	0.44609341870610819
-0.29936465827512954	0.6478207774878566
-0.38575143000925183	0.73847371948416929
-0.3901897610938912	0.74064005897456753
-0.29347027587582902	0.64120992966293799
-0.13355443468327594	0.48827512417929891
0.069499727493649091	0.31705214692486278
0.28119131029388966	0.15305699628993266
0.4645520536468547	0.038275770775052856
0.60692600169102939	-0.041485325549287987
0.68072676423868217	-0.07718448044719628
0.69377738419787238	-0.09654241991434255
0.63897481874382611	-0.1229835709667184
0.53351093488731238	-0.16035501830746701
0.38605611393727285	-0.22889636267960448
0.21507177017441612	-0.30285448297950374
0.036944126537480818	-0.37172187372619209
-0.13343086163868229	-0.4100012887947232
-0.27786727027126362	-0.38611413122817728
-0.38984878266540118	-0.30779694804150198
-0.45509920031520135	-0.15887053857738162
-0.47871224457094946	0.020496451104314566
-0.45636804146002247	0.20828386880157868
-0.40203117844525282	0.36622543359814247
-0.32385618861919974	0.44919562347910058
-0.23495336112005991	0.45575200953835604
-0.14961078495235025	0.35685551019344636
-0.072449593609668447	0.19017056145856348
-0.013775345617990075	-0.031536705673663547
0.029177145115301957	-0.26261045772100788
0.055092589768921008	-0.45924801428518031
0.065906854558602762	-0.60312378512173892
0.064228043320908187	-0.65537411297379433
0.046724154372074909	-0.63381051848039915
0.011664238584991198	-0.53185011003580984
-0.043146757873734003	-0.38381246711752504
-0.12328248654751502	-0.21405853231047309
-0.22033810343339377	-0.045881324686620754
-0.33402373533797364	0.089561284612530628
-0.44556812137598484	0.19150290921065621
-0.5413878473930096	0.24426234443665271
-0.60562950000309523	0.261426174033354
-0.61708096367195164	0.24736320394799852
-0.57823493069017384	0.21404556289626911
-0.47674924358675541	0.17436226541755501
-0.335916336112211	0.12993145998797542
-0.16533150300433011	0.088544785263358183
0.0062559961697185775	0.044570785243967057
0.15164271167966273	-0.0037356820917727809
0.25659591927702385	-0.060241920022517721
0.29485474250657617	-0.13046525438118767
0.27530018825828895	-0.21120075952656692
0.19000312028801039	-0.30410996755112224
0.063133091542878245	-0.4001108310867264
-0.091765910536358436	-0.49357917461377865
-0.25074632567468524	-0.57580291467916644
-0.38927952988774356	-0.63717504596714658
-0.49556472686281688	-0.67475615854601023
-0.54857496082838231	-0.6812496515298373
-0.5514600861765	-0.66012009246551839
-0.49548506121971375	-0.61011007349272739
-0.3952776184250496	-0.53808891994719443
-0.25592796746103108	-0.44834873820692178
-0.097313635035710166	-0.34736377728476564
0.064483756402694811	-0.24125800536640282
0.21298628440615927	-0.13537437131137303
0.32791968741139027	-0.035308707338497114
0.40459136031597448	0.053573668444391841
0.42806297152935613	0.12541578181134291
0.40879743895266873	0.17609676889788869
0.34605095208785019	0.19861433443683751
0.25850536454193118	0.1957557984104113
0.15997608663441079	0.1633208716815322
0.064318637729821757	0.11527008634090753
-0.0099713670506579276	0.057753204730758297
-0.062998804657464838	0.010002246959465534
-0.084991024008363392	-0.0093002336192001111
-0.087084994080192157	0.0076439256008137575
-0.07381177800614451	0.080754260240008105
-0.055216442234920456	0.19234920460880786
-0.042535097094280029	0.34341829965955573
-0.036725674080236512	0.49786776108699932
-0.043908174158090847	0.62862318733042932
-0.059832499247740041	0.70961597110855923
-0.082238268365743161	0.70197156765134749
-0.11127633118741509	0.61703338786434991
-0.14439643741179373	0.43748196755061691
-0.18744150598426881	0.21043138724762139
-0.24491220773212752	-0.038319002755224381
-0.31828503670871561	-0.26214447591068868
-0.4151188256394015	-0.407724492015406
-0.52166722933540455	-0.46934714174836556
-0.63460499879807641	-0.40959231890772307
-0.73022767818238898	-0.27026407393261426
-0.78810700031923553	-0.063150916212277614
-0.79508915018220438	0.15912063730543929
-0.72616993324495571	0.34540522446021565
-0.59647222083816709	0.47947087150023249
-0.40011333869909466	0.5176525829933073
-0.17510572908166319	0.49110406182021032
0.053653049278472226	0.40201924525607247
0.25270102008924689	0.29361243468562925
0.38106072874402713	0.2069832293385977
0.43638105145086475	0.15066967295516404
0.39268996947650736	0.15850833738041356
0.2798727130382338	0.19570323752936572
0.1069269032220921	0.25165182235496802
-0.089456651311477536	0.2876103615885211
-0.27467185960797785	0.25985592478678993
-0.43346694746353204	0.17272356142632866
-0.53465970777414762	-0.0013264852905571223
-0.59143534828567457	-0.21039272698435721
-0.59892333432391598	-0.42894788732330213
-0.58010868604502108	-0.60540908696186402
-0.55353358095794492	-0.67907889712076619
-0.52765601233007375	-0.65177368976948657
-0.52135493100065278	-0.48488916044178354
-0.52190964176306021	-0.23898990966554029
-0.52906003923972	0.06080819196627938
-0.5243033047827389	0.34676325911515915
-0.49021509140829284	0.54748479524597948
-0.42329987874659736	0.64880276335558629
-0.30802856711381355	0.59569135557696362
-0.16307754746828093	0.43932738796657922
0.0072962124738204653	0.18914145173697566
0.17536354266985124	-0.084653586447085177
0.31759884689163109	-0.31812664439479438
0.41713443597960276	-0.48300177747175027
0.44723797093734979	-0.51898213400898607
0.41397780504726861	-0.45819935291938846
0.30628120205239939	-0.29357693548308295
0.14883909157439382	-0.082442442929386753
-0.047040239324391039	0.13037964689669523
-0.25228159922303089	0.31445658256209974
-0.44009617052963806	0.41914195715424885
-0.59231654469474559	0.46025225926668173
-0.68174168306969818	0.42434380161222079
-0.70868365836017311	0.34855070492043921
-0.65885967581770644	0.25910410341950862
-0.54885329915606662	0.17526926932645598
-0.38250286021698576	0.12918656591844738
-0.18376125986810768	0.10846185424323755
0.028809097681419503	0.11951775078636363
0.23519839061437714	0.13804435251164426
0.41175435289393886	0.14445862964429104
0.5508419129697798	0.13100257888566241
0.63483494254797734	0.077631813896007568
0.67005434582249901	0.0016224540238655234
0.65203845931605287	-0.09484201735336853
0.59550885774849438	-0.18652807866201407
0.50867258690080353	-0.25082053609179128
0.40661157011231541	-0.27768092297510272
0.30426154717632858	-0.24526705103995777
0.21026811451193339	-0.16637489128925587
0.13822955929603742	-0.038450681320056204
0.088223549048487351	0.11429856692211141
0.067060196442096348	0.27494123672332166
0.068140453194872511	0.42420490479170181
0.089998964258595493	0.53926745180188129
0.12404476260476377	0.61384634914042813
0.1628160170810953	0.63218613133675217
0.20145996501071109	0.59988348963695715
0.232012087674804	0.51281713631687165
0.2563458220468765	0.3843855428167321
0.27166875369093552	0.22076796948585295
0.28401391811666038	0.039500761872827743
0.29760674469976062	-0.14561306385298478
0.31507763740615224	-0.31719425920456551
0.34263108425304672	-0.45636587491224151
0.37377026246226774	-0.55381799715461522
0.40823422052501279	-0.59212487194457597
0.43351983265037258	-0.57675707050959102
0.43899709286415917	-0.50105361684253624
0.41878569020740558	-0.38398339866007486
0.35962984593775515	-0.23486671913344492
0.27302595743118913	-0.075988355891796408
0.15790282626495428	0.071618527453131575
0.038707461092897494	0.19487878567786815
-0.066148599952117332	0.27331278876119702
-0.13963014372989449	0.30810082748461537
-0.15521274206994407	0.29002013422957923
-0.12295250193028481	0.22980025417499528
-0.032872904800934119	0.13085065592871634
0.081452601084593623	0.0059088015853603791
0.19958194509184257	-0.13461735014042439
0.29209751293361969	-0.28032982050087585
0.32150458979203095	-0.4202662837759476
0.29159240662472341	-0.54571182216784431
0.18097166712305704	-0.64643808021854066
0.027683238267998917	-0.71602304518867987
-0.15066078521250348	-0.74490741149226891
-0.3141633828680313	-0.73227470221119151
-0.41833976981545384	-0.67148090650158487
-0.45934114462495945	-0.5704493205546981
-0.40562856163653349	-0.43008535461815439
-0.29578766865765471	-0.26479865567896715
-0.14231714062597148	-0.084635354009333627
0.0080610495090399966	0.09640858999867527
0.10805806942161854	0.26341556454170667
0.14687582230297039	0.40910439358140932
0.085652018769705324	0.52121177934129559
-0.038709595780148348	0.59976647523242199
-0.21945137413379429	0.63961033912072562
-0.40499731111892684	0.64404075986507803
-0.54805917737194343	0.61341012901126202
-0.62901599825393784	0.55139529636448059
-0.60309692251437019	0.46000078064002398
-0.49846335062454022	0.3445959666534128
-0.31268669039782621	0.20794954522604861
-0.092766068557454534	0.05986811705557965
0.1225792097652886	-0.093263685496704149
0.31093827198120422	-0.23841126660032622
0.43114326992149948	-0.36364923163068869
0.50074582519367017	-0.45926534460886542
0.5127518701154149	-0.51175060331538558
0.49963062438733175	-0.52056991184728607
0.48831531902738379	-0.47763986469246783
0.48841985240117397	-0.39209638845886746
0.5261754590439508	-0.26580167396322835
0.57866336146474007	-0.11249352306703093
0.64154105842338305	0.057813707343130807
0.68531095570268108	0.23208749152585489
0.6795630140952551	0.39730921638553035
0.62269206733148719	0.54342278709819047
0.49213740882828877	0.65782332934857157
0.32035562031869275	0.73513856851495452
0.11925559206382233	0.76497956342300366
-0.072080308103681628	0.74979143941530502
-0.21432850642134754	0.68415664954607402
-0.29630373041754476	0.58127426950608552
-0.28560561445910654	0.44593924871733698
-0.20655586426816985	0.29794641904037583
-0.060303468259936613	0.15406117586128257
0.11603378727795581	0.028166778025455044
0.29179547543912887	-0.059042027552130713
0.4464605296646042	-0.11123430969412865
0.54748392075689101	-0.11879697228507122
0.60027710972514858	-0.10088176322434682
0.59366978473514942	-0.067732141739902926
0.54486223511956278	-0.036459877730594774
0.46384328972137384	-0.028663950779404309
0.36107701817540766	-0.041126191061899041
0.25036555433906821	-0.085408334564348667
0.13168353438760422	-0.13876964343762849
0.0095869241730255593	-0.18927216051221352
-0.11586613147754694	-0.21606927973557413
-0.24606870446643375	-0.19276817374046679
-0.3721111787533013	-0.12406954930150813
-0.48996450661119245	0.0046387690137358675
-0.58638005500229884	0.1618109619513568
-0.64824058831690523	0.33176232692752267
-0.67112286654377518	0.4815216893644384
-0.64248979135604944	0.57478640289894412
-0.57356570209088042	0.60586618030330186
-0.46474802973621171	0.54801129035495555
-0.33598040101281024	0.42809741867519796
-0.2027665871627837	0.25242846105393207
-0.078823585610053329	0.05597005576277083
0.016605180550239719	-0.12864777265728838
0.084595217089647359	-0.28811428722449611
0.11557612807894159	-0.39315199324102612
0.12224219552532103	-0.45903113931411132
0.10947681889654289	-0.48383497467759007
0.091142249881703358	-0.48984700275381937
0.080604889800393806	-0.49784864163446496
0.084235689228886079	-0.51042939654544017
0.11405701690250054	-0.54391799859966061
0.16648101966368303	-0.57787818822778558
0.24571119183303652	-0.60424257784431079
0.34039585971140984	-0.60223328261064202
0.44513109231433479	-0.54695731581061058
0.546277155818365	-0.4426925954914373
0.63108895607087523	-0.27521083870116791
0.69147864307493334	-0.075137661721160182
0.71371593224582897	0.14226032624188079
0.7019830331942728	0.34513438691595189
0.65030833421818013	0.49840334135695274
0.57542301467122625	0.59649790237446998
0.48564192686046231	0.613964882297374
0.40024244022367578	0.57537480362371374
0.33925949274639322	0.48613449467428954
0.30873523109244999	0.37828185030971689
0.32640557519419572	0.2814548447812476
0.37722414323161446	0.20826006823777257
0.46107511795824929	0.18606165075690961
0.5509027255857728	0.20022494680372899
0.62524578361377914	0.25391961666937385
0.66720470093204653	0.32109687295324346
0.64930069720967876	0.38173534150314092
0.5818101576082938	0.42092244286499814
0.45504666119506454	0.41480756510942002
0.30141984592242943	0.37018343151019056
0.14034358816042833	0.27884037394103645
0.0011187517234299399	0.16193495467273514
-0.080935257969058844	0.031371712511770913
-0.10446018936241286	-0.093302950275249832
-0.046486341863146423	-0.1906951284493833
0.063471342831665833	-0.2544427921211575
0.21607980167979601	-0.26797984607369285
0.37376309931018958	-0.24052458105026847
0.50118003899898389	-0.16963756144169237
0.58229334176237568	-0.073725871088498943
0.58364820478946344	0.035470729811722848
0.5221560028376786	0.14038970593932884
0.39193892099277683	0.22213800327387334
0.22790972545888408	0.27296741772017202
0.05461454616379674	0.2766010865572055
-0.10272452297774158	0.23973193164203357
-0.20996674390547751	0.15785685566708096
-0.26932191912814379	0.048287053405234537
-0.26343651261126577	-0.078763359997932575
-0.21685980192421217	-0.20650624296805448
-0.13970709536369283	-0.31650428705510592
-0.057926764713210288	-0.40349087774049164
0.0018003669620821317	-0.4531160720741193
0.031556345210426898	-0.47419254690045398
0.0099190101760399454	-0.46608304965314895
-0.049279844994152409	-0.44278742561454743
-0.14722062609475567	-0.41582080369632546
-0.26028889615695844	-0.39200008044413798
-0.37092642501428974	-0.38393988554991848
-0.46214499805433357	-0.38576214848650647
-0.51137253445287389	-0.40012189002441939
-0.51780240267883892	-0.4140344659625565
-0.468509693573334	-0.41827145378213665
-0.37727715919561028	-0.40421920920671772
-0.24694187191245642	-0.35932129290906906
-0.097415961642365906	-0.28617766752277507
0.05590741339925874	-0.17915865438710193
0.19663426573635609	-0.050396738057772845
0.30515351311988553	0.09474847293340638
0.37572328165338198	0.24158802917541713
0.39341192464464414	0.3770047442659995
0.36617767823183972	0.49092372064707146
0.29041433420098428	0.56966544770014615
0.18588357891633345	0.61092657820417751
0.063343160841418222	0.6060282173552094
-0.05380131453557236	0.56041749728348444
-0.14297792074986418	0.47303286877541822
-0.1909278722676816	0.35472148105853613
-0.17379407606506039	0.21187673540820845
-0.10079952814779211	0.056798326467315564
0.037007843521400394	-0.099159134006215052
0.20895992783727557	-0.24676699608215399
0.39892154896310944	-0.37456920109053049
0.57224597313062642	-0.47789336349264094
0.69297145933809756	-0.54873539342054189
0.74890785344915867	-0.58563434519198188
0.70794002734324757	-0.58435716734870857
0.59388116197122964	-0.54521608735078053
0.40419201678109989	-0.46588412167919407
0.1858147281609083	-0.35004585181288533
-0.026773449984156941	-0.19655968802288906
-0.19871711075751428	-0.017577160413905397
-0.28146375184554229	0.18231298142834548
-0.28162740559417232	0.38156398567588934
-0.17433033122208225	0.56435093167940931
-0.0054953457974109858	0.70891957631721303
0.20370095922992373	0.79014231135103563
0.40389764778657988	0.80231431148127885
0.5424733502186716	0.72442989490401344
0.60803277581791226	0.57726402289396916
0.55927625959351268	0.36189546168465514
0.43329555473909487	0.11640711459580409
0.23530236945749036	-0.13117042772441678
0.019637173730282481	-0.34960146102780276
-0.1662892124306862	-0.49891022861560491
-0.29647613091336206	-0.57728629719128877
-0.32156830010813858	-0.55995862206386349
-0.26421877049583148	-0.47583328071794911
-0.11448461822754197	-0.33272270622733741
0.079201515317192758	-0.16913678713352251
0.28230290841386607	-0.019306982012083484
0.46307472594628507	0.096118986165442413
0.57551807099047392	0.14209665119862258
0.62785840724527442	0.12758478419856395
0.60238352400083406	0.040137963341646141
0.53090754755925895	-0.091075698768381438
0.43246367927568924	-0.25042421187231129
0.32768248328117133	-0.40974463076013795
0.24605913224039055	-0.53930436569179163
0.18003300190757035	-0.62818035999825717
0.13814806440098198	-0.65259344021719579
0.10158570329316767	-0.62137936698850793
0.054506451494340899	-0.5285905557574101
-0.0034831668902409177	-0.39479786864561528
-0.086209971316077674	-0.23193245886601141
-0.16921339819068398	-0.059965868590291273
-0.24049523997862696	0.10039064207127738
-0.27649524796424912	0.23942507372153152
-0.24671966592532829	0.33890657354995102
-0.15997080884612611	0.40368044168633954
-0.00092299786877643453	0.42739513514296495
0.18853354170255984	0.42541033046191506
0.38446124979242596	0.40613008790832217
0.54832780957257565	0.38406971332532075
0.63261004518212016	0.3760140449652532
0.64034297364352977	0.38355854586562815
0.54337455931283063	0.41862370403585664
0.38774278432846665	0.46701928281257404
0.19411155393980151	0.52467454162362825
0.01045106317010262	0.57315148020479323
-0.11004761424463155	0.59461462505593443
-0.16238320919323027	0.58318565531262512
-0.10947780131573964	0.52258228799971873
0.0056297293774894668	0.42618093594924089
0.16918072634426673	0.294734624929824
0.33041243954006438	0.14983123315650138
0.43789880738838022	0.0098698555650210129
0.47987110794294696	-0.11483013223812831
0.41558662193041235	-0.20514416048677708
0.28054127975552967	-0.26908871672421941
0.081103560396095703	-0.30362829367495586
-0.13608690114037217	-0.32279430602919734
-0.3268963422879359	-0.33947199826449542
-0.47743866674406055	-0.35406437374332855
-0.55021057870319845	-0.37693597887519736
-0.5719299141084494	-0.39108742899658694
-0.54567097733019765	-0.38793059730274115
-0.50486106728104252	-0.35259625662688454
-0.48347238936695591	-0.26375882831219483
-0.48294452847820468	-0.13219924002405592
-0.52718867325600394	0.05080713397416662
-0.58276221785348148	0.24806921213324032
-0.63476572883718607	0.43689490095830913
-0.65148087760807127	0.58251186202287808
-0.59323886489452782	0.64223047219629248
-0.46899166928079172	0.61711049209617541
-0.25791202142247527	0.4799831003882587
-0.0096688658338400565	0.27284441979756219
0.24935820649416696	0.011685013625679086
0.47012840433598957	-0.25264726119137876
0.59590517143992883	-0.47010309173134834
0.62339621189346617	-0.62229628265139003
0.5140219583630764	-0.66529457214788856
0.31690766886007915	-0.62568684668090879
0.047579780776688098	-0.50054059487819325
-0.23174481136330435	-0.33448774843309192
-0.46219688461794944	-0.16395724319323907
-0.61820698684950248	-0.010625555323523382
-0.64475462101843339	0.086274142985537303
-0.57132369888814993	0.14298300396319633
-0.38994072267126684	0.15244361642516663
-0.15795742398063278	0.14531849842155145
0.083066758640142124	0.14705951722204647
0.29372844377072727	0.16624121398358713
0.41943523356972079	0.22797713128715619
0.46419473875672651	0.30810213213030729
0.4017109099608599	0.40107639686013563
0.26830232961218503	0.47613751600899956
0.079122083260985215	0.50152211160172377
-0.12862938782428168	0.47469326950800461
-0.31749766935362761	0.37152278577104481
-0.47309159484135976	0.22502115189515065
-0.56556717267531498	0.047547810794164376
-0.60382846394491529	-0.12307229571731967
-0.58067048269713128	-0.24658149376638908
-0.51457637844715431	-0.31791853661415581
-0.41627259599467609	-0.30741409645031659
-0.30182426353316655	-0.24863474261620455
-0.18715412574096912	-0.1523074119522824
-0.083415777963154983	-0.057281674150858032
-0.0047295920301333449	-0.0046996064059481521
0.041882016835766284	0.0015893769471108138
0.044166753802394855	-0.068334140628576789
0.0036938858688017554	-0.17740222972234992
-0.087498603207506687	-0.31260444598592491
-0.21306915853405037	-0.4316877507690654
-0.36852960694469616	-0.48959961918900352
-0.52628181950289676	-0.48172806559505038
-0.66460813750970771	-0.37527574054213797
-0.76137897708618696	-0.20974621053063519
-0.78631663514374639	0.0016913330713579956
-0.74214781061237955	0.21283111431210219
-0.61117267212171866	0.37614456866164564
-0.42439310748426001	0.48243087048652561
-0.19340538188557135	0.49491862510483459
0.041273468163929988	0.44879097513195521
0.24215061294371923	0.3528883580471644
0.38855716689855091	0.2494674945768722
0.4424457839906723	0.18187023650768658
0.41845901594707996	0.1556816281382909
0.30530574991321158	0.20331300908011066
0.14273963359599159	0.28762734518152749
-0.045305662813487343	0.39614592634374535
-0.22266131962229133	0.48730512001972265
-0.34788209172473733	0.51601621870530534
-0.41286358516798027	0.48037573717303489
-0.38805829145870735	0.34907305839338398
-0.29635030911263877	0.16524087026840398
-0.13896145183548855	-0.0546099929235805
0.048668934436037301	-0.261924587340917
0.23866914340317136	-0.40546308418369947
0.40711444244638351	-0.47676930404836382
0.52091493649981069	-0.43757777202306702
0.57969440660368377	-0.3260765458327391
0.56597045057516315	-0.15200309286579552
0.49797172301759662	0.037556290780062333
0.38074858965205055	0.19631893158122943
0.23635351494253068	0.31213649442700137
0.084351585717525018	0.34725831059983792
-0.062744699395346576	0.33220870739664154
-0.18540265159470082	0.27210829515831647
-0.28511775457333982	0.205417556035317
-0.35351313938633122	0.17040556332403092
-0.40067317514549539	0.17276715392756198
-0.43117519937176646	0.24215196009389786
-0.45316343789287067	0.34496466908477491
-0.47696913585799483	0.47080911593718106
-0.50060857282369153	0.57973748957334925
-0.52950810586239694	0.63044256787472197
-0.5517687475756472	0.61660641900065782
-0.56125616003346057	0.50647542888853114
-0.54610275190282509	0.33504942208573707
-0.49215649301544084	0.11132579137794145
-0.4001363619471886	-0.11844178201229442
-0.25972642152936082	-0.31131939348117804
-0.089879388827422385	-0.44835032038673694
0.10326703000449357	-0.48904925459143517
0.29158373940109966	-0.45506804797817024
0.45073622091423154	-0.34094025876736578
0.56320303703838692	-0.18753545980890884
0.60046678363691564	-0.024892932988313243
0.57118084215509701	0.11996289058087752
0.46367560849709155	0.20892057385251098
0.31040263514960503	0.24520185273890019
0.12801334767829986	0.21121867345467241
-0.047761477249533724	0.13128896804673273
-0.18008920948067128	0.0161196546255837
-0.25562398390725272	-0.11104427878493962
-0.24243552667810778	-0.22582001016616696
-0.1594444338699425	-0.32091412339210146
-0.0023407138376415407	-0.37834455125530875
0.19111414410450103	-0.40579442498143131
0.3945971573759427	-0.40074974639804889
0.57810279742054405	-0.37581983649191547
0.70377956092578398	-0.3399545164760025
0.76884238958026541	-0.30161828749923736
0.75038721102430783	-0.27193089576103674
0.67091956409024101	-0.251876427322904
0.53589223646431428	-0.24801363569571214
0.37355940922508712	-0.25473826473076866
0.20934045687599651	-0.27166213054315402
0.057192586828659984	-0.28969576985242218
-0.058952298256297594	-0.30226490730378036
-0.14359890962246108	-0.3014357952353493
-0.18918265286870728	-0.27733148660819762
-0.20797954226853549	-0.22920730419868879
-0.20741600381656999	-0.14970915120767284
-0.19447620794831252	-0.048788339322758133
-0.17888044134990316	0.071918576157046152
-0.15984678126405097	0.1948214228650923
-0.14023181132830953	0.30686913372099511
-0.11884029904428497	0.39280783756695792
-0.094228743379056734	0.43363258187972237
-0.069998533573758334	0.42754554367528835
-0.048054380794207818	0.36147828259418069
-0.032042818233430928	0.25023769823956599
-0.028012412152877558	0.096353472796617726
-0.03066177451309323	-0.076411181840159659
-0.041315952582404863	-0.24964210623472161
-0.046144206698918097	-0.40476246082651501
-0.034192557951311986	-0.51782486456924515
0.0018442286438067187	-0.58652678248409273
0.077612416410023005	-0.59581244333408523
0.17904289923808261	-0.55999417484738834
0.30730566516619467	-0.48140139970304868
0.43232969507555385	-0.38092706181145181
0.53085318905472922	-0.27531109729969533
0.58361847751980656	-0.17934195219668952
0.55792981572756872	-0.11321795012966772
0.4708396292444928	-0.077449394430758489
0.31296642787189205	-0.083068097817117242
0.13091621416204124	-0.11870785576089667
-0.044113136285886603	-0.18133208341908094
-0.17527873281127268	-0.25698373445433098
-0.21126447517922534	-0.33279574806105472
-0.16429211651338993	-0.40246158280099525
-0.010115552544158878	-0.45395657179166216
0.19317774478360095	-0.49156803056016435
0.41391335599335455	-0.51273531704453434
0.59709822794971379	-0.5259776371295114
0.67672732424941962	-0.53805488323478889
0.65416217521955078	-0.5516843536935363
0.48810495302594825	-0.57459187556795521
0.24052869574906752	-0.59851175509064225
-0.063507268463932121	-0.62236014258386885
-0.35455963764732196	-0.6323173328408126
-0.55924489027820834	-0.61656654467215299
-0.66432435688092717	-0.56801515634765598
-0.61352106744298518	-0.47271759386492229
-0.4625664020519773	-0.33941593285112648
-0.22447040773173838	-0.16497152557949707
0.028879886338946014	0.02891903189052741
0.22814217316618346	0.22848053028724835
0.3526722391714594	0.41308745697421778
0.34288270499440815	0.55953177624018624
0.2462607609866907	0.66178584803785978
0.068689940411206768	0.70224673276352889
-0.12460616482612538	0.69243229337519041
-0.27203572652301233	0.63146110789875842
-0.35681992030567961	0.53892809152677068
-0.32575483783959425	0.42894769271021099
-0.226523902804738	0.31707988969965556
-0.068742073902812034	0.2217489404239559
0.086589162265875583	0.14847645429926951
0.1785442752276927	0.10998969829546519
0.19728043790091057	0.10309595768026064
0.094717717276261326	0.13169193625767256
-0.075358099337269835	0.18723664538867271
-0.29669133764458033	0.26677937532544577
-0.5047715916132901	0.35744599319836967
-0.6333051072416348	0.45054429295105025
-0.6713862541426644	0.53057778439598857
-0.56804448637335292	0.58282374066903708
-0.37718079660016302	0.59626866574374671
-0.11372764315323494	0.55348347588492897
0.15637991690148959	0.45899220735465401
0.36734561155607837	0.30335694391556473
0.50382062730636268	0.11103445933075551
0.5129609079472679	-0.10781905430820926
0.44145590957357922	-0.31973976822409594
0.29855649856551275	-0.49417181258921367
0.14373438786170273	-0.61223511846336987
0.035197521250114806	-0.64076616103126127
-0.014011927437029819	-0.59205943809052897
0.043409509892141186	-0.45483808430243999
0.16288589424664013	-0.26665266426081224
0.3347960298786738	-0.04941480382823156
0.50157915515053098	0.16123554614033847
0.60772509485894632	0.32469685124192521
0.63746089395278904	0.43394223625797018
0.54335592062140792	0.46037944809679432
0.36487302994009985	0.42810308597478658
0.10623378579540535	0.34088191181841793
-0.17426857005705737	0.23110118440576377
-0.4265532404470937	0.128171761473997
-0.62176132773189219	0.044785608072296361
-0.70813094963632162	0.0083983601655945386
-0.70429026288714736	0.0041298627438025714
-0.59723442509896829	0.034573283468967188
-0.43010055133315284	0.074764290289613997
-0.23104114808919263	0.10434165385684679
-0.032005198667316402	0.11208923372497767
0.12637714605905062	0.076205671994472729
0.24199688231000632	0.0080853916779737717
0.29283439709483244	-0.095330519761073151
0.29799136717255187	-0.21248341357461448
0.26252788954771811	-0.32702006180322885
0.20654909049302081	-0.42638311461757367
0.14912697535615027	-0.49144876764687984
0.098421003916658131	-0.52556315655600538
0.070367066219701013	-0.52204792775191022
0.060707876816154367	-0.49185274463751949
0.0740781731293884	-0.44147279832384068
0.099737776587075361	-0.37759315209358679
0.13198484038493036	-0.30904149604801545
0.16033910664219508	-0.23588514084249976
0.17425928199549207	-0.16098183260224505
0.16822662608839359	-0.084787955019012262
0.13207818636930779	-0.0065654818813976282
0.069205306060349553	0.067244610975899288
-0.024678543834868463	0.13352877534047453
-0.13670269921243139	0.18304275455684507
-0.26089241108254185	0.20659495459883104
-0.38084646309923464	0.2009138393661192
-0.48170895763619398	0.15710256917241824
-0.5528691895446739	0.082845460749483041
-0.57804995387990221	-0.022060034165517141
-0.55939485240364117	-0.14285016027511674
-0.48907405312452729	-0.26930330189824642
-0.38073065235716491	-0.38799558844854809
-0.23992125663428637	-0.48386279965217671
-0.083075503310145113	-0.55160436889052344
0.074900935170214455	-0.57947275798205533
0.2238795575464326	-0.57174466134170032
0.34877979976480622	-0.52464892048186773
0.44955217776032097	-0.45058155592858107
0.51894425535304556	-0.35532746097309315
0.56348432483402666	-0.25494885883212465
0.58488697142386648	-0.1631836857678384
0.59034088015396657	-0.092789695935161232
0.58701156609583982	-0.061141373104581793
0.57668312434975655	-0.068126464691577709
0.56514268856112604	-0.12512451632299293
0.54754665816604486	-0.21503461713521721
0.52350347764334193	-0.33301455893056398
0.48544414551022913	-0.45366777933810626
0.42634211020280349	-0.55482076059799945
0.34417846644323946	-0.62196216067930987
0.23148022669446622	-0.62957700384619919
0.09758308617031658	-0.58850267345353657
-0.056715881985058836	-0.49100677894301553
-0.21327379909968411	-0.36728366631832465
-0.35840771943566352	-0.23672618193267703
-0.47794077104660571	-0.12400643417919301
-0.55230243865542894	-0.061336206350291814
-0.58399070651630869	-0.045489320101289775
-0.56285855903058668	-0.093855455244522795
-0.50727048047968337	-0.17679882060135133
-0.42598185903886687	-0.28035049598681555
-0.33767296742793707	-0.37489954823221217
-0.26366122449979218	-0.42693090973441372
-0.20479058003040559	-0.43418806361173229
-0.17492552246263912	-0.37382407013304075
-0.15632185464872658	-0.2740951302435285
-0.14136086943147361	-0.14454602464921013
-0.11353058528202692	-0.018464074336482998
-0.051449431951356692	0.070350841319047522
0.037892531557201806	0.11389161677899082
0.16496519897799214	0.084728039623919449
0.29877028234700753	0.0073295511213385114
0.42133105002556642	-0.11466723718848183
0.5040527267720365	-0.24619404854326421
0.5107415322960045	-0.35622435233002597
0.44621775010513198	-0.42899629856061261
0.28924210134590916	-0.4331048914039638
0.081799492811435684	-0.38445303777581435
-0.15740040385646184	-0.27761453843201284
-0.37977116205747419	-0.14517171602115736
-0.53566162472529999	-0.010199006593187652
-0.60955631161608903	0.10420612930007353
-0.55885002775527326	0.16671195854332843
-0.41516076026870546	0.17894686277706234
-0.17802108943123107	0.12489609024032285
0.098917959178696432	0.026157308022125684
0.37375593322538758	-0.10901167037737142
0.61170853270570447	-0.25660603595254683
0.76206323049507652	-0.39386807016127007
0.83070425562211281	-0.50879868811290974
0.79553720725180188	-0.58065188653143851
0.68978544785043416	-0.6129107020309138
0.52944604806536777	-0.59772113452039388
0.34410348251838918	-0.54834829083884884
0.16623304726864138	-0.47081648737058274
0.003159348651414482	-0.37899409538865175
-0.1243258348809049	-0.28635858550599425
-0.22414872362046317	-0.20010697608726791
-0.29571775137194084	-0.13291483207427557
-0.34379449914534904	-0.081823984348519854
-0.3747377234901183	-0.05135122757798307
-0.38316433159267166	-0.031747235345028914
-0.36712325950783425	-0.017636985028701591
-0.3226771771798308	-0.00041435990694189918
-0.24122247214072554	0.030617378071693839
-0.1348069276818247	0.074561387540007976
-0.0045766236228182502	0.1378338609217564
0.12536694208938085	0.20919243489552219
0.23538565663607966	0.28360054147957103
0.3109432848129281	0.34885698707861074
0.32637899636116302	0.39145385367404145
0.29542846362532998	0.41027474655405205
0.21156447466014197	0.39516947185048273
0.10991485207633356	0.3597315090137797
0.015063314848550025	0.3082650539987577
-0.047885038060227411	0.25848776342415097
-0.041649126952131958	0.2278527143730944
0.021826824942824979	0.22145784140720112
0.15775625324876269	0.25504140627734662
0.32194726110115579	0.31413550449887889
0.48853194641360559	0.39721887977089748
0.61775176047585112	0.48118984929302305
0.66051650489086811	0.54626302994829701
0.61895322663254748	0.58096826638555643
0.4631555736520005	0.56334818912627405
0.24013354462054284	0.50507905743558623
-0.031433753400308004	0.40183806239531827
-0.29645999763004571	0.27966503907687618
-0.49944710210317	0.15676716768934498
-0.62295124931314527	0.052319603901512877
-0.61986476600317919	-0.0074562974668181663
-0.52368113345854139	-0.025491953659604726
-0.33418516481489174	0.011096912714523496
-0.1053951912642664	0.081084572569387836
0.11822707281837591	0.17472381752365573
0.30822696384614184	0.27046336285415917
0.41595164941449003	0.34573775938651019
0.45753392160140555	0.39384229209303617
0.42010742422485675	0.39767801743316672
0.34201676966035266	0.3658621717712065
0.2503984433333219	0.29683857038938966
0.16601046991197324	0.20402853299335805
0.12323328627289178	0.097458932689004421
0.10833614121637659	-0.014243075442189534
0.12823584068121707	-0.12043454283913151
0.15537015012852767	-0.21713597683476077
0.16734255741754567	-0.29818523636059391
0.15557270129269155	-0.35948731805980683
0.097264564743844123	-0.39612500296101766
0.012668602893865689	-0.40440279683941582
-0.093914948376256357	-0.37727797869266055
-0.1974314483510185	-0.3198750098819611
-0.27144786307582491	-0.22879202415349331
-0.315799136386965	-0.12256528335001718
-0.31274528190132045	-0.011003597421306938
-0.28857805632251882	0.083112544207504233
-0.25625564500443071	0.13573950697432433
-0.23803877561320905	0.14085791634025557
-0.26439840318977542	0.076823850917572351
-0.32366203096369445	-0.033532683309333497
-0.42764394210858042	-0.18783180985824174
-0.53635475183320547	-0.34636706161036318
-0.62332161631254268	-0.4767624030497426
-0.65980919582160369	-0.55464666288565789
-0.60247662658335077	-0.53972811210517102
-0.46866763692890429	-0.44739238835897405
-0.2426464997796566	-0.26370782146074645
0.019689282412245445	-0.036334605908586871
0.28361191042148393	0.20600577108465221
0.50134800164617932	0.42042885784955308
0.61233927767145757	0.55518205876290139
0.62021262671098387	0.60814831847323436
0.49021135984449044	0.54647089331106058
0.27692793005890259	0.4106162526072511
0.0029621000837015271	0.2137681584643924
-0.27046474822904815	0.0049179888978452451
-0.48101509492459865	-0.16841916556390724
-0.60943759158151845	-0.28863068035764577
-0.60445135321721322	-0.31422330351290251
-0.49980746956042382	-0.2693238267229397
-0.2937034756784731	-0.15073260477572034
-0.041519150573021885	0.001064303583325167
0.2133370719467281	0.1536340118738484
0.43675362123607758	0.28601664851264014
0.57796194171168069	0.36279378940397189
0.64352455438027567	0.39490820560505296
0.61177834846008372	0.3733714628998529
0.51663166373331015	0.3225587530123622
0.3738220720823876	0.26019878988704342
0.21619876642485553	0.19724257264645004
0.077466275905457183	0.15402435753348503
-0.029203836274986201	0.12012308713156161
-0.076491857885995856	0.097013592171137308
-0.073137706871801156	0.069342464453981914
-0.011837098252131716	0.0217746139351724
0.086597071429991943	-0.044270083114755318
0.21087879732746556	-0.13952256374964689
0.33973168933281084	-0.24286547804128061
0.45176477966394407	-0.34416756330670645
0.53603579649757738	-0.42120149486395508
0.5726485752893905	-0.44875408014123613
0.56707382642039661	-0.42565166012506317
0.51181337028320661	-0.33436130730117558
0.4258777122987078	-0.19874763460010542
0.31960396464308777	-0.026054027294277731
0.21151412744305642	0.15138875915624722
0.12274188931574764	0.30505349353660161
0.055789296966076152	0.41628621783878333
0.025654684110685	0.45475908306840701
0.015982878331522898	0.42696653096975495
0.021681760014188339	0.32059646323084107
0.023960504464375035	0.16174065102608542
0.0022757490266345302	-0.03762346834587605
-0.043207012030008214	-0.247464991569677
-0.12676247439035526	-0.43999926753267338
-0.22561343084837399	-0.59651010232806223
-0.32991497910618928	-0.6887790250160426
-0.41514490012413052	-0.71752821558296498
-0.4534695188916984	-0.66767580235140944
-0.44497830102350355	-0.55841546937288644
-0.37085593422730345	-0.39483951278005897
-0.25998307721315828	-0.20417022465205009
-0.12438599671949188	-0.0087203343646455218
0.0041874436310290961	0.17168917383947993
0.090817520470632754	0.31010941357018962
0.13299354629621107	0.40561136189408337
0.10597834460320685	0.4428012627250138
0.041531659028195708	0.43812442913108679
-0.049009514316432842	0.39647544077490215
-0.1291141093626777	0.3371127417868312
-0.15968566665773523	0.27890489587202588
-0.13708337024362358	0.22791612396874389
-0.032244468053976565	0.20023738249183243
0.11766169103885657	0.18465702871667494
0.30072680621184111	0.18074269873685556
0.47023048538339973	0.17224751251261958
0.58026801249393511	0.14416148064785581
0.61648405865447276	0.092341567305217767
0.53866987394701416	0.0029000858800232801
0.3784810053990344	-0.10993900072183155
0.13730506595821074	-0.24411033794559917
-0.13426289205406292	-0.37702578734251602
-0.39454674053170546	-0.48981795047973109
-0.61540209388110101	-0.56925925275475919
-0.75039587749390979	-0.59391966627720738
-0.81271803030822221	-0.5695391524779474
-0.78799665713783851	-0.48807084313896376
-0.71248418574728789	-0.36944519931652542
-0.60925510746089928	-0.22409778135739336
-0.5034713364130744	-0.072466423172075134
-0.42919748370641836	0.064608422465358667
-0.3827999497606509	0.17789905179883655
-0.3790104893658694	0.24978251343550725
-0.39679765051354682	0.28460409751163962
-0.42481827646797432	0.27657318768110101
-0.44873923620079459	0.2384745519982448
-0.44917926823032517	0.17676849363316477
-0.42993960718083246	0.10463779089250769
-0.38412899873345113	0.035372193478734
-0.32444364823589367	-0.024888909625503053
-0.25919090140981216	-0.064339845128172576
-0.19464608281452264	-0.086689716254947133
-0.14112817812815345	-0.088469399330197762
-0.094813549715920598	-0.079407901765798067
-0.056505029490768965	-0.065883354683172468
-0.022642194487639884	-0.054479263278039605
0.012102229117637833	-0.055459143315097478
0.041624856834781752	-0.064161094208832453
0.065369984846174387	-0.084020072279738067
0.072021844957992062	-0.10100902257449072
0.050658238681675433	-0.10563390417549481
-0.00045724691618600702	-0.087730631296059861
-0.092189394602219907	-0.031411861370659933
-0.20807529336533431	0.055646676181794134
-0.34360544819599548	0.17943974292576775
-0.47378439385615634	0.31484320847665809
-0.57636812541592131	0.44677167738793538
-0.63859276694130251	0.55110370640984563
-0.63625803373480716	0.59897492759140458
-0.58142914715705485	0.58952871958977282
-0.46829484676349414	0.50340282050589291
-0.3262842932721462	0.36724978405743514
-0.17456437076472353	0.19001664726644762
-0.038110648705600415	0.0054576983207401415
0.052851968074192422	-0.15412368067587842
0.094904601592911461	-0.27542773444935731
0.068646543807990956	-0.32903076481756849
-0.008201619929133137	-0.3310012184009346
-0.13265107965027831	-0.27824619172347204
-0.27990721724824985	-0.19882603689227193
-0.4294764733692652	-0.1154306387277193
-0.56546686178490557	-0.041078495613948628
-0.66563424163674179	-0.00046991900394418906
-0.72854151746102203	0.018750645488458513
-0.74234401864564448	0.013488096420665075
-0.71602032977722996	0.005394089825967942
-0.65067692974363545	0.012839170919324043
-0.55808546502905165	0.042571570713145525
-0.44735807426969326	0.11286362316142089
-0.32757975989734539	0.20751356465437801
-0.20948505223774486	0.3244087053878108
-0.097237506245251848	0.43955415789900987
0.0010019111980030717	0.53135261603534123
0.086490905549594183	0.59049864606237301
0.15634876955857524	0.5960232993085276
0.21482977446837728	0.56131981443260714
0.26428492519753333	0.48501081355927894
0.30754331346979147	0.39043919761936979
0.34882365572390661	0.29564831523635066
0.38630808273339112	0.21515944545695634
0.4213470468897384	0.17045497358248454
0.44865429977776006	0.15869492947271713
0.46416530251554911	0.18904746549589718
0.46556537889475547	0.246970599427939
0.44740471015602995	0.32625816147566755
0.41502418507046318	0.41107086671459409
0.3685208328875097	0.48689755719468675
0.3181764134127284	0.54354768219939975
0.27253566844722321	0.56677411461520244
0.23690668125381364	0.55423542568301842
0.22175052573836226	0.49623615824709222
0.22015297177284429	0.4005912703839295
0.23364552261992913	0.2658704381378677
0.24735205201339699	0.11011405044965597
0.24986216743151463	-0.056184559320294439
0.23231017090349199	-0.21181454838663288
0.1792436732278132	-0.33551208866911431
0.09901235557492262	-0.41694280269201078
-0.012115263184566547	-0.43547330228267983
-0.13334808535267695	-0.40073679145162039
-0.25063071367168516	-0.30767919329057591
-0.34748752795021626	-0.17972896238317079
-0.4017359719147951	-0.032582655676258163
-0.4164414565539985	0.11561811082810486
-0.38017896392536393	0.24156605116915439
-0.31423722454853359	0.34506161827615761
-0.22863486854578155	0.41452842445824506
-0.14575717916674921	0.46078970561506311
-0.089374380314957313	0.48978434461942133
-0.065350280151041995	0.50458901286096081
-0.092247496835693166	0.51422654397106882
-0.15573982427227012	0.50679733409731575
-0.25507370333124846	0.47706518867260139
-0.36809381127196922	0.41406271347232398
-0.47692800234497107	0.30052772929646349
-0.56797318644713757	0.15010839650417471
-0.62061766147876141	-0.04207621301615741
-0.63801511768015373	-0.23770101305224303
-0.61149201532742048	-0.41048524545810805
-0.55591834221346892	-0.52917685414642035
-0.47829222852850584	-0.54969717610287705
-0.39355570735673967	-0.48424527396241718
-0.31702987616956607	-0.31175812273692943
-0.25457567199562958	-0.087943322281263073
-0.21884465581779614	0.15654502918082086
-0.20478605324479698	0.36760945174416876
-0.21519178743090772	0.48139400968084206
-0.23918532672236151	0.49651997223543465
-0.26997941148278626	0.3711505718049653
-0.29809814881427354	0.16280398320422065
-0.31249676982112429	-0.10720636610359646
-0.31109464286033794	-0.37210300166671684
-0.28607146846581633	-0.56320183963704729
-0.24360148121115247	-0.6649092807403566
-0.18398044331231525	-0.62258668942318529
-0.11702347237607917	-0.48468509067512533
-0.050891613596292344	-0.26020082665704702
0.0091571535722977885	-0.012859310301656667
0.053959919629757845	0.19672264099658124
0.08707042951779749	0.35022289846207105
0.10608588290951873	0.39576345291030901
0.11971300611081123	0.37339512817355497
0.13444149039028794	0.28878629369492215
0.15451964053288095	0.19320630345734618
0.18850275691679397	0.13796350551660175
0.22995954403082525	0.12860928709728434
0.27999031680351333	0.20342225931461527
0.32455554429384126	0.3155290985524915
0.35304471365501311	0.44692930694635341
0.35627108553290415	0.5492830183567925
0.3195488596443134	0.56648814386223256
0.2487647059296732	0.50383085394461813
0.13832832720480864	0.3277929633533922
0.0079848245603415923	0.098685450364482577
-0.13115587506051682	-0.15396727615397263
-0.25877854639970915	-0.37132369322916142
-0.35287510590118804	-0.48424321623421923
-0.40741420151571189	-0.49409862126316595
-0.40484871567359176	-0.35794384710495603
-0.35771786138012285	-0.13959482104792179
-0.26545152139187866	0.13462887555831948
-0.14983056888533569	0.39518426610866758
-0.02702855333039151	0.56810116099768648
0.086702671396643741	0.64034161787676624
0.17023958065014871	0.55624116147540981
0.22202363726815952	0.36970920095384235
0.22983008575617914	0.091881184451980791
0.2045340564661853	-0.20458548023974801
0.14834094909880538	-0.45375454069946969
0.075035200113593464	-0.62432708268160997
-0.0034095018997714506	-0.65289182312369931
-0.079355513631036392	-0.5698496160545492
-0.14078562274027309	-0.36393540735926516
-0.18886484772682849	-0.096735638406496544
-0.21888938560018983	0.18860830035066736
-0.23644848849000788	0.44802631028044121
-0.24431089811825274	0.62298319922023626
-0.24623434271745348	0.71373285730937364
-0.24724018899999126	0.68952925855135816
-0.24630626324827976	0.58483695919104906
-0.24535706037366006	0.41066923565945757
-0.2405739412017309	0.20663390140163471
-0.2289223479166162	0.0089759497879066362
-0.20997453135408167	-0.16120288252654136
-0.180227005738615	-0.26950281503904222
-0.14587242308817419	-0.31957298592171529
-0.1084140411118831	-0.29656692896124393
-0.07841655696073202	-0.22157167681126902
-0.064971256116510973	-0.10239867787969785
-0.074001631295944656	0.035971781309585858
-0.11648994369651935	0.17127609653239587
-0.18635117335774037	0.28755277248173233
-0.28715516065932484	0.36111766619116159
-0.40091958577812342	0.39287511641479866
-0.51737787487273568	0.37051338907876541
-0.61695263037763204	0.30999655970060763
-0.67915152593947203	0.21685101809764498
-0.69645277408028872	0.11007808729667776
-0.65061959026243465	0.007901575602872319
-0.55330463931161078	-0.081819583001549984
-0.40155910911979337	-0.14249629233777322
-0.22095064595050801	-0.18209523069041472
-0.027959632454320902	-0.1982378257708117
0.15310095263791387	-0.20537073311998832
0.29515868315430477	-0.21497425677836854
0.39001151876739809	-0.23356887895909001
0.4159391702306508	-0.27422229836309725
0.38642395812943947	-0.32877316956739339
0.2983038129000708	-0.39848361403127669
0.17979161574321187	-0.46815092980880685
0.04919582509273232	-0.52581009007342494
-0.066932360314668884	-0.56301019092628535
-0.13847714649162129	-0.56533692382839951
-0.15782386075626992	-0.53871547587363677
-0.1010919936025905	-0.47908770945356061
0.013036738484279616	-0.40198929013610174
0.18593445709949838	-0.31725760184737284
0.3813201575082043	-0.23792935190439146
0.5737149320088708	-0.1799890979483009
0.73208461109665113	-0.14443067293283651
0.81763073743242665	-0.14141701973963
0.82816726681748687	-0.15942536622613537
0.73784284608101702	-0.19573279054133624
0.57885494480021071	-0.23410268469227519
0.3592213597863505	-0.26070215995842133
0.12562975616635588	-0.26559713667147877
-0.081504438389433109	-0.23268484670389455
-0.23534671469999474	-0.16663846671290891
-0.29055426149454333	-0.060460767295204706
-0.26223655737203055	0.066939801495099482
-0.13454152961148796	0.20648320886371888
0.044988979098109935	0.33568142643446913
0.24875149816059702	0.43210147529596843
0.43278298401851656	0.48649817625952457
0.54579987629888116	0.47731404594386795
0.58216025485211687	0.41905301801534878
0.50652559259728214	0.30876740266401798
0.3567021499554911	0.17725458693750418
0.14145885963858332	0.046387261136772669
-0.087430822306560241	-0.060008174308136167
-0.2839498062137441	-0.10929558327518836
-0.42206006022907233	-0.10603148253939949
-0.45426566354423759	-0.033317216485222803
-0.39892319335627879	0.077117833837688457
-0.24293015216293964	0.21045977648416495
-0.033167843253798533	0.33286079975630167
0.20116325855012834	0.40807356074352658
0.42012316534541089	0.42848276113867129
0.5761346465765822	0.36581766576163099
0.66290895537873629	0.2457972423206429
0.64916959284826825	0.0722648934805738
0.56230258454580806	-0.11742342080856963
0.40669655104385116	-0.29076968563333971
0.22006720840319452	-0.42935666321919241
0.034278173209424653	-0.49948648590794265
-0.12872563553933189	-0.51450302843706597
-0.23464074550081698	-0.4663161280166398
-0.28867920012183879	-0.38553002957067234
-0.2767122016061162	-0.29306215785788148
-0.22245880134065896	-0.20988281058421487
-0.13713913071505412	-0.16511133889084675
-0.044121151925288579	-0.15521800723081447
0.032097595105805322	-0.19314698619696835
0.083685712169177071	-0.25859590851104347
0.090959117767628189	-0.34155369274390179
0.064978321842770206	-0.4240906519410127
0.003303875449133924	-0.48598458244573295
-0.073248426249237039	-0.52410195293526185
-0.14991275423875547	-0.52559958367108994
-0.21097865901352134	-0.49938421624370088
-0.23590058818246415	-0.44674303343252803
-0.22441802138750816	-0.37769153193221167
-0.16412902774788835	-0.3014276444328946
-0.07091228644060231	-0.22169124572750337
0.051002270305019269	-0.14565140483996347
0.17907033252674062	-0.072218471767420647
0.29440586393621399	-0.0026538600909106029
0.38180411128244474	0.06292655191731078
0.41897512256032782	0.12538687390854283
0.40828845774384676	0.18052572853108417
0.3377995378038321	0.22635045251645489
0.22816082774463703	0.25709901326628987
0.086600269669258642	0.26700888854851984
-0.058553146747403938	0.25408888399577795
-0.18275013335163773	0.21271474877392196
-0.26742364347688713	0.14802313005120835
-0.28386850749752446	0.05997327624627169
-0.23794980613705322	-0.041526867226165089
-0.11568690595716846	-0.14955403828515842
0.05208822018233266	-0.25519493851073582
0.25189627721957164	-0.34804771833114034
0.44565986519909723	-0.42565476912078148
0.59695383026359683	-0.48089285301841495
0.68734213905677588	-0.5173570081592449
0.68016177551041157	-0.53448906451960909
0.59366853390297614	-0.53762540871486231
0.41899811704606071	-0.53117892970860625
0.20084778327208591	-0.51736195043243727
-0.031829712071910675	-0.49997253014126625
-0.24066515721818896	-0.47866634882875037
-0.37826802556400091	-0.45395840855273561
-0.44274950626733267	-0.42706880237556588
-0.40459864252202216	-0.39775456726355163
-0.29929134561776588	-0.370919873562639
-0.13869469906394866	-0.35028157557725698
0.035875770604656687	-0.33915865839826659
0.18275017845708796	-0.34402009425586666
0.29112451617252821	-0.35913277603647242
0.32738146569629129	-0.38545006833215162
0.31829107129902273	-0.40938152825614499
0.26801948122463776	-0.4203936597698551
0.21076106549864121	-0.41026898692086422
0.18065940132748864	-0.36370934019328199
0.18203301541224307	-0.29142330423892882
0.24145340214408401	-0.19030479855963503
0.32630523565911779	-0.08649964908948081
0.4253747448254826	0.00075517325014169071
0.50102875983826245	0.053839183919337869
0.50672480049247859	0.045715473715204222
0.45797702685645741	-0.014603654294624747
