% Real_Part	Imag_Part
0.3327371812305549	0.43152305534541896
-0.01313405091814724	0.59730070805230351
-0.23100294049415562	0.51691060968957325
-0.32790807595206922	0.22186356791396306
-0.3379357009878089	-0.14156582663790016
-0.23839681761618239	-0.39125891741996888
0.0058052282935274774	-0.39668328323163815
0.32827018546750719	-0.14497225051803184
0.54183118513143036	0.24144922488625267
0.47478851483359608	0.57054998064486506
0.14836331691232429	0.70356427094009966
-0.20203060632739372	0.64858682661650358
-0.31599174946255548	0.53352902884533726
-0.14559657964348094	0.47826241311489615
0.099133619575589998	0.48156690870196639
0.15565592188184502	0.4327404452226668
-0.025236812466281778	0.2418184492060525
-0.22067811810394977	-0.047710847955842704
-0.15376179503936849	-0.28027444398450047
0.21046525165046942	-0.32517376673714593
0.59136731208786775	-0.19611258863882472
0.62894921628768385	-0.033920532834227128
0.22358165523453119	0.025994836439903447
-0.34207728489758471	-0.034182319095518672
-0.62462835546738671	-0.12773213890009366
-0.39425831379032622	-0.17331900249211019
0.16766337932268857	-0.17439692558505851
0.61889479669483283	-0.19037047968090412
0.61192177948183846	-0.2476495708499579
0.14940769440475582	-0.29955678044096001
-0.45300485913877353	-0.28785999207275631
-0.83123841671948873	-0.23192723081468264
-0.82099827193741992	-0.23004332575813477
-0.51099717974030845	-0.35034713240198823
-0.11241074923462258	-0.51986525594999611
0.2007395718902806	-0.54620137544886804
0.35920165470034743	-0.28642022547881751
0.36956393817577132	0.18393134422155913
0.26816198189364837	0.57804639006191494
0.11096127064869973	0.60516519368950472
-0.020651123414969774	0.21910653972575594
-0.047138855161513393	-0.31404055408334264
0.056269159600583228	-0.60584728553527079
0.23056786484636158	-0.4474212629348544
0.3723845122485977	0.02697109500559337
0.41489535003770106	0.44862585977774949
0.37911952454256792	0.506254975362042
0.34820559821478464	0.17543319245013861
0.38879610397806613	-0.29286402448793303
0.48996901608826637	-0.59024673832833696
0.57432066332033405	-0.57817657776730558
0.56243872507125636	-0.33938709981825377
0.43530179737520586	-0.050423187645208881
0.24573996282230356	0.17653436813618406
0.07969921416449223	0.33270025541005221
0.00046439449231046662	0.43088318331780573
0.015177825612866843	0.43729143075905341
0.076283539578479873	0.31266874912787584
0.11049387057808757	0.11423341826989697
0.060789530388415537	0.013359939868282676
-0.074251464891509425	0.15794428282378006
-0.2316558192043553	0.49351811684146851
-0.31280362108415566	0.74844748595227251
-0.24545420449577882	0.64638993150878887
-0.036530701290562191	0.17994862141767107
0.22259817677209176	-0.33232548871947032
0.40525088249303043	-0.49298293634309615
0.42620443572800426	-0.17735691125734326
0.28866836276510632	0.34674832344676881
0.073344943742683272	0.6570878968935473
-0.11732264099584738	0.56214507011603554
-0.21900028217214507	0.26403255828402705
-0.23283855980286527	0.13793717845292211
-0.2083781387736508	0.34132297445700183
-0.20265224180803446	0.645091074220983
-0.24516113035065212	0.65877212427748399
-0.32320498724949404	0.23290522948524398
-0.39050820585899998	-0.36000655515887769
-0.39228696744167213	-0.6552298028119854
-0.29634528439731417	-0.4224037448580894
-0.11905367743219293	0.11827260863797062
0.071928107511389602	0.48948718007574371
0.18026726864770093	0.3747443386094696
0.1321605096673612	-0.12996518829973946
-0.069588732858712948	-0.63976628414025472
-0.3261181170343907	-0.83500556750001464
-0.48090258060407126	-0.70473406534871952
-0.41152013547921645	-0.48777583518809536
-0.11515636339714411	-0.41150256462857748
0.2763891046161549	-0.50192848484799957
0.57450006257264041	-0.61490499468793314
0.65815836006660267	-0.61386707426980258
0.54883438013205155	-0.49482664188729347
0.37848415121748724	-0.35659929287009939
0.2746753750098227	-0.28336595676110288
0.26292048766803783	-0.27388938943052521
0.26279763400060602	-0.26633038776763029
0.17567547257862484	-0.20683558243803135
-0.022654522427089679	-0.082725748806276908
-0.26518214031715437	0.091953059458944872
-0.45681739464676141	0.29272751210206077
-0.54387826579171505	0.47376898473433343
-0.53098028211199355	0.55956349470821964
-0.44341332846017673	0.48068989840838344
-0.29641558288657138	0.23301055612874783
-0.1059178748269666	-0.093511886130360308
0.08624482389038074	-0.36063024022583934
0.21897559220274618	-0.46226823622502933
0.26269406923964217	-0.37415251190564908
0.25705369083725549	-0.13659028576994314
0.2832330739415661	0.18794215464900765
0.37943072799376587	0.52529752725495837
0.48350244430474781	0.77435707739331672
0.46800987806638433	0.81866916787430621
0.25230354232051549	0.5973248579148841
-0.10783267711143685	0.18347170678069483
-0.43796206172675289	-0.22657334330878282
-0.56366069229563664	-0.4423284619909244
-0.43444939582297593	-0.42931452448449536
-0.15767930729167964	-0.33630556502121312
0.076690657674096691	-0.35286450080141429
0.11544094537633857	-0.52018833066563741
-0.072664610212714614	-0.67699237922590572
-0.38633902166802531	-0.604062819682745
-0.65389133799099175	-0.24471334925768123
-0.72858779715164612	0.20704928594101998
-0.57941772888136622	0.44323292558007316
-0.32196941193263479	0.28763300582330037
-0.15252671180628735	-0.1591267910159507
-0.20841314847452452	-0.59963414604415255
-0.44700544291123334	-0.76354879886028781
-0.65291457352140791	-0.58460434879484124
-0.59755800191280584	-0.20166935758100804
-0.23950012328428602	0.18017106814820966
0.21210116926806558	0.42890582403214084
0.44569398597577281	0.52493614488887419
0.29979323640638378	0.50688454041809428
-0.10172875961804194	0.41180974484665506
-0.45210925776254279	0.26693917463885097
-0.51525504338853412	0.10914730508647329
-0.30254611084788352	-0.018078139672959792
-0.021181988166060248	-0.10189362634120688
0.13844848328123679	-0.18426350707031369
0.16312825420495888	-0.32772312465994252
0.17719179023987233	-0.54131322522699343
0.26459062706191727	-0.73759700751831281
0.3557762368624634	-0.77551513535419669
0.30281356297024326	-0.56906062246659861
0.062491795998494887	-0.17469049660674393
-0.21534363957735575	0.2203373038064797
-0.30230546560638127	0.40430447920114526
-0.10656935582853483	0.27123718445796829
0.23126378278968637	-0.11511493974290485
0.45945199590698277	-0.55862356157236503
0.44315915841085085	-0.83992895225826203
0.27810692728211645	-0.83153948672490208
0.18277323168697759	-0.56169672915730073
0.28235263241391084	-0.19422526428945494
0.49296156196142327	0.065110951386525617
0.60862689341412013	0.087267198533059268
0.49308550881486796	-0.10043134483086655
0.19278508190857641	-0.33186335460715316
-0.12341887731960045	-0.40984381544843251
-0.31669224184113232	-0.24082760743638695
-0.37263984805402811	0.098487582351484929
-0.36348688516337413	0.41277055364805471
-0.3473402816008761	0.52186572173389423
-0.3220926851286493	0.37418392956432023
-0.26490098472675172	0.0633435994067649
-0.19406563885461248	-0.25483091748349435
-0.16907648846697099	-0.46445111269287337
-0.22411915887043224	-0.53977474480238063
-0.31486891193617178	-0.52164070552878616
-0.34380349707703045	-0.46664270737675351
-0.24319882025615858	-0.41843100033519776
-0.04011216030701184	-0.40748704023305504
0.15671515630805302	-0.45192388627339708
0.23134349683443678	-0.53657699642168832
0.13201818510392424	-0.59277862392419201
-0.10601781316575462	-0.52101116766210209
-0.37882262344046225	-0.2626646423313943
-0.55447812032958432	0.12537486009492629
-0.52496934547506724	0.47103052972941145
-0.27016468538371913	0.58387258373046302
0.10155779973508008	0.38718518493006432
0.3927135287630652	-0.020501444906467273
0.44050702813527687	-0.42748079086435836
0.24576685545256621	-0.6530168617607649
-0.01436234216599141	-0.65529082615577983
-0.13119748426780806	-0.52570888732109811
-0.054601665265839788	-0.38881765169833432
0.054292338790905829	-0.30825573163296205
-0.020377403419389144	-0.27486945409352415
-0.31754612884746558	-0.2663704729821379
-0.6184885032188514	-0.29013788191851114
-0.62319108240910026	-0.35927412350038096
-0.23510507243242862	-0.43759329252714962
0.31264179089184135	-0.43417021816512835
0.62699397369484589	-0.28208936469483531
0.48017103453852628	-0.032207807933658912
-0.0035680264126084485	0.15263817227912516
-0.46878013166758714	0.12598649188351674
-0.63711745725050817	-0.092638011529846576
-0.51549250899713983	-0.30423715972490573
-0.32878854691907777	-0.2887086941062505
-0.26941164100835108	-0.009399462206645965
-0.31879769518569812	0.33052340460598117
-0.30646563274493899	0.45098294813425011
-0.12225117642892654	0.24618213859111124
0.14937397202710836	-0.10732313456187448
0.30275665576952887	-0.29368245188082709
0.21199589881682601	-0.13030031659674174
-0.052386559951221198	0.27399463893056403
-0.29789615508360584	0.61480896356298276
-0.39358203631237459	0.65804163756623291
-0.36947753537119299	0.43181380821605336
-0.34550443488204569	0.1807948450155312
-0.37960132867877217	0.14002603514769435
-0.39961880560004082	0.34200576868653793
-0.28677803206882502	0.61772305106705427
-0.018198614120426167	0.76511438158973155
0.28212052828521722	0.70570330751798716
0.44069352081403435	0.49772518036532176
0.3844744360314441	0.2308681927255449
0.19909719500076575	-0.054377299255004174
0.04294100314174526	-0.33868588658701065
0.0097743849914669074	-0.54782289744596557
0.065777353348028311	-0.55485382444709108
0.11173019216189335	-0.29781890904022212
0.094113151115443244	0.10223531313526932
0.050370010757444218	0.37361310933508657
0.051995494319491346	0.29491827585314356
0.11133147475535962	-0.099168133458735166
0.15700393975338878	-0.51219012943049702
0.10361089562216394	-0.60899213466907931
-0.053277209305171165	-0.28910673330654962
-0.21572728604923452	0.23152521702478276
-0.26049018137382784	0.60168461931232209
-0.15026183869887019	0.61374611222898756
0.022153382254449173	0.34313601120081355
0.099099008203148375	0.045279760772024696
-0.017728849725631737	-0.07222824363854477
-0.29107586480337383	-0.00071389323639333931
-0.57623937597368191	0.10343493728104884
-0.72727913918222298	0.074740904051385448
-0.69417665408401807	-0.12860819750093955
-0.54029136471155992	-0.40985481947534291
-0.37746732601707167	-0.6116564179146553
-0.28232332751756534	-0.6149986043216944
-0.25684212190637867	-0.40011101363456314
-0.2472699185495241	-0.056249180054887937
-0.19247905860827338	0.26129278397880629
-0.061078128746353488	0.41259093544915282
0.13853863485982515	0.35886017388502622
0.36299220109790614	0.19025234629290128
0.53838593365961396	0.055241276420942988
0.57773795580348519	0.040122900199589542
0.42304377532655785	0.099606313495166424
0.10087868101049884	0.11194216850860024
-0.258068208440139	0.0054259156657455853
-0.47132630726781766	-0.16526816159595453
-0.42077308580636696	-0.27555548360600379
-0.14882549706895049	-0.26396778173836294
0.15172541940994191	-0.19819996500403006
0.26229088245873255	-0.20269307642528345
0.091690508151649808	-0.31867108473126399
-0.26015877943248772	-0.44537196832110287
-0.58095790550742143	-0.43058820854703767
-0.70041369923691488	-0.22124414787375024
-0.59621073058856566	0.073062820748496543
-0.37754970229459028	0.26283310751866845
-0.18309197507037164	0.2308470327916107
-0.08963398332105775	0.01147570059999831
-0.097091968502191345	-0.25141862176950008
-0.1705091086755807	-0.4124577175775378
-0.27765456516047182	-0.40307871651256277
-0.38662331757214824	-0.24078169206395897
-0.45009000913243047	0.0041978680908324609
-0.41201940433110162	0.24603228255732612
-0.24388007269785694	0.41573184226932308
0.025055690213115045	0.49314175807610128
0.31834749520896555	0.51409077131918735
0.55396583231654173	0.52613823923194747
0.67851077165944207	0.51876019381894256
0.67762946208689412	0.40936493451255745
0.57178979107798944	0.12487179539949353
0.4124201218391777	-0.278273538622343
0.27350535497515321	-0.59552080355424863
0.2157963955732686	-0.6139076045211973
0.24188118907309247	-0.30954241345063543
0.28632556975790285	0.095495999848602311
0.27150159001882701	0.3023451930833706
0.19171753342524347	0.19539029984760631
0.13463475598315655	-0.05264545985152401
0.19945933197906257	-0.14684377904711918
0.37660267912807627	0.044062060728373653
0.51722871347543931	0.35239723540075213
0.44376437795202561	0.46649178605180336
0.11628945008345271	0.23216475821456814
-0.31036124516317065	-0.1902987518190741
-0.60604888018273462	-0.46457946689680552
-0.66075771664212868	-0.37725162890521552
-0.56680155820122757	-0.020993315528498677
-0.50987029714455845	0.30182356285078971
-0.57501963266724698	0.34974434383418324
-0.66315350040643939	0.13245915008892417
-0.60304058109449998	-0.13843518201529093
-0.34298867521867432	-0.26582367327026957
-0.028218133750214893	-0.23386441839756886
0.11901431623847726	-0.1841854534191891
0.00058058684186068675	-0.25167593272359279
-0.26234185507229518	-0.43357780389146633
-0.42982834936887004	-0.6102533059383991
-0.3427336144370009	-0.67081629976921109
-0.045196081130548203	-0.61047381940520185
0.26070864393850068	-0.50652994933632134
0.37327423625406814	-0.41564701618843125
0.22580007905179517	-0.31164039962350182
-0.090471826118135076	-0.13241451836809676
-0.40419716277431444	0.12245037454998896
-0.57282766105356087	0.35620141358772145
-0.5577928035057802	0.45466780218469804
-0.43717051160074039	0.40513036189509477
-0.34789795723265132	0.32278602766369879
-0.38892575319632294	0.33786767712050297
-0.53798561951733814	0.44679975363894792
-0.65257789437963043	0.49037105060603031
-0.57634629699087359	0.30541808545787541
-0.27945324025330537	-0.082676545893073411
0.082413244114259779	-0.43012995447170721
0.26458104406521865	-0.4701830308266316
0.12459226354984927	-0.17005438615529209
-0.24950947073437513	0.2058830940432122
-0.58885199351389561	0.31465245065055253
-0.64017082587023122	0.051988244519754284
-0.34924972723116632	-0.33782100540501186
0.11387633090595657	-0.47643264905361299
0.49495175567522481	-0.20654014682206018
0.63020699669133518	0.24769204389249416
0.5224382942061524	0.47606722042510402
0.29074309916326396	0.25364457180332151
0.071474115024333026	-0.2528692415056733
-0.043812972832773779	-0.63253743789379602
-0.016100982826689047	-0.58690740797882113
0.14421390943163051	-0.16743828539518701
0.36371047250779559	0.30759380253292229
0.50603401896126543	0.5443210889691833
0.43314906685207777	0.49710015819109388
0.11240340745171937	0.33865551021647083
-0.32002586171956021	0.25345963295465357
-0.61787267682819325	0.2724641626770159
-0.58785728523527914	0.28931158919933953
-0.23299574307797524	0.20367075779283225
0.2431156148986838	0.031060075976985485
0.58407447956828562	-0.11926528064448166
0.65965798201762671	-0.14957739403442788
0.5331651625132644	-0.05054970964189634
0.37661278335531312	0.10858949659431043
0.31969430973311558	0.24148978553311384
0.36350958422947766	0.28748564397121029
0.41610210668321113	0.21982990900773514
0.3980810624455961	0.044470103762242037
0.31215225153029669	-0.18978559985696625
0.22604564560891627	-0.38728221572837762
0.19901906221347684	-0.44463752120650796
0.22661933980412108	-0.32068943700772062
0.2481734832299109	-0.085381942913582268
0.20188485268082582	0.10834255230164076
0.076313811128362913	0.12045112160070477
-0.084204771156718899	-0.077033539011227101
-0.21261264960081089	-0.37234105259199585
-0.26292741459110852	-0.57987522625628962
-0.23845987619265493	-0.55982856319920071
-0.18778757020788051	-0.3106564983522731
-0.17446498402427624	0.024361769447726018
-0.23669215543949407	0.24273061595735385
-0.36013832029022352	0.20773206671022143
-0.48848660432845215	-0.062524581842158269
-0.56339649792351021	-0.40602238275531988
-0.57010739303967284	-0.6219279115841575
-0.5477480825707095	-0.60114328761678093
-0.55054705538466675	-0.38645904737374076
-0.5925292697107698	-0.12547631851853697
-0.62345908173244757	0.040443576196814393
-0.56658157449027247	0.062632100701724161
-0.38744705654950123	-0.0069719254829637292
-0.13392385128976894	-0.072873807909708016
0.089164767284254112	-0.058160070798712396
0.19271865367895472	0.066955865936145609
0.16505812048385865	0.28507098893694544
0.069741090834228428	0.53382934606522026
-0.012433090488259028	0.71726126663556278
-0.047936998053138079	0.74291078762042917
-0.068782723855199082	0.58287699641565294
-0.13185031041749784	0.3073486201675491
-0.25901082886534282	0.047618276163848831
-0.4104568039987217	-0.1025744018349031
-0.51035360613299485	-0.15980792008715011
-0.50110898846310015	-0.22647401328463593
-0.38499668336992604	-0.38058446537613866
-0.2244472834737874	-0.58103151844741807
-0.10567560643036229	-0.68544630068511803
-0.095079807595524743	-0.56874464015574688
-0.20679961394858862	-0.23957117603282507
-0.39011668386004766	0.14816674021034107
-0.54001442540477806	0.39924874169118307
-0.53945487425823535	0.4046437000396983
-0.32381590065468702	0.19987788744794507
0.058070367517453265	-0.069005050899772935
0.43607894639754807	-0.23375281213404459
0.59701995816632236	-0.18834011958019159
0.42380201001485535	0.057266778316033551
-0.0018428869263521007	0.37746614106083282
-0.42669789832418459	0.5946171172407555
-0.58721531123675408	0.59214108214880057
-0.39801957465351734	0.40697566991970091
-0.017298834693687801	0.21570411173375623
0.27228155793701059	0.19428322729275477
0.27591805289734533	0.35567181365096623
0.023839190389740535	0.51629019905388085
-0.27607978399676464	0.4523314474799246
-0.41921071860133013	0.11679430365845468
-0.35697239331649172	-0.28511799139910476
-0.19937188522378452	-0.45880291912651661
-0.087287041058950465	-0.28259144644999601
-0.074399897886658004	0.074703921945179386
-0.12143136188641461	0.30340422641283771
-0.17839036955861509	0.23531088148942481
-0.24806145277728467	-0.0085720444134343449
-0.35548400689214615	-0.14581694539981638
-0.4677573770952877	-0.011364240847359831
-0.47496126004132888	0.28392782352913853
-0.28215876057911843	0.46476612424120894
0.068660214564157079	0.36082427101930192
0.38248409863068095	0.069163270415491238
0.44075467671315555	-0.14473562282428948
0.17864520217167038	-0.10074139327380857
-0.25265420058091087	0.13015671019349831
-0.59877134396732579	0.30263531469860011
-0.6934173612177903	0.23322006605524795
-0.56281211557162714	-0.03787899514842008
-0.3601489606247763	-0.30157242729299155
-0.20755079778878641	-0.38234132766288353
-0.10095764510439943	-0.28947571762620083
0.043801162550029089	-0.17705524045526622
0.26702015699694304	-0.17362943038687356
0.49463162569138924	-0.25923044127294104
0.59172297482518443	-0.30315626676329793
0.48905795636442845	-0.21138846267293024
0.2551577667932623	-0.022592221688645858
0.048023323967374638	0.14733207799069728
-0.006392943389912204	0.24184354393880012
0.099142450299218851	0.32453282790330101
0.26967173474369005	0.48449388457099712
0.39585433811004961	0.68711398714616689
0.42679952549227784	0.74438670692128939
0.36881140276938068	0.48002379530288836
0.23893701868163683	-0.056065858808375009
0.040465580663759708	-0.54912842208096813
-0.20923918877652356	-0.64840166698035584
-0.4381962270024643	-0.28077947080135757
-0.5348592795030821	0.24914255146339281
-0.42948446216892261	0.49888229576652332
-0.17572706178617697	0.27226845980796677
0.058694122087352064	-0.2066163456103334
0.11123739355282365	-0.50895075989620997
-0.037389100745876022	-0.40877405138684486
-0.23461043356460667	-0.092945891692486446
-0.27152896117869701	0.040155526672714957
-0.056135937868238728	-0.20154038949993935
0.30521846180429335	-0.58907791144669774
0.59081990545576868	-0.68627028362176246
0.63713907889879118	-0.2935036833609096
0.45722097351849433	0.32889541787314563
0.20652799966322249	0.69281935946836615
0.047418293988239074	0.55244364180433858
0.033569484095113386	0.14284544973760099
0.11119751931735876	-0.059938337785939912
0.2048995632541023	0.17598639354275106
0.28703728005137458	0.59340971369831275
0.36858963079543905	0.70032755781414946
0.43609908342815862	0.27534058557036867
0.42463655272281337	-0.37913891153760471
0.26706087876869983	-0.70075322229902937
-0.02937287473236801	-0.39943044943289535
-0.35902022913945941	0.2601937644489048
-0.58342384030248451	0.69889681817947724
-0.62877827615425785	0.55248059258465931
-0.52909503236030109	-0.021749608670322877
-0.37653848539948359	-0.53560860574491753
-0.23614927167926336	-0.64514946947304785
-0.10316226854067634	-0.43689422674243256
0.061623248871947554	-0.26734371807072504
0.26670362743021636	-0.35349195358301061
0.46161322634347191	-0.54897112741415599
0.57161689231873103	-0.52262861999433918
0.55432990289000572	-0.13328867851550261
0.42500074285673778	0.39358636786835555
0.23111368535546817	0.67369695850164846
0.014533781417931293	0.53576864973021221
-0.20124120437847018	0.18180731419937043
-0.39675648316471862	-0.025941321946704558
-0.54032365504748869	0.074338770527872508
-0.59694696267724601	0.30085261394311319
-0.55262478126807713	0.33406812999980012
-0.42522808247731436	0.05593315773417163
-0.25548991827089418	-0.32490864522582669
-0.092653174657926898	-0.48171159267844088
0.015020377183838573	-0.29532070432035029
0.028779992624956782	0.026284614487658901
-0.058710188427535254	0.14974065068287482
-0.19807700497025893	-0.063980082668946947
-0.29427084036609819	-0.43101393150350403
-0.26888787006851034	-0.61446800212884523
-0.1360202235072161	-0.42478777321992278
-0.015001522971176656	0.026524704728908537
-0.041451216110474857	0.44065167830806878
-0.24104008074643149	0.58137130612456056
-0.48738086272219622	0.44245314740599112
-0.60402800115748412	0.21134732885846352
-0.52882912715867891	0.099864663338403922
-0.37973360066664547	0.19231545182553514
-0.34529039500209507	0.41224533032662414
-0.48865644894167715	0.5975495771125775
-0.65941077834875761	0.60688433630501104
-0.61682376426628549	0.3982514057694474
-0.26083835584397547	0.053570832276063574
0.25115758038355501	-0.26523086479762165
0.62073812273237849	-0.41021437348012652
0.65854527890519221	-0.34633103099025098
0.43213879198010885	-0.17626686940235742
0.17512485157676705	-0.057803882972398558
0.057627615267280559	-0.068448268190013248
0.045603700355646454	-0.13587651738782425
-0.017293256843425905	-0.10977716020899241
-0.20898679295600198	0.080339821050920357
-0.4205851805236564	0.33077060837642774
-0.4563572624626569	0.43456723455218133
-0.23001273544297238	0.26281682629706293
0.14283487407919088	-0.10702948198433021
0.44896037444775239	-0.43873886483607166
0.56519887368390376	-0.52350995829860647
0.54320257386988358	-0.33763157724848025
0.51772780983037758	-0.037465788042983957
0.54837344079193573	0.18562869725919151
0.5593921299374488	0.24846131587048534
0.42674458844543672	0.19629716175697368
0.11579376122437571	0.11382396131592608
-0.27171757856835249	0.03855281155420226
-0.57273787133899079	-0.037404586807217755
-0.67914734380674158	-0.10288954074736287
-0.59324903833746345	-0.097138819152039146
-0.39772270680081795	0.038658622812499377
-0.18765806507296853	0.28007646516326606
-0.021789436853883098	0.50789353173467278
0.092612116045530768	0.59714391819161972
0.19337942525084714	0.52753315253368704
0.3342707957724434	0.40404845634088071
0.53246890955819726	0.36143313467285909
0.72241534007719155	0.44102922601515804
0.77385539038325257	0.55805468555808346
0.59406182949093578	0.59288312210537653
0.24105454147912014	0.51200363992958031
-0.071309453948718002	0.39970626358689559
-0.12264125014504701	0.36656279301825184
0.12302511138129073	0.42955221361484619
0.4621169298157583	0.48883434043928281
0.60448839124158982	0.42741048780779539
0.41489334196312166	0.24113522269847412
0.025018996478984104	0.063643954454823154
-0.28565034726085609	0.054804246505532526
-0.33455091537424481	0.24784510538596674
-0.17903258905757971	0.49741649646801972
-0.037011220790767074	0.57881801243717634
-0.075453608420933224	0.35909914150845157
-0.26685339473347197	-0.098188149725973325
-0.43411224494134659	-0.57423005696862095
-0.4170671557265711	-0.84315805109966746
-0.19968348747490092	-0.81009620101596713
0.10457707614145509	-0.54724240165834248
0.36034586915970962	-0.224940384240645
0.50236982148584919	0.0017922723283726974
0.54629466312874231	0.074568723729047048
0.5449555659338694	0.045077909730708458
0.54348065397860179	0.020373373007821653
0.55501012493645674	0.079344508581230627
0.55147049290736005	0.20865514036483859
0.47044961255279094	0.30404444383013379
0.25825527461130932	0.24441137600324078
-0.061640514148662826	-0.0050987923451811861
-0.35324845901339086	-0.34035243210018312
-0.43357368207647246	-0.56694874898467562
-0.21244213916196886	-0.52532831808066727
0.21236060662664275	-0.20257871486532955
0.60835419019329884	0.25070528024499383
0.7792608416425757	0.61244490551502517
0.70089700439306013	0.71901192587781293
0.49346036785446695	0.54583170099051581
0.26633388708414624	0.19706732683702727
0.013258869760971122	-0.16296614899544595
-0.32168680070874167	-0.38763196716361775
-0.68439576285628967	-0.40061168790644341
-0.86102616500389451	-0.21616556993319258
-0.64452215168147631	0.071681675735405501
-0.079416115346907734	0.32941467513441719
0.48670821753193122	0.44874739782128042
0.65109556201309937	0.40212295957163358
0.30777276479136034	0.25412031707018901
-0.23151297741148916	0.11687494015084482
-0.49477253525330817	0.082208869065271195
-0.26675712720016903	0.17553983861968808
0.2187414986829323	0.35695864792096399
0.49473692973476274	0.54846392312874892
0.28915113120044877	0.66353319368825336
-0.23718461745967129	0.62958810190173975
-0.6508050450489975	0.4159375153868442
-0.63787035667320069	0.063555334564991156
-0.25649512977073791	-0.31327317104723651
0.16593706088561963	-0.58233620294369448
0.35055661118911247	-0.67513064130414158
0.28603729542505146	-0.62620665168423684
0.16226327009570254	-0.52723553994054428
0.13307243291120671	-0.43463843691519155
0.17132828420497451	-0.319519096702991
0.14479024079928735	-0.11618123951290102
0.0030378830520205553	0.17788038566856035
-0.14355179365373089	0.46048667432775975
-0.13123638285072109	0.59898844292248865
0.087892106488044547	0.55372147175374287
0.39106041065315439	0.42392716862360907
0.59516678091615249	0.35416493367010804
0.61259531353147734	0.38828441779738221
0.5005618338908423	0.41664265346614326
0.37584338889300661	0.28596632784749115
0.29632716561234551	-0.027095108094330685
0.22459281943033724	-0.3517667026919844
0.088915028074890379	-0.44704962712077717
-0.13147241137048934	-0.20809238118014609
-0.37887210133048566	0.2322377587491242
-0.55553954573008058	0.60769867426914503
-0.58564085882341366	0.73432475277226761
-0.46051523883147288	0.64135561262534568
-0.25093911552276138	0.50693533707444316
-0.080125169352917108	0.46850773658106321
-0.061815064751713465	0.49741031920058121
-0.22089555795403717	0.45118152710730186
-0.45026108295217127	0.24018740898137292
-0.5614150838085471	-0.065515565865108386
-0.41982403348489222	-0.29428039549193974
-0.064368456270394947	-0.3370071961410841
0.29393828339839367	-0.24817410301799303
0.41936904031982475	-0.1812181366517816
0.23045132727862916	-0.22447685477004253
-0.13326829775190183	-0.31182965593643081
-0.41598439188914138	-0.30043143219087781
-0.43522048107084693	-0.13570983555945729
-0.20568435154368367	0.070925941801199349
0.090719574455967525	0.14447504809507844
0.24646159574237017	0.030279662445765257
0.16732374119677892	-0.13446655124441717
-0.081902558765733477	-0.1480561723178557
-0.33093571464117966	0.044968020720658253
-0.41011390724493285	0.27741644196804993
-0.24711702629173143	0.31070090206060363
0.088670779164905927	0.077424904021160632
0.42164592211883228	-0.2269065802707676
0.57640878705835508	-0.31276815172270095
0.49180826019575652	-0.073464198003018913
0.26040823580225508	0.29730113194258201
0.05098252832473478	0.47295179234289353
-0.031868814822443484	0.29503348779028282
-0.024110104943318968	-0.077740417130654382
-0.041561969417970933	-0.31300905588570288
-0.13545750832340672	-0.20535345373464847
-0.21377840668914069	0.15167697272537747
-0.12527632389438989	0.47105697458732765
0.1679765781493131	0.53769473445180049
0.50047598784755776	0.37526612325761821
0.60886265462613498	0.16917800783119072
0.35249686641540912	0.050654963612701456
-0.15237305326155096	-0.022717730970466716
-0.6123437841437146	-0.1731837966629218
-0.78302923055661222	-0.41261404339989477
-0.63891061770228486	-0.57558992478686799
-0.34320796540981852	-0.46039650323862846
-0.079277963977934851	-0.049298904610372833
0.085924880759330399	0.41886413922173071
0.18455665721423128	0.61486470632862322
0.23465807951483819	0.38224000738746799
0.1820014475198915	-0.13519388432491139
-0.027367801431986066	-0.61003229278171456
-0.33002346491885187	-0.78465572613110179
-0.53215099426187218	-0.63925666388196623
-0.44807233355715859	-0.35151795646578232
-0.074952493667129735	-0.11659817192035178
0.37057532123835413	-0.0047422175689335686
0.60467090479025143	0.037099008288502662
0.49730129500855258	0.077272774746704437
0.16794320922038328	0.11878834561874219
-0.1239217606152225	0.11825045352782038
-0.19106126285452682	0.064869098240920645
-0.051438343668446039	0.016538337719320131
0.12198303565032836	0.045319524018323357
0.16760884462886674	0.15576242206532756
0.057011226241136408	0.26388900474782068
-0.12119521298640806	0.26943216658758268
-0.27525474195921029	0.15151424364349
-0.39396134856560955	-0.0098329505379312499
-0.51726415930311254	-0.10623983682056538
-0.64681905859265998	-0.099217285974504729
-0.70465046504878925	-0.050515253783390772
-0.5985200725449249	-0.057222754102131242
-0.33141753439450272	-0.15945377158218219
-0.035132568764657465	-0.30789680717404111
0.11990392030033269	-0.41703273023323811
0.063520255018489444	-0.44318323294859929
-0.12071791027889696	-0.41383342406513202
-0.27844506176465922	-0.3840404255524702
-0.32777002677079164	-0.37262280721574342
-0.31946308540323193	-0.34375428916238737
-0.36100915129557626	-0.25034822038844101
-0.48657773459100229	-0.095831186068082094
-0.60688150949824415	0.047990538189808314
-0.59334006762788782	0.087526927216657849
-0.41298851212574583	-0.018618161463699531
-0.17591162369786179	-0.22103856989592277
-0.046466347166763552	-0.40336146702480058
-0.094100475281162041	-0.45258497837743389
-0.22718227065543792	-0.32619310861648326
-0.27015344771064642	-0.0773436219297714
-0.11825298676809216	0.17347598630403793
0.17222819410174164	0.30062552877816645
0.42781947640102302	0.23788366115733925
0.49313449681644167	0.0076802166055921226
0.33685332245693556	-0.29555237386258665
0.051310129522894418	-0.55643988981267922
-0.23386363696290458	-0.69359470541885859
-0.43495691843364676	-0.68532059016744629
-0.52949682591211766	-0.56155700627496752
-0.51366018876052111	-0.37969168973518114
-0.37406326765477804	-0.20051624856281391
-0.10992866930645927	-0.073049144247633965
0.22005081761499767	-0.021703906834379089
0.4928510086195737	-0.03870935328516683
0.5911302601812245	-0.090036954736531533
0.49696448960884043	-0.13120597522242128
0.316925934854765	-0.1281063407862657
0.20138755663180752	-0.065424378078851847
0.21713277476396248	0.056150862494816572
0.29031240774018696	0.21894057277764206
0.2823801439961765	0.38068397054481729
0.13484104800705027	0.47229707038117719
-0.058755051378485933	0.43137236182941802
-0.12880925447741992	0.25967406622174316
0.0081019438742432233	0.053299337631835177
0.2627848031887543	-0.042528393403726682
0.45289053748791747	0.057726787285484492
0.47234848774061183	0.29123170824528033
0.38446564145291195	0.47057222336810928
0.34031949359077163	0.42038350570442273
0.40887094953117858	0.12679781889641273
0.49849114908055125	-0.23419390913842425
0.4583957998160707	-0.41871806620010865
0.25872644037843023	-0.2970697939078335
0.048898221051387768	0.05325010621015324
0.021130861548098866	0.41524751720469633
0.20984541586598662	0.59471270403818566
0.43319885705754491	0.54806912929936469
0.45280374210713298	0.38623574864641219
0.20312707236043923	0.26886906683385231
-0.13366040614537575	0.28569424951024996
-0.28552336799801992	0.40611878741569063
-0.13171242515419027	0.51977625020330032
0.19579861453463404	0.52395217506059966
0.43440247527754178	0.39577961540662759
0.41247022293720048	0.2076019752164697
0.17049720945934541	0.076241696266334924
-0.10348681059818385	0.078813430058691777
-0.23806858663201977	0.18966888876799404
-0.1967710903848591	0.28877998894889234
-0.068855065775697083	0.24261166254156236
0.023287306540561367	0.0081040866253327074
0.013577122676957478	-0.3208146751895809
-0.077586376093952039	-0.56256683330213142
-0.1707061529619206	-0.56556792829435509
-0.18349563460088761	-0.30850584416994348
-0.093255308385548172	0.084161697130909333
0.032596666913991768	0.41664241341812641
0.071357903916652143	0.53405838773523218
-0.056864280172530493	0.39589947997472585
-0.29995825778385093	0.078230983761771386
-0.48112110987366058	-0.28177625887727104
-0.42817978326635414	-0.55824111800441367
-0.12772071348473485	-0.68626069776281962
0.23858829141419666	-0.6703298306076142
0.43169193217929325	-0.55463786092270395
0.35648824434197185	-0.38103936475992195
0.14717385553640439	-0.16890490791956531
0.046651385681732258	0.07290204655412226
0.1848349051525994	0.31587818088197367
0.45237629576366528	0.50078443502225778
0.58767962170795562	0.56770011543272492
0.39687058106292489	0.50320010132840498
-0.078190310865458912	0.36121073179821805
-0.58142984748554449	0.22725402793126862
-0.82248021900058954	0.15492717180823132
-0.669129300304665	0.12909494867246227
-0.22357703590627834	0.093059602283734069
0.2533981459272287	0.015093500978787035
0.49856249661343921	-0.07134117592684569
0.39178124547653326	-0.093632682086414148
0.017569218910008726	-0.010803719457930934
-0.38496820132510973	0.13781497371594337
-0.56040203690932022	0.2525952304374271
-0.39403590406665523	0.24656843454826921
0.013186137064370934	0.10886942919703757
0.40996475680946437	-0.091667595225794804
0.57134453558889731	-0.25450398378575512
0.45465400831066538	-0.30628544456486961
0.21945804332284671	-0.22872402023334693
0.090416269832427065	-0.051233573657311064
0.18241063476662034	0.17378039643381343
0.42545481655370543	0.38964084406276656
0.64010176965870458	0.54537982281403585
0.68067029029039383	0.60626120860841004
0.52513884341060724	0.56630563945514556
0.256191174878237	0.45391885714273161
-0.014345826158870249	0.32366909825370122
-0.20102616876692048	0.23085677574232152
-0.25417689924348758	0.2017306135148908
-0.15918650478160321	0.22213590686850937
0.037474010957555648	0.24862702030631678
0.21182693758743162	0.23777142768463724
0.21052856190987654	0.17202114058767265
-0.033883228800566163	0.067905083372008193
-0.40970075107134579	-0.035285165073921133
-0.66863761041118153	-0.092014885278896452
-0.60659952365329439	-0.064357219365763399
-0.24545962227359411	0.068971543313160813
0.15477398782353985	0.29374820754493924
0.28987836926610999	0.53816542006248014
0.059452679528744751	0.67838061080349144
-0.34665626369741381	0.5942837503961671
-0.60991259961367683	0.26414873686831131
-0.54979534673075436	-0.17419531189760906
-0.26502760817578924	-0.47187382711154729
-0.027379631330029908	-0.42861490114475786
-0.034074709945145457	-0.056809719753618482
-0.24607213611301021	0.39307470541224049
-0.4498631420963804	0.5927409627267044
-0.46160791720636551	0.37717640716984024
-0.27580082947644685	-0.12716953311293067
-0.030816644793275685	-0.59625711817490934
0.14649786714551308	-0.75204288809128605
0.24940366742663189	-0.55493303462561305
0.3534462495636948	-0.19841098414045374
0.49507186117006952	0.068639531481558685
0.60931148191934292	0.12830186131535407
0.59749023960103365	0.03797398802267208
0.44697635486647547	-0.066746615681541055
0.26853649842119715	-0.094500717079003899
0.20621270921495974	-0.037974668653048119
0.30888870852096562	0.071975571456507667
0.48468270251447526	0.21298244513083467
0.58390747955280053	0.35892567154694571
0.52784063706099349	0.44329107000217577
0.36587964692631969	0.37458338547153297
0.22024618404742599	0.11588929906347382
0.17621553420244293	-0.24578022760579424
0.21752173347023138	-0.52973262269830468
0.25134455685620327	-0.58922875980273981
0.18665863388548559	-0.42730277403979289
0.00096455034577387069	-0.19349391533964927
-0.24604499403643984	-0.055261152640154493
-0.44818303905007112	-0.061698833781901309
-0.51043623845928421	-0.12015583702536893
-0.39548820182937544	-0.096254173315519095
-0.14216890145122132	0.058339736372182913
0.15541836421409311	0.26848262352662949
0.39767678570319737	0.40593177448963536
0.52995314311491104	0.39477554979804036
0.56470522053533412	0.25740988843256712
0.55837285575044382	0.082202473457420697
0.56102477889532543	-0.046714668161889343
0.57508347783581704	-0.096880319230231965
0.55594714964940906	-0.09304028325182731
0.44640570228987264	-0.089481938429674099
0.22327932544727763	-0.13157038505399915
-0.074388055089220625	-0.21423753661446676
-0.34953616871157689	-0.26737649228229482
-0.4867118211771253	-0.19329385757568607
-0.40894781309015993	0.042770536693212409
-0.12762546925707555	0.33550836795584055
0.25053415959968495	0.47154582313024684
0.5744748851626994	0.28815314926654889
0.73051845605777532	-0.15632087810684217
0.69801536833377253	-0.56784903768560346
0.5349237453567095	-0.61922940713070485
0.31191706310597006	-0.22941703865934401
0.061213148351931132	0.33068265857278473
-0.2094682494395988	0.63061728439174836
-0.46323323660609644	0.42903572077779284
-0.6156044209435122	-0.1282328028208245
-0.59405943565012131	-0.64138795012017213
-0.4246270673778394	-0.80637817580827509
-0.24419471038076535	-0.65408232190262994
-0.19688353868004974	-0.46511421668102015
-0.29533692518209337	-0.45423221450678125
-0.38724467482285679	-0.55233348782401936
-0.28721924792064935	-0.49961659626924704
0.031682018979780603	-0.14723059244295675
0.37086576094470813	0.35057005646747835
0.45225987870409934	0.66485848731137753
0.16524477377329908	0.61005073295000078
-0.30721785420765096	0.32595420201479247
-0.61678798654172284	0.12879116532164558
-0.52942719041851727	0.18735199603383274
-0.11840314161526523	0.35721508587153494
0.30240598925247081	0.35059297729009598
0.43671324264699118	0.064974452327108148
0.22623249590800293	-0.27915574638580565
-0.14698239423470097	-0.34821456320575633
-0.44475401876848153	-0.045047937375127668
-0.55079903616342796	0.36632914269050482
-0.48813437503269774	0.50219996505147657
-0.31203664766883837	0.23289978303097514
-0.034243564221272511	-0.1813723318713531
0.32756403732360867	-0.33472873534142389
0.65479342984738298	-0.063199745976887836
0.74349877818204335	0.39914901046854001
0.46913991845013842	0.64284944999507165
-0.045742126435712731	0.46020055028059492
-0.46011899381082921	0.019848730502186655
-0.46577457667825989	-0.31112259594626213
-0.058033618635874439	-0.30654781671646614
0.43622647139593873	-0.060436970068571384
0.61853795645460374	0.13773145029343023
0.35199481180452274	0.081158122012902539
-0.13352454080931003	-0.1856333918804989
-0.44862964489292756	-0.44202653411749371
-0.37548090315310084	-0.50487548639378088
-0.027876061200691402	-0.374997555094158
0.27485411446553804	-0.20955475318259875
0.28022243633777366	-0.17644406828885237
-0.018595683119894214	-0.32724938968159145
-0.41664323587696578	-0.57492285516890529
-0.67064172877838102	-0.76389969989467432
-0.65422207405319599	-0.76676722887943038
-0.4014819206622296	-0.55234504652279481
-0.059769412320617721	-0.2057269101623794
0.19824791730275648	0.11000096966117644
0.2648509587904232	0.24230141528787316
0.16259886219966269	0.144714678033457
0.034041226842207083	-0.082172220600218351
0.030467761316904245	-0.24895939146932683
0.16507209135755374	-0.20379804867620346
0.27183107979871829	0.062000662703673853
0.15185540009369597	0.41239929561204125
-0.2009242788786321	0.66477538137077663
-0.52379271913630698	0.70575245980883694
-0.490907435377479	0.54173431763542179
-0.040093219955764585	0.26525746633319131
0.50141388261366959	-0.015893320240905708
0.66705538431084688	-0.22177637433745312
0.27936592821134554	-0.30697294556741206
-0.35008952274483679	-0.25681668621434522
-0.67871352603057733	-0.098014903775323778
-0.42708316765139503	0.08686621364735736
0.1559465242449227	0.18144663196483937
0.52535609166321917	0.099676129718825723
0.35338695110589036	-0.14449658769119422
-0.16834841371656989	-0.4258744920222462
-0.52515966062271335	-0.58078850152534489
-0.36855062387357473	-0.51983275772781745
0.17883101870379975	-0.2932444266186387
0.67886506793776835	-0.052980562388157085
0.807959229039939	0.0614870620685899
0.62657667798352135	0.017457508596550628
0.44818776142688987	-0.1116148053527487
0.4825429240523561	-0.23016581355552371
0.63636084581965957	-0.30321423813505549
0.65286144844306881	-0.36023123974861915
0.40912851899600039	-0.42824465736897516
0.051836778305133217	-0.47712062809009631
-0.15737378021729842	-0.44407372639358716
-0.10715100650276273	-0.3117460941248289
0.066938670821386367	-0.14449840026451977
0.13965891731869223	-0.027062816280775462
0.028500731586494112	0.033986248027815399
-0.12941718029734356	0.1295147377477365
-0.12312704167788112	0.33951313840884223
0.11707703629331487	0.59926895391652069
0.43953378702656137	0.69941098848747008
0.58750842131161751	0.46228172648811838
0.3996977923923406	-0.05185887107876061
-0.067513701729818437	-0.52762664222994204
-0.57718569740312475	-0.62374521425648366
-0.86254047980946036	-0.26272773474061967
-0.7806318763608483	0.28539370676649306
-0.38506200012128777	0.62280614503810361
0.11578008647623347	0.55591901271948951
0.4763968494575696	0.24189958376280971
0.54557120660195435	0.018936895628384541
0.33742208245570854	0.086181997721671497
0.011052915383404069	0.33084872618492589
-0.2240356454832115	0.4521345269661331
-0.22221756208071516	0.24949160574991999
0.022988715786254343	-0.19710690669426678
0.37694285610316702	-0.60264878862890037
0.62937431594773596	-0.71928175051010013
0.60392234566275049	-0.52366737974904476
0.26885523920915261	-0.20435910815255792
-0.21751006476310034	0.009923445159796861
-0.5792106421313058	0.018642442790405122
-0.59626756799836489	-0.10525163720288744
-0.26533402433445957	-0.19843791470110017
0.18147838994422646	-0.13392426992056605
0.44406098716394826	0.097559195477699007
0.38109923183104621	0.38691521402597029
0.10632987648383734	0.57449689957628991
-0.13055298954088071	0.54521068633120195
-0.17260476341362849	0.30292438286309836
-0.077833591519644543	-0.019454917064297007
-0.026877052295677821	-0.22738577017541314
-0.11840850557428349	-0.17877735521440002
-0.2638834597390714	0.12836912532035785
-0.28983207794449312	0.54344191302834954
-0.13353325057792645	0.84370167961203069
0.073404796646465958	0.85962212195511301
0.12448657698635947	0.57910221643577775
-0.054577503716665976	0.16773382242211562
-0.32107607849436709	-0.12117371101676765
-0.4339198401497702	-0.10951809394819835
-0.26367760371109067	0.17508636766739921
0.098977936979612949	0.50180382889657382
0.42201453182118537	0.5977093536080772
0.51280519377247091	0.3544333151843862
0.34884716816621331	-0.085854708773636171
0.069807490281357715	-0.4482932693963057
-0.13080349805309396	-0.55381885475816106
-0.12670716491995448	-0.45270489854739154
0.075802163991765273	-0.34035934504414139
0.34571996955781947	-0.34359796887236527
0.50041772520311179	-0.39057604428984671
0.41573195251892636	-0.3029682992764805
0.11510821111568495	-0.012171300305181798
-0.23179955938971378	0.32806563511199094
-0.42742908390739864	0.46442636414420574
-0.39914281518884392	0.28453506298030062
-0.25965932571413769	-0.063367978521228913
-0.20056607744646834	-0.3028714211822669
-0.30594741380146562	-0.28335688554137828
-0.45904685863885925	-0.1097098911995175
-0.44499604413562882	-0.022241046721541289
-0.16778392830983854	-0.15800869819063618
0.22670756715506848	-0.42535819758514076
0.45069551330507679	-0.60573310535057079
0.32012871638012486	-0.56563087086637087
-0.078584764515013991	-0.36998022512432333
-0.45434948996175878	-0.20360285463250566
-0.55189480496823085	-0.19579991628688173
-0.3448064288075513	-0.31606404930869125
-0.021848499080486049	-0.42039832208009603
0.19965559914968217	-0.3805649537840976
0.24284432325386393	-0.17904486859310242
0.18035088950145647	0.087994553442343609
0.11029690315558759	0.27736843450568627
0.054607443853667344	0.28099293172352213
-0.020488061933383834	0.084209962133193525
-0.10712771629443264	-0.21226262468675455
-0.11909240945842207	-0.43056214633148204
0.020891384861500831	-0.41396719710662072
0.26032909436484308	-0.13435844309034062
0.41108523298028449	0.27022029770656081
0.29736551996882166	0.58220308373369301
-0.06787207050570114	0.65867825451080908
-0.45983050029877237	0.53275395059821717
-0.61546631602430835	0.36806859150473675
-0.45984666655458023	0.31074294566217892
-0.17222535268765732	0.369581265349125
-0.023585887519920124	0.43283149241890623
-0.1317414104335245	0.39026146832067249
-0.35954695182059204	0.23316774439672422
-0.45215278222275812	0.043114372985116299
-0.27804420215901204	-0.10787858551244588
0.05092393896010923	-0.2260065929623358
0.28885617766407945	-0.36074138286609975
0.27750296389981993	-0.50940118695905401
0.074915645158175712	-0.5741801099918431
-0.1235394919746967	-0.43672451811060531
-0.17423356897853934	-0.0855577602938285
-0.10140204783121839	0.33186064781416286
-0.043568302245872208	0.59633975877248158
-0.10615123098295305	0.57807639621257267
-0.26907456706968735	0.33119517050621516
-0.42554983731394375	0.04081189191698386
-0.48795888550654543	-0.12389669521014347
-0.45457148672794334	-0.12371940808205389
-0.38240358130591373	-0.039629912963476337
-0.32097641661834525	0.028901847015075161
-0.27942200522819222	0.047332261950252634
-0.24447822317065068	0.038325217567213556
-0.21446628696048706	0.013913691612104
-0.20813155695427471	-0.055680292793689405
-0.2448785720866874	-0.19626403730866215
-0.32850248632998313	-0.35736694887128878
-0.44108480169525305	-0.41663446285134087
-0.54258569290117808	-0.28285840421166158
-0.57303087325160917	-0.0046835971028219977
-0.47854206244921071	0.23887759171824965
-0.2623468030557472	0.28320809893960852
-0.023404320706288128	0.13522670296863865
0.080706030849138466	-0.015504779858006634
-0.050998583415406973	0.036451377902209252
-0.35399093819065497	0.30915213041573425
-0.6076229934828371	0.58816357615602866
-0.58939622259089652	0.59873598809999395
-0.26190327706642413	0.25059990792434778
0.1755771949597818	-0.26140684120821817
0.42976208913204483	-0.59509604167078389
0.34333937492450456	-0.52014419109380949
0.018625755488685485	-0.086317585033698699
-0.2675684513794227	0.43120884533073528
-0.27834495039901297	0.74383355416570596
0.012351686310730041	0.7419811366079061
0.42239351527658892	0.52959797213851123
0.70956872009362071	0.30686219770907142
0.73667135175873222	0.21496146279178033
0.53887101782411773	0.26364828797695677
0.27135525183128034	0.3641283837245376
0.096549529836612566	0.41670617899448159
0.094715324056607583	0.37661170189032928
0.23809102091624432	0.26881507393781351
0.42489432471429817	0.15722114230293871
0.54525940315865451	0.10128700953483584
0.53805110232675313	0.1223274963157978
0.41728054147367355	0.18722404649501831
0.25238583028401906	0.21564176451822739
0.12256743212493784	0.1162091658181532
0.066978669254417769	-0.15319823121437362
0.063328142645699415	-0.52998833930498879
0.043830178715359339	-0.84322144453499415
-0.051376163329697397	-0.89473522541423778
-0.21672143175879813	-0.59337975080416105
-0.35968183233142376	-0.054281090622233769
-0.34735571736492504	0.43677998534878837
-0.11038911537067736	0.60242632728288092
0.27022736228684313	0.37817725430232751
0.57748016454070394	-0.028603369983795819
0.59810903069151788	-0.29373817055779194
0.29269385496890238	-0.23364875417514791
-0.15022165009902583	0.055212207943464993
-0.44756504311097484	0.30351790597902445
-0.44325610194516557	0.31991164631228242
-0.22432499893341559	0.15271734818255989
-0.023699920150995112	0.00700929398027305
0.0025416339275384802	0.0098871681089707768
-0.094768606388121554	0.072902008943612526
-0.1399147372046978	-0.00097038404863691624
-0.037581940461811562	-0.27827773490017332
0.11663782978124407	-0.58083095545552477
0.13959745016160757	-0.63954830434448529
-0.031762808816271582	-0.37070968737417503
-0.25167752764729057	0.0081787571098803948
-0.2943971839513862	0.16023103011171783
-0.075909088139235054	-0.054524746534558202
0.25413490211212325	-0.43827385798801716
0.44437003319921464	-0.63322134407110431
0.36451719645320285	-0.44716197802363189
0.10740658273355523	-0.022501212917521
-0.11230862336520184	0.30497713156752926
-0.14934082796973422	0.30317974498498085
-0.030935236026698967	0.022004418556414888
0.096981061661579604	-0.29193987173911884
0.10350023498664834	-0.42661287746950743
-0.034903457448819578	-0.35540533618666648
-0.23964096211572353	-0.20126931072896298
-0.39201790174800688	-0.093946730570097003
-0.4018409389830922	-0.072231170567866654
-0.25469598432951968	-0.10157527400441521
-0.031687731513715525	-0.14202185284759414
0.12632562207654946	-0.18435555716951535
0.10913129153999038	-0.23249413061870047
-0.065844465707276922	-0.27534027175086506
-0.24899204808277478	-0.28476023439427961
-0.27873834366665107	-0.23264212136369425
-0.13797524468527703	-0.099351813838519529
0.0099803612702262529	0.11740712294596257
-0.034306537507622262	0.38214049515887349
-0.30079296758000706	0.60004864436760297
-0.5841275856276873	0.63998315383398741
-0.60442820409621556	0.42060764987418797
-0.26089806386119085	0.0024964797660843737
0.25520147710387425	-0.40870339048297077
0.60066131285406077	-0.58108712064079138
0.55108668441528774	-0.41361868901708637
0.16740154965073908	-0.0065715759341068592
-0.27375376425343789	0.41782860940697253
-0.50445049846758661	0.66914946588951207
-0.44499240202078544	0.69045014731772791
-0.21577239254653513	0.54619810191329465
-0.011336558054025657	0.33543283306247745
0.035485541519704906	0.12110934324004236
-0.089690657723943967	-0.078875644116974342
-0.30512600156553726	-0.26378498348710705
-0.49302160058471023	-0.42697879678914996
-0.56229424991272847	-0.54636444655446503
-0.49380711621621609	-0.58362594097148512
-0.34937840623578592	-0.49431649846018128
-0.22140875429411405	-0.26361118644575454
-0.15138149864251735	0.051915052571756916
-0.09004627263608829	0.32543450216864367
0.050003540962967094	0.43512544563639194
0.28695546888077478	0.36666269408229796
0.51828642232144506	0.23728579398167365
0.59718390911150243	0.19298715116371698
0.4777513758588029	0.2576417957737428
0.28068279369555521	0.29294143923269533
0.1938166218075921	0.13213909326499459
0.2901401435903026	-0.22670766883333965
0.44527435518499869	-0.56550293751852299
0.44759660722027	-0.61294275977673973
0.21013192483716814	-0.29305204659402867
-0.12269046130286745	0.17740205599493361
-0.28886085493064284	0.45162392448939892
-0.14414492080862729	0.33559327430691832
0.19703410298697968	-0.063522049657798466
0.4469038549192369	-0.44621290422592019
0.37973726224591003	-0.57352451043987429
0.008115298100236033	-0.43459754923889937
-0.4436613206878095	-0.19990813847748229
-0.72335984346022331	-0.038402296039179711
-0.72376842393660246	0.01696059560257503
-0.51641562004334562	0.051169372991329259
-0.25436424972852001	0.14739475413713127
-0.055208575547835294	0.29775868258529758
0.041982386865119903	0.41521145446843105
0.050512961459161565	0.41396704849419269
0.0044916375542890727	0.27804176663693903
-0.045241836698549191	0.075067124382105041
-0.027452850343028308	-0.082232750083556697
0.11522269492001977	-0.09275913789207077
0.36670241140078319	0.073337893709782567
0.61353726751771676	0.34167699227394088
0.70824230676177158	0.55690454566087699
0.58777115342868547	0.57432149185125447
0.3458593894689666	0.36843388234829444
0.17506017148748379	0.072915337144988435
0.21098704464115395	-0.10416808844491669
0.40387469232105694	-0.039647396710463287
0.54219338371176173	0.20409343879104985
0.42516803132511993	0.42885580322573552
0.043769888696398675	0.46197278410731168
-0.38671291995883866	0.28858821587582917
-0.58328908167851001	0.045005976415365218
-0.41957140214567096	-0.11008118472119904
-0.035793022445922008	-0.12040690276639764
0.26208806618047459	-0.042313532629394274
0.231719218415461	0.043907685968499165
-0.12772547885973148	0.1156820944403926
-0.57803918013034106	0.20003569949982558
-0.81526648545009484	0.29882726672806814
-0.67376124156155759	0.35034136612803585
-0.22316488690179359	0.27983149467849111
0.289439216315512	0.094934708512852309
0.59434735677702177	-0.085954275009336945
0.54735298304938895	-0.12204060826085145
0.19740281858602343	0.020382600678716577
-0.25122407044304079	0.21770725986065909
-0.55382011087494243	0.28353442526247985
-0.55942479642063603	0.12541931557130792
-0.29038713057182913	-0.17698446898700965
0.083294804753178742	-0.44620137363177026
0.3608204026105869	-0.56087838595619499
0.44439598400343977	-0.54484919605594795
0.38650845186359034	-0.50655114172114279
0.32032235566032846	-0.50100016883657861
0.3375199597339289	-0.46433091682029765
0.41987736076573107	-0.29525466561773761
0.47946419596041912	-0.00069325304706903271
0.45533028955111682	0.25937291382068067
0.36834201238764491	0.30006116053165888
0.28785459326834995	0.10189864537318633
0.26030456337043772	-0.13306491612605115
0.27770349784226372	-0.14496220791766254
0.30892059258717258	0.13823870803017665
0.33778195460769983	0.5052203820800214
0.35316579787324787	0.62722063194790501
0.3098613474272448	0.34463448355776644
0.13563848890873698	-0.1860853484961186
-0.18838728134617555	-0.62976684701801855
-0.55031425084265795	-0.76072673027045146
-0.74019900086744017	-0.63389006933251157
-0.61191175782499951	-0.48467885920409809
-0.23923949168669653	-0.47403746875754543
0.099460636720329523	-0.53493112442991719
0.13432339442941846	-0.47197021532553712
-0.15929320364596414	-0.19771232216069404
-0.51893605700682466	0.14603358959911864
-0.61046907142458773	0.31179056929271393
-0.31679359635296328	0.19346885379744599
0.15500625192836356	-0.053734929601608257
0.44605375107268164	-0.15052573230428959
0.34473394392928519	0.044229895029817216
-0.05223848994265809	0.39783959335512215
-0.43871731263417268	0.62643264987176561
-0.55350978402031537	0.55495376609494074
-0.36421688656691487	0.26762053438641137
-0.04872801722938961	0.014126461745626909
0.17265316874278849	-0.021717979881324102
0.19426366008354068	0.13180999683278405
0.059445289350508072	0.30193398432203677
-0.11283874332757714	0.35940300935614544
-0.2207748241009527	0.33197480163247867
-0.22993474929278207	0.33828696917545559
-0.16922919000363848	0.42800131356003507
-0.10090179191100102	0.51186725911793418
-0.078099459988996811	0.4565694295831052
-0.10743369156144222	0.24834925503211788
-0.13681253196728513	0.040249612318017838
-0.09121555847727629	0.023742736632117501
0.060014913084353506	0.23917284834989719
0.26432685080772156	0.51545783662246147
0.41864432151340281	0.61137324932273041
0.4576848938688754	0.42929699240918756
0.41141128989241083	0.10171518887751338
0.3719530085903241	-0.13022037931398805
0.39649420074857455	-0.13160590131252367
0.44687618931989503	0.020269840904079534
0.42982213216562887	0.12695839456999214
0.30414572400893491	0.061256696044353444
0.13714409411846587	-0.12662992427571707
0.045945600255706424	-0.28163165311696975
0.077608752588081267	-0.30450891029440813
0.1483951610485032	-0.2387527972919275
0.11430603475488677	-0.20287421622072077
-0.091491439776746328	-0.25332839074601987
-0.38453674934823473	-0.31844419722310308
-0.59207298165308553	-0.26767024735836231
-0.59658169261295069	-0.041080736828392882
-0.42471111660209604	0.28963697887050172
-0.20658688193709748	0.57711483023057353
-0.056930522404612417	0.7099951597229669
0.0085271644124302881	0.67766497248594071
0.048845111383424587	0.54939714596644307
0.10674723638888865	0.40918545494290309
0.15083904621385119	0.30470251240034474
0.10896584020030957	0.23693417061011962
-0.048307726692189003	0.174352338190078
-0.26210589496677555	0.078135848428730059
-0.42638339611518339	-0.066772497770399161
-0.47592223438528503	-0.22433064004406983
-0.43264572004944735	-0.31231855761817334
-0.37144620850599763	-0.26163199359261374
-0.34209359967955333	-0.089537465585366446
-0.32505868642835167	0.082337446973837936
-0.26580537632067353	0.10991543863070062
-0.1421905449096218	-0.049871623336250726
0.0037986713177634635	-0.28935924453529061
0.10638239955521808	-0.43451435352204759
0.1436966252420312	-0.39942631152523278
0.15979116566049528	-0.26483061858573775
0.21237324233117497	-0.20015093823487187
0.29971012944710729	-0.29964015094997842
0.34484474120114939	-0.48992391910163502
0.26561827478250005	-0.59763687503982865
0.063229794676696108	-0.51100854594182832
-0.15742149098708225	-0.27635801411293565
-0.2646205124235641	-0.041680937910862817
-0.20701114724319886	0.087234563142561256
-0.048292211214713679	0.1342424951999775
0.10264312207661168	0.20400123123466654
0.19362259545711449	0.35496552082869776
0.26392162004737441	0.52666769023300264
0.37958424265284851	0.58966805332809635
0.53796436694483019	0.46335465161518824
0.64155103735433061	0.18831756787357559
0.57131703722432314	-0.10844771447822688
0.29492946839168566	-0.31196113449193813
-0.088628016271656562	-0.38882189140822682
-0.40428798748060885	-0.37211179879775119
-0.5091630519722844	-0.29602957550999043
-0.37194981701483315	-0.15854426747563313
-0.082924438889169033	0.053832062776979064
0.20089696366342863	0.31003227371218234
0.33381968942968454	0.51915734268642311
0.25192989562843238	0.58521655493264846
0.0074066447285089584	0.48890708208327288
-0.26218020825730665	0.31829157980805556
-0.42086476646000548	0.20827322665130876
-0.43101313467028762	0.23401928835684574
-0.37374239259157643	0.34970448163541179
-0.36777818511291027	0.43490690394130443
-0.44580223786408324	0.40693572180680482
-0.51239495797698986	0.29387496788131839
-0.43618792569062237	0.19579952727907307
-0.19805160708719827	0.17414339839941978
0.054131139099788485	0.18501796316010313
0.12136835716554084	0.13124603538395666
-0.058231105155844586	-0.013142591159424738
-0.32977565775898798	-0.14843992230141728
-0.44182435893014366	-0.13938195078734966
-0.26941484668716997	0.027932531360709206
0.063206364124004058	0.1918745387528884
0.28018418645512838	0.14686891969757068
0.18369162821136401	-0.14856469850396647
-0.18711656938788601	-0.49920841527191251
-0.59401358221461475	-0.631327220835744
-0.78819476711569181	-0.44955198260099621
-0.68033368719246157	-0.13953819317389479
-0.37041530392730898	-0.002223614872701524
-0.052225557457126565	-0.16984969692870538
0.11208489215312362	-0.47973868484699117
0.06181886046351235	-0.63733933268349796
-0.15557935674629819	-0.50953623766767864
-0.41180006384060874	-0.25499645900127554
-0.55145312405082048	-0.16024915241859169
-0.46443974580128056	-0.33880557034478104
-0.15550178398889078	-0.60167525766066543
0.24467995771497281	-0.63375560697151079
0.55293573046266931	-0.30590044390467575
0.64936450366173371	0.18135763865976176
0.540950549358166	0.46842203347282563
0.32893275147936418	0.35906826320550117
0.11607664208879762	-0.0099896248829318152
-0.052511197571417978	-0.30102220524909096
-0.17649770537607062	-0.27598193066393206
-0.25454429614175217	0.011602048423978432
-0.27424970321629394	0.29114464614691576
-0.24302578782952769	0.31878110086191735
-0.20460456343730507	0.067890348708077586
-0.19889436184124526	-0.27993344191764252
-0.20357373121405314	-0.49608283508378442
-0.13944209655686479	-0.46161815569908088
0.037956166857053955	-0.21067590388131427
0.24863103360574043	0.12709694659949788
0.31618880218444295	0.40971411814441006
0.11931121137551651	0.54222308259464347
-0.26578310786714743	0.50593884478096862
-0.58353228364771192	0.3661730402373074
-0.59116943649139875	0.24214352350034624
-0.26389341614829243	0.22989253528762696
0.17381938258086821	0.32397033497393585
0.42181724606155968	0.40794133542769434
0.33581776019479237	0.34171042366206344
0.024697410005972524	0.083589795295019073
-0.24918097922211813	-0.25996199721431024
-0.26956236084517488	-0.50881485601260557
-0.0044718649243018329	-0.54044167876041049
0.39287454049843706	-0.36760947210336248
0.68964876293226041	-0.1078680758171664
0.7074271099342706	0.10841401651539029
0.42121232097798011	0.19983201317348367
-0.019346229911021827	0.13742236585303522
-0.36810528237465778	-0.068561203019192843
-0.43902385424645535	-0.35306820365860342
-0.2494989803550387	-0.57838722768524764
-0.025176060783771072	-0.58021197159290983
-0.022158145288378454	-0.28837916442727657
-0.29123977256994571	0.17737891738506761
-0.6022263560252259	0.55094882070546969
-0.63165934344587027	0.60827390783267099
-0.26901471687903983	0.35294958449591102
0.24111779263679006	0.018637948651770753
0.48620725373948714	-0.12871585631609783
0.25332775368069976	-0.024452099745162097
-0.26895838391381655	0.14445883668791648
-0.65700226179686894	0.12479841168065169
-0.64092684744019746	-0.15338027820940156
-0.34287220968317939	-0.49393842052248926
-0.13213033120977824	-0.59752754406489084
-0.24348235428465234	-0.32438450256303247
-0.54206479994231993	0.17823612080543177
-0.66959366135199627	0.59038812290233644
-0.4188098505526931	0.6680157679070472
0.047220498781228339	0.41590249746496916
0.3523183595198241	0.055898739532572385
0.28016805521267302	-0.15758633057720459
-0.017979451909491961	-0.11586271104070502
-0.19100780070032428	0.094469869633195591
-0.050590375898224682	0.27987600170668198
0.24056810005878662	0.28141994197238596
0.34561564489687979	0.074297342325913479
0.10593334004757955	-0.22298763902369481
-0.29131102299849798	-0.4255577164663128
-0.49765661366880509	-0.40207720307912903
-0.34808706521516447	-0.16659411749678266
-0.015929372387170272	0.1197465319410836
0.16932347830383804	0.25154480943507629
0.049761886715693898	0.12738843760036225
-0.21501339049675902	-0.16752398818025621
-0.31826929013742811	-0.41898687395358869
-0.11179277270348342	-0.44342795078786873
0.2516576637184525	-0.22076205605601257
0.46693668799258059	0.10780073310901833
0.35590987694086551	0.36880378749988962
0.013833029419478879	0.49001576592364188
-0.2971259752649405	0.52208023330625863
-0.38049389027309394	0.53956310648668038
-0.24324568637441232	0.53876479960165335
-0.031824304614870257	0.44235375822408951
0.13153619776654779	0.20578105676727573
0.24198358425283337	-0.093224995339343225
0.35928735767849579	-0.29079490120268092
0.4916556132111834	-0.27294583287456037
0.55138942443887684	-0.078564381884063908
0.431216661577629	0.13981946190482267
0.12607308943219089	0.25998066354376076
-0.22612160145119836	0.29172246485175679
-0.42672482634990933	0.32968927676816201
-0.35947263542713614	0.41148195534636306
-0.071415177449500711	0.44727186827403981
0.26521047262743735	0.31630698379749927
0.47678207288114693	0.035128233974722006
0.49499529878581261	-0.19799965645562875
0.37254898350233795	-0.16504197226951267
0.21889874323875408	0.14147335072204251
0.11998182404811808	0.4629399454109086
0.10753272800932281	0.49082054043488377
0.18070416952808643	0.16597554272851064
0.32989748423780152	-0.23379055295739687
0.52746246003214192	-0.33652262225131679
0.70120627419950665	-0.036020796855031643
0.74646846706803083	0.38359399826903051
0.5919608826333721	0.49904799012598688
0.27427242869925589	0.15138480967369772
-0.064908786365205043	-0.3879894935097194
-0.27622674114382584	-0.65913995057531261
-0.3230601566923208	-0.44166189843541431
-0.30550097228576262	0.041838836361733918
-0.35878997479468311	0.33871577252548957
-0.51118927987695606	0.19298356059873728
-0.64307717275603959	-0.22472213424657375
-0.598741080692896	-0.49399533494579811
-0.34801846439020445	-0.34507011292552375
-0.03873374659539016	0.10507807216136664
0.12002559432593107	0.48825891727086262
0.041009832210589459	0.5418845365666014
-0.16188483105591842	0.33384621063914827
-0.27716896423990112	0.15685922418118414
-0.18076736951245914	0.22341246925522648
0.062990112768585391	0.46843153355995915
0.27324400158422407	0.63271338635932384
0.31494710681964078	0.52386930823397515
0.20080850222601818	0.18945375140270462
0.05078464036762486	-0.1466460955743587
-0.032404657009338325	-0.29922450456784272
-0.045648877668738742	-0.26526494928969047
-0.057516269017015648	-0.17927691128907933
-0.11828959609729946	-0.15111682782327712
-0.20598915105549245	-0.1660994598470415
-0.2541573644361419	-0.13402857470759946
-0.22151557479209905	-0.016710356258863128
-0.13529067769211198	0.11053219067372887
-0.071968935879013637	0.12945671312954582
-0.098495474569385982	0.0038066967626604288
-0.22602321009269219	-0.17798164596322766
-0.39996744105684789	-0.28579912622199594
-0.52871972215799545	-0.27071859500772971
-0.53437733715717817	-0.20506585704951852
-0.40221011693493319	-0.19491678973071919
-0.20268514807775917	-0.26261318555921231
-0.059154713442143222	-0.32283823443525622
-0.072509436109739686	-0.28172936137085175
-0.24382551911056444	-0.15753918596827321
-0.46088598294977362	-0.088026014607805625
-0.56720621611595123	-0.19870558186634665
-0.47003864353783936	-0.45609580003448341
-0.20582779528941392	-0.65854415598974647
0.089237554760955975	-0.59561178669504966
0.27663620949904993	-0.24187542863387954
0.30557788137450814	0.19633115440299984
0.2308121080469144	0.43255457315479251
0.15564344006964606	0.32844865642015075
0.15716877335435922	0.0026019359716726882
0.24580768098188796	-0.26780150069406888
0.37567622490306796	-0.26333447199790988
0.4889289127325519	0.026568828417817283
0.55297723690125	0.42083873944413253
0.57191547940321741	0.69436830641516922
0.56967304947788422	0.72594943809332946
0.56240774678916328	0.54389781554814587
0.54371597344467693	0.27164639499823068
0.49192570268208208	0.040058368566156091
0.39345474855649942	-0.074428836300464582
0.26419025066604546	-0.067998040846639823
0.1468355831630041	0.0074195721480899146
0.087564114530439788	0.082848072224347008
0.10421106262308884	0.11456912477741556
0.17184446311497942	0.10203425817698444
0.2271302263437607	0.068738646007219378
0.19664344468096981	0.020834125606017655
0.03784449414262632	-0.067882211947280766
-0.22168983693293284	-0.22140993939154391
-0.47249527901112953	-0.40201935089843438
-0.56869438357083879	-0.50321597479252822
-0.42163756612574732	-0.42177415994588785
-0.081148988772789088	-0.16275114928926332
0.26991018765408631	0.1298236411883317
0.42707555466546271	0.26608487041217432
0.30708046580293552	0.16174486898581034
0.0081193256759624962	-0.084881844941822049
-0.27163356579141473	-0.26830683317983589
-0.3857701670188064	-0.24685793112462881
-0.33175374597237084	-0.059646850269778701
-0.20564709843547374	0.11002604459485622
-0.083136560890329864	0.091222381694052501
0.042733597873701873	-0.13523982539135823
0.20790907609655221	-0.42931471719749592
0.37874796407962413	-0.60698474841628802
0.43382873937120547	-0.57347536887602513
0.2648445275157183	-0.36760706635159107
-0.096034603467630944	-0.10646957124322977
-0.45395365111422942	0.10301642361081152
-0.5747265438399044	0.20808897012316371
-0.35276102790142988	0.20171241282967023
0.10820877743860952	0.1019673139107919
0.56269334783841685	-0.048180054624142973
0.77269274135447219	-0.1756442337603327
0.6396232030398401	-0.20395088649443985
0.24845599728197074	-0.11210982161431618
-0.17769208939814063	0.024928147337267122
-0.392004465255264	0.074095771608827743
-0.26306147022685361	-0.047088557102734144
0.12752461691752451	-0.28254881519744751
0.5102932568805415	-0.46145399867268116
0.59579927151167611	-0.43118743164219653
0.2877747629587335	-0.18976002583509444
-0.22737945970149415	0.10550225368573279
-0.60765774158975483	0.27092337079686213
-0.61492280987440229	0.25576201426198342
-0.28398812592852124	0.17919242592833678
0.13797934781911508	0.20899414071735778
0.41725382681934103	0.39050169600989382
0.50359603210079007	0.58547553280965747
0.49591536645569873	0.58481931296979961
0.47056562809988928	0.29259685392254436
0.3811170886130425	-0.1778009831728791
0.14049851261679161	-0.57986354602197532
-0.21481707642745032	-0.71044295354182785
-0.4833152171124358	-0.5436519848905339
-0.45352495750829719	-0.22411621004375754
-0.11597601214838463	0.049125323993518669
0.28695692397468198	0.14888780456370745
0.44315970187679554	0.072798731733237823
0.22325329831287738	-0.086747131210680922
-0.22096001413561475	-0.21481816854119568
-0.58950242937411412	-0.24122265635519186
-0.67156155231342185	-0.17483112064174003
-0.48431688900846681	-0.089672634007407812
-0.22308507349359552	-0.068421446238758066
-0.09522249580059107	-0.13444415624761633
-0.18078684089776406	-0.22848557426609908
-0.39876256875854282	-0.25904696971856023
-0.57174063066233993	-0.19077646814884847
-0.53678137857699415	-0.086335649560622826
-0.25312164072196253	-0.052188532582732039
0.15214893587622744	-0.13025763721030756
0.44203054143219478	-0.24540457433653384
0.42412142085454629	-0.27262082737573251
0.10650438388365437	-0.16980226328374989
-0.27855860336157157	-0.039136813470141044
-0.43201596880627174	-0.042253863638176153
-0.21777279847865225	-0.23789575132530957
0.22532699692187624	-0.49880229826710815
0.59515593448417325	-0.59810550637756998
0.66778427952696484	-0.3990984084979558
0.46394920718572796	0.022853751003291158
0.20265962013881883	0.43912812105380949
0.1029216273395772	0.65133208084010097
0.21741523055377143	0.633696086016309
0.43036839936941695	0.5185209669658527
0.58638279615304867	0.45911419005420745
0.61250461615356311	0.50544141608870619
0.53438055738542245	0.59532409957558219
0.40891535354703545	0.64144658383059916
0.2634911727087153	0.61012587432116705
0.093445293691760911	0.52355125280259585
-0.10029935719760713	0.40917221327237857
-0.2847160922572638	0.26989902261904741
-0.40169694509067277	0.11082193665111228
-0.39242266211431098	-0.021792385901690744
-0.22566667050737241	-0.052413616627837049
0.073177106573320314	0.052693286838126116
0.40459722972596324	0.22798590451505826
0.6152588427498038	0.3343709767294975
0.5727607973159009	0.26197118301524702
0.25861655748755291	0.022522980561326587
-0.1947851886069861	-0.25292616843333277
-0.57784047979231101	-0.41639187552448731
-0.74027094326977017	-0.41358823873809042
-0.68382642863659038	-0.31107995842317998
-0.5356856894486508	-0.22663933003335762
-0.43153559045570511	-0.23165423647791586
-0.41262801413672928	-0.31157338019775183
-0.42038301768275688	-0.40489573249613464
-0.37403925298453911	-0.46989197021305562
-0.24396561142132495	-0.51229789485428934
-0.060853067326572682	-0.55863447706992742
0.12549143301204188	-0.61118796680912757
0.28085725937265887	-0.6291637464285369
0.38412316267676416	-0.54964665811752955
0.40498581255641469	-0.33126761584788855
0.30840261469806723	0.0090560897635219052
0.089398789730300562	0.38195940618666074
-0.19864464937381579	0.64532004606976145
-0.45184781323220502	0.66878077613517195
-0.56394434924330272	0.42289555841080112
-0.48192535813705034	0.03415069265820269
-0.23402897448945145	-0.26252463858903541
0.083591744676336871	-0.27028919855112077
0.34871490653371173	0.01806623292245374
0.46398240886584546	0.39719729441835538
0.39400199338213643	0.59481785245440122
0.17257326004500223	0.47986276422601404
-0.11955135361653482	0.16058791464038821
-0.3901356368487619	-0.12005017813370782
-0.5605567408687353	-0.19595782392464681
-0.57589685816450553	-0.10788836978141739
-0.41401025251307966	-0.038082887816763542
-0.10222997447321204	-0.12038688693452619
0.27166488056797	-0.31131996231892811
0.58361225692449759	-0.43872452888864083
0.73287628836303298	-0.37003952750932728
0.69555124745119212	-0.13316441273188662
0.51956913072735422	0.11580168065420268
0.2671631689489648	0.23085483195369744
-0.030267743881572672	0.18331480162358232
-0.34547063247770299	0.050329810528100177
-0.5892944769115176	-0.077136786119432449
-0.6089898767285632	-0.16237691822531164
-0.30715459817345042	-0.21810888610541559
0.20923573422816424	-0.25781138354279071
0.62696049674904331	-0.27276584297542961
0.63991015290050102	-0.25069686831308308
0.22379141086827251	-0.19927471538878819
-0.2957390741914675	-0.13912926586230268
-0.4928791886696709	-0.077235215409907493
-0.21365624801602098	0.0010760893156756819
0.27058829514964117	0.11195677166960445
0.50272348797644817	0.24492492616870756
0.26144233414406354	0.36090095212500273
-0.2281803786573133	0.41626096295491571
-0.50923261420661359	0.3864872786707047
-0.33327215964355872	0.27257991860264674
0.10320582782752864	0.10272369049828717
0.35283147942252163	-0.063201609981725679
0.15312784109221975	-0.13732755068898825
-0.32838909784132386	-0.042124135108682639
-0.6712319641236838	0.22064385170259193
-0.61931500985291799	0.53076952098363783
-0.31484486756224284	0.69521358086076213
-0.12955481653167514	0.57595870862088527
-0.27199431624819081	0.20663612863618766
-0.57377867961543183	-0.20639624907833373
-0.66112405468031976	-0.41411724082740947
-0.33220768202932999	-0.29636476405054296
0.23708249667963033	0.056048923260102225
0.65238191363789821	0.4097970995954856
0.65570775467915765	0.54678099945375058
0.33222109252519283	0.39941584861517726
-0.0051549214141196594	0.074234751999925422
-0.11289425338333056	-0.23068536556908656
0.00051920729681882607	-0.34934604811480285
0.15478116086466889	-0.23961561620865554
0.22023981904237519	0.0028217939598070541
0.23856241191819774	0.20970247711681608
0.33334152322918881	0.2460152213870547
0.5286303265971678	0.09700138051881356
0.68347546426995587	-0.1228330321673814
0.6139541960067435	-0.25253417924302562
0.27990561687857368	-0.20570896869881383
-0.15415083316404901	-0.037692967246676062
-0.445593667952978	0.099556667741441729
-0.46375329018850714	0.083935405007632455
-0.27180739727619418	-0.078331710479354402
-0.040957610553926181	-0.26569956101263198
0.10591681589717004	-0.35091381789555809
0.16761703575618017	-0.30654858234179
0.20809882924195827	-0.20606314080103144
0.24978844130773395	-0.12822128072546099
0.23724961058339	-0.070083165811087866
0.10400136111956852	0.040066404653506749
-0.13360140573102541	0.2436238871644984
-0.35491507324306293	0.47624743666024227
-0.41702286522977999	0.60448647475203154
-0.26614712504982663	0.54761559768010337
0.012544676466922996	0.36056881968095683
0.25216757482775731	0.18589038474880876
0.31442016657863692	0.12211561027985328
0.1719099507735149	0.13986891590343661
-0.088343431263065098	0.13950133219348559
-0.32845539501707394	0.084327289695786192
-0.44074883077887483	0.058563774703614534
-0.39412217836671515	0.17296462507009472
-0.23539553293644291	0.40793543467340293
-0.051949838917973765	0.57445995331842237
0.078885628875676544	0.46945487236578554
0.12595405655065892	0.08851586336979822
0.11038101322066388	-0.32535341584630234
0.07691353445374105	-0.47297666481579431
0.05108239948785185	-0.2738285038190591
0.015107627468104005	0.04659232353139281
-0.073622879812890646	0.15557191761530795
-0.23367246246439199	-0.077149415357233408
-0.4253856765845408	-0.45375075914749202
-0.56687045016430437	-0.63285272767557477
-0.59304908829500524	-0.45235704477075228
-0.50878658768645202	-0.079446636649096083
-0.38753150483095195	0.15118984718143968
-0.31729232076146818	0.051026111332028605
-0.33610948619792064	-0.25550564133975923
-0.41169592680566736	-0.46412945050574428
-0.47321939009346015	-0.38074087212414193
-0.4658918154574398	-0.090820200528980169
-0.3834141916983696	0.13749266004189956
-0.26037058707369631	0.10426931652246509
-0.14781810407210422	-0.15850700870262124
-0.096259416703017783	-0.44630093838801616
-0.14600251279434348	-0.57511729706229486
-0.30834425730122944	-0.51449093098067866
-0.54014448671801307	-0.36147982601696999
-0.73528733699748727	-0.21493078691912559
-0.76861930800561618	-0.089895062714516596
-0.57714685338981431	0.054087339570346192
-0.22603614559693105	0.23106692614687038
0.11125018637625424	0.3823858597249612
0.25914112097098185	0.41293159943396446
0.16278135910509098	0.26289064362394721
-0.072410948133922529	-0.043640189610748087
-0.25992642102546581	-0.40253890977838569
-0.26722681059614667	-0.67365456263864598
-0.10480193679251668	-0.73929476620722079
0.10058628105902533	-0.56300035862488962
0.21411693791128239	-0.2244063996200957
0.18507526987872494	0.10445557068281718
0.0593639930607512	0.2514699824238622
-0.081573929549195678	0.15700400336103956
-0.18091694454748347	-0.076907076530897067
-0.22043465423879796	-0.25703476991649638
-0.19426318437203358	-0.24606144766359381
-0.09542240825334021	-0.070799676367700334
0.06413449105293971	0.10125366585737904
0.22900953552457151	0.098594072785473746
0.31224295973558597	-0.11632799536800231
0.24998276321826754	-0.42158407735181141
0.051596602041663782	-0.6282915135217666
-0.20135083406770748	-0.61119504149593018
-0.40382515283127046	-0.37608504493288186
-0.48363554883200349	-0.03702256021725206
-0.42257499305379026	0.25507169496950044
-0.24103273884304083	0.37835661271338017
0.022206263258828782	0.27778189539981651
0.31481223458314544	-0.014418539638952213
0.5684684253289185	-0.38169764404883216
0.71351867654160139	-0.66265593017285274
0.70489343671560623	-0.7301189052514574
0.53813504634910547	-0.57034923808839177
0.24056863154301603	-0.29989216163856985
-0.14041934919534724	-0.093792502043570369
-0.5291444979087403	-0.072154926168789699
-0.80716550028487399	-0.22637668532703345
-0.8460911567955538	-0.43674038811250854
-0.59528926498891388	-0.56060051220825158
-0.16407847102765802	-0.52086412693391515
0.20331220417576717	-0.33521349881842971
0.28294814244175803	-0.0823214566539507
0.050246495040456869	0.15359608539618846
-0.28620329569040348	0.32016673872270435
-0.44671041634685277	0.40588622907222882
-0.31557850486427313	0.42867242206869105
-0.035219771762598259	0.41654000023879623
0.12957528454286246	0.38689697584302574
0.040708256554734978	0.33487182671548194
-0.1853311274801718	0.23982162441640628
-0.2875063241051431	0.094977373551798611
-0.1038508940425709	-0.070491549995798194
0.27998559365323739	-0.20041818164731018
0.60261055394566565	-0.25749392649914588
0.64619662394212785	-0.26326182647601409
0.4000064516393011	-0.28671198741605641
0.041277596266451014	-0.37724985247334347
-0.22179688571845271	-0.50124434026047249
-0.29259115221351545	-0.54856981122643012
-0.20892512957739456	-0.42271424684383996
-0.07176890953140691	-0.14293752499640075
0.032522194488354118	0.14388046599729226
0.0587629671395676	0.26648157543044476
-0.0017649951454516406	0.1713241789042482
-0.12143675138413045	-0.021632016736493877
-0.22790299164337655	-0.10999135385537538
-0.22643315966782937	0.024270479991283535
-0.059321690432525005	0.31945885116663403
0.23685913324966415	0.59139744158766883
0.53069675671416572	0.69275459862624766
0.66584960524829095	0.62778394639172397
0.55237093033327378	0.52190547246792995
0.21824191756014566	0.48234821965869151
-0.20561171900303926	0.49234766606226926
-0.54590886253027004	0.43739708824169404
-0.65755696106245509	0.23647115205438543
-0.48508896099884175	-0.055908519186512767
-0.096481523855679846	-0.28009411607064605
0.33085278528996037	-0.30271616832381659
0.59260696608074948	-0.12692131888097338
0.57757748578657142	0.12154748133671144
0.34902613283873091	0.30630648279488193
0.10988760590889626	0.37431078005824914
0.05837053597352803	0.35697282048339846
0.23637251101734066	0.29924600829968823
0.48883662127692284	0.21601115953530733
0.58028499977661385	0.11929668493346676
0.37951319165057013	0.065383229303467114
-0.03358349678418409	0.13852724672957592
-0.42219257447538328	0.36291885967413029
-0.56254934347014585	0.63153182301586652
-0.39658866151840461	0.75084978216972209
-0.053948432087932097	0.58773011856054524
0.25962559628031312	0.19392562599794883
0.40385151889148191	-0.21551272364173316
0.36917964012591786	-0.42080929036738773
0.23495913454146547	-0.36361227174912736
0.0838389189710428	-0.1773040365757462
-0.044475836555617404	-0.066427721179670829
-0.1368465920707494	-0.14401298730287587
-0.17111904203068962	-0.36009648642749986
-0.12276443800366595	-0.56130653040136069
-0.0076910402686520014	-0.61174636351791933
0.10243093680527118	-0.48028758737419713
0.13269044998421137	-0.24636116922418744
0.089774576891252442	-0.041240114726887871
0.073509759518124135	0.028291169034266161
0.17466807323699227	-0.062115123122215253
0.34658640410951957	-0.24101547592666533
0.39694092070673809	-0.38828005154220874
0.1565000609293877	-0.42580578762404875
-0.31222458775152817	-0.38536938609133536
-0.69084348432208464	-0.38765582068057275
-0.64653540387327146	-0.52291202882565047
-0.1481544163484412	-0.7326929111387509
0.44532789120266575	-0.81760197598893958
0.65646001489779082	-0.59890532668930829
0.30570567110884761	-0.10361480996489553
-0.3099008874034338	0.40346788794056077
-0.66334640705121339	0.60212671756958047
-0.45369352544264507	0.37537694469365407
0.14410835443652584	-0.087918954075678415
0.66614150044435261	-0.44358924366238683
0.79396376484256581	-0.47198322965455397
0.61098250252875475	-0.24491418870240403
0.45233190807359414	-0.036422643329739539
0.52433157075935388	-0.07044089480544756
0.69487584938029945	-0.33215168561511565
0.65595692443757836	-0.59827985804149708
0.27656049529344356	-0.63789426805546301
-0.22826156726196906	-0.40105135167086065
-0.48339899726620261	-0.043326806761770052
-0.3045658894512876	0.21124641618190057
0.13424889041524979	0.2315372670982018
0.46592537214606528	0.047188442488054011
0.45190644577680356	-0.2031759588931758
0.16199162511626869	-0.37075571049083411
-0.12589491160995916	-0.36904005340458162
-0.17176144492465598	-0.19268841068471815
0.060805162474353663	0.092497727152506995
0.42197203045348652	0.37042593134783119
0.7044098464188665	0.50875893155445251
0.76098548282361322	0.41718902792743656
0.55743679711986382	0.10873342483766212
0.17689464572411084	-0.2817186963946236
-0.2092442946318441	-0.55901981815973789
-0.41920539404066159	-0.58972242149894316
-0.36792468602666306	-0.39743917195196832
-0.13030056259902228	-0.15203673624229669
0.11812748004610495	-0.043455611770173798
0.24994039925373374	-0.13656430614121512
0.28684346327124022	-0.32653127092602402
0.3473915868207661	-0.44066705028709535
0.49054251162725548	-0.39559598214290409
0.62833527309408221	-0.2649167225438771
0.61534311134043307	-0.1908506692953951
0.42452253090243314	-0.22252141099358216
0.21236545667063383	-0.25383099104598073
0.18186360470452084	-0.13346770911078443
0.37335925338133519	0.15386667337548396
0.59950873259923565	0.42749009544220462
0.60888626556908065	0.45626299770607087
0.32776727356606	0.18770296306380813
-0.061225800859019519	-0.16706084084495224
-0.27795482292835594	-0.29750886052349484
-0.19054907564140749	-0.069024258996085844
0.077269823506154425	0.34694408337480914
0.2611817168315132	0.61361005002240721
0.17282727339215836	0.51342113594835381
-0.16681425098147651	0.11919702104857648
-0.55988991583908154	-0.28879960302529939
-0.76937216975976097	-0.46648942705418212
-0.65720240651470851	-0.3839271252245689
-0.25900615839051538	-0.19919405839222981
0.22351175003614354	-0.093270971436089312
0.51658493879052825	-0.13315881121755047
0.43993367514198595	-0.26632416803662284
0.050781222413913904	-0.40542918668320976
-0.35774852776927896	-0.49980162026291092
-0.45933170600696305	-0.54544402934678959
-0.16569458351178551	-0.55807974342751887
0.27523030544329713	-0.55588827493698401
0.47519361934553789	-0.55498480433820563
0.2501996496490001	-0.55431837090050062
-0.20441025674123919	-0.52265809397364638
-0.48641167187694812	-0.41681862842779316
-0.35772781705765627	-0.23972416036914915
0.039743613904654834	-0.076032513942068766
0.3327907586245718	-0.047794105204672567
0.28310200796954382	-0.2033764817132015
0.0049728903174329972	-0.44870679362196997
-0.17385177239043681	-0.60174801318607829
-0.05826251459257159	-0.53979490770871985
0.21545376257373514	-0.30016823747389748
0.32833621674371566	-0.027949677899059701
0.11097024116405811	0.17196584826921071
-0.27359523781853579	0.32126184343250108
-0.47813687431172169	0.50113813097247917
-0.29131635374677456	0.7065157742868704
0.18037916971602211	0.79595441969957503
0.62453943933255596	0.61629997849080542
0.79828695328626886	0.18603632025089395
0.69899098740261079	-0.26276018417623764
0.5065142548384437	-0.45481384674204051
0.39191701777194882	-0.30914405103209619
0.39137293787186328	-0.015904721866846088
0.43379287911356912	0.13076702160895601
0.44707352835001951	-0.0060699891548441293
0.4197134930712586	-0.29062157587626802
0.3794609656259722	-0.4425054147946309
0.3424590291633311	-0.28838282769276241
0.30082898611410752	0.091221380373370076
0.2431096435725465	0.43418920371704994
0.16788171228781987	0.50690370495737713
0.069405383755929737	0.27181842103761428
-0.07057460676647842	-0.10661054252289524
-0.25764387046014164	-0.39409615184361257
-0.45300161528471677	-0.43425076234807397
-0.57805484361909154	-0.22108034298124907
-0.56917996976170326	0.12454772279482453
-0.42784712112051027	0.42850943499282224
-0.21135454341441298	0.54831052160298721
0.026885856687283577	0.43845519829647461
0.27359262769008325	0.1761692562322752
0.52520370031309593	-0.076933311369124777
0.72762601146701655	-0.16529549803840707
0.7740933397590436	-0.032744876823861575
0.59304710318190201	0.24284576288095991
0.25067528598906647	0.50360691246465439
-0.052206606485869278	0.61652623249581884
-0.11501108596339449	0.54933350162437211
0.098156975308643105	0.37050609440413573
0.41573804344253196	0.1901198879644963
0.59146647588736556	0.092828792543678609
0.50277857403987403	0.10866309887879387
0.24668807137361057	0.22101917746149383
0.050113733631998524	0.38229584161664842
0.080452613065295747	0.52914738929587157
0.31752821496769418	0.60262518676265198
0.58281312062818924	0.57713864946536519
0.68162991881402268	0.48465028362583484
0.53721442275549214	0.39785143037906012
0.22015313473398621	0.37696458807339389
-0.11857205885038129	0.41702246558531608
-0.34196222086531974	0.45237771346157629
-0.38562158952876452	0.42214357679530368
-0.27039950801812601	0.34130481013788272
-0.080724951271332654	0.29879560141846917
0.073140589466837283	0.37324361837209874
0.1009335744541462	0.53933704246025349
-0.022127882857166686	0.65896788194049849
-0.23950519460927089	0.58502276774043782
-0.44760377236626597	0.29624862397348467
-0.55906331661618602	-0.059503025830572875
-0.55071108392600066	-0.26701805975168313
-0.46040238103061654	-0.20998488418607333
-0.34700903745790046	0.036363857261674543
-0.2532015378710209	0.26708909404504938
-0.19967690865745472	0.30847892905383223
-0.19248971717297642	0.14157275380044534
-0.21878958024019907	-0.10702009389264079
-0.23067450501920403	-0.27990732602035551
-0.1549487778905429	-0.30397980394913965
0.053325942205376058	-0.21342053751394285
0.34558766773327659	-0.090100145418756078
0.57526185057439672	0.0059956448951798118
0.58942363327027836	0.056362389456885847
0.35170344622906274	0.059794492716256711
-0.007244124330648037	0.016328676842521653
-0.27435842332617094	-0.059623895143960166
-0.30810941688913246	-0.11730805772643936
-0.13065677100785714	-0.087555700017101168
0.11765838665038408	0.063880674168529314
0.31107650231025169	0.29304208621755756
0.42725562302411263	0.49473501564177663
0.51851494190748593	0.56925057972475668
0.6117573360474029	0.48678696334087723
0.65903655340860456	0.2954969349281717
0.59728265942657055	0.073913309472162417
0.44675406864513389	-0.12313087150107493
0.32810277170716334	-0.27989431415225091
0.36036950399758921	-0.39830091909351445
0.53054307018631774	-0.47032406465080911
0.67151281077942415	-0.47489067238902644
0.59367106431051841	-0.39348459167573685
0.25721998971610494	-0.22777763736713322
-0.17004273104698961	-0.004367649538266149
-0.43092935300057505	0.22842541551660092
-0.37474317761303788	0.40970738958703168
-0.067652904704942063	0.4805666093162928
0.26773433073997099	0.41445919178793805
0.41935740551279943	0.24203923545104486
0.32028359801703155	0.043356089150257487
0.055248730427978322	-0.10082140779033823
-0.23275898611549556	-0.16480795828570019
-0.44071396924124762	-0.18637318040038514
-0.53726629065613896	-0.21268267975037827
-0.53058112108835809	-0.23068569491586421
-0.4326740370031667	-0.16304452137833605
-0.25653433016097821	0.048097638789414192
-0.039451405340107833	0.34071418745334137
0.15268378924262688	0.53005570525352685
0.25355221158607372	0.43568714243958517
0.2411828412895046	0.052720160688148207
0.15390385207270749	-0.39638618820331462
0.067477687800939823	-0.60033669294791281
0.048550775120455629	-0.3930651054476898
0.11871873645067177	0.11212481925865277
0.24946722293620485	0.60609832012716047
0.38088157989659432	0.8227021779311684
0.44563031955710419	0.72790270092921461
0.39017004174275183	0.50460860939354135
0.19637357291011903	0.36601002104116342
-0.097540156600477962	0.38055579929402311
-0.39259194897828692	0.45732458960798772
-0.56003949943992148	0.4775087469046474
-0.50820725523732335	0.41713252005927576
-0.24239023532053947	0.3356742330549935
0.12472132662579195	0.2697917504714028
0.43181408815755085	0.17267352606297487
0.55801667881775685	-0.014070122077465538
0.4846395729606483	-0.24014600218398366
0.28892140336615807	-0.33346388301651197
0.083755071998492553	-0.14702516332835544
-0.050365347889947329	0.26125166904828873
-0.097101576033452319	0.61547472476088727
-0.088876096916335731	0.62537031958287059
-0.071763221556116197	0.2393208793750391
-0.069377335755555658	-0.29303123766282863
-0.06487732202126141	-0.62337838792675493
-0.0094421589974206938	-0.5949301641767325
0.1411424498606007	-0.35215124026079397
0.37718376782700841	-0.17721607646239718
0.60914124277999215	-0.21123005270217329
0.70458530596310043	-0.33257425578441208
0.5857480254771803	-0.29691160618934825
0.3137053077253677	0.0016466674007142119
0.074076835443042402	0.40345918930345631
0.045863561053741835	0.61075478910739467
0.25001523243042001	0.44600245135781502
0.51258116840231482	0.0015271698415448651
0.59712550154934996	-0.44646304105670093
0.40734493475311478	-0.66617911833084531
0.080181936274145327	-0.63657025961855274
-0.12226015094807574	-0.51473991609926184
-0.032208666928151608	-0.4667148171258661
0.28655917380014118	-0.52573592897788768
0.60228517317429453	-0.59772691847131043
0.71166539801709527	-0.58105839309992979
0.58700581160747911	-0.47274693402931733
0.35401401010444827	-0.36184995649752782
0.14344831733029206	-0.33307247268794621
-0.020815305145657416	-0.38470264546420141
-0.19631038926179414	-0.43353002671022656
-0.40686438170896855	-0.39411428343132382
-0.5784551674485634	-0.24869508829132428
-0.59754584678917166	-0.046485704021180727
-0.43448812778427504	0.14690310892394115
-0.19508694430391471	0.29112204267084146
-0.044940578146791463	0.36756330548139615
-0.076824678486676734	0.35810271804171284
-0.24642125355276284	0.25600032252016303
-0.42788397309930054	0.10724145924635277
-0.5275126420223919	0.021651521359226933
-0.54477808737157496	0.10921630483140893
-0.53505517904304212	0.37599711922372991
-0.53140052290005579	0.67460285133309705
-0.50746117381383093	0.78418918998648013
-0.41502903500493765	0.57348253194822874
-0.24471393800533672	0.11625412345872979
-0.049710508146219162	-0.34571009661234209
0.089513997217311875	-0.56473734141474641
0.12090505948961762	-0.45108144735586736
0.047613216278709361	-0.11372522626171541
-0.083468735003690342	0.23531358405533706
-0.20895835836158588	0.4221243930114883
-0.27277482268030467	0.40158436645248574
-0.24097461722748165	0.25454844375745694
-0.11289097406879584	0.11944591298597479
0.072353907341012283	0.10311867187011776
0.24652561568059095	0.21199656350493634
0.34413707613031425	0.33930907243426939
0.33437808018228643	0.33217961702277665
0.22655780062147329	0.11745427297236977
0.050727446475595635	-0.20513923840326209
-0.16343908920407149	-0.40230627753297826
-0.38104919007566657	-0.28522236508704507
-0.54300940770630968	0.11010903226063498
-0.57186820732455634	0.51082245738007859
-0.42081053622720882	0.60899655956861776
-0.13570247986813785	0.3185325113647739
0.14370369518330936	-0.14603625077261656
0.26576234570439672	-0.45062420604748343
0.18292091555526949	-0.42506713466623086
-0.0021158850055058528	-0.19292655412582863
-0.11026283483054222	-0.031108342762091405
-0.028403699887392005	-0.10355129240513833
0.20294849255697886	-0.31947868248584566
0.43252936808005399	-0.43936790370976037
0.52834700645866872	-0.31016989337153922
0.47585706237652597	-0.0023845831491977835
0.36129842072399276	0.26740837360361452
0.26912175770211144	0.33375889726150443
0.20447078943392932	0.21258088388219604
0.11902764695132628	0.066986803373334736
-0.0039507753564051737	0.066659952403363185
-0.10822718244601723	0.26165739660301451
-0.12022827541098682	0.55340090497695338
-0.044413733966668041	0.75968599202268372
0.017622298281135942	0.7241620322345953
-0.039243184707487791	0.42076159581457223
-0.20396760278604392	-0.0032811608980973048
-0.33357146435728713	-0.29769570185520916
-0.27778085352419229	-0.27779620953401374
-0.034449519878908923	0.012310247020499293
0.22120658944398083	0.30035840505001388
0.27453439787178663	0.29143555007582922
0.061437842467951677	-0.06565627757138004
-0.2606746529805159	-0.49787161461847534
-0.42952496063313839	-0.62020681105245457
-0.28003163841057738	-0.27772874402029424
0.13302050832100989	0.28844089092087583
0.58387626416597505	0.62515380754447947
0.8399538739680027	0.45005664550602498
0.80337604285774156	-0.1083891610939354
0.53771630027423856	-0.62523425887186213
0.19318136865829055	-0.7400792297258233
-0.088618598462029033	-0.43724126401651586
-0.22484466869948239	-0.017560574085022623
-0.19335250522795366	0.18095268182509613
-0.020212436669397944	0.041347916033380935
0.23020553447428643	-0.29190390414688705
0.46703902373156092	-0.57654230702834897
0.59709607795847774	-0.65500654017743942
0.56168488680956674	-0.51816464665241968
0.36199320749476899	-0.25539906941451079
0.060887574841865577	0.019857304292750948
-0.2383298795454086	0.21360973522694848
-0.4258408160463899	0.27242996055793167
-0.42702688163923386	0.20548392309459346
-0.243370788958336	0.08993939760168615
0.030819630084839414	0.023645811970072882
0.23930849391475964	0.043042906689757937
0.24595950655229146	0.083602165257535027
0.022982036686958363	0.03406354614222093
-0.31463570958305148	-0.15592296649123469
-0.56689188890977249	-0.41480589001444645
-0.57120998411110291	-0.59449575323239245
-0.30688747429054325	-0.58247005335834645
0.090431888880494263	-0.3731178264670833
0.41462925997585215	-0.05163092602491838
0.51686608187621541	0.2756168874192817
0.38676868515628593	0.52671455646727894
0.1428371153690938	0.64703522365202903
-0.048080835064358923	0.60804255389169726
-0.066740825210139937	0.43278374143960346
0.098294701240049825	0.22151804423357621
0.3519957038186261	0.1174769710303802
0.54385773375119018	0.2053818725807825
0.54344003967966148	0.42798237708540887
0.31176567324504928	0.60874652910256577
-0.065014829537842059	0.58799971385563965
-0.40846047588529033	0.35615029910711848
-0.54508518738013756	0.063507382455152958
-0.41352945148178755	-0.10361963112574861
-0.11212825570046561	-0.068654733617878355
0.16336179651421998	0.096146668386157763
0.25381162786676587	0.25580183134147572
0.14666048449996547	0.33385078936481533
-0.024542515381847489	0.35662518099715251
-0.093210258406373023	0.39097795720375877
0.00257370726201266	0.45497609963066327
0.1721968516896932	0.48734287996907399
0.25011877153167389	0.39656545984546038
0.13213207449796704	0.14311468924811713
-0.1398523856945266	-0.21624278965089946
-0.40620525933007084	-0.54586026706013524
-0.50179911750319239	-0.6963632977352342
-0.36569945154119532	-0.5854877462882172
-0.076311532402530954	-0.26117157260443191
0.20403702192130377	0.096880399594599001
0.32690979952711052	0.26232197271347163
0.24105195420840411	0.11101761489678963
0.017688192852714533	-0.2662941519041882
-0.19177672417762073	-0.59407946743481566
-0.24691412791256229	-0.59827656759208214
-0.10266596762980264	-0.22481269481743207
0.16418856089865988	0.29460371775630023
0.41269319460724668	0.60641420279765013
0.54093624741015134	0.50897506473969134
0.55445390486227153	0.10523136833391122
0.53843462582673673	-0.29573694997579714
0.56291269579026604	-0.44352918815952291
0.60800899442093814	-0.3371249432866249
0.58244709425956798	-0.17518648684240223
0.41766125020893657	-0.13008502950077885
0.1472597202195281	-0.17792845321716322
-0.10771565530400401	-0.15003979768083012
-0.23071942672117143	0.057020852081815836
-0.1923201015056408	0.34054692427834515
-0.049771805779326647	0.47430640487456338
0.11865500640378873	0.3344801445175879
0.26658844086138123	0.037164442548718313
0.36871719043066137	-0.16000281516266346
0.38108918418594312	-0.099714410607387963
0.24369777295552411	0.13515503084227992
-0.052404884230308701	0.32317676538958218
-0.40435812688987738	0.33882738709309712
-0.62763305204099207	0.27353380523498827
-0.58073598996988562	0.31190720330341748
-0.28514497553103657	0.49586601184300838
0.070456446085161703	0.63622257395422654
0.25599799589984013	0.48714312722759645
0.16194953047861388	0.02044863891301103
-0.12917817777463933	-0.48348520638461162
-0.40820777977690698	-0.64792677351236916
-0.48193379963307076	-0.33150685478319403
-0.28813167499794573	0.23556063731813784
0.081343906814853206	0.64908074315601993
0.44404644269971633	0.6826136138158222
0.62868262727116797	0.46271965576679208
0.56457527729983559	0.30685196666900327
0.31598640580947812	0.39548434270072941
0.044094806239496298	0.60277328063570923
-0.094053533999151423	0.6500599025987337
-0.053264759989719031	0.41796598058112555
0.067060623287464163	0.091844783985348261
0.10075244592837189	-0.012627973231729032
-0.050389349672712191	0.22254539793772776
-0.33272383655372162	0.5699863256500165
-0.58417341050299709	0.65045781555698157
-0.66498790038660649	0.29234806308499717
-0.5608137884561829	-0.28614810625701331
-0.36935109874106187	-0.65083928515642087
-0.19588097086492737	-0.52603978094068715
-0.068600685635320652	-0.020625088979985991
0.049204216898222776	0.49166453494967105
0.17961655807116778	0.70808396649079075
0.27717036299203962	0.62543301566104004
0.26864907640265862	0.46491570912841435
0.14026861932602583	0.40552759554027484
-0.025055559227921926	0.41319299924244701
-0.10626594155229345	0.33149066357374968
-0.044602820679858275	0.11473337285393105
0.11217217969240979	-0.072707462148498214
0.26142666637574408	-0.011097760192235011
0.337329436621361	0.3162009170695344
0.35627171872615321	0.64608819399359263
0.38117643750628449	0.64625052343812495
0.44857650269860733	0.23003893819919899
0.5318816090433981	-0.33492888330894238
0.56973422130220464	-0.64208565541543516
0.52089157873061132	-0.49323940146511397
0.39415279226622757	-0.053681504030075537
0.23367091886194927	0.31817185447419755
0.085560799682966857	0.39631423255872034
-0.022319041880963994	0.26019230725413661
-0.080659441619981703	0.16693017285421557
-0.095156796702873997	0.27596547288780793
-0.084611188891751316	0.50128890716185082
-0.073288490039913848	0.62219550540053603
-0.075248660134840675	0.52133982984220051
-0.084987019166212999	0.30283863958044333
-0.090227093535537969	0.18369425809186934
-0.095858620231749778	0.27810493492793037
-0.13183290578532161	0.48870713843107672
-0.22638227092199081	0.60338618205105576
-0.36858545323669922	0.48910136364440904
-0.50270161553800852	0.19487541532604782
-0.57089896348515945	-0.11419936280989158
-0.56530912773781239	-0.30660973814057918
-0.53724719221055972	-0.37006249430178006
-0.54728842044653658	-0.37483415173273765
-0.60128772140040898	-0.37527319963154598
-0.63524448009509038	-0.35427656462357793
-0.5641333414718761	-0.25185993140686291
-0.3537298304873186	-0.03467631222647112
-0.051967678812103055	0.26461132921428604
0.23805457596819612	0.55958896352046561
0.41313536959081132	0.74963746037536116
0.41512175221956904	0.75850138572762538
0.24993785839027227	0.56662079886360972
-0.014497703188011898	0.22854176526489359
-0.270939399394728	-0.13986565418274607
-0.42181265114897221	-0.41652367279606572
-0.43863804257190131	-0.54445721172937267
-0.38510110381835966	-0.55871339040456913
-0.36144304920723125	-0.53290660416305136
-0.40036937492872315	-0.48968802547488643
-0.41898253081176923	-0.37119064893915099
-0.29108933492817224	-0.11017162304945674
0.0069611519705850269	0.25626677976132467
0.3294154034169528	0.55597310590729387
0.46531479608534476	0.59143092781409512
0.33837900853718206	0.30899963658445234
0.10003945042101374	-0.12656363312527796
-0.00083187522122078858	-0.43291838564311735
0.13278742154677345	-0.41613651314440686
0.33409245830382067	-0.10777540928785853
0.33157552046020056	0.27229083720067854
0.044324646286279065	0.48770140417412294
-0.29506788472597195	0.44252494091397238
-0.34075897976692249	0.20977843084828271
0.016083595929914998	-0.054698586013249277
0.49723301563735745	-0.21752132585929279
0.66503234466217231	-0.21538186919950869
0.32774702251364141	-0.048686726854697347
-0.27031949217982115	0.2347756782315443
-0.66687127315750172	0.54162629809764029
-0.6022187736759983	0.75079405459441206
-0.23954547509608909	0.76328443159738146
0.02645918728721388	0.56570858684390046
-0.031485852434618482	0.24607901360508849
-0.26727140007377664	-0.056937278858214292
-0.33924597744799717	-0.23709355287732328
-0.080905568753881912	-0.26985554095924086
0.31614623202546904	-0.1986190745458471
0.48832530254523898	-0.091488599603406842
0.25836465586302665	-0.0091860552744318612
-0.18921768783737611	0.0065142716127902459
-0.47548395371241181	-0.058251094055013344
-0.36369541927317478	-0.17209057946645553
0.052407098321666755	-0.26398152956145976
0.46043953228474005	-0.27013362016046566
0.6047256043494067	-0.19902623466692509
0.46149373879218564	-0.142968334747124
0.19287218782781104	-0.19991281013970216
-0.02973371112144953	-0.3637631651171066
-0.14978462237399057	-0.49855275303822688
-0.20864529799246562	-0.44471059158376974
-0.25336003715365935	-0.1768442772197103
-0.27988392758598368	0.14360339719588522
-0.25481700118986694	0.29034371386655627
-0.16368238083381573	0.16769117873220948
-0.033780558724075128	-0.10291473430042924
0.082441606617202928	-0.29359967413444338
0.13180279321615521	-0.27772970020443755
0.079894570950122756	-0.12932462419801227
-0.071957760988298425	-0.023917231053854782
-0.26809093746458285	-0.041390893125497236
-0.41039209769060492	-0.080962822817216312
-0.41432673731140124	0.024251513606146337
-0.28089609016074896	0.30584250241875682
-0.11649798245204769	0.58402744591683831
-0.058960967230138855	0.61094351591768215
-0.16197630803750357	0.30415120633201215
-0.33827390389749579	-0.1538755772987877
-0.42211606639245342	-0.4481592012993465
-0.3051632881758703	-0.38705195656455554
-0.025965572224581731	-0.0511572124819763
0.26359498710078449	0.28457990288829393
0.42353532215213807	0.37689381596974081
0.43030460462728476	0.18765716358682533
0.37483815370357393	-0.12138945612376206
0.36994216192280949	-0.34046394715154898
0.45661202034453868	-0.35903369633813409
0.5807795324355679	-0.20065411457805335
0.64620602991078147	0.046261984535554898
0.5825506827663226	0.30404349503868761
0.37719018360117523	0.5216142578444829
0.068765303542747264	0.64721553902248674
-0.2697115535743359	0.62310388370416558
-0.53815837618126605	0.43390727904504384
-0.62837355267724326	0.15463045871902162
-0.47098549112810362	-0.068228231890690327
-0.098185748401288686	-0.11561141663681461
0.33534413595139123	0.0014405547160700912
0.6117355389602992	0.13567045968778807
0.57494543448838231	0.1172421292781215
0.23455275248101065	-0.10175469719086891
-0.22937147374701183	-0.40269891154738713
-0.57308741724961532	-0.59835723196514601
-0.63544775686037558	-0.59444360581970279
-0.42020282952974253	-0.46158716963144386
-0.067488378536305821	-0.35501634303818963
0.24703258687876498	-0.3535065956406746
0.40660059579704561	-0.38102417720318077
0.38980340332263119	-0.28603789273807378
0.24819754700280044	-0.0047198816208382345
0.065658427106554423	0.3563340860279548
-0.075743428938076493	0.60722360307851619
-0.11876871579564638	0.64870894002159463
-0.052286088211727401	0.55897941268755769
0.081946314880609855	0.50734224710341869
0.20891973353616347	0.57530305014527972
0.2642685865642721	0.66833167671727711
0.22937817320710815	0.60816891761366776
0.13310401626093193	0.31488433058374188
0.023067709912686387	-0.10505356361760487
-0.06088119693725616	-0.44684437620743261
-0.091535390444132086	-0.58538595527761628
-0.050957826779374112	-0.56378768345756802
0.050908052289831279	-0.5138392253994073
0.15146610587471987	-0.50025373192027889
0.14561082951054194	-0.45695255108366828
-0.040091870440000697	-0.27791236882330544
-0.35376810025938049	0.037625381450502836
-0.60971731040460908	0.33805137711540595
-0.60855660378127729	0.43097156405755754
-0.3041984991383484	0.25258343689363516
0.13640854726697596	-0.06072985141909918
0.46017921992635347	-0.2646185339057216
0.54133965560884856	-0.18573373743129024
0.48134579525641585	0.15723998825266391
0.48587981868030622	0.57624858013821112
0.63179344749670496	0.84231425998081466
0.76273372961124264	0.82355491864719621
0.63914660547480573	0.54634748234780184
0.20888248227799394	0.1630645970360261
-0.28340368956204487	-0.13779966193691262
-0.48642553571292679	-0.23204894963479508
-0.26899727893883379	-0.11797689396682282
0.13604994279887528	0.090540197149928475
0.33126060942017288	0.23478051707205941
0.12464802184272937	0.20687008954578071
-0.28524980586573362	0.01304482593339144
-0.49166120274980624	-0.23493104138520413
-0.26217735831814548	-0.39662190177605522
0.24822387026697071	-0.39119922858671657
0.64853892379623268	-0.2458736511971385
0.67295052997217564	-0.073194276917635526
0.40297670399067975	0.0032049511446771576
0.15501598484445547	-0.067831254448074002
0.16736574621406208	-0.2253723813494441
0.40271594671596084	-0.32958806618388425
0.63193843079721046	-0.2586089596641471
0.68259743782475346	-0.0080987889214780943
0.58519116639142543	0.28428335256209047
0.49760162462581192	0.42710362307124916
0.51672142187079295	0.31766481231913279
0.59053524735579677	0.023194015279694526
0.60197802791932165	-0.27744050332292042
0.5124377065957767	-0.44550039561625654
0.40148295736139045	-0.48774810852138495
0.37369741935950085	-0.5107019126089839
0.44692491957961006	-0.57512737142016623
0.54136146398053675	-0.60429033443834423
0.56288760941435889	-0.45406619518651281
0.48541887999580408	-0.08328282088781809
0.35743738486024229	0.35626819851969849
0.25413360240267913	0.62030737932925495
0.23582664029578804	0.58354111220224902
0.33192633570710478	0.35452394461752046
0.5243452532583599	0.17223406455026219
0.72358391330435701	0.17847376791969233
0.78574622469960553	0.29224274942159623
0.60826381519552242	0.30863285144095765
0.24512312157752034	0.12243466183878088
-0.082518389654614083	-0.1554518267250227
-0.14295758776065515	-0.30886066957690883
0.093830664984902973	-0.23842098393803096
0.39925617555039428	-0.066052619612266897
0.47061610422269823	-0.011952334177433016
0.21076416838068748	-0.16647466214134454
-0.16472440854254142	-0.39406188055493452
-0.31481291168009856	-0.46269262189449839
-0.086876693774177421	-0.27113865484063598
0.34175545524220963	0.056782922946525274
0.63246252569911621	0.29842871527212034
0.59754834749051389	0.34854886397053936
0.35267253463556436	0.30528638669101787
0.1704641122192366	0.34477961660028883
0.1969364622849204	0.51738654292834863
0.31797100425413144	0.6747257054367618
0.29835070569344235	0.60642027585375635
0.042318850314023763	0.25608033966882215
-0.29461073949801309	-0.19196474735119443
-0.44587918318573294	-0.44255665358004587
-0.2853197880922555	-0.32662131544072814
0.050664582536916448	0.061220062425678588
0.27382316388941247	0.43887119053353785
0.18158432629950172	0.55573067187650416
-0.18574483070040884	0.36781746418620626
-0.58065247882688453	0.041852172298245928
-0.73107640227623349	-0.19368493888731284
-0.52299898480229201	-0.21118954485402697
-0.066932822777397705	-0.042521106496755834
0.3768469054340513	0.18240832437858304
0.55861591699551494	0.33810052304533583
0.39194994318638393	0.36045744883943176
0.0059260228126115635	0.24623531005555457
-0.3334516338210432	0.033218525061108381
-0.39368248085694774	-0.19894874543270125
-0.13175063883124899	-0.33165946907622013
0.27642087735213894	-0.25649893756866377
0.55035536420901887	0.035673316958616301
0.49099336308478764	0.39844526752553411
0.10860203695922274	0.59033734713177177
-0.38361442121289829	0.4466436283635174
-0.69980369582124435	0.034110551762267786
-0.65176199124669598	-0.36413442960167047
-0.26458249130701988	-0.45089025947220907
0.22760471125721149	-0.15352336906225386
0.51965478456500558	0.3111269382038459
0.43635502693367517	0.61416325589382958
0.069081213790490453	0.58843261317510309
-0.27190016852681831	0.35383284916559637
-0.28909679633307167	0.18089486826862775
0.053770864278595412	0.22718410790705093
0.47940103718942562	0.3976153091262058
0.61836220265927577	0.45743860059629282
0.32886859151579179	0.28286427198082414
-0.16590117767742274	-0.002186641035987489
-0.4661696440191837	-0.13710784422674827
-0.34849379165179251	0.024095706364318615
0.036488410159590139	0.36559724853277703
0.30953705679553101	0.61088213553041293
0.21237670113932194	0.56807860154292167
-0.16205229865101817	0.29371834043964462
-0.46626898754041141	0.033706244711846092
-0.4150541963476036	0.010400965370166319
-0.018632306183780933	0.25207092921869595
0.45850508747943702	0.59422567412557004
0.73727584810410562	0.8191967821086471
0.72376357379501766	0.79673605328352037
0.51077194856695463	0.53385560681402844
0.24076998202016589	0.1446473268234357
-0.0060601947503575769	-0.21118913141327367
-0.20842188897534528	-0.38809656035627765
-0.34338668790464089	-0.31524484575086498
-0.36552506646564248	-0.04779811469355609
-0.25053499414710756	0.24283684503410227
-0.033849877726371561	0.36260504065138571
0.20492147448775858	0.22290249629187955
0.38999928068513945	-0.097751519334744741
0.47386992154731533	-0.41433541174195748
0.43148154518329523	-0.57029194747890899
0.26638897197347378	-0.52706268154623459
0.039513541090919847	-0.35064926443373851
-0.12730671170953894	-0.13719957239512451
-0.12350911026397361	0.037442567665501914
0.037422302904189006	0.11237094646232726
0.18914267170371257	0.036456031450115056
0.13614578596607804	-0.1888753414770501
-0.15593868884541759	-0.45626902642088196
-0.49652744229772244	-0.584498425574703
-0.62236363263701988	-0.45344397687344534
-0.44474459848648862	-0.13448325543665715
-0.14508254215754943	0.1326314453185902
-0.011969461663507252	0.13532108906053195
-0.1615304686881999	-0.10868781654591443
-0.4155860855008261	-0.3420993765650831
-0.4650048719387499	-0.29115995624036833
-0.16771109857731062	0.07407877363540491
0.30579293712327743	0.48747399637115685
0.6185660912312515	0.60306081670268408
0.56068805920960396	0.29366571140326819
0.21692973998464471	-0.23200206174028248
-0.13113101025953633	-0.59320823120203325
-0.25905568022616332	-0.53171973969496156
-0.16861045004661906	-0.095401846737834653
-0.040347121567605559	0.42164543412339534
-0.048827583848796201	0.70163302530919713
-0.21860063885713629	0.60572536522401765
-0.42487275052461909	0.22876255481194113
-0.50604421129860777	-0.19213507012529241
-0.37631333028527758	-0.43196119636707209
-0.067342769372050637	-0.40044615966743391
0.29426646132392026	-0.17862114574944379
0.54517006530719914	0.043509876431336303
0.55904183796195139	0.093267931541150206
0.31576433151639854	-0.064051574978673864
-0.071911291436200647	-0.29980347234273824
-0.41248767061938779	-0.42178679942131014
-0.5574134932701591	-0.3305491007093545
-0.50176915596918625	-0.097204556973515266
-0.37335739653785394	0.10964907274040611
-0.31507129173246751	0.1826199903672634
-0.36341686766856757	0.16844797873158557
-0.43376048248510007	0.20504409240806443
-0.42314356942167503	0.36321737587369618
-0.3173895579985318	0.55274654557830649
-0.19633806978243923	0.59323418540954287
-0.13828825885286958	0.3863733349646391
-0.13847484602004809	0.024118612384807583
-0.12831223593186936	-0.27239383031251302
-0.070540197251954942	-0.32865293527623646
-0.012915461134728863	-0.14732072243390398
-0.028116569329829179	0.10887457751945495
-0.10511832666100401	0.25600099802719345
-0.12530001379472727	0.21824702593413733
0.028233916080162336	0.056190970248685988
0.32740311816620232	-0.10259525478122365
0.58523078744709645	-0.15404394669303689
0.60624474975821696	-0.063143796361851259
0.36670153171741371	0.13778782416940336
0.047834895514888898	0.37224816159581336
-0.12141102115609118	0.54829598488139852
-0.066201733736310567	0.59097491363193999
0.079546394751709312	0.47554653183665496
0.11156347023214538	0.24193555625976745
-0.049412476362244225	-0.027257280995599601
-0.29043595628339158	-0.25341624819268654
-0.41718145615776864	-0.39475148823645545
-0.32967564157957729	-0.44253196867155636
-0.10177655677049942	-0.39524431473923516
0.082387279439054717	-0.24901962348146131
0.066737454750279215	-0.020865086601146391
-0.17836006061083137	0.2292578018709989
-0.54251281696322939	0.41398173577254682
-0.83287119820549393	0.47585146735236383
-0.86967578357127495	0.43505233580377889
-0.59292829509310896	0.37817904659149365
-0.12968471522815198	0.38759414285314137
0.24781405139607623	0.47585578507166731
0.29332711746146994	0.58275498817417704
-0.016432791240437391	0.63603952630291138
-0.43488698478097942	0.61000413829894118
-0.62993541309372159	0.52926947697948457
-0.47030320477634929	0.42288076724289542
-0.14616846668608943	0.28851105672104504
0.007799509776665812	0.11188574738338403
-0.15754343386045166	-0.085334462550098383
-0.44500321442238872	-0.23448950953394729
-0.49807645506375209	-0.27446868143580083
-0.16803767489911098	-0.2211408537116428
0.3065479590068913	-0.16875757657927173
0.50626538282720179	-0.20080003173287556
0.23901725612841218	-0.29196892552837966
-0.25393445088415378	-0.30641168034390959
-0.51085266477083013	-0.12076625915349157
-0.28601310604748587	0.23284669449008819
0.21083690652784914	0.5489597211493813
0.51131220817568401	0.60067275262517361
0.32451773634796283	0.33667355836875179
-0.20660957318333223	-0.053829320652525811
-0.66749306121895102	-0.28226112106905155
-0.77145597299251556	-0.1900125365696784
-0.59832299572057901	0.13232119918726559
-0.45472511796838994	0.4403810753051664
-0.52721544161306488	0.54831770822901238
-0.68919142854666016	0.46779950182495694
-0.65249450338382808	0.35986819810725368
-0.28927866943221092	0.36498961443384897
0.20665428065509983	0.4810796244256636
0.48215167294534844	0.59173747956345535
0.34249610272589098	0.59325218493705312
-0.083498154827372648	0.48910778945175437
-0.47054125164323546	0.37125999781893027
-0.57820501465398821	0.32455130349728789
-0.41786198747394199	0.35810124558745349
-0.17956140579600147	0.41771062733955167
-0.029477281039680815	0.44828263448734151
0.014030521783537905	0.43351085884205581
0.032685683223928959	0.38885529890562398
0.081169609047520686	0.33363451001062933
0.12785857188693556	0.27987417099546025
0.11457585065996843	0.23865492275699576
0.046078075185634566	0.2214850116142556
0.0019386709842302923	0.22972179756722594
0.055897648110692866	0.25014202511843264
0.19044029043149829	0.27374603755528576
0.29501224064358578	0.31141406595394122
0.2527029118097443	0.37758882215358558
0.033393214292125245	0.44683730102642655
-0.28335007407271351	0.43842919115841567
-0.56255612315653136	0.26949885108406907
-0.69089290389474722	-0.054072954028990532
-0.62575871763542257	-0.4013896614991907
-0.40192725152750453	-0.59631822979280691
-0.11011720841947867	-0.55635606930429093
0.13708214442822325	-0.36457037521471952
0.2494653070723464	-0.19422496027928318
0.20282324210910063	-0.14962395400619974
0.053931607799009393	-0.17591953067895999
-0.095828589014976262	-0.12993312117465081
-0.16498136832027416	0.060300149709397795
-0.13951562881181465	0.30803139538153052
-0.059075347006033042	0.45206134593853675
0.032772804982949107	0.42558035989975601
0.12387082643818045	0.33270649688138437
0.21519983250209093	0.3431991822969967
0.27892569659345662	0.50609138679540266
0.25485701078864248	0.67096836196128873
0.10597667247851429	0.61358505529857676
-0.11697587279628775	0.25256744539882103
-0.28115006272555415	-0.25105157901611147
-0.26655038960364902	-0.61219733460137105
-0.073627980921540381	-0.65425499799077691
0.16092338762359704	-0.43936957904741086
0.26726050328187057	-0.18797386313019956
0.18307825557818583	-0.075187922594600012
0.0030022840154325988	-0.098395256561458685
-0.10842053210068954	-0.12535811914969075
-0.067373905055236438	-0.048889325911814913
0.056292801482556054	0.11740026250079073
0.1089238406677879	0.27731896255712929
0.0050844761657690522	0.36167442426404578
-0.18095420023191908	0.37968370985506872
-0.26924231442671542	0.36999447738520136
-0.12528822513114241	0.32596280519714016
0.22049743028080857	0.19113539912525881
0.58988418771622408	-0.062769472400900791
0.78980949679155044	-0.36690977504846273
0.74551675619023416	-0.57492111515139754
0.5242630959922876	-0.5616559241906971
0.25045176538567709	-0.31546423246807986
0.0053123637466785043	0.055055691671624385
-0.20276724245259156	0.38786319767159438
-0.38806668088090368	0.55024084507460114
-0.53406600228969237	0.49204522407296986
-0.59778823654340807	0.26482449207232089
-0.56084415177961511	0.0099606247279551922
-0.46089319660365885	-0.098472774436079491
-0.35567945988410815	0.039456960240581422
-0.25998678306727374	0.35438082441890079
-0.1373252604760882	0.6200826067598435
0.033839593739456796	0.61124638434386991
0.18637107644069584	0.29759995836172376
0.18790463333298299	-0.10488089510244414
-0.032095154810358566	-0.30291878016019735
-0.3672374914167737	-0.18602128315386179
-0.57054022113687042	0.066686659036005042
-0.44662273161610067	0.15028193333930737
-0.041523659868093039	-0.074479003604519103
0.35800125643358405	-0.4412996108542957
0.44509364651771249	-0.63182072077528728
0.15679763795813756	-0.47623619181506383
-0.25893145904039039	-0.11245557559641406
-0.44165021075479383	0.15286815173636531
-0.21918880947040714	0.13881928093117984
0.24788256341380172	-0.050018875052388438
0.59597779618590196	-0.14829934974626865
0.54754348260666375	-0.002695113620508048
0.11557677013062026	0.28158552718386815
-0.42958433266646179	0.45857402461703334
-0.77513221108649288	0.3894765367479523
-0.77965890665662019	0.17084456076055657
-0.53442020540705604	0.030699567021461139
-0.26225023999400476	0.10416378503782807
-0.15314437154198532	0.31072017450549022
-0.25518670098800145	0.43487317299420269
-0.46674037998647244	0.31456828940579429
-0.61190570358895768	-0.029797313620079244
-0.54810455531076741	-0.42163738991531208
-0.24923352660769643	-0.65890359836993584
0.17827130026372209	-0.63610326074245349
0.55270829149608347	-0.38804294724971983
0.72099664942861053	-0.055411641670328374
0.64247728215629507	0.19205047818099666
0.40175874181780269	0.23964879726819982
0.14205674791278891	0.091490186785337768
-0.026172080694133123	-0.12770226185028979
-0.083366839162423462	-0.24823235375536593
-0.089720820155965955	-0.17356406190830934
-0.12686967633702353	0.047023901110548688
-0.23237504642640042	0.25418834852101524
-0.37145423635956426	0.29833608767766312
-0.45708434271032372	0.14875984485534416
-0.41065217298763196	-0.097948447185205123
-0.22108930645757258	-0.305388926808354
0.039047356867751293	-0.39613472816157347
0.25862442956336557	-0.37990284126919538
0.36733150699341871	-0.30709762403689483
0.3817616413421534	-0.21189735330870682
0.37134412165412961	-0.096982929517209993
0.37765726167406372	0.036582250993207582
0.36704240976246477	0.16511126385427483
0.27399417070783882	0.25332434708858648
0.094203608119101723	0.28285996651180767
-0.077484829178541242	0.26585397987650994
-0.12159670706907399	0.22859196475702631
-0.016636287861424268	0.18676357256972104
0.11805780139738585	0.13908348406316237
0.12709796349733993	0.085900975093544482
-0.019089571473346334	0.043379722797800536
-0.17088744712333875	0.036521641356634778
-0.13013420759915484	0.077473227244311813
0.14814971717042566	0.15032707993450994
0.48237746952876209	0.21686216439421926
0.6088667376585486	0.23770557714561613
0.42029734200204921	0.18995038054355057
0.075867780430580289	0.075790289274978176
-0.12824273920519769	-0.075477433828247703
-0.015169135625398737	-0.21259033911960679
0.32177560703979369	-0.27981647402509757
0.60208087835639279	-0.24557477138528452
0.59159107918951637	-0.1285156085196888
0.28329074511564423	0.0059823042505720318
-0.11747557975569772	0.087075098988501062
-0.36032325616153343	0.090591068175729844
-0.31975425696732201	0.059566234531546698
-0.048655538503810915	0.072103970912436338
0.28774789023310171	0.18136251978024637
0.51740216255526772	0.37149570822093303
0.53418349056357317	0.56519917969315059
0.32467326939744068	0.676598355181667
-0.030468407178141491	0.66436254323295041
-0.38129547001617081	0.55201212450320158
-0.56860645753619798	0.40530683415771829
-0.50833232514251769	0.29118759784964948
-0.25093651061109945	0.24364403818821598
0.037508288845776068	0.25075494164552964
0.17631467547633745	0.26622415023698476
0.087839949376764342	0.23666773907801095
-0.152249359327708	0.13004368935576407
-0.36834205306617768	-0.044229724179795767
-0.40505664495961824	-0.23943189644418297
-0.23130982032653438	-0.40121314066421299
0.04333310425724423	-0.50227926217778074
0.24617896707088335	-0.55446605146485894
0.26021835157567319	-0.58552863224937712
0.10278698677666472	-0.60003820189172152
-0.088920777613473667	-0.56476073066150945
-0.15514506995701793	-0.43446550777283732
-0.022046660919598733	-0.19858837969275159
0.25189712838606176	0.090398400931529246
0.51971984716942909	0.33533554622613493
0.63824055229099574	0.44567319063444649
0.54082609091976397	0.3834016361535223
0.25114457809073537	0.17442264371155736
-0.14577404660339494	-0.11003936108004422
-0.53589631712432173	-0.37872879066001325
-0.79680226161715739	-0.54474936484689251
-0.82483120342298299	-0.5549137229904284
-0.5844545000070932	-0.4235745311766696
-0.15374768326774116	-0.24534449397629113
0.29441434957439838	-0.14961256120161098
0.58756936911773894	-0.20856660750041345
0.66295710025366494	-0.35989925361641567
0.59767150541997471	-0.43207935846189383
0.5263231993934504	-0.27570845708262914
0.5167785024826288	0.092834847454904973
0.51851185033321212	0.46807645102640705
0.43127923563094017	0.60027024647348948
0.22664097864915944	0.39684785991861277
-0.0011706468352182546	0.0086676127800131651
-0.11118511113778001	-0.28679902909404209
-0.042702997797869645	-0.30850180029237378
0.13003565945712109	-0.10283171057947242
0.26776215856081942	0.13243205028482535
0.29117373984700701	0.24781013900760154
0.2396820250352994	0.27147546633894409
0.21509290570054032	0.34116622862873569
0.27294023648535182	0.51734093451401064
0.37145456798342202	0.67848419442109043
0.41700321855057554	0.61991099531262106
0.35461058837971521	0.26964224056279268
0.2125456525451104	-0.19516465792129806
0.06836549954148062	-0.46452736778123122
-0.021598477912961472	-0.34897934846780254
-0.057080194764756051	0.059173406857263453
-0.076243573228144443	0.46852002228566025
-0.11255369860387636	0.63315824146623667
-0.17154887031000657	0.53201448905276572
-0.2342939253978574	0.32511135101536626
-0.27559844837153302	0.15856760448939275
-0.2793809857983437	0.027990140313969607
-0.25263802865168056	-0.16271619032206794
-0.23153684088541779	-0.43332226500155124
-0.26593387405160468	-0.64876468979093149
-0.37633712783784312	-0.63655812922960975
-0.51077481608544695	-0.38338449554758203
-0.55699950705043233	-0.089914690041562134
-0.4287871712025747	-1.1645384719159189e-06
-0.1614650459002594	-0.16097318378332509
0.079742803058744524	-0.35873997623035531
0.11721229852122546	-0.31858190312544643
-0.080416261118295251	0.014214404576615524
-0.34669909664800297	0.39184591962697835
-0.44171457028792627	0.47638717559801047
-0.26006568241999756	0.15645210486736874
0.068868349632867379	-0.33698808110865586
0.28629439028239345	-0.63179563534131089
0.22683697120239218	-0.54603805670308125
-0.041756745355873419	-0.23275863147317921
-0.28898510593090315	-0.012193709073699013
-0.33155095435861243	-0.059016619770147973
-0.18585619409076048	-0.24864161945695104
-0.028576037251800857	-0.29811545056675243
-0.017165589493484661	-0.053752197684453079
-0.14967679547452239	0.35052058307582812
-0.29013770669448385	0.60578393897935479
-0.30989246312893742	0.49218679907997576
-0.19718538984878003	0.057143785817815901
-0.030141872482288803	-0.43240342851612534
0.13026728353777545	-0.69081692802241845
0.29919403023764884	-0.59350796166924213
0.51094392295562041	-0.22114752456580689
0.72023014169614774	0.22034225254833081
0.78925165079130855	0.51936112161835668
0.60094722520435995	0.55733999304944926
0.19316193364892584	0.35791627749840077
-0.2296512688945733	0.074902356767966527
-0.43677545691155484	-0.097155391144837205
-0.34762806809071978	-0.054943338919827472
-0.089848598376189373	0.13158221771951664
0.11246101003044295	0.27435489887002196
0.11452450471218746	0.23090872102908588
-0.057789921103892049	0.036116296995434664
-0.26595296880393926	-0.13150523608111325
-0.38938716030205672	-0.12571877608337712
-0.40847284805176493	0.022906718868068571
-0.37808409446555336	0.14598908875077204
-0.34865149173641274	0.12278188937012821
-0.31732350176873503	0.01544025544907973
-0.25317648055582342	0.0014981461965214442
-0.1543920116928455	0.16994233777896112
-0.07126733421609234	0.40255634038868038
-0.071846248990952766	0.48518103459001871
-0.18694258319905063	0.34422670672652877
-0.37897226992018562	0.14819828625894321
-0.5601533679665277	0.14779053177276874
-0.64138615747017236	0.40140341974339128
-0.57949048242988466	0.67608559897573239
-0.40142236936713971	0.65008856455605024
-0.19436025449796948	0.23187257928429861
-0.0637128107884877	-0.32692325216676515
-0.072896512517721071	-0.64731413057133735
-0.20068420088566297	-0.56996859997989335
-0.34934115346316152	-0.29125787019783722
-0.40902844025381124	-0.1563044356951776
-0.33548019956538855	-0.31629920427140701
-0.18423222520716198	-0.58552484287414264
-0.06643252416819094	-0.63194928450362253
-0.05971984386824479	-0.3122021740514242
-0.15056889457461961	0.17615540554636921
-0.25475511463441941	0.46174398395053218
-0.29511655876097126	0.31982628803061786
-0.26516490209251775	-0.14608555660756398
-0.22183339435793675	-0.60928304979148162
-0.21891976329551224	-0.79010745204914068
-0.25073657713777481	-0.64814584795311037
-0.25775969204158872	-0.35926041075026494
-0.18723868158253568	-0.13631359613778316
-0.046471772362579822	-0.07089015327527716
0.099389585065697006	-0.10736020512651499
0.17894412052525699	-0.12855900162274284
0.16111144753762718	-0.057133778268363848
0.058891368185295764	0.097401065322970437
-0.10343394334603553	0.25597395245618199
-0.31000778049524758	0.32002383449132421
-0.53566834858453161	0.22929913543087369
-0.71660349111488786	0.0023691018341956208
-0.75532655447617569	-0.25466521515929863
-0.58265686488453972	-0.39401840230572321
-0.22811299069923491	-0.30762818493448635
0.1672123854575818	-0.00088593445344930795
0.42619017176231272	0.39658285817217176
0.45175281649856475	0.6980537065686685
0.28287855878238233	0.7609503217191379
0.048402403632573116	0.56019064351111603
-0.14206138466840526	0.19473660284663016
-0.26747748878798028	-0.17303859515638717
-0.36348373388062566	-0.40342256604777449
-0.43839173778403973	-0.44563687490667597
-0.43248882924560961	-0.35143845001031826
-0.27818465966364625	-0.22962058319188655
-0.003549588674935121	-0.17149940139621289
0.24064098384355564	-0.19637151416648579
0.28181584456380343	-0.255405806738073
0.075786091844561976	-0.28549284748235465
-0.23812222311866374	-0.26497423529067188
-0.44443025472415471	-0.21537730109011788
-0.43270274556989741	-0.15723005382736269
-0.28636586185662904	-0.07672712458344122
-0.19127017613605232	0.048325173425581389
-0.2524001455620114	0.18715545745176365
-0.3961032349030062	0.2402549627694926
-0.44799952108835961	0.11749905000889485
-0.31044434812732058	-0.15387676938656622
-0.059638420289945065	-0.40459048410574255
0.1301557589582529	-0.44107766862436831
0.15485630853348364	-0.21516942776589937
0.073089766928869454	0.11085239453768604
0.028947782141284274	0.28409698118986521
0.08972831491565865	0.16725683235017744
0.17161600184109718	-0.15122159116604389
0.13124212929477336	-0.44358745297374358
-0.065711162305326171	-0.54156725424843188
-0.27518900576440758	-0.46271549462839945
-0.29149977674313754	-0.35657473692790831
-0.047594945523173129	-0.34321777603170278
0.2934921798675077	-0.40583307282255598
0.45282906290628105	-0.43412708312740594
0.26534634418126313	-0.35091416820741689
-0.18004304541456262	-0.18870732094446505
-0.61508664868724539	-0.052785978446721879
-0.80645505531184736	-0.025354850261325099
-0.72025553818578225	-0.11005131202316645
-0.49713366897882294	-0.25524526342601206
-0.28991231429547726	-0.40528671528534327
-0.136204885228707	-0.51888024763265805
0.014303679402208301	-0.55381657276793628
0.17344604372255745	-0.46452231823919171
0.25228756832383886	-0.23416003155994744
0.15036632654874091	0.087596452208092992
-0.092196960643459128	0.39188975880719668
-0.26545614773849946	0.56396529864419287
-0.15601210182253578	0.53909276674238393
0.22822371537523703	0.32299225853419888
0.60672410276354383	-0.017766644086248992
0.63976653571009723	-0.37007484745949504
0.23578934095943968	-0.59185787817258384
-0.33383092878833315	-0.5638831933881715
-0.64375891932391793	-0.27504067459035964
-0.47016073546552006	0.12159700032976999
0.031616757214746792	0.36883186131308027
0.48662969289140584	0.27922287647257044
0.64110776556943028	-0.10059351381690235
0.55328249553334596	-0.49490564096361933
0.46952827825875226	-0.59897722857305913
0.52887283083898118	-0.32205610668684392
0.61112132099432614	0.13390855300974536
0.48458034900349511	0.43686478447340654
0.090421409651539345	0.38829107795474682
-0.34126277346320438	0.064510252093547993
-0.47984330883694087	-0.27168959120108899
-0.20966636753675597	-0.39473920144123836
0.23795720059467756	-0.27473855237969202
0.4729410715644049	-0.055623340029691555
0.28229711921302858	0.09343050806553034
-0.19871008371766963	0.11224057589403187
-0.62385496096745507	0.066636180294199779
-0.7389353531973446	0.069958362162549567
-0.56831295791694514	0.18838201184097872
-0.34183102344375221	0.39824049587970295
-0.26230710766128873	0.60137108266886286
-0.34314727139928064	0.6807224088228313
-0.44579884622026827	0.57340521164006608
-0.44141192238249688	0.329059501692825
-0.32748567536219103	0.10063039599191294
-0.20104235222620043	0.04782946603406809
-0.14317937740963874	0.20080383633404025
-0.13999978729364981	0.40858805036402113
-0.10963427598160792	0.44775914428322389
0.012606384926287701	0.22291058276145939
0.21447491332444227	-0.1207975176340105
0.42172629719095273	-0.30581243564154548
0.55878686906149067	-0.17674860229701983
0.59366444707479071	0.13654608759967543
0.54032104629038102	0.32235959565650235
0.43656424868641797	0.17660556286983789
0.32647916617844946	-0.19905870649134008
0.25307109522950488	-0.49625692739699184
0.2477641693253792	-0.49984054672478107
0.30930369332054847	-0.28893849720502024
0.38760184187509594	-0.12959717186501465
0.40181940803304472	-0.17243955520531259
0.29517012041857221	-0.28314154319127388
0.088768283449274663	-0.19731577777694598
-0.11389956633484892	0.15492463523225034
-0.18935776295563811	0.51491373037379606
-0.086908276706673906	0.52019054691757072
0.12103962226438388	0.083720865015219803
0.27729209646388131	-0.46964423668320232
0.24487061433075261	-0.6784849288994933
0.0049498456294698318	-0.37993386584588618
-0.32382143001603586	0.12600102999415483
-0.56152041384277063	0.35424708683118827
-0.58208734042576504	0.092141559760705399
-0.38456361936954769	-0.40453625324131354
-0.078801494203520547	-0.66289547905487078
0.19438765940021582	-0.43689404975628593
0.35153016150648986	0.085331012450536675
0.40144036588553361	0.48891911415406947
0.41632347742138315	0.52684363421736036
0.46516798728986208	0.31485305222648841
0.55123324549751784	0.16653979916886674
0.60166654154923871	0.26653056017731547
0.51598985883690229	0.50460009017942475
0.25029929247536009	0.6102647098779499
-0.12613498824010344	0.42416697990908081
-0.45188804657846232	0.042693991647956467
-0.57364930685758453	-0.27034294193516545
-0.45881036690678378	-0.29739600791693471
-0.22603685834755086	-0.016064953957151077
-0.059925171444068552	0.40817556963877022
-0.065982517714407551	0.7402641241230421
-0.18862746920379625	0.80447055755523222
-0.26244526502127885	0.56902613544847946
-0.15405916866895111	0.16445304144464074
0.12350558060233015	-0.17894922161059679
0.42401732576537482	-0.26817376985825941
0.5862626039664327	-0.087052342936773539
0.54988988271244454	0.17925553260197483
0.37244308046258434	0.28330312467940211
0.15517811186460342	0.1264201499400161
-0.041278630527679681	-0.15031936292450596
-0.21396974775651947	-0.29467270920448357
-0.3738827577668809	-0.18549561050012478
-0.50582839198788532	0.045281094316668567
-0.58005066507093606	0.14251829651582551
-0.58957584263607732	-0.010310070471794519
-0.56466690808383424	-0.25567816728852105
-0.5413158523181989	-0.30447228777597313
-0.52337882706069772	-0.025295646335575701
-0.48454826059709971	0.40155252737321417
-0.40794724997725557	0.62206703899925953
-0.31624887678507163	0.41550090792229838
-0.2538197829319499	-0.11123869612059195
-0.23920555090694451	-0.61685243350345842
-0.23933203415864482	-0.80740055105469521
-0.19509985633618446	-0.64902329022838856
-0.068780862064855425	-0.34740419338192036
0.13025647926175885	-0.14708655677936913
0.35437249026478373	-0.14784078552324767
0.53528289457422729	-0.28018012098758177
0.59284982106070161	-0.40857484254452964
0.45569465633421824	-0.44246192231033665
0.11458527747436283	-0.36892073076160953
-0.31881652508416375	-0.22407147595792395
-0.62527175296166626	-0.060845992754333153
-0.60439503398028382	0.061964750354370761
-0.23415729781398328	0.095863183356264564
0.27503785034835732	0.033561045973058416
0.6149118443025281	-0.073537525631381565
0.60700958972998376	-0.14439357015588236
0.32795196161584511	-0.1347879308248513
0.014112570908674809	-0.075192681765580471
-0.16292817332985154	-0.037432079134357206
-0.22983666133415681	-0.057587672945041288
-0.32648671219589492	-0.093304208959751375
-0.50153672604604727	-0.063798991312909198
-0.61623807284023502	0.069530748680337665
-0.47421371404372764	0.2594265046520165
-0.052645024005612037	0.40911212800135432
0.41883049426942826	0.44752799823755995
0.63379595882550932	0.37449549005072552
0.48685814587665854	0.24785370896358366
0.17332147249108731	0.13995389605235922
0.0073858070576268862	0.10499045733597832
0.12624516179322434	0.16199927913901208
0.37233738790433579	0.28175956629979731
0.46391541594972813	0.3751256199120741
0.28098260182472529	0.32130865713303408
-0.014533982663367801	0.048326991756080337
-0.13537137874717187	-0.37933572041370145
0.05270757068435937	-0.75597114801190057
0.40005150655141503	-0.84962807135919338
0.60138233332047508	-0.57097059166769737
0.45661761421472635	-0.05898672645537277
0.026735345674056429	0.39915341089068196
-0.42762729980070585	0.56326887911221601
-0.6489351699143695	0.40265768037065425
-0.54683027165752718	0.10359562412573392
-0.22539636714814024	-0.076524347444351923
0.1119755537405985	0.0068761255537465654
0.28816886310620882	0.2891300946853616
0.24094077819738599	0.54597336155688614
0.049192541963790581	0.54197958060175722
-0.11513950177430812	0.18869720796438411
-0.096320340129378956	-0.37826557370148889
0.13147565768005409	-0.85787089317896803
0.42882950665172537	-0.95608423044424173
0.58764199520070792	-0.58550009354714327
0.4994705079426871	0.045594989393421471
0.2490677408337057	0.54281123571646506
0.039465807016395398	0.59077290112579095
0.0068984811927578155	0.18593695537338595
0.09668590645910391	-0.34697667496200224
0.12705436827968905	-0.59374097902680489
-0.02136497079281818	-0.36453098865598094
-0.27910582141924273	0.16379078890820986
-0.44957246595614364	0.59435354820237341
-0.40240912492862313	0.61839628442101846
-0.19885700255311622	0.23714356504270404
-0.029138370872837376	-0.27349868500752778
-0.029331791613407557	-0.59513714850799215
-0.16459588449765503	-0.59315865346594554
-0.28569672902336379	-0.36816617296013188
-0.29100168311476565	-0.13069718742158012
-0.22100326748039403	-0.035442801406962911
-0.20030709608103692	-0.10472818746691846
-0.30036835819492796	-0.26425303514857018
-0.46882118749473706	-0.42606409916219767
-0.58616511205898236	-0.53958160042000058
-0.58028518127612427	-0.59466661768612883
-0.48161131282589659	-0.60092677917178317
-0.38302593416161268	-0.57006329785842946
-0.36144440868777433	-0.50461165966825283
-0.4328519621702035	-0.39621205925551217
-0.56004086553702048	-0.2326259363470016
-0.67465309626299208	-0.017871088060475621
-0.69791051492834488	0.21233381732611131
-0.56923487045835686	0.39653769520003584
-0.29262543365128196	0.48294130634142152
0.034956634185727087	0.46707215701431148
0.26228110645019959	0.39810877642424969
0.28244090946952244	0.34400121761756375
0.11403876623607068	0.34625043790505944
-0.11251984949357746	0.3995659259245572
-0.26029056699063285	0.46942505212111479
-0.27824759499601082	0.52431965789475599
-0.20021170224212737	0.55767003674050475
-0.068794266719974351	0.57808794044323308
0.11561603309663701	0.58622022572935284
0.35763637174029694	0.55704834548961302
0.5962865692556466	0.44735190956857146
0.70547752026880117	0.22849639919422277
0.59682644712942634	-0.076891830870097558
0.32748387621723435	-0.38398399414031142
0.087207206090136158	-0.57517521106400515
0.047987779574024232	-0.56264923403050737
0.21126473790549843	-0.34708253774222203
0.40138487693530789	-0.028761999352590946
0.41917921560602023	0.24421156638591104
0.2135329327004602	0.35723343606363311
-0.077708934470585939	0.28273262518404763
-0.24525194428921984	0.075739850152250196
-0.17089091560493955	-0.17586318540236409
0.096537095887147206	-0.39943821232386589
0.38755549087896057	-0.55649745471176448
0.52327318335546269	-0.63377096383257425
0.41385928587225024	-0.63021195601572599
0.10868642395077165	-0.55582927462007536
-0.21295415411050056	-0.43671875111558012
-0.32964175676830637	-0.31634489710921809
-0.12529702121165104	-0.24597690710186601
0.29406883951027701	-0.2654589363693533
0.63398773063698177	-0.38139175305521411
0.61792599753062061	-0.54660465641281142
0.22560755555593701	-0.66500536818225686
-0.25862612921210781	-0.63324193154300745
-0.46830598588514544	-0.41380221324297406
-0.27062445420075765	-0.084300252399709577
0.11314121357738488	0.18900855519435428
0.31272699893109729	0.25693053430453178
0.1568494788847731	0.10208970236800176
-0.17012894244720628	-0.13576264828747195
-0.31050543217691667	-0.25726896291014256
-0.081123103185183607	-0.14979764413334987
0.34953961883326362	0.13203855922011939
0.62005687984684921	0.41459170912059529
0.50452426722568855	0.53638473247291818
0.099903796029796099	0.44981137811803751
-0.28561400764291683	0.22764788582428097
-0.40659869552085143	-0.010008705290787659
-0.26309292142221519	-0.17303980357301424
-0.053621514094153076	-0.23359745468284288
0.010934147366894537	-0.21261407424867393
-0.13764761943336026	-0.14924063300824228
-0.40136037654519097	-0.07813524332600999
-0.59580250257493939	-0.017886071958628402
-0.56116652917269783	0.031022373307328707
-0.26050337703277743	0.071292629711640937
0.17277620229592927	0.089505449715631832
0.48122676304348322	0.051660581775668415
0.44256780255028666	-0.066217756064139086
0.055427303848965152	-0.2374526114498457
-0.41565509039164789	-0.38154441320326482
-0.62076195565634695	-0.41523705347556966
-0.41211215335706824	-0.32187738240920671
0.020299686176592568	-0.17160584606303511
0.31416840490807812	-0.063448165103994134
0.26402289141360114	-0.042975801571486574
-0.00044089183566592768	-0.074752128311147525
-0.16011424689861858	-0.092382801105494128
-0.036404846352588921	-0.071876204263767507
0.22791638384584564	-0.050408883487897703
0.31722025149587346	-0.074044627168815033
0.067137712368215502	-0.13410756686410547
-0.36153039944651982	-0.15914791017068688
-0.6265669715100084	-0.075203844552862484
-0.5144992624239344	0.12844223690297257
-0.11409023617122606	0.37601300057617171
0.29188112629011692	0.5409930347618952
0.48292536629532229	0.50780752662993067
0.45604063497961184	0.23306217014847033
0.36628986805717134	-0.20908738553312617
0.35698646512305388	-0.62786844886202331
0.4503739986635435	-0.79699538028042149
0.56810439593551998	-0.6006970629435372
0.61669932637459213	-0.1526463702481333
0.55454086169425598	0.24146551086933501
0.41026227975890417	0.29290164615996145
0.27093064677933421	-0.031294074055010238
0.24107507600501982	-0.45750243730208484
0.36795843567653869	-0.62044285590112325
0.56881794282222109	-0.3759571195994556
0.64882741388956433	0.062641686527125567
0.44310734117190664	0.30731069755998019
-0.014267188746300017	0.13882234877668392
-0.46506734863710525	-0.29814675496338139
-0.61064000522383288	-0.62932010504343727
-0.36655956669509532	-0.58387357729654843
0.048818964742238374	-0.22149548409597519
0.29364707741038359	0.15152331421392587
0.19753069610612542	0.27455361162013447
-0.098646022618214813	0.15276774154330949
-0.28904872140750104	0.0095397513391436168
-0.19144972072513489	0.046009708685815782
0.092350751174385376	0.25704412192664927
0.27985753804869967	0.46622636181281579
0.16460548934659955	0.52020620398485229
-0.20788646337574113	0.4314395021916263
-0.58606249542847932	0.33419037474509788
-0.71068663475496974	0.32336403760425164
-0.49528906499099173	0.35346937119594035
-0.065425984610233079	0.3002264094691553
0.33937132945830217	0.1090684679202068
0.51415305043438386	-0.1360027553262492
0.39787447177223639	-0.29710353627311703
0.099298183659583247	-0.32373034747330492
-0.17327407849668028	-0.30050322635678117
-0.24912797108035645	-0.34309673045134714
-0.11624042237561881	-0.4518300990950514
0.067669650911607607	-0.48467987147161684
0.097277798018118242	-0.29268897389141313
-0.10495363696598284	0.10613833850158348
-0.4103668746565956	0.49344065046821101
-0.57886624373706996	0.60971993279867542
-0.45452497719086077	0.36704946955687934
-0.097893475870450219	-0.07567375429148844
0.25869639883772705	-0.44820556484793522
0.38809091430722281	-0.59073979761836914
0.22850014423887544	-0.55641627932622895
-0.094263296087022358	-0.51129089156535124
-0.37534786683426624	-0.54366325460535314
-0.47498282192776636	-0.57289628390850478
-0.39172633881310909	-0.44171619491714592
-0.24033736913906945	-0.097755271991978407
-0.16363794739357662	0.32413101832754798
-0.23715379211340598	0.59635921429588057
-0.42025360994788574	0.58266386658428859
-0.57737724680160396	0.33881451795940642
-0.56834448596046805	0.047162091368304224
-0.35246912548172304	-0.13918467061330092
-0.024205880889081113	-0.19924020511593138
0.25603607965023101	-0.21269360154448072
0.38508471107953257	-0.24957732782245273
0.38945124367476497	-0.29223174160951365
0.37804461453237459	-0.25917309670849753
0.4212194034152188	-0.094751201679063854
0.47382217030674839	0.1670937017018887
0.41932367143233107	0.41312124147966423
0.19187821235750255	0.52390362570223326
-0.14155748067967328	0.44839100261173898
-0.41653323561138228	0.22926254901604556
-0.49021236783561289	-0.024676852726272153
-0.34072695751277765	-0.19877199584759878
-0.067678236959748103	-0.23170541519369559
0.19022338060727798	-0.14195301523389425
0.34411254535560304	-0.010234126887820489
0.39412301019360163	0.072514426817661376
0.40489264297998157	0.061993188692557211
0.44983629879567488	-0.012345140707118904
0.55417648483863646	-0.069564136888824749
0.67017115757234991	-0.027952989496871312
0.69992100321494233	0.14005556175615233
0.56893680841773897	0.38252710915445326
0.30140368025413045	0.58223040071266619
0.028736758332547883	0.61429359714180465
-0.095300756828331376	0.42332244711863309
-0.017347284848407037	0.076109621329506535
0.16113615551372537	-0.2620065876345184
0.25591598675297883	-0.43381415610475726
0.14471287026119581	-0.41281581771729214
-0.13454198786170032	-0.32864763934298863
-0.41257228212248337	-0.35186402111978332
-0.51441576684850998	-0.52294491800495602
-0.37587520554625159	-0.68641303282840871
-0.07250397733427856	-0.61631695084520888
0.24122123426542674	-0.2357824304627669
0.42114648637626328	0.27868050710030162
0.40148854209003154	0.62725803437979322
0.22235077178606694	0.64657764989373778
0.0089814020739258527	0.45309273578747261
-0.094985328656395529	0.32043551519969943
-0.014955941328334353	0.40577199857914925
0.20255620253163278	0.59730771846025998
0.42710405328936141	0.64216419730508434
0.54810654030155304	0.42611455579815716
0.5560850278287901	0.11401727597317106
0.51691326496476486	-0.0065593502000894912
0.47051332710606941	0.17336913623988376
0.36704485007395771	0.44919561716065326
0.13103609208094211	0.48357141935999925
-0.20785942907774715	0.13837321429692145
-0.47060304342501658	-0.36807230754988635
-0.45634898125218054	-0.63795923017036904
-0.13926018761386785	-0.43890032179167032
0.26490878614111585	0.10323395577444638
0.45754408506606031	0.62945374554821065
0.30881872721509335	0.85114880590719966
-0.035243914175096487	0.74639727414993151
-0.29415171761752024	0.49800621427491704
-0.30414862824592254	0.28193716895056131
-0.14556300984052081	0.12802065926049749
-0.033839644426277599	-0.033362531040851247
-0.10330712000745973	-0.2349298032333306
-0.29348348796059681	-0.40430725323437344
-0.43066426862773494	-0.42998800727369202
-0.40024075071687171	-0.27234896715237594
-0.23618472258892634	-0.0026697509458119837
-0.065251797904148548	0.25533294465088191
0.01151962735597243	0.41264163905813322
-0.01459253103205886	0.44980718437221323
-0.075361178909357396	0.39744560300806087
-0.083270542263106553	0.30560952668983771
0.017403925369810259	0.23200966100116649
0.215717706884374	0.22670647815000558
0.41672088126921902	0.29971154482596141
0.47187751528624039	0.39650728366274146
0.27924078558482712	0.42310687792962776
-0.10869223866581601	0.31859953079055409
-0.47975083991602463	0.10982830963072916
-0.61118523357635557	-0.11397478396849348
-0.46298066014266692	-0.28454173421728984
-0.23136385046718416	-0.40634717862616515
-0.17795089330858246	-0.51618913312489467
-0.37613098569058478	-0.5955715658185925
-0.62314537390686986	-0.54677531917050826
-0.62189754313989654	-0.28558183816829708
-0.27249846139437928	0.13246065228903522
0.20689887833072756	0.50014725664082638
0.45936681222961384	0.60601373443772066
0.30274321281811079	0.4214699439176488
-0.11326111280165857	0.14283358123241671
-0.45084650499659246	0.032491115640701784
-0.47982925955738537	0.19027514321515032
-0.25663151054830413	0.46664013748563754
-0.040325087125599589	0.60156037983830468
-0.05138948156031653	0.45813856095156996
-0.29548810212966625	0.13894127415512927
-0.5812229615578911	-0.11705262103511002
-0.68147040818036164	-0.14941695598495461
-0.48937703968176915	-0.0074730364528460425
-0.074560471521844404	0.1085752068240097
0.36721302608336132	0.028536173917762794
0.62072588245962557	-0.25152726448792984
0.57081491062436518	-0.57633405916520075
0.28155480900349772	-0.75227839614891756
-0.024584085918036715	-0.67662871118423695
-0.10902813448807552	-0.39222349436335913
0.10136713857234764	-0.057827199996250654
0.43576576726409966	0.13938782216344361
0.60077085250685558	0.086159476998492537
0.41837856286425984	-0.18090383749652833
-0.023754942870613173	-0.47744881214887092
-0.45079385984379461	-0.57720028444656035
-0.63993454986172404	-0.36849212835941864
-0.59519454579829767	0.05109070596881931
-0.50081058496738728	0.43049039913612264
-0.51186376494138441	0.54732457679851754
-0.60177241818716287	0.36484429351621278
-0.61520417490794455	0.035563327771605077
-0.45428936791931285	-0.24854585170850232
-0.1973026556592172	-0.41035164469821467
-0.027236107990438792	-0.503215000556272
-0.04982297694879724	-0.59496613755723471
-0.19342126898313053	-0.66281847202115107
-0.28278461004125183	-0.62184577218257542
-0.20055470230256972	-0.44877208164415627
0.023854997119674488	-0.24919457892986882
0.27008219181085374	-0.16834998658031283
0.44231047838528464	-0.22910161660397055
0.52397343236115279	-0.28289283451394143
0.54170156772762457	-0.15485618985340197
0.5059539629687333	0.14707346225278803
0.40377526655075024	0.38989028291596151
0.23953299672298295	0.31583017871829144
0.062299370767794217	-0.08917516542377571
-0.055944210285222618	-0.53015244975785758
-0.063856538820278211	-0.63363118691387765
0.051129888036435742	-0.27812026004020307
0.26711395553537748	0.283339169210855
0.52668420755601153	0.63009707835494233
0.7218213755628573	0.52625056120420433
0.71765661352587495	0.098711792244688165
0.44358827196877976	-0.30548291449690251
-0.007286097504391369	-0.43325647723392774
-0.38712453782847556	-0.31551790369237531
-0.45527018362455629	-0.18051445877863373
-0.18698885538195456	-0.20547147807630395
0.17481055835812409	-0.35623778701280728
0.30477486017689115	-0.44843257953234728
0.080019392914667156	-0.34686365383116685
-0.2977558675750272	-0.097281445504109415
-0.47053818530410035	0.11962143537314188
-0.24250855104324034	0.14941925065081219
0.24281902043753373	-0.019053539985400124
0.63315468202917358	-0.26809540433294488
0.67976137606272213	-0.45352667828250853
0.43553670980091053	-0.49176375247671672
0.16423303366864825	-0.38050942009853378
0.070522738356598474	-0.17031401349539685
0.12663077071163364	0.062381405226376203
0.15149630468885533	0.23205373231113235
0.037175907424672812	0.26688119494864054
-0.12534215094827839	0.14505116579031258
-0.1459670973143207	-0.08362299536270397
0.050646210656445555	-0.32399052006145163
0.32798262098805159	-0.49024631831387483
0.45717769607576719	-0.5436098238650996
0.33157009989471253	-0.4857886819142867
0.062079903286309239	-0.33147883311261306
-0.12946336829268787	-0.10454090288836862
-0.10832212859565489	0.13617197329759922
0.077693057362289472	0.29039848116682127
0.2785393438165793	0.27384251315670594
0.39610987525487962	0.10205984943832123
0.45408790370318103	-0.085551267927736249
0.52980595089000715	-0.12351159714295515
0.63818626461380445	0.032361537597341325
0.69197217973970926	0.24206014662924707
0.57482816474520393	0.291111593124665
0.25124143869254134	0.084726347184016559
-0.18624395804659555	-0.24885666240183801
-0.56394143596843838	-0.4577703924924888
-0.72246070640731563	-0.3864102447248135
-0.59648950838691495	-0.1100986895564308
-0.24320120295808098	0.14436472306920595
0.18213022192608977	0.21010382040943501
0.49481168734602932	0.11519260476439683
0.57104748069897815	0.011608453017906207
0.42175907320852313	-0.01179176805795752
0.19057035110138715	-0.027499097522262629
0.059263659640174556	-0.16925868489239682
0.11650698043953056	-0.44452571280958697
0.29329934806714225	-0.67098060389284797
0.42469656151452084	-0.62805591144710382
0.39227321169089102	-0.28517442433065388
0.22084081581072465	0.12908001906079841
0.04936155158136362	0.30730859296034785
0.0066013720281490086	0.13150110483185123
0.10884954478892128	-0.22529041390418292
0.27155411492907877	-0.46334693781227182
0.40340104373594893	-0.43263386164049461
0.48022486891787541	-0.25412525856210177
0.52574776834885784	-0.17922660423660236
0.53984864535040988	-0.32774963272847357
0.47022541612800317	-0.56195237580633317
0.26973090630371271	-0.61240679227292572
-0.017231747921866842	-0.32898668492808619
-0.24497143277847347	0.1738759167980779
-0.26623887023075227	0.60661650763952024
-0.057707905602827202	0.73385698021130241
0.24076291256095908	0.5387576946360928
0.42065875174619649	0.19683284761758385
0.35260168070767844	-0.086734649026821237
0.072939283058988572	-0.21358690088501434
-0.25478727265849022	-0.20355721925994263
-0.45381345233889631	-0.11325410037725332
-0.43625176665222903	0.028117340978125557
-0.2310641393017844	0.21003525397433534
0.052939066760524678	0.39042133926811146
0.2913620183528941	0.48488179455276831
0.39925641524210259	0.4207208601136776
0.36992191663242646	0.20593469000473838
0.27657538472662124	-0.061430515087394541
0.22904988023085845	-0.25433019881405744
0.29640904345004304	-0.29849618509040715
0.44962906402712016	-0.21013760673505685
0.57834406108103242	-0.071874758175249923
0.57569517745590204	0.024357181088426241
0.42574389319961797	0.022158439571761366
0.20822146677227724	-0.079561962471538794
0.020268539436865688	-0.22335982115709979
-0.10551599015458778	-0.31084200440779386
-0.19772795829070353	-0.24797026083538976
-0.27157569235996076	-0.0098308274286574258
-0.27378274771873451	0.3187525151313268
-0.13135185361901483	0.57596226998078026
0.14071173589251945	0.62762924442143597
0.39646496026476241	0.46455499696544461
0.45974541434354715	0.21155899580573581
0.29460188634484541	0.032767084696326922
0.066725872067897582	0.012745396732860665
0.010283428480221037	0.11686422458309054
0.20825694497880945	0.24861232296654473
0.50232954941797081	0.33558800372344294
0.63507670056983578	0.35237716046170292
0.50099715448160675	0.28493726058176927
0.25429154209116306	0.10537684662281852
0.15532245067397987	-0.18436716680771584
0.29954603071114161	-0.4858476486911153
0.50492535544763462	-0.61948467218030712
0.48864839309126973	-0.46016873099158512
0.16732045069379214	-0.080239114584987462
-0.22368689556333568	0.25906432679288754
-0.33494623052668948	0.30564798293361845
-0.050908116008777329	0.045880987166849255
0.36618688066462102	-0.26230018077873601
0.4992898685918814	-0.30886224562929304
0.17089110067106952	-0.020597024780892648
-0.37017158529663019	0.35569661207858483
-0.66351105849282865	0.46957838196517615
-0.46218304345858352	0.19397408063501048
0.030738807586966347	-0.2460425134905857
0.34870545888350518	-0.46876999615530124
0.19301522324481513	-0.28082724797035441
-0.29455268206953372	0.15316505071596997
-0.67109046042005893	0.46654985475586047
-0.60171172542778939	0.42324120778269247
-0.14208479531866522	0.11590229689765431
0.35477386032910913	-0.14438196726172159
0.58728404932834	-0.12760543048895029
0.54840865624347224	0.11125389319465141
0.44153239396328331	0.30086000764924697
0.39654012244751002	0.2153249574326174
0.31886852820824901	-0.11968782654837755
0.03593139083252362	-0.45777727891701658
-0.42664866078728553	-0.5503549394644921
-0.77006987167407914	-0.34909785474978067
-0.67052448818906729	-0.022204573409252734
-0.12357610719050177	0.2016084242412024
0.48046703708146626	0.20355571866296845
0.66467480324686379	0.022422795358892945
0.28659965487845745	-0.21977037135146923
-0.32485694184190733	-0.41539287714921125
-0.6562805072943646	-0.49966988416697367
-0.45564023506595064	-0.42849290546147412
0.072610812094960855	-0.1823637454215688
0.4858567665536011	0.17828549318892725
0.50866748537121453	0.47606363423535897
0.2407458072301939	0.49293391290978661
0.0050805701836156101	0.14439797602968499
0.016346631699342903	-0.39067812891397979
0.19797819296267125	-0.74357257542922484
0.2997981083781649	-0.62637313778040871
0.16667967433101613	-0.090476654263916337
-0.10956083233090802	0.4730472840928075
-0.28530262264973216	0.62983243928343446
-0.19226284022800677	0.26311935986813878
0.11860525434081821	-0.31749762198704856
0.430434766500497	-0.63244834565577224
0.5348403008182494	-0.43688422503350577
0.37450556708062205	0.079156905340051695
0.060239191338322812	0.47387292195880582
-0.22234403366328276	0.44271281379399335
-0.32885836876473867	0.063820705244825249
-0.22950997772392445	-0.3127090078343866
-0.010738491993314314	-0.40059362174079849
0.18287212197960917	-0.21535692334867856
0.23646801579935475	-0.010254864387176096
0.1374390727376012	-0.0025948535879404822
-0.01574750302414862	-0.17063906646590254
-0.080196448352852681	-0.30208699177677262
0.029547116183690977	-0.22059146904884047
0.28288017530864595	0.044262672013702736
0.55750338025480162	0.29348547243759365
0.72364379324467631	0.34126455735294775
0.71777754999677146	0.16147781096196226
0.56265417470309897	-0.1230064385475188
0.33209329999870502	-0.35599113465042737
0.099961949967415129	-0.4442856269516966
-0.091619712384432922	-0.36742485952083859
-0.23459165064082432	-0.14272437421873638
-0.33420350009535077	0.18848849560566627
-0.3776597924406157	0.5399354650704844
-0.32102730601963642	0.78219567290045244
-0.11917664599709243	0.7990482346647686
0.20807861853161772	0.56292101984864551
0.529132535582862	0.16083837435831616
0.64613360584536073	-0.25538124169319204
0.4390382004322424	-0.5497064897101207
-0.0013847860198965818	-0.64745876756127396
-0.38994407973949669	-0.5370303779019201
-0.44680962299531418	-0.26007801059209906
-0.13438797334562944	0.084950258615687557
0.28504625067478118	0.35550653405970012
0.4522368450146721	0.43095193667626064
0.21886131936125486	0.30315325878998445
-0.21280810370308234	0.10827858016094544
-0.45501510657130878	0.037065874347127874
-0.27101669692198782	0.17912333317230858
0.21480086411709456	0.43802508816062785
0.61485888006577849	0.60996033881572653
0.59665802725902606	0.56408481363323071
0.14339785871509342	0.35869678004046396
-0.45304064407128369	0.17886547799866973
-0.83331653205557754	0.15540835064689359
-0.82350757503009142	0.24754274704353152
-0.50821334127304263	0.30632048904689241
-0.11645928471433156	0.24922926496835981
0.14730933314742781	0.15362872980066328
0.19543067320861648	0.16629113960993075
0.05322137964788537	0.32404681386890088
-0.18016637272528668	0.48717230958271196
-0.36247549873880963	0.47580688582173974
-0.35054139878270973	0.27752661978329968
-0.078100723895994942	0.09570248870469493
0.37016786520018907	0.15909662371981759
0.7668709726581695	0.46625828946527892
0.86727650438736337	0.73435002982757169
0.57957781284974641	0.63964845161130968
0.048852039384853489	0.13969751881973697
-0.42310012106505424	-0.43505031367004054
-0.57360307516997389	-0.63973745104028656
-0.34978726017682288	-0.30775557921568025
0.070218791953027729	0.28398102605398989
0.40956293604984984	0.63802224282679565
0.47364710594361092	0.45624765855622668
0.25635090857772491	-0.11761217727237679
-0.087290947974613523	-0.6351163985062106
-0.36393287117077161	-0.72279555571304277
-0.4614670916397684	-0.36254045073797841
-0.39336082318630122	0.15211247412015683
-0.25596307916978372	0.49947474435607614
-0.1434958348142901	0.57398444591181719
-0.083640094569879322	0.49187197650231557
-0.034567829202941491	0.41131610000046348
0.066639952612409778	0.37140904712790734
0.24220689506234214	0.29816767252785464
0.44474677886685449	0.12793103845780121
0.57803147539114563	-0.10196549200364198
0.55555782504587525	-0.2900327260644649
0.35766361985186673	-0.37377623525020492
0.051956146084152048	-0.37660865090238238
-0.23762032697200955	-0.35592975083867351
-0.39577565066836284	-0.32557336857594354
-0.3792250334170667	-0.24937177913912326
-0.23886208418312904	-0.11453199149483072
-0.086227103249620962	0.0065852449372414325
-0.022956564144978573	-0.0075109063548424249
-0.082462886273093353	-0.21091400266857405
-0.21863314046280491	-0.50672256069845822
-0.34512223945302001	-0.68649553688913334
-0.3923280319019018	-0.58092239864411488
-0.34139080712013536	-0.19791473876638371
-0.22283549626189639	0.26940331767900283
-0.090559641724281256	0.57729422667305375
-6.2022376906085454e-05	0.60148845659030292
0.010522600173417929	0.41613077320340935
-0.063611726437718549	0.22229737301238531
-0.1817853375967648	0.19226663907589747
-0.26900742437625702	0.35098077091030133
-0.2607813611234801	0.57433011921820687
-0.15182072812004441	0.69377493908429311
-0.0042963405609914435	0.61784187153364878
0.10694027550072338	0.38166037789654655
0.16617795370557617	0.10139967994704122
0.23205103096065435	-0.11316205074388462
0.36576959729849345	-0.22047202415780176
0.53664541942926758	-0.24593568384139158
0.6062764441156584	-0.24343833135841761
0.43665324037076342	-0.26007089900336983
0.03578769287415344	-0.32162317300214754
-0.39768390181867352	-0.42701404278879668
-0.60048379332138124	-0.53520839732683279
-0.44876160938322973	-0.56363737072826869
-0.063342923553973376	-0.42554878581757372
0.28474900236027284	-0.10377135770092398
0.38706957249550705	0.29746189505492576
0.2459220260263531	0.58285597145444479
0.032765420175231597	0.58267472285571587
-0.084654832215428896	0.27353101479680592
-0.07653057778656025	-0.19210195260610122
-0.033177260692304415	-0.58237572104797242
-0.040422179883170893	-0.73151602247525593
-0.092496292922239765	-0.62652704404514847
-0.12450427820542401	-0.37544733591202595
-0.1124827243592654	-0.10887853113798659
-0.11393199951346725	0.096889679726540223
-0.19765996797314664	0.21859103482831846
-0.33894547820092641	0.24260585447383856
-0.4074209508189473	0.14795496973059641
-0.27622666584668437	-0.062391190993956021
0.046963741887760722	-0.32387884332822853
0.40017615542093082	-0.52330004145933151
0.58928243770465227	-0.57118764547309919
0.54387751063053724	-0.47027480231242486
0.36221066217680087	-0.31766885687387691
0.21398665945533751	-0.23065339963367534
0.19171439095418388	-0.2588671603896544
0.24645740560419427	-0.35151881871892338
0.25734578653238083	-0.40223617400555245
0.15718771421399685	-0.3314808114561395
-0.0016410353055628598	-0.14265452027449549
-0.091408582284950884	0.079295162301885658
-0.019143523300534489	0.22221512697268822
0.19133229505999683	0.21725985095666178
0.40454523779515161	0.083761873494439837
0.45969403063309705	-0.080164523722065131
0.27716690273180244	-0.15686698043933647
-0.080644201183582329	-0.086840281557112389
-0.43153134178063302	0.085069162546368537
-0.5723490431902869	0.23524878345941361
-0.40190840897577956	0.24807798708356807
0.00080438509891404928	0.1034484160365582
0.40640965429640796	-0.10627740208905477
0.564646730282099	-0.24843425830802909
0.36243336499563455	-0.25127987639164706
-0.099468218545942289	-0.15573130459565415
-0.56681525263839705	-0.071513854771819235
-0.79484112058629686	-0.08127571426254547
-0.69785741874787066	-0.17164730873426476
-0.38855228569724154	-0.24543679159886045
-0.086917699423400385	-0.20130902663292768
0.025929728497631092	-0.014293605117433666
-0.089864462830737138	0.24303289435867054
-0.33146172827637638	0.44602493693843043
-0.5300255115751249	0.49956627197192283
-0.54885243239290571	0.39727529768895709
-0.3468648738365368	0.22193730081644195
0.01158516700776672	0.090875654592992752
0.3915964746786037	0.078699957099029549
0.65251634937362279	0.16725034188325197
0.70836345801801426	0.25789368073266006
0.56189148512133291	0.24178250848240723
0.29007077770858991	0.077857127488224778
-0.0030711616640085918	-0.17566430283158876
-0.23848435391992129	-0.40200032280423759
-0.38218246488666174	-0.50814868991053763
-0.43317255498446683	-0.48425479281909123
-0.40497012062356352	-0.39547815625383226
-0.32497917170367574	-0.32019446056726364
-0.24452850561561387	-0.28368979313946818
-0.22658739408006273	-0.24086652981789439
-0.30591263178826444	-0.12079143447150545
-0.45184422264761831	0.10865756904179409
-0.57813690903302717	0.39843037986069002
-0.60260951578978128	0.63416586287284404
-0.51295940884332325	0.70120557008139228
-0.37007136403450419	0.56056955473216286
-0.24919131462165514	0.28432260809909166
-0.17419745287105515	0.023186981168482942
-0.11701060444488071	-0.084728438455647037
-0.054785309289520814	-0.0053393522851221068
-0.012957173649003966	0.16181059057302866
-0.033932016346862222	0.2462157255748178
-0.09961887224145663	0.12374502009782204
-0.11125660104198516	-0.19528583909517438
0.026215440316126531	-0.56655806565131961
0.28372246996434775	-0.80426165273675654
0.48861460328121742	-0.7932656730680997
0.45883618339575605	-0.54888767513095016
0.17931589687245245	-0.19682277849911126
-0.1560533501528929	0.10291178147562197
-0.3045157985061297	0.23064419879584461
-0.20045185667646814	0.14846345338016517
-0.020602006408599348	-0.094910570171585967
-0.011208508935416148	-0.39093817273193826
-0.23293393188771983	-0.61471227473647327
-0.47957524279321678	-0.67676887821338261
-0.46814854498996578	-0.56440101751356275
-0.12564893342496758	-0.34910955801573468
0.30618061001691876	-0.15046139287208482
0.4673561049003051	-0.074294095400384896
0.20246005378311702	-0.15751921613180167
-0.2894293047816589	-0.35356311236524685
-0.6238981666327067	-0.56306919950196244
-0.56167999066152752	-0.6882835218475104
-0.19933882836061412	-0.67968822332119216
0.14168851572745308	-0.55178338483302014
0.21167122776589578	-0.36595944618251341
0.037285285540185301	-0.19448264885570948
-0.13708835684054621	-0.089243322895901533
-0.092202649253463775	-0.069944036427973769
0.1713832703340975	-0.12764771303357822
0.45126235502978979	-0.22489203690452361
0.53024713977937188	-0.29801188526285394
0.35045991564117629	-0.27150367704849387
0.031952873165128702	-0.099974556543147894
-0.24710034381102666	0.18225434776177743
-0.37753053882031007	0.45685527820573812
-0.3550452409901072	0.585136894265468
-0.23541533980576052	0.50490435536928768
-0.082433966722456273	0.27986001708899544
0.039760141500315767	0.046191395711162431
0.056665187086342293	-0.097698459728853437
-0.086606136680104612	-0.15727535178791602
-0.36149868576769584	-0.20008759928681738
-0.62368166937456215	-0.2523518700609243
-0.68073799629155363	-0.2524039690464035
-0.43299869195892127	-0.12195570979696296
0.024126165550490755	0.11602998484696192
0.44201729230660569	0.30770498926682655
0.58971406512662938	0.28166942257525407
0.42318574262109293	0.0072558443756806906
0.10994280651002535	-0.35938123991860155
-0.10872668483070466	-0.59808042904427616
-0.10169877168636746	-0.60593536841086471
0.076084768603701766	-0.46946300682690556
0.26546850162983365	-0.36375417255965053
0.35430293614044572	-0.37975372689204068
0.35962061359621716	-0.44897506386667002
0.37553951039629219	-0.42545717824954038
0.45702806835577187	-0.23702035552984449
0.55727371963035643	0.042697611509510229
0.57745268193471821	0.25598003031788974
0.47368787165125287	0.28769158257972061
0.31297813749980602	0.1412527284011057
0.22392046941033347	-0.085117473550167369
0.28374611197612459	-0.2791300167274976
0.44613161786879446	-0.38114018226632845
0.56864968120700754	-0.40403313965665055
0.51669568234099039	-0.4085605886351506
0.26316823293156472	-0.45299665927894134
-0.085849864063014328	-0.54252989182605038
-0.35593784653133587	-0.60510617669792477
-0.4105916963616848	-0.53012629846820791
-0.23705863653158241	-0.26258369760176475
0.043645170980638456	0.11556734395211365
0.24675648223126809	0.40513049821295305
0.23987613247301964	0.42717586712020622
0.028718368140869064	0.17736613398245665
-0.24533980802469604	-0.14288449694890493
-0.40112988241783493	-0.26945005223596374
-0.34296756056459632	-0.084282172358163307
-0.12671729977708207	0.28914633463411876
0.082620792247330946	0.58676465118602239
0.1328841326991991	0.61235486038428355
-0.0096676193354654407	0.3761622852824652
-0.24137192861339796	0.055749855972708602
-0.40276421088522091	-0.16488482423378215
-0.39324677592014629	-0.23053454058702977
-0.23867796799210783	-0.2226600459591126
-0.064369409015549994	-0.2596354968563972
0.00099827980118949336	-0.39111913503776591
-0.077730085568918583	-0.56491580385808404
-0.21060019797792809	-0.6709626474870547
-0.24533905663745459	-0.61936380712238037
-0.084073799858949375	-0.40261402760113058
0.22780294025146838	-0.11458710998899699
0.5109249420625489	0.091277319184568481
0.56434368548759017	0.095373556423322181
0.30838387593751437	-0.096480267404550374
-0.14710973442782094	-0.33483673732386066
-0.56490733596253784	-0.425711882635953
-0.73037172374491433	-0.28710344042877245
-0.58262582322273104	-0.030870683559890349
-0.23367617088843551	0.11738043805713927
0.12191724242956181	0.007391123692019894
0.33846484214431061	-0.30446061484081854
0.39635659095028991	-0.60506212364662459
0.38648892871871121	-0.71316849523074144
0.42453696946070379	-0.62853966397195493
0.55552514780693285	-0.50292075965562399
0.71240097495672317	-0.46720020828255199
0.75431977476950052	-0.49798294168284324
0.56670381750763521	-0.45964818623564946
0.16211466353235676	-0.27058785177919509
-0.294791833031256	-0.012169363459675437
-0.57358535347746542	0.14431334511694136
-0.52375457176000972	0.11816842889640326
-0.17977642920485387	0.012082193770255755
0.2617451453930173	0.013569216849727606
0.57764184865541024	0.19408349248093468
0.65568765297806841	0.41877876863774127
0.52919634215212163	0.46377937639248162
0.30123449316435702	0.23123769205131989
0.048093523694836916	-0.15422110179849224
-0.20555075808343923	-0.46072258973009705
-0.43724639455311698	-0.55907931733567373
-0.5881663280375099	-0.51827645351309914
-0.59492816400191262	-0.50130016999683358
-0.46359668707938062	-0.57905633939117807
-0.2935286817270758	-0.66098938328355872
-0.20089281668124448	-0.60709993400410522
-0.2103705764127434	-0.39244013457061222
-0.22402156358828565	-0.14929161856663001
-0.11722017448556189	-0.039683477497203329
0.12578783271928862	-0.092533299956044729
0.3705949063178704	-0.17143098240429649
0.43380420474900772	-0.10968486841887264
0.23915504593797393	0.12082109235176312
-0.1138730989777524	0.36743079633723291
-0.42982667491106669	0.41854698143606617
-0.56568552427661722	0.18313542930061777
-0.51567368666805535	-0.22671237470074052
-0.37201150562581403	-0.56833980010158369
-0.22238037497907451	-0.63062178935985225
-0.085899881437953962	-0.36658738710042382
0.058695472825442366	0.081907567002073953
0.20518866446034606	0.47176079449586511
0.29389830705502507	0.59753744265183417
0.2548030540518228	0.40292620266526652
0.074355604935186601	0.0070833843006558629
-0.1810303333797407	-0.37378020426918718
-0.40876567982162315	-0.56573922952147249
-0.53873865403992793	-0.54543282759860745
-0.57038809157669279	-0.43512346597694912
-0.55359886109569734	-0.39017197748442056
-0.54061292174522269	-0.46587577707858258
-0.54932272153059691	-0.57382594063045944
-0.55674207180635071	-0.56391614529563483
-0.52112376418881179	-0.35920793040600901
-0.41324611986113191	-0.032128500857544998
-0.24621979382771264	0.23972680300577121
-0.082342170046964633	0.29464875930709999
-0.0065226253012744912	0.097953376798565805
-0.06630783675742552	-0.23248556211135615
-0.21805363107350176	-0.49315790685766253
-0.32840860284177731	-0.51268998036815672
-0.25896017365149759	-0.25461188275304469
0.019242674600802815	0.1540465409152435
0.37424455826220421	0.49147386983265323
0.58464619521200589	0.58223483001781595
0.49738721785630019	0.42061686666526266
0.14510466890876983	0.17350582644306975
-0.27254439761939547	0.047333091851575429
-0.53424678220794275	0.11559010301165656
-0.54281259663395642	0.25829279787123161
-0.35905684274465766	0.27760316605947943
-0.11658085878414401	0.093666804952773394
0.081952748430956956	-0.16673949296028914
0.19450388040065819	-0.28070881898743727
0.19870302053853597	-0.14050490591241721
0.066692347002836563	0.13190505260412533
-0.19104652349044682	0.2805630830016968
-0.46885717229126767	0.13812927137330896
-0.59178234807130314	-0.23262581573571417
-0.44791147218521549	-0.59610656138087703
-0.11761750956345732	-0.73889254804413096
0.14963707817175792	-0.62093922594708872
0.12713911766230399	-0.36685553495679174
-0.18350149786759157	-0.13478177790792351
-0.52907982991566216	-0.00045118651931752378
-0.60071477113868299	0.056113535171193211
-0.29136103612573405	0.085398140446293055
0.2148986491017178	0.10538812398523187
0.59308071999974887	0.094657882779362532
0.63104293246419829	0.027350890643032779
0.37393542140241864	-0.096091206397076995
0.055155407718784945	-0.24540410481023073
-0.095028629421187977	-0.37345418305186151
-0.00029805789663999371	-0.43333407810779662
0.25086549568153937	-0.39905058297800922
0.49848987656758365	-0.28757387108878929
0.61509747230261047	-0.15732632985040104
0.560229897578292	-0.075162196775239984
0.38278915130042468	-0.066261071697762797
0.18512533667516948	-0.092842584371924011
0.063424534802748136	-0.084786932506359949
0.048661460487189119	-0.002507525987546996
0.089801566092504961	0.12916802067265556
0.10887309453298663	0.24102409178927878
0.087101657538152757	0.27239229680920674
0.092276924736654498	0.2097772743672465
0.1997430037412844	0.084579858529881743
0.37566368583901744	-0.054758315303524242
0.45772344746697874	-0.17049189657395733
0.28588177905744688	-0.25333311562807165
-0.11883895168263076	-0.32372454969198633
-0.51413282940411964	-0.41482022237281208
-0.60836255331895861	-0.5325580407993451
-0.31257337338644792	-0.61660599747490041
0.15883236130794257	-0.55571284923327102
0.44833075669374084	-0.27634651341634614
0.34362252345117589	0.15476033164319342
-0.057527789951144111	0.52395813632523203
-0.44427340627427031	0.60603916185611328
-0.55169285376540533	0.35263235972215912
-0.35364849772304857	-0.044709055839605952
-0.040768367881313258	-0.29591112453537322
0.16274097871430532	-0.25293686486444905
0.16822662355393439	-0.024841040265091284
0.04988766902263863	0.14249528556175495
-0.051301612819577458	0.11524070371601276
-0.038229809615961889	-0.00144492279092686
0.098927013891993057	0.01445727636308183
0.30051989871061641	0.25305765640934219
0.47742604942719852	0.54989128702684065
0.54906142257305768	0.62264841131623228
0.47668939666250176	0.34163727516947462
0.28986675070804291	-0.12900816766397399
0.079698961254309711	-0.45901090966382835
-0.049277567998146456	-0.42719388411245596
-0.040765714300281225	-0.090750014357996484
0.086558786477513333	0.29248398331318548
0.26699657890517103	0.49281176511719477
0.43452811992595486	0.47164461946333319
0.54691499365136464	0.35440502938518881
0.5724026210975427	0.27632098276020445
0.47832410520424029	0.269120762185736
0.25107789972971273	0.27339904918325775
-0.06845742364577477	0.23011621683425709
-0.37858409375045754	0.14280507871085915
-0.56672207492428461	0.056106821577143202
-0.57585537959796029	-0.00025344555284171635
-0.43552699136166467	-0.033537129032992739
-0.23671198760025094	-0.065391178303034189
-0.076910111418455746	-0.097350379317911573
-0.018413734795700416	-0.10983991836879967
-0.073016496901245828	-0.086573855292517016
-0.20450020117082854	-0.032635359247181486
-0.34219451551103364	0.030377806060364918
-0.41583419534772059	0.081720857221722135
-0.4055396691083234	0.10951093145655594
-0.36259394080460872	0.10895011550213871
-0.37031843037953743	0.079914611795670665
-0.46125072226770863	0.02897293240230733
-0.57253931295149052	-0.028728628613276002
-0.5962383499022933	-0.079266514618276371
-0.48659123296594992	-0.12148453116143698
-0.312908994283006	-0.16983176932290561
-0.19264357426856824	-0.24255973347451792
-0.16217100189330025	-0.34513848637291794
-0.12932264912413624	-0.46057936855128628
0.027224232525992837	-0.54957213194077081
0.29969208328221791	-0.56284756063156327
0.50978059637410444	-0.4620412612428928
0.45394249075270138	-0.25390768032688665
0.11248434797381229	-0.012898184662809899
-0.28912550392602254	0.13833811750225891
-0.45295665534956153	0.10163655835652793
-0.2669170728413503	-0.10923401817639843
0.088429440824140046	-0.34877129649967387
0.28936930469122496	-0.42735206959944688
0.14519067981126535	-0.25095247117114244
-0.24823447666795626	0.10027301568692437
-0.60088667776384497	0.43330868327969374
-0.66795886081145595	0.59514397609393199
-0.42411505792202558	0.583681942186839
-0.046388801684749001	0.51917338459391538
0.24334286576947181	0.51284790474187936
0.32482507952244244	0.5674897114722145
0.21646228206414458	0.59911298435963567
0.020688846941544412	0.5457221356963432
-0.15234778561313447	0.43763553894934937
-0.22757849720821105	0.35788208257090748
-0.18314738901189781	0.34176229151886578
-0.054610386425998324	0.3379593461921066
0.078126602855647542	0.27667993834397731
0.13214668375565949	0.16788433988321419
0.069222371546153738	0.11358740696102965
-0.086400710132778016	0.20726868750557842
-0.27339198556164435	0.42008499050540044
-0.43731796039169207	0.59734488589090207
-0.5454383431867762	0.58203940688725508
-0.57079157038117667	0.35515419925530956
-0.47888901760003821	0.06254760239918164
-0.25461371535764354	-0.094290547795582436
0.052678013898588089	-0.0080748645223921323
0.32116285795609012	0.26655139016502655
0.41423531859871104	0.56245266249585879
0.26966731170325697	0.71447631324878558
-0.053884370966366391	0.64854399227327963
-0.41144111962369895	0.40420356135192148
-0.65550219806300658	0.098533841543387651
-0.70259554322408801	-0.14237934504021782
-0.55004587526806747	-0.25327382602437842
-0.25369043532664581	-0.26622729491839037
0.096344883451561419	-0.28100458420844132
0.39691832858900195	-0.37817089254126807
0.55863354330045123	-0.53802264291546098
0.54435116729826294	-0.64351881667993016
0.39328439395968073	-0.58171607994859564
0.20449425731792928	-0.36067782392049957
0.083631708974122282	-0.12700534676014777
0.090999204066864001	-0.055590563996913256
0.21980236191771016	-0.19967004157445048
0.40372019341800441	-0.43919255624059766
0.54189051354665441	-0.57910997309543311
0.53177329433761134	-0.50892515319805842
0.31662165292148803	-0.284198266217916
-0.061687177380193858	-0.064777598909850215
-0.45123187499767847	0.023909351937751993
-0.65914175296210298	-0.018064576735425011
-0.57493138948795008	-0.086133277559056129
-0.26018909417036673	-0.069693262913590431
0.08287855824797534	0.060522714960656483
0.25215125858600368	0.23544033704023459
0.18881488577813699	0.3379337319640387
0.011175445758061675	0.28524581683986849
-0.08631371651979948	0.09437183030104461
0.017458588416955207	-0.10719031526787462
0.28598298688622359	-0.14905628654877159
0.55619650995756287	0.054948334319406066
0.64855401771358756	0.40964213449585052
0.475204565503281	0.66600637208510505
0.091102046281168872	0.59163177720025617
-0.33195529867520607	0.16997433913331428
-0.59349963729161326	-0.34571083570085526
-0.57896119416351355	-0.59779291312698868
-0.33427160367200642	-0.3981558778033405
-0.041387626067885083	0.12007945187425884
0.10914864677832074	0.60101910760620003
0.060979642411745603	0.73587142236250547
-0.071138543613616156	0.47819641441503208
-0.11524311296576885	0.037125369357765385
-0.010777958869955593	-0.31505040487335961
0.12678654861075217	-0.43602957060909087
0.11780658057076311	-0.35980631576883337
-0.093255823146134717	-0.20273707530080953
-0.35804728666215296	-0.055814609185878897
-0.43560669623549736	0.047089072746424494
-0.20407343511058099	0.092161742853067996
0.22556090342001031	0.05982393583727131
0.59006110103548459	-0.055267191876637256
0.6727539963801894	-0.21392294376445942
0.44587942979359291	-0.34758581574425179
0.055818282667393262	-0.41379571560215117
-0.30424526912515282	-0.43406648072961185
-0.512170573675089	-0.46914388833613868
-0.54507596777994682	-0.55241484347475711
-0.4432157941911522	-0.64795173786043536
-0.26740308537062379	-0.67255142905214216
-0.080555764722299139	-0.55561911170832368
0.060010810312203657	-0.28874629175584188
0.11445393601783412	0.063829295978139411
0.06795473872377944	0.38999220060641371
-0.073639303434114928	0.56906748098863369
-0.29039518030891692	0.52089593574084747
-0.53412746506542197	0.25141929914288735
-0.70866330595637195	-0.12916387969086079
-0.69324611920623569	-0.44977104888337816
-0.43270390632874189	-0.57128112253969177
-0.027014677070608929	-0.4719308928106542
0.2843434642867832	-0.2547431150521004
0.28072991627317712	-0.068081117027099819
-0.04769043940487229	-6.9912236293680732e-06
-0.45343548318603499	-0.033539243809435001
-0.60356900572844308	-0.087712356805359534
-0.34326795051985876	-0.10074664275566902
0.17389231593078389	-0.078522510317659069
0.60485756208601993	-0.076833717442653757
0.68595587638439526	-0.14319076801471031
0.4204552274913621	-0.27057568371353519
0.034913214298151245	-0.39550570473796776
-0.22677652050040698	-0.43268863143482234
-0.27874062925773779	-0.32593225545632787
-0.19881268131071417	-0.088777016131176431
-0.10261399068744219	0.18969832167332021
-0.031972152344465585	0.38535953209508245
0.04508985109072404	0.41324701565360339
0.15297462463693348	0.29138185872807842
0.25172871752176768	0.13287022431235981
0.26720116230275082	0.060442159466234116
0.169106867815488	0.10181065156175616
0.011786430100235687	0.16143626774517353
-0.1012312587747327	0.10239739689470699
-0.091321639666721521	-0.12256532671859179
0.047310706163470072	-0.41109253631345632
0.25484982230502873	-0.582611709549265
0.44802984921575989	-0.52527867469007761
0.5575868714393053	-0.29161585058419853
0.54718859025817324	-0.055582341580895873
0.42310625376299699	0.025048939976347644
0.23935171147517151	-0.078494919903461705
0.087295804326414164	-0.2619124920614882
0.05561274669193491	-0.38283896327839151
0.17688395572728277	-0.3631241732356465
0.39300179844236344	-0.21970821417614814
0.57471706248825527	-0.026528807558956244
0.59376887663157707	0.13863294825094963
0.403672939476654	0.22357268491021198
0.075286995789804537	0.20509124802748266
-0.24056897816545814	0.091548349049032793
-0.40412098665286483	-0.068555363798399091
-0.37134145779620126	-0.19446573498289285
-0.21591638399913327	-0.20898905348968247
-0.073449995058829959	-0.086486169497576551
-0.044340208925002705	0.12263306333995704
-0.13045814373150516	0.31705078011936055
-0.24575769421226487	0.40120315928490813
-0.28885041834770758	0.33509718230211083
-0.21784525544564082	0.14836666540662743
-0.073446937354256572	-0.078940888519784785
0.059149566389916856	-0.2552498422518627
0.11202385195433287	-0.31416374435101113
0.074292716878712958	-0.24251626778094595
-0.0097978233504477964	-0.090097076843460286
-0.075501981061458362	0.048886413556197147
-0.075868296045994446	0.08407775470584046
-0.002005538365412549	-0.018787492008728941
0.11789174090291707	-0.21381781309803935
0.23792704328886136	-0.40199289185157189
0.32230038947695283	-0.48614097393646571
0.36602991811349112	-0.42253413135147477
0.39604381769601865	-0.23836360248661664
0.44358021308484019	-0.011579835735701031
0.51190204176907361	0.16860379121610855
0.56505070089961729	0.24275115295914115
0.55000506398957294	0.21010339455808133
0.43458652242321721	0.12742465477700879
0.22737115277418907	0.070543764306903844
-0.0348315813946155	0.077448379027152459
-0.30737090949467705	0.11336072462355702
-0.54166187893132678	0.095217940932192685
-0.67636188179598744	-0.033059314737642218
-0.64417163167508107	-0.24047335786650842
-0.41843122735582167	-0.42034621546929457
-0.063366405465665368	-0.47198263806009827
0.26931726991684507	-0.37862047283001554
0.42116339861732371	-0.21180731183665316
0.33555800607185676	-0.064307019781388988
0.1026564505943212	0.019722058372793377
-0.10415598773236866	0.048732872668178988
-0.1549746342673651	0.033037916484268876
-0.049400025905418997	-0.046144144920035546
0.10483443673428613	-0.20671844397302372
0.18986191860209789	-0.41164442660092937
0.161020045387196	-0.56581320231293841
0.05446520324260417	-0.5888500358122144
-0.068209020103826526	-0.49619654254583767
-0.16517483206843744	-0.39249086940523298
-0.2137655062604974	-0.37277587547393981
-0.18318153750719263	-0.42163931461409238
-0.037582363623534565	-0.42009924971154844
0.213878670422123	-0.25697318671636166
0.47327295506692774	0.057763544047267627
0.58129953140977519	0.38568505054380264
0.4240982342547881	0.56479216698385337
0.038963722596544292	0.52573143407373701
-0.37681300569767368	0.32515462603443857
-0.58434605808296036	0.085969498438127415
-0.4659887341424363	-0.085042883628874549
-0.1073130238224045	-0.14209566665133913
0.26749630759431764	-0.099397352615723245
0.45509216128157731	-0.0096571492810029365
0.40167864689274829	0.068792328407677836
0.20761488653092033	0.112181884250452
0.023171047994614287	0.1601985233813446
-0.061623197588227104	0.2873800306114539
-0.043839848219268077	0.51458844991389519
0.043191289906759668	0.73459834988867578
0.18202735969587769	0.75293611771988256
0.35734924314827277	0.45060633402179046
0.5051674059338005	-0.059736438335125853
0.50928450898483169	-0.45861200742383251
0.28739135182186315	-0.45540211095678051
-0.097141151949276222	-0.046496179014978004
-0.42319284416381142	0.4440327413403678
-0.45465144951496195	0.61585402793856625
-0.13822921384196216	0.32902455602608549
0.32511644759125069	-0.16937275316990338
0.62226180842342038	-0.45354236722264257
0.57844935539761033	-0.28216344647548414
0.28887545878457815	0.20321819786724848
0.0078679365130063291	0.60668434315783693
-0.097417589233436186	0.61029114040778987
-0.090025934451076095	0.21734648642260287
-0.16076638929948961	-0.27842672301611393
-0.3910875725881145	-0.53940171148706284
-0.6323991081228566	-0.42416782731332869
-0.6409163348691379	-0.051199656575491109
-0.33601773468249257	0.32214034246534218
0.087208998805273275	0.48319736841849498
0.32417326285797565	0.38147618434623515
0.24978673008412244	0.13235643683654422
0.040303667076618581	-0.069666406398227701
-0.004706068775365552	-0.073313830087734566
0.23087244958468145	0.13441206487786039
0.55207939724294719	0.41452397226706039
0.63848931737613956	0.56143760260598796
0.36293815695351972	0.4448527663160915
-0.071512788552085468	0.10900453480275746
-0.31201053623661085	-0.25079281829120825
-0.17710385459617495	-0.4254473851292227
0.18846314217654683	-0.33434715892204037
0.46058153558463699	-0.061600093785299154
0.4273000491306877	0.23178460941210957
0.15087106767809416	0.43368426953933331
-0.12851693309783119	0.53473744747719831
-0.22340256534398742	0.58286314253932758
-0.14406708673569116	0.60564916891232912
-0.046110697684822954	0.58564400571652953
-0.068524923059582438	0.50778694210281738
-0.22468267406434889	0.40919231220020919
-0.41710467281236191	0.3667049898547427
-0.53185121276510416	0.42473668330348152
-0.51627218219941251	0.53815086855338634
-0.3946952180597898	0.5953098606576851
-0.23806972173889646	0.50880007059957444
-0.12028737606449148	0.29040305860929194
-0.07148470468485256	0.035712621598577923
-0.052224864243271427	-0.16150380157524866
0.025586342355172237	-0.27853169329909566
0.22187131680934216	-0.34613284803207356
0.48688693826117363	-0.37375248923682586
0.65967759231903478	-0.31739072511315686
0.57981487893592421	-0.14280343219218292
0.2354116378939661	0.078440287709088882
-0.1881572637099273	0.16970330379958559
-0.42000605074813424	-0.004594677775755257
-0.29712244565292595	-0.36628643276873407
0.11624963512460861	-0.62116793304546392
0.57476058391191731	-0.4864822229881326
0.81891647644596999	0.025479562571402197
0.73277982000340636	0.55204183489286329
0.39055824598000277	0.6579928953817813
-0.0084061979375524756	0.22857173692202531
-0.25668480171838298	-0.38949199438456733
-0.24250302928510595	-0.66777868481214542
-0.0052004580081325535	-0.36282780636208667
0.28356614441110495	0.26097657464946272
0.41486224710437442	0.67410837574099924
0.27466406578990082	0.56761679169559176
-0.072765469724801288	0.12137062102742137
-0.42738814373296963	-0.19755965173630236
-0.59908858118137553	-0.096200460667095103
-0.54183232449281804	0.27720658957063865
-0.3595948161712319	0.51285931536413409
-0.19646679530258143	0.36826319055509954
-0.1228959807066058	0.0059396517635198617
-0.12524008700306291	-0.18505498034926904
-0.18223394678137622	0.010552835061037767
-0.30960299363710647	0.41888709154729709
-0.51074667139166474	0.64885963663242041
-0.69807787865867443	0.4624272511230722
-0.70877525470485669	-0.023526788881466271
-0.44258119390832801	-0.47089935741664768
0.0063968465275340705	-0.62906877324211863
0.37660932127543795	-0.51747034098379407
0.43500731084666616	-0.34770463712235261
0.17776912001517353	-0.3066315058493469
-0.15302436425644417	-0.42035080660797686
-0.26366585802046993	-0.58620814536426136
-0.048453243756167469	-0.68799753615573767
0.32907799364302276	-0.6729516923606389
0.56762120316615527	-0.55199521319228118
0.45270016187174889	-0.37116491594704792
0.0021656762050168252	-0.19145608104268177
-0.55143817387166039	-0.066016411537047709
-0.90350210150672527	4.6197289593033268e-07
-0.85319961282642953	0.066633330440132837
-0.42156169430620111	0.20940421015776522
0.14508408057447358	0.42792809766230383
0.50482459984098493	0.60716879178581462
0.43597070940854954	0.59961404942101837
0.0050657663958254308	0.37106325514445909
-0.45988586850392515	0.060804305656574874
-0.60697377528247731	-0.12796409501402051
-0.3416815891066951	-0.11361883141457771
0.08705909900375837	-0.015398895631468455
0.295413703958948	-0.029878235723313065
0.096378226046057336	-0.22289140229256868
-0.33457667977247452	-0.44133696758733765
-0.61718431361828052	-0.44582020576249937
-0.50202078762610869	-0.14200655724053024
-0.083462492831686774	0.30711013838380996
0.29727060675417022	0.59882572852443317
0.35259762690597063	0.53122782537047131
0.076162326371219155	0.15636101373658867
-0.29247705407489355	-0.27122288630438895
-0.50106847996255821	-0.48617183353012272
-0.48151347592195282	-0.38444951532659755
-0.35275113382098811	-0.058160879947962422
-0.26574283827496953	0.29004225599383937
-0.26416190087936681	0.46874490658459617
-0.27597365589562151	0.38702146768723017
-0.21430056082083004	0.085027642420123076
-0.065680969115234758	-0.2903847164573517
0.10703917031575524	-0.55587104933502363
0.22682907016510301	-0.58484912729409266
0.25925016370394793	-0.38094611330330896
0.22092195383743982	-0.0743651215837976
0.15469481983200103	0.15996634901696921
0.10277469033527049	0.2077601712772244
0.09031270890144083	0.068651577841631256
0.11123372073927876	-0.16921225675186105
0.12494938019833503	-0.39893762926307791
0.075192210277091998	-0.54367596744222701
-0.066047742462363987	-0.56573878817695422
-0.25817941988113891	-0.45926548338882422
-0.39852355117060106	-0.25508759780769608
-0.38563665080999177	-0.029477674317859755
-0.19602291050399573	0.11281843298404305
0.083490196314169568	0.095503803323179079
0.30594983785792634	-0.070839591462612275
0.35805173966243853	-0.28391150570022516
0.23196730835400337	-0.41278009048303654
0.019560698180632941	-0.38706927978141087
-0.15768452025332719	-0.23812633391852078
-0.22821441739624576	-0.067678099434466468
-0.20123725140837376	0.026164196098600542
-0.13804764819784682	0.007737428148938178
-0.095599259513702711	-0.089397478276178222
-0.089670617991203669	-0.19763363014737467
-0.093362692853648399	-0.25611745862237462
-0.058243185134506846	-0.23201454352728926
0.059824777439976239	-0.12264533709604689
0.27132844360911812	0.047957245402041909
0.53009665464209044	0.23420577404458159
0.73165385176348907	0.38093711407248193
0.7639057865625799	0.44233902295691635
0.5930425788308451	0.40183206301568586
0.32084565367219503	0.27571789740812358
0.14155110882217964	0.10095871998975008
0.19766889121065123	-0.082358832537347312
0.4438730338716152	-0.24270524751671646
0.65598913881513921	-0.35587083811099507
0.60509430749854864	-0.39651748715469409
0.26624117012147053	-0.33858879284418675
-0.13304921429827143	-0.17218540234664584
-0.28951104390844584	0.077274648251945424
-0.081375534882044839	0.34055916744419512
0.32316611062101303	0.52520341600996046
0.60909941982991755	0.5607041277727729
0.5807127682086205	0.44289192392163473
0.30823923185944024	0.24416499526388072
0.03127266421566971	0.076535756066031815
-0.075368879520601798	0.028057917245150679
-0.043123820711702662	0.10818270303499708
-0.037385802081151706	0.24287616791287284
-0.1644359481825248	0.32098758100096997
-0.35490074642006147	0.26472780917603328
-0.43207903908244522	0.075935072824826907
-0.28605707417688719	-0.16588740068727276
0.013180904307056667	-0.34978501977716114
0.26168883535747822	-0.39477818056902841
0.27242177369085435	-0.2912505316325455
0.0050339349188548476	-0.10180050679410969
-0.40941867412004046	0.076442357159749716
-0.74890007888774801	0.16513170697918089
-0.8194110435023928	0.14951891102170747
-0.55833434646406266	0.08227597728665316
-0.077521222356112168	0.048041010760268191
0.38071025735757219	0.10311355123903795
0.56821590684054346	0.23699078476606439
0.37667809566929278	0.37766979847474785
-0.089129481139563177	0.44317856028668634
-0.5758129714383079	0.40101419145925116
-0.84215346717682193	0.2941464300819554
-0.80032576624320817	0.21373391830548757
-0.5353214475761453	0.23544144251335261
-0.20801676853420184	0.36046023622621487
0.0583753894115931	0.50749378488435426
0.21509210555504912	0.5644183818329449
0.25129603724815169	0.46955893516755587
0.15809942876170513	0.2634578706780446
-0.057171888801422995	0.068772698102266772
-0.32897086210209231	0.0038988203571930866
-0.53693564890256595	0.094784974063959859
-0.57635213003053731	0.25619114791921632
-0.43879678185116633	0.36011054475097992
-0.22438697306040065	0.33575479102978756
-0.066904420887343316	0.21485757847016371
-0.032936404603227595	0.094096723839229068
-0.07760361737727528	0.054289577621730874
-0.087240346091661883	0.1123803767580155
0.031457446423314127	0.23755422179220739
0.27924115573981573	0.38790406686189682
0.56104853134542987	0.51698471688536562
0.7425629275710145	0.55655287910488338
0.7359334465382279	0.43127945021823977
0.55774384371941788	0.1295226083646849
0.32727226927322667	-0.22819906642032167
0.19425776259936631	-0.42305835535278863
0.2391224786304173	-0.29685447909332124
0.41335486601654275	0.084837391145830027
0.5679793864859557	0.43562982079815127
0.55640652360714182	0.46232538875094981
0.33942222667101951	0.12279267701946056
0.017765430929925281	-0.31054160074146858
-0.23440700209014798	-0.46650050218796923
-0.28522253415820503	-0.19529810150167404
-0.13686378863651361	0.29673752635645106
0.071049363633462953	0.62787168577085961
0.14716332125041126	0.57524690265182432
-0.02262226257125349	0.25924459475940181
-0.38580911786655847	0.011192410164759555
-0.73480983180972148	0.063360561787690409
-0.83130358131992332	0.35515522120079235
-0.57375836384359136	0.62262819269537795
-0.090504905985871048	0.66053584218326522
0.3259510500357235	0.49920907103699225
0.41518477385059194	0.3402610263537732
0.13770805411734627	0.34379808140105206
-0.29394058745699969	0.48511876919410502
-0.57292694181471959	0.60806720379762924
-0.52256071042763785	0.59438471226135758
-0.21708294301234912	0.47053304222028924
0.090121374274480359	0.35850617381301414
0.16331415972194016	0.34255079886424139
-0.050713134337612036	0.39613966208363977
-0.40149131271889049	0.42780413673167261
-0.6542154144278326	0.38192647728325979
-0.65021126954130615	0.28819774759502248
-0.40549353343962563	0.22144192057099352
-0.096277664801837082	0.23128500048068734
0.056822686969507825	0.30817162161630457
-0.061234472032708417	0.4048611773344028
-0.36770135028608392	0.47208098004794613
-0.62088027098399401	0.47673659734617163
-0.58899210363221333	0.40315271260878877
-0.23873396092424257	0.25878263105525906
0.21126455242720363	0.078520128390843505
0.44198647980478095	-0.093533289674839745
0.28846177913478399	-0.23808261094447059
-0.11788596613979462	-0.37687187215309337
-0.45336248698450859	-0.53688609635048445
-0.47017168226212069	-0.69010927131154454
-0.19129347227006607	-0.73866401233764856
0.14395896849218351	-0.58459909207392835
0.31917736581568923	-0.23274057442672413
0.32752967185339443	0.17165600479898233
0.32699953687601041	0.42853057427438118
0.427597385394625	0.43092672012041949
0.54380962020619061	0.24497275519906178
0.47533266724450363	0.048275472561110228
0.13300408175906403	-0.019495452622160687
-0.33064610708385817	0.039694788858476195
-0.63731582305101819	0.11110510277360311
-0.63683632850330096	0.091024358540888792
-0.44458713185520232	-0.016071467025744673
-0.31903439382853421	-0.10989874705744082
-0.40356888805889646	-0.090348527169038129
-0.58969809915374027	0.058056572970143334
-0.63628117795822126	0.2668901126758817
-0.42252394202274507	0.4457582044037886
-0.075032077272684169	0.53902350068908067
0.15511270931684734	0.53301375313473265
0.13371122447535133	0.4357860553286112
-0.039648644764805022	0.27220170405417626
-0.15148092104555227	0.10188375073522499
-0.099893065525051672	0.022603426800632119
0.0085364895269829429	0.11828395370913168
-0.012830211034148647	0.37883170648948661
-0.21452644974422908	0.6651516793876433
-0.43801715399720698	0.77333670410568278
-0.46024092995327703	0.57546938167769557
-0.2179099822312974	0.12933705487254751
0.11855488741001383	-0.33788979067725722
0.29519588405995589	-0.57401116192612178
0.20641861088756111	-0.47711125844839036
-0.014737612166497346	-0.16788541396652379
-0.13022946113767075	0.095248603792795941
-0.024075131105911501	0.097007392324638037
0.19192081706085243	-0.18566382673730467
0.28447711689979616	-0.57352149015505527
0.11233941696520695	-0.81272639339235109
-0.25334366350097515	-0.74101436801609588
-0.59858207726668444	-0.38243809007748797
-0.74720721757631381	0.083473031054253785
-0.683732187466918	0.43810512878366648
-0.52184951644749744	0.54116882115873577
-0.37316586371366023	0.38611312561624184
-0.25387982992615399	0.079871716803511447
-0.11192547930292268	-0.22203451720012787
0.075699916734658534	-0.39079950040711497
0.24049038892062657	-0.38281461458055838
0.26793985984060109	-0.25643040608755369
0.10309066210082456	-0.13398965766996584
-0.18183985703841896	-0.1205345422882801
-0.42468421017202962	-0.22274512652408865
-0.48338930049878898	-0.33390202642701544
-0.32851996025154367	-0.31132647847221034
-0.05481995554043801	-0.095223884531834127
0.18959182778896275	0.22234723570286974
0.29017365661968003	0.44472717131294315
0.21449935090522768	0.41264606803455084
0.0093627837287010452	0.13012359449361488
-0.2266118364373659	-0.22327899901490778
-0.37311724285764414	-0.41123811631444168
-0.32614372607804382	-0.30337392242390315
-0.049827442494829531	0.038840001268689209
0.37195608802426411	0.41018838761147747
0.74161773737643566	0.59991185195308372
0.84298926536421814	0.51802932504515897
0.5865977297624646	0.22767724615904714
0.10096193868887997	-0.12220021513471989
-0.3242258799591754	-0.39865444225307961
-0.42916276921236607	-0.54574952654351183
-0.17582731263104401	-0.57627053305197729
0.21582525321108087	-0.52521097261839966
0.43102074155523934	-0.41330085621105206
0.29802509997033649	-0.25186018341796745
-0.084256525376489547	-0.066202458701420483
-0.43212155161589455	0.098333961260966635
-0.50187670691738495	0.19999697221930027
-0.26204145291038411	0.23108110391279379
0.11321253058463156	0.21550338169896435
0.39816301435984347	0.17382590939664577
0.47375936569714855	0.094702131829426162
0.36666055824221061	-0.049791044213814993
0.1727627019578119	-0.25680512804517064
-0.031541610774415585	-0.46567359623189442
-0.21104730070024441	-0.5947702770988289
-0.33573391231918071	-0.6116916429705308
-0.3618598685811078	-0.56213425615985024
-0.26143865767696395	-0.51438612223210201
-0.066939644824077729	-0.47433958704536905
0.13338703156494458	-0.36750076192679126
0.25384384256856884	-0.12969421682235863
0.27442661802568391	0.180008293870005
0.24504240055617707	0.37554414634035627
0.23379003388954347	0.29339459581454697
0.27196765651795718	-0.036191594308655858
0.34065557635017152	-0.37302557630469141
0.39388655132911671	-0.45496211330277092
0.38598430246602378	-0.23474991817445814
0.28676352003322891	0.062128777149927018
0.094492633561672992	0.13463285954671961
-0.14573577752133668	-0.11423606472784485
-0.34612605359347925	-0.4755710672439013
-0.42275480609521443	-0.60886114441978978
-0.36444145405171963	-0.3408611201054188
-0.25422324939919699	0.1790686502373828
-0.20641639962324332	0.60118866585973307
-0.25866191318113224	0.65383865299521127
-0.32624672844276847	0.33639869289618574
-0.27873206385843752	-0.11287027219698213
-0.075935554052789969	-0.4150932254257419
0.17039000964429799	-0.43361436602285119
0.28397866875808819	-0.21793956231241821
0.18793066777806555	0.077003742227302469
-0.013909393474642026	0.30319370046915928
-0.12757551111636917	0.38987839978220351
-0.046698208024066677	0.35420016463783977
0.151417739466052	0.27398041756934971
0.28816939390331331	0.23555171161352478
0.25737625261634145	0.27743664187863443
0.121325531417022	0.36327833999473907
0.031969116801280527	0.41306861360816916
0.066230674885662741	0.37837010618246586
0.14651898466050076	0.28816900555393166
0.12461798317939747	0.2161988337944297
-0.059066061855473889	0.19846929107766859
-0.30426515989687775	0.18815546213124767
-0.43888298484014565	0.10845091734185386
-0.37833624516291792	-0.04490767018328564
-0.196250739591151	-0.16395154797285366
-0.045536233255833822	-0.11136307009435857
-0.016672774380316623	0.13853974449747838
-0.071196724129442793	0.44364164075467571
-0.10681904836947531	0.59009819723478485
-0.074291607571080026	0.46584519838226579
-0.026843100556792093	0.15932098173451217
-0.059551625636162855	-0.10968548014629619
-0.20201886499027985	-0.1626166065562917
-0.36820204537887891	0.0098499343607834442
-0.4113958312687413	0.26494664925473316
-0.23257978171462748	0.43673822508701066
0.14193622540293324	0.45621857999762344
0.56449450454355043	0.37770933695683839
0.84276519595239197	0.30900189160161218
0.84187292421659654	0.32309751752052196
0.55676131068968937	0.41420773686621515
0.12143127375199426	0.51089911085882356
-0.25551786025064283	0.52251994289647685
-0.40123444107111905	0.38808043110274409
-0.27575261460357026	0.10850421655699483
0.005018210344878973	-0.24396687176643597
0.24405006648887265	-0.55213390333716528
0.29168130629348599	-0.71230234983653229
0.13925417815204882	-0.6943635921332989
-0.084980225361626166	-0.56068936302035599
-0.21131674666901731	-0.42306622895126994
-0.14356345428932923	-0.36736662979834256
0.08344673864230473	-0.39768663765777063
0.33451118167091504	-0.44056068218658612
0.4622251377991925	-0.4023306003258576
0.39774311883405378	-0.23920561196545606
0.19093317276284547	0.011364300728406933
-0.01781910761944298	0.25497949022978578
-0.082755650235730741	0.39914550308960772
0.056063523688368769	0.40957288944811154
0.32734834306530164	0.32701863519240271
0.56564681439043363	0.23769986323285636
0.61349379963229023	0.21604822966627965
0.42036613861527655	0.28278543623099295
0.068123417781933801	0.40111804269694123
-0.28725317740465467	0.50992591571580514
-0.5101027265401008	0.56478342318055408
-0.54395769894694301	0.55466214710586559
-0.41087878847411297	0.49108014002392653
-0.17903838307313871	0.38591841988229569
0.064719144755160593	0.24320429875311789
0.23064129439626874	0.070786147500516386
0.2465484323685041	-0.10524005745211014
0.093350613930119647	-0.24369564831135004
-0.16944135168685062	-0.30911110501810851
-0.42621687582013468	-0.29666775487412178
-0.56802547646780166	-0.23472732422049941
-0.55348762814227148	-0.16484095991034742
-0.41814660783722113	-0.11479306460438728
-0.23530346959679127	-0.084055233514282221
-0.067746765691881511	-0.051480945559859929
0.046313963670187933	0.0038934394197675825
0.084193635349954846	0.084332345958857066
0.033416519952224284	0.16959494950245682
-0.094241680471299147	0.22793887738689297
-0.25397767247108444	0.23361857178585138
-0.39096292707334962	0.17716380707351745
-0.47891745461930324	0.067714490241883155
-0.53221109410075362	-0.072610427784068537
-0.57413852646635211	-0.21535851881605186
-0.60245159929653069	-0.33250208673451626
-0.59491591302011049	-0.4071024412152271
-0.55243696831523514	-0.43665034060557073
-0.5146249876385115	-0.4288651895879263
-0.51084192096825942	-0.38890912680989237
-0.49062321746099474	-0.31341224590862599
-0.33481103276019342	-0.20438684169982982
0.023818225552128123	-0.090427259973870258
0.47402565810236824	-0.030211937470702058
0.74678716636822495	-0.078096016585904371
0.62023837123011394	-0.22811641488274403
0.14342757132901615	-0.38853257988714929
-0.34436300814335208	-0.42313083199519591
-0.46434405932963713	-0.24915168685506234
-0.12234441051604096	0.086450214827058822
0.38942537152279616	0.41849856415446735
0.62477473132006722	0.56609541096646077
0.362167369727802	0.4572314054923669
-0.20287981859058743	0.17836256121698665
-0.62246995697124008	-0.08480928006139396
-0.56966815712137475	-0.16864434781318335
-0.091590930550678878	-0.030385387738001004
0.45794031742381924	0.2403450388878357
0.71631317881220746	0.49076574548311863
0.57182447104978495	0.60344796186242133
0.18718018960581398	0.56086113953189853
-0.17876465056107788	0.44412059087894945
-0.36329927483221847	0.36732389391428272
-0.35622020714115543	0.39208342366476484
-0.23471741402836394	0.47936904851917278
-0.079722962138261799	0.51667318840316889
0.048705405001112416	0.40757102053497829
0.10305294323971168	0.15943313945171522
0.05783510336628174	-0.10854997725798317
-0.060635091705088802	-0.24896049285606026
-0.16996449692772281	-0.20043345099965215
-0.18462029848882031	-0.037714747258108867
-0.087054309765436377	0.087709996197008283
0.053131323959916987	0.066484073789387005
0.12948228149202681	-0.085547791606169737
0.076200825197123012	-0.24285782959900507
-0.097925086703548603	-0.26189595792868997
-0.32994952941700739	-0.081797676891504384
-0.54512914422001335	0.23597513803814074
-0.68026387581029957	0.54044949799430664
-0.69287704944974171	0.67520671082373607
-0.5781184102089052	0.57002021739441189
-0.39209973872608517	0.29020947434232319
-0.24063803307668069	0.008668089147485937
-0.21468115393761081	-0.1020030518299507
-0.31214524576316688	0.0040491537232452907
-0.42603758593769459	0.19896815661211509
-0.42484147445492731	0.271678790233224
-0.26621419627977605	0.09580677711587067
-0.03951863212334588	-0.26311236979799013
0.10492359341286807	-0.60020492447284712
0.078932944104410319	-0.74094161885229437
-0.081071283577083889	-0.67081842565129723
-0.26046474628743038	-0.50796523443237329
-0.36737325576008251	-0.35670971101804039
-0.39198903373939514	-0.20593502367672395
-0.38352670025839647	0.023809864682433651
-0.38525206621608826	0.33694281015333616
-0.40026448738577558	0.59493772292950986
-0.40579935722810478	0.61683707454238512
-0.38439993677249579	0.3571963102559117
-0.33070389479278822	-0.025778742960360267
-0.24041081841823991	-0.29798953027067054
-0.10514468178515218	-0.35609013342542872
0.069163355798934026	-0.30840009752627129
0.2485141988848458	-0.34272356824213046
0.38127883503371324	-0.51651912865969285
0.42784624531418108	-0.67887744754291968
0.38158834630708977	-0.60852457555800077
0.26213944925878496	-0.2372438976527384
0.10111648377951797	0.26145942667899275
-0.057271875104545969	0.60159464540616125
-0.14874372593350776	0.6102135559199926
-0.11256836104649405	0.35083087286466069
0.054455878144864002	0.044029948776387148
0.259860488899672	-0.121045703538713
0.35864681850730856	-0.11606739331134945
0.26464028507925363	-0.05161026676263155
0.03961618812173498	-0.049801130360206822
-0.13495321885882317	-0.14079143568204633
-0.10259549812117552	-0.26001531774740572
0.1276938313482503	-0.32285483510194357
0.37194665691375617	-0.29800947071124645
0.41566250196175508	-0.22429347347142869
0.19037461959820845	-0.16999310312693997
-0.16577857108596872	-0.18088376064839751
-0.40804681026723033	-0.24923323645756243
-0.36037170570861093	-0.32144037714221507
-0.032439350865687132	-0.32940764503213876
0.39859316029674474	-0.2326950744041488
0.7079476875592865	-0.050524659012695615
0.75712477946631018	0.13799423207011488
0.56753695916718228	0.23533028063253086
0.29951820993292072	0.18969333248749093
0.1496449348119635	0.042936955640597532
0.22041435473190046	-0.078582735666605411
0.44444323430814719	-0.039811454099883098
0.62519170450316508	0.20433209116332132
0.58510640895613142	0.55914270067614835
0.31692860609557705	0.83183657997215266
0.0060046633025872672	0.84544738960655375
-0.1135003799072607	0.5537816063530514
0.038553431571640359	0.079218870234014013
0.30957272671123004	-0.35462403329341841
0.43728990749933583	-0.54956006401987967
0.28125023844706437	-0.43927581053613696
-0.048157957467636577	-0.11586072090499372
-0.28051117792628633	0.22600393964862028
-0.21746318903348638	0.39018280546296658
0.10139290166383169	0.27783137302604111
0.44085778883596288	-0.061005295491291169
0.57166364170782735	-0.44726607105611099
0.44528025994080983	-0.66417555732252131
0.1972813464418845	-0.58235526166400842
0.0044959557143735215	-0.24464738234647601
-0.058373030878600254	0.16009832136615459
-0.039115769217836889	0.4278211288686567
-0.014494674593647082	0.48278771052773967
-0.0013197276236749931	0.41313257633972134
0.040777565391117626	0.36586008467960529
0.13674506661210156	0.3959464488507316
0.24339448270897188	0.41196503156673131
0.27731768300180598	0.27371202378956966
0.19482170106889476	-0.048162715972652252
0.035153441841231807	-0.40848810262779633
-0.11792573143512895	-0.59150283622422051
-0.21586694599052084	-0.48883967697568909
-0.28043155419006899	-0.18770078754983258
-0.35893650560651175	0.10942222259160142
-0.45176840098398513	0.25304630085189928
-0.49756611579071414	0.24981323188092594
-0.44201573709020436	0.21625813282119849
-0.32035638241369468	0.25070042698916312
-0.25652741683308172	0.34523167283473111
-0.34941296449471587	0.41189053655953878
-0.54763503396254887	0.37425797690880225
-0.64740449617853379	0.23602763808067906
-0.45527456970425872	0.077401553314444635
0.011989466241945424	-0.0016363535115166766
0.48380026453641539	0.056241826963945085
0.62398113649063291	0.22977909089356985
0.3108936646803952	0.42239695116497661
-0.23893848597202913	0.50855961792447824
-0.63441759357334182	0.41856585118928569
-0.6298925201325557	0.2055610391123647
-0.31408649295838237	0.031346410646873296
0.0070793683601154695	0.050884467346214636
0.11778049837546804	0.27288211399781243
0.084414634661717849	0.52707517575317264
0.14306149840452653	0.59254600860188544
0.40206924178173231	0.38984485022028004
0.67976351254631695	0.066482057803449887
0.66184233362518596	-0.11625213130549851
0.23518437752326232	-0.0037815933409105921
-0.34838681720329157	0.3183175524510154
-0.6675037159541829	0.59312237746504914
-0.51365715679951429	0.59756300175006383
-0.088146259060725582	0.30694800621687535
0.19213285525497625	-0.10962813097875357
0.094216904192319748	-0.4292051804318916
-0.21520750251917053	-0.51758263796111825
-0.35136283490468112	-0.37650412586634541
-0.10105563282082697	-0.10033255174399169
0.36602959327917811	0.1888946954530393
0.66733375715262999	0.38554089912328277
0.58023292820844985	0.42365004776456738
0.23964414647624854	0.29970986450055348
-0.023442992664376203	0.083434254532555513
-0.020226157575729289	-0.1088001312017961
0.13263637343907109	-0.17352371652860535
0.1744854960921845	-0.075325904446629774
0.0054050025644912019	0.14162577276681726
-0.19671479660349353	0.383354672967536
-0.16449200815443252	0.54754213881386682
0.16236514557178466	0.55790735888277199
0.540139992377897	0.38962784147124796
0.6316236284456761	0.09317363431501928
0.32097184491869174	-0.20311504818098944
-0.16769204242868915	-0.34603560387307875
-0.46007376109382236	-0.25171499634278921
-0.34661486598874525	0.02346739437941189
0.060815093715699896	0.30380507691533332
0.44845765702750773	0.40653864641596232
0.57011901144006982	0.25900596849792046
0.42208665695445263	-0.062581638456796984
0.19992514433267985	-0.398557088400045
0.11181336224185247	-0.61118392981031933
0.22052032462865229	-0.65269822458515159
0.42874159298170239	-0.56818246011398588
0.57901479651072885	-0.44961974360552709
0.56484229972605149	-0.37824058014147882
0.37533544635151861	-0.37702234951827623
0.070153004574183137	-0.39037098456080493
-0.26364659986556638	-0.3204989528673905
-0.53945711546375663	-0.11237684895920834
-0.68169084160313387	0.16692053307707422
-0.64085107122221407	0.34614664829560393
-0.4150601075710017	0.28151830332645
-0.064701362808814666	0.0032895677857667643
0.3022545162206734	-0.26786522132432827
0.57511942321126741	-0.28846148793659077
0.69014083541765259	-0.013226209899235012
0.65663294360946334	0.33819327382946346
0.53825074889729885	0.45172345067829434
0.40704888362788605	0.19161896034937426
0.30907735709512724	-0.27360874532063101
0.26359123692265779	-0.61164614385962424
0.28302017842846966	-0.60590676675081134
0.37767948668547469	-0.32395281445469376
0.52720617426315919	-0.028763964144398212
0.65305583312608617	0.06714596357660875
0.64221932625420353	-0.026511442419204261
0.43660343897141335	-0.12496213045973785
0.11520140410664673	-0.060301748774284403
-0.12777212228514995	0.17237629678158523
-0.12563688740275222	0.43646915727853675
0.10063622463797664	0.59051010150542371
0.32499268801371445	0.59987009170460537
0.29235926704617743	0.52829179093219614
-0.047420793692097694	0.44933647004845584
-0.46317711168534337	0.37403675619148952
-0.61786255014288904	0.26059320962409399
-0.36141628003909726	0.073053628018386413
0.1230517375280834	-0.17293142394697095
0.46344471117482405	-0.41318097012718674
0.41202971639668234	-0.57525230808935446
0.048293308814650798	-0.61771029334299099
-0.30726909344001385	-0.54857687219292517
-0.3797030223588429	-0.41926031322334634
-0.1566083429242007	-0.30024964253296482
0.14900795800434669	-0.24533516340414016
0.32593507315720777	-0.25753747375525743
0.34465451190136143	-0.28125819588395862
0.32998266434041201	-0.23441704973623395
0.38508763136007035	-0.069175002644019545
0.47092462717408434	0.17905598837193645
0.4646501889526426	0.39364839797158474
0.31542866133150438	0.44199516992324106
0.11833569521483282	0.2638026298370087
0.017685229558803178	-0.07304561666872196
0.046983546518640014	-0.39716362537040434
0.083414139917322619	-0.53108659758445009
-0.022791522234818468	-0.40774583842245687
-0.27353695631035169	-0.12760890104302211
-0.48691913945986615	0.097913188613334576
-0.44987115601315514	0.091087074481861138
-0.11963583393100233	-0.15609632520756922
0.31970193162770838	-0.46061780532189245
0.60317827743870511	-0.57110075386933801
0.59899165171756685	-0.35003147543074886
0.39687618487232834	0.11674248103885942
0.20042357286865792	0.57165875460295157
0.13588594329881123	0.76078464922181654
0.15626882874666462	0.60132240245328328
0.11282812136182852	0.22624710677331455
-0.084792252291985087	-0.11715828439967312
-0.37328564208239701	-0.22910230909908577
-0.58572183281714074	-0.069140208782137516
-0.58668270083080887	0.23940044391411461
-0.37170469075397905	0.49810481980246429
-0.056499701851191977	0.55084105415759388
0.21651925037855949	0.36639018540281409
0.36385224693718787	0.046725201630646508
0.37937874415332073	-0.2367207037460935
0.29387832687579357	-0.34605867430309523
0.13762272620425176	-0.2596937935254135
-0.063892089336325272	-0.077245804657788505
-0.2670434300201181	0.054956857456866834
-0.40447298456939268	0.04586687897076646
-0.41157209035307951	-0.087007379429332676
-0.26788427121139247	-0.25070823168270295
-0.017212572597217063	-0.35803031541052899
0.25015079888715491	-0.38711488832170826
0.438964141551133	-0.37803980761917499
0.48784722087314658	-0.38131954389005723
0.38857284035246714	-0.41343868056952054
0.18206102508375294	-0.45006499184789228
-0.05427397821245996	-0.45109876085763767
-0.2291555893359831	-0.38238885322166605
-0.26752510140783381	-0.22862480282365272
-0.14841201759828668	-0.0064319831466752003
0.069035801457206308	0.22313833627161883
0.25749546947290769	0.3614506908345011
0.28345331262964774	0.32117924750989035
0.092058232100959328	0.094080226075135026
-0.23824957907335301	-0.21386031874371084
-0.52257108966161236	-0.4280130209330078
-0.57284232296033599	-0.4098493861499905
-0.3205376314024681	-0.14824740685470025
0.1331581912582607	0.23454239329271642
0.57618317278174702	0.56508561971944837
0.8146595181229378	0.72274562682171883
0.77937958887757897	0.69493935751834379
0.53567503544699302	0.55562997857157337
0.20739596552584511	0.40175994330871834
-0.10998076380176064	0.29431374694727513
-0.37173754645090962	0.23699080510186321
-0.54587900243723564	0.18751315296968732
-0.58043640467482061	0.092265064795493637
-0.43013400861573908	-0.07420255901570072
-0.12267936617179871	-0.28575307333040589
0.21731139522190979	-0.47298118450398369
0.43413734773489554	-0.56480773371993809
0.45386814057083186	-0.53314874354098118
0.3338889782463712	-0.40490439916565274
0.20011984248835538	-0.23352387646026881
0.12568084506930666	-0.060016680236692432
0.07311968022317053	0.10019446702606952
-0.038458284464434285	0.23749514573314023
-0.21422102999517931	0.3263837813721393
-0.34107596309605509	0.33156384151818946
-0.28140436729775264	0.23439631564667057
-0.018555324003439233	0.051977449149524624
0.29330737910486265	-0.17047254890331162
0.43971449773905352	-0.3841876566917094
0.31841456676558655	-0.54640241174243931
0.016779414180510745	-0.62048323071660505
-0.27738425360339508	-0.5846303116943673
-0.43824681010892447	-0.45719879122938745
-0.48626618230923652	-0.30494244081121624
-0.52424059651407673	-0.19845874850159881
-0.60343923855578518	-0.13975688867388633
-0.66102755921531464	-0.04229302379144835
-0.58546781643769119	0.18326722249522681
-0.33856088623878555	0.50108977716579006
-0.0078436551066185193	0.71849388546935056
0.25852022670505787	0.62876219537681954
0.36340021465179656	0.22031263815747767
0.32217731409087502	-0.25815406814528152
0.22919445912019462	-0.48272322483011415
0.17472781576607455	-0.34422902374179903
0.18859620920665734	-0.06212262754050335
0.23869054849668842	0.015780258991435134
0.26486201011021415	-0.24209166720476491
0.21733095301094527	-0.59844779589508168
0.090281349338508982	-0.66115730901468783
-0.063475644997203401	-0.26986640082886998
-0.1508960899791191	0.32164698819890469
-0.099855232393064181	0.66426087626704722
0.070943062364066889	0.52658457276380022
0.24090069599654401	0.1035198894171149
0.26784906311349332	-0.18448291007744483
0.10799115870508598	-0.10034412803081103
-0.13195132254954722	0.19680827652680846
-0.27494288166379149	0.33737090897411154
-0.22170118723117835	0.12319678799349155
-0.036324916080322421	-0.27366039359033323
0.12046220111615799	-0.48555598549084283
0.1435431720351858	-0.30550636756084421
0.073956799466057876	0.12719162431501063
0.0364536994102692	0.47131204275482819
0.093033393140800266	0.49803253741123243
0.16729823292325352	0.26679221094377037
0.12277219069535675	0.023620765577514156
-0.083006260259011866	-0.044457106934552279
-0.3320246563961326	0.042954985844483387
-0.43914974192647377	0.11884249726688542
-0.32029297378896165	0.043532994629678495
-0.072364152277986815	-0.17909613800699586
0.1147535437850324	-0.4216512984495917
0.12351700412923294	-0.5406599164011362
-0.0005557228907899684	-0.46655743056294091
-0.10713634985526395	-0.2298747879464543
-0.078889605994031525	0.067384984156603336
0.078074218393841238	0.30433486657511349
0.25687722255003353	0.39958392158029216
0.3403171326335564	0.35770760329903084
0.27294225133525446	0.26591000467726511
0.073063796932161335	0.23181359509646016
-0.19087606205845689	0.29624838117792274
-0.4304355073069685	0.39514429739389867
-0.56308225771870601	0.40862293260587312
-0.54721041641419488	0.26343412597838334
-0.40756215985394162	0.00076038770774637221
-0.22272135258344464	-0.24825549627756588
-0.071857872833501951	-0.35552474193418787
0.014980284155636216	-0.27900368964149486
0.052680011638215909	-0.07467225186594606
0.048887026258132821	0.15399127274090346
-0.026791059755647034	0.32175428887915558
-0.20312130212843341	0.39913483129512267
-0.42759700999790778	0.40961079287870078
-0.55364847401931261	0.39828062025440419
-0.44128081635295774	0.39196379638896917
-0.098876772227258686	0.37249698125484043
0.27930879352400056	0.28588414610520096
0.44523503879017301	0.091319355504652713
0.2975531820498819	-0.18588184600842173
-0.03078948599771766	-0.44581067025039539
-0.28673320563355231	-0.57226470636323079
-0.3131324631789642	-0.51339033612171869
-0.16568990028838773	-0.31280182918247962
-0.033972319442734961	-0.065041123812950033
-0.05102135594708989	0.16174086942918073
-0.18093739103642764	0.36033548127979176
-0.27986938384492355	0.54534012120570408
-0.251940128419397	0.69212178611824515
-0.13608469442319415	0.72317686220694499
-0.047225967343057215	0.56684944807135251
-0.049663082406614933	0.23728992693712503
-0.098948284864888186	-0.14246777195709512
-0.10172692012200961	-0.40210741068729877
-0.021828372151788358	-0.42540616502211026
0.077891918049466907	-0.2218002013977865
0.089528323204365975	0.078010848559357152
-0.047754459816020112	0.29387138667907786
-0.29987599872515186	0.29756158403058119
-0.55504250929607069	0.086061928098947693
-0.6796092802182544	-0.21439923913885597
-0.57991197730467847	-0.42051932324525515
-0.25513948330581793	-0.4075744753131581
0.17826612536810327	-0.1916850526960758
0.51846973104607996	0.083200507156484985
0.58635869635104576	0.24892274720195914
0.35201805674516756	0.22828998947253271
-0.021459188859566772	0.07508505358405107
-0.27860037855991887	-0.08839554440998601
-0.25812845288442016	-0.17807217765253178
-0.0052440820621038609	-0.20393539448980327
0.28763307449914816	-0.23357514529150017
0.45837579636270792	-0.30929583549187539
0.49793675071574756	-0.39452311644063437
0.5033556712727788	-0.3997272657767636
0.52782303058047253	-0.26096896952579851
0.4970919969470895	-0.0070752948706212637
0.29671658501959663	0.23555607372033893
-0.062792456208050532	0.31187833480615912
-0.39119773772044331	0.13715453180719536
-0.45606877707867571	-0.23143687695730034
-0.19677743067924205	-0.60296439634452781
0.20098076518886229	-0.75375132717447024
0.45290479087218416	-0.56803553219490932
0.41641445383557102	-0.12649660994765916
0.19766845023089616	0.33319883078123247
0.031351298142718267	0.56777417175066558
0.056812248067882043	0.48568002950887584
0.20297904703101566	0.19586927155441783
0.27951453805867282	-0.086159343920597695
0.16716040773376231	-0.19336918955514223
-0.073576886379272496	-0.10324440572882608
-0.2699656274352551	0.080711592272874055
-0.29631818698811108	0.2283991096116148
-0.17804912428502359	0.27569348050631209
-0.059467858358670536	0.24642414997463583
-0.081468791838615467	0.20850480332002089
-0.27963843303331515	0.20776633644385381
-0.56698332356750281	0.22260134059275202
-0.78859791485392794	0.16975839026481032
-0.80411120236466438	-0.032217108465547428
-0.55993839214487784	-0.37281974974348464
-0.12743308689359872	-0.70796224705748423
0.31545292351706627	-0.8229351876688864
0.56956017999611186	-0.59175714879559504
0.52936024031922757	-0.10977413184929447
0.24821044413150348	0.32951072085416672
-0.0999677021347571	0.43752554626213691
-0.34323636686589232	0.16447289358818593
-0.41761754999497763	-0.24436165193596313
-0.37107005032497187	-0.43933458359980193
-0.27611175948915045	-0.25371436110803669
-0.14786281628956802	0.15487832467890419
0.046285921510486668	0.43727132797760487
0.30405536286095475	0.33946130938108249
0.53215574972430235	-0.098793714663225091
0.59611082510063085	-0.59101228448258825
0.43650627810526932	-0.833987467091867
0.13931867669885531	-0.7196883627865458
-0.12121568580787044	-0.37423889410723887
-0.2179113485529543	-0.033802752589027062
-0.15648521028622542	0.12341373370084037
-0.03516331171681155	0.066285465727796464
0.071936098362202716	-0.10449279152005568
0.18217585226765334	-0.23994043709434873
0.35120100912626095	-0.23727391195292075
0.56253979595639392	-0.10283283991065732
0.69245985834503965	0.051793621555000488
0.60854276279986497	0.088372016791776697
0.31471977685266622	-0.048574747008679295
-0.0082726588456897513	-0.27409667369090485
-0.13391334512775888	-0.4154461827379316
0.016417955831168826	-0.34333762979362015
0.29578765993719941	-0.071145129292446305
0.45751232931970337	0.26079448684764628
0.37491118703461196	0.50006505187281824
0.15222262302369094	0.58236785467612728
0.015240582492693781	0.53582139266186424
0.085653624008869722	0.4078625498776341
0.25884781628940401	0.20980441946564912
0.31018387309907658	-0.061161186047404066
0.12668834384952452	-0.35855810696235824
-0.1657223335395448	-0.56819108390602469
-0.31748185770782461	-0.5695509838138515
-0.20376491651398768	-0.32994877419521951
0.043784628728908336	0.053348786331806085
0.16571090644783751	0.39989872473468685
0.04394758464648376	0.5431275227603416
-0.16285411812227293	0.41665963999696692
-0.17270132519710865	0.090097693053377392
0.12273069254426941	-0.25527476924461717
0.51520759791441029	-0.41099030705425077
0.65689598015714823	-0.26145978927622293
0.39519125638335179	0.12193583347291119
-0.064189795873609221	0.49531269886854717
-0.34202782590774505	0.59115216125560766
-0.24539376350859729	0.31248396115485344
0.051391644856092468	-0.184206927119662
0.18477274210934949	-0.60033933949498208
-0.034578665078677837	-0.72299351969530234
-0.4357636980342573	-0.57387972395920395
-0.66249032417898834	-0.35042052162876358
-0.52857801817014027	-0.224154328306262
-0.1922169774610368	-0.19427868525312703
0.021149799601753342	-0.13038900724179167
-0.040575081246552631	0.058020661426602206
-0.20623589367443601	0.3052958344489699
-0.17404639978417355	0.4482130941208386
0.15463429449714702	0.39109305765242169
0.5455400078903645	0.20007512611016329
0.64344427319091269	0.034446718349153464
0.31888572705573887	-0.012875035989532151
-0.18881516451337402	0.0044152421872746929
-0.472778432990896	-0.041778249218579991
-0.30750157705091868	-0.21326923024758571
0.17387026375219608	-0.43949530523347796
0.61948411970360273	-0.58678667053438782
0.76083415252343101	-0.58257810906561469
0.60126671735292003	-0.47488928704027189
0.35081536189452417	-0.38015907802991589
0.21102003044515444	-0.38128177043866729
0.22092565381659432	-0.47005633028891919
0.273280101914539	-0.56579969952213316
0.24546679805776492	-0.57885311198376321
0.10217290592077696	-0.46307667176858269
-0.10085316391884756	-0.24137959202196549
-0.27990702890614938	-0.00077593192721657587
-0.38007476137570184	0.13955661277977688
-0.38890344276424083	0.091185466596432133
-0.32321769968288644	-0.13721955785948264
-0.21190825863522628	-0.41938962681525788
-0.080715842417275141	-0.57736559133263388
0.06181224764442874	-0.4997501012666784
0.22124061024383798	-0.22135987649797417
0.39364533791596251	0.10560434315108817
0.53385195180244494	0.32890451766111267
0.55949612270702798	0.39854776640714845
0.40680528677790773	0.36790971604899003
0.09957937850174696	0.30850648940007436
-0.22987191042314314	0.23487133033755639
-0.40749815634292008	0.11435875846604418
-0.3332065844609729	-0.059672409817247744
-0.056297670108408998	-0.22104866931535785
0.24657253754612893	-0.27672098733309725
0.38078308702435565	-0.20137616210058082
0.25096901439829888	-0.079311927373428723
-0.08411005158122549	-0.039598368813102532
-0.44804961551505956	-0.13935094364935968
-0.64395720411748403	-0.31291697533882395
-0.55759466164054428	-0.4403734347878992
-0.21706624775216488	-0.47002901313427281
0.22254286780991042	-0.46303498082344352
0.56171597848674726	-0.51494629961690719
0.66239765358014058	-0.6327430292403492
0.51628084708859789	-0.70374617674500772
0.23192924624660533	-0.60234111161796577
-0.042795148776941051	-0.33614352248431206
-0.20518901554136432	-0.078925752468829644
-0.2298679419043706	-0.034286926275060872
-0.14214425221091612	-0.24512361239103928
0.022380965695181974	-0.52739998323483472
0.22992411581758804	-0.60464027649372321
0.43357005586378106	-0.33714131101794637
0.56655044439485636	0.15933375598107005
0.56538545960130371	0.60634783359657096
0.41397913931701247	0.7861994041358723
0.16448567761550015	0.69674047948999707
-0.082585209673075269	0.50803165517093585
-0.22959885262035165	0.38429956208640931
-0.22483058566137901	0.34495855750046117
-0.083930532083297385	0.29126988099427004
0.11537265706184836	0.14802401603002052
0.25992991158697787	-0.035211026404408388
0.25246425328302374	-0.13401375882177838
0.072492951766329361	-0.092396583087872936
-0.19870333940225604	-0.0017744462538176612
-0.4225895847599872	-0.022838665235714015
-0.50104816998665702	-0.22196624325061115
-0.44777547986851352	-0.4867440228857226
-0.362684912569746	-0.61740079582856799
-0.32925772415003846	-0.50847504427795909
-0.33221392978211817	-0.24487969367625304
-0.28774242987876153	-0.017907210421160124
-0.1583945394798818	0.055539883660579492
-0.024713708906356022	0.023989450828235365
-0.018253241725237002	0.016060094437605969
-0.16887473666637046	0.07667768144010921
-0.33425033309504865	0.10703473777506654
-0.31313199210701659	-0.015676560676092768
-0.055405437102084773	-0.26319805880341468
0.24929342521672473	-0.42850606070961234
0.32430239256129501	-0.30216386036175302
0.072488357183089727	0.10479609429839451
-0.30749643392004439	0.51957532677085128
-0.49377697397443776	0.61783043957842709
-0.35103968863953794	0.30834565895305438
-0.069854853390968391	-0.17301935876263957
0.023669832789519653	-0.45296312695028185
-0.19274282673315749	-0.32820103561715475
-0.49055205132854168	0.078581288218708925
-0.50784995329419136	0.4447994423322903
-0.12912816886346606	0.52134420220528865
0.35828735452385607	0.31577275560878004
0.51134539734504147	0.044189991223029253
0.15899588572572229	-0.06975070455401372
-0.40497708363702978	0.03918282632686982
-0.67137150165024195	0.26191086389864776
-0.38089851070756336	0.42615757190462866
0.23603965690164427	0.41629253508096103
0.66975056798928578	0.23053979099646715
0.5880920622658663	-0.032717190832327499
0.1099969625507793	-0.23023590325591189
-0.34682127743727792	-0.24613983104689477
-0.46776209541780567	-0.062056285210380507
-0.29976628176114162	0.21674798471210593
-0.13793553124617255	0.42124821926016748
-0.19477636711138233	0.44227999822745928
-0.39620555075906305	0.31841645036359489
-0.49170956650394976	0.20128871907075443
-0.335935739151001	0.21478051134041573
-0.037726945034553094	0.34116336962410304
0.16406715193591173	0.44974886223516802
0.15017538456608404	0.44386079933715666
0.031046750351318347	0.36478762690990724
0.0048426510918423617	0.33661227470684407
0.1286173354540539	0.40557853485444528
0.24459549270466499	0.45513093283371092
0.14506118237356774	0.30935940899121767
-0.19216939163597016	-0.064121620964477266
-0.54198433504206767	-0.47059640903524208
-0.61421158328382164	-0.63347469343592566
-0.31579039243642865	-0.44783309871685573
0.15133783612111765	-0.086426643611984932
0.4464450111100382	0.15727245734458659
0.35973127660896681	0.14404839248678861
-0.031257893956860593	0.0088082655743163957
-0.43915439926152311	0.0029335436676318619
-0.59134174392298555	0.21741381138718835
-0.41394835176470263	0.46937584985233766
-0.045393034184942199	0.47194068852272975
0.29166550484317905	0.12695207020143018
0.43903551648196421	-0.35461048530233152
0.36941932853777426	-0.62577357799947764
0.15888890380953624	-0.5076038287442638
-0.074177450754243576	-0.14260681768783709
-0.21493519648749224	0.14007017919653481
-0.18168367922589301	0.1145273883239994
0.04186539235573751	-0.16699198993177303
0.37900874657246408	-0.45017493468408193
0.67350285562720802	-0.509987293914138
0.76209073125455229	-0.32084542535362304
0.57238976829044286	-0.037679692738226502
0.17549547596258669	0.15554955329935549
-0.25822836604863519	0.17451717995496027
-0.56648020232224328	0.047637621556870416
-0.68409422377948181	-0.15151096102633271
-0.65267723684545764	-0.36129241079150592
-0.55677097732909409	-0.53531262674340974
-0.45375207148208496	-0.62415390852999963
-0.35179559494970036	-0.58355769429410054
-0.23262193601794767	-0.41223338046363844
-0.085492111252456218	-0.17663385573824811
0.077802645237501619	0.017510938417480561
0.22368696658401313	0.085003376459752811
0.30444249939792062	0.0050435338069605169
0.27060143464756037	-0.17998136373603213
0.10438820911633315	-0.39659536416756846
-0.14401387106829705	-0.56894520268430115
-0.36044617035231186	-0.63611466467595268
-0.43274653528042173	-0.56627701402174191
-0.33734189339672821	-0.373793374602228
-0.1639144140419766	-0.12437157493537362
-0.036601472270885088	0.092929246299858451
0.005688880359852524	0.21707071689783605
0.045493856482062528	0.2472266691497805
0.18874590817492343	0.2229792865665447
0.41875907451391042	0.17349867412211686
0.56680681845753866	0.088195468703526139
0.45412437058064714	-0.061838578744706503
0.084589091845269679	-0.26973713035511437
-0.31201940494259567	-0.47012725860145421
-0.45720002593945769	-0.57576963020169558
-0.27344524487797028	-0.54235094216909552
0.030402796554704972	-0.39967147955373855
0.13912053697347998	-0.22302002766380766
-0.08064462820876335	-0.075205269017653537
-0.44715694484744728	0.021552905557105199
-0.61583647543277453	0.067157948828612132
-0.38268520869193001	0.049826438514071876
0.13812321712354381	-0.051734056310851768
0.6121173398361528	-0.23193447644494974
0.75784176578631424	-0.43211184308722256
0.54980491222739591	-0.56257840419673744
0.19045674357859205	-0.55913220972531574
-0.087196589778396505	-0.4284395542503725
-0.19408630159129003	-0.24135045547932168
-0.19702701454183727	-0.085301624944979698
-0.20181002416280278	-0.013945684199280555
-0.24248594020107203	-0.024722478208503092
-0.27432196463052994	-0.067239627175629646
-0.24509350979216118	-0.069445651480267934
-0.15499841959098576	0.025742039637458181
-0.050741138518804955	0.22044458617469592
0.022983770826130956	0.44444748568180764
0.055404679737277689	0.58875448086631688
0.056646885738735109	0.58261652138169862
0.032508944131889199	0.4609295188317834
-0.014297002816928405	0.35084735438611997
-0.061143116609760628	0.36897916126587138
-0.057300340007045883	0.51008599479373562
0.042573904625277215	0.6352408666309336
0.22404914840776574	0.59133058257919657
0.39296631689585287	0.36272995199271063
0.42450763547533149	0.11073541991946939
0.25210218422620279	0.04427036895952393
-0.071313523816803115	0.22790187116856298
-0.39587275767759422	0.50089217223268401
-0.57012728313920535	0.59420406417166816
-0.53991212940963607	0.3508077794639346
-0.37864564640516696	-0.13743249346145947
-0.22694182647222744	-0.59396060020577923
-0.19081061985741865	-0.76351750865722279
-0.27693658626031709	-0.58569315906833153
-0.41121976344282068	-0.20372556943924452
-0.51075916636862684	0.1712910474369693
-0.54718959966027647	0.41266482315732267
-0.54547573912299041	0.52347412384577063
-0.53438079437553077	0.56992610183839987
-0.50345119539102945	0.5949212818008498
-0.41027922664236544	0.59190188907134433
-0.22761346509285293	0.54280870065931386
0.017475332204156546	0.45668719028775134
0.24908033841065788	0.36425950329719009
0.38485862137288174	0.28212475539053827
0.37820494123635806	0.20008420373495339
0.23200150477301032	0.1151906382921966
-0.014003996703225847	0.072512814440236439
-0.29939449414676633	0.14609121546110154
-0.55463170421729857	0.36058930170620684
-0.71008138476241212	0.62171377206782319
-0.71470760360777774	0.74667756536465213
-0.55680015613002931	0.5994318736272165
-0.26983243522874989	0.22507660069674509
0.075903696030497986	-0.1513065838656234
0.39209857483851479	-0.28552205997466534
0.58960262002364427	-0.11700162071607774
0.6006739348922574	0.16881083997961185
0.41087541276854722	0.29125867137074346
0.085761357963397955	0.11512714664521766
-0.23762862173149316	-0.22811113515701228
-0.41641459079191423	-0.45684128927438095
-0.39061079206263982	-0.39140864429771088
-0.22413869915736656	-0.10827208792417356
-0.056943025349285303	0.14395208188087977
0.0043664341345366741	0.18647701897190255
-0.040519809834015548	0.071262247249684746
-0.10668488970624715	0.010277443016060865
-0.11783605189192672	0.15083226620112072
-0.077385305381523911	0.425955726827003
-0.04986513461848268	0.63105740066943605
-0.077083595026674986	0.63954050943850504
-0.12373496923591375	0.52840473770319396
-0.11108624444253805	0.48334116814223232
-0.001819618646056994	0.58281893621468317
0.1547771210503936	0.70034069834034851
0.27041865931412595	0.63206008607747677
0.30739222419318857	0.32827864654210537
0.31413840446057467	-0.0219566531091583
0.36812546230815318	-0.150668867018136
0.48527070865951094	0.031678227427951962
0.59017067935458301	0.33755069061667081
0.58660178191301005	0.46418436883083625
0.45745588565372464	0.26383343735776293
0.29210310921823246	-0.13389197337240069
0.21258051250461082	-0.45642499957109423
0.26284107931187328	-0.53570257450401304
0.37204008323253113	-0.43525833836522948
0.42303094568997157	-0.35059076384621596
0.36443411621282978	-0.40488476822231434
0.2577903454244676	-0.54019607963433536
0.21685669330120577	-0.59425159298386843
0.30142292247991492	-0.46267350036327315
0.46071526843831956	-0.18534576219461063
0.57882772898305423	0.10364674399328692
0.57681658833807226	0.29501244772223378
0.47780830678817537	0.37205094500751201
0.37896643971787369	0.38715104326585303
0.35788910362275222	0.39463584443191257
0.40197618539041891	0.40712620473523942
0.41775696268770512	0.39791636491488119
0.30943786378474036	0.3269969088377464
0.058712303741373359	0.16826404620567761
-0.25829264026567061	-0.067310460513642034
-0.51935138797534741	-0.31358717803252562
-0.62474267272867201	-0.46146639753740143
-0.53839988464992983	-0.42084922311468365
-0.28734852940049199	-0.19781918570821344
0.053703024219230393	0.085682678331370249
0.37819289059868666	0.26938816255833664
0.56620602354154814	0.27406067227468461
0.52770732528186082	0.15753028135291455
0.26009508654229574	0.043828491301463372
-0.12583822082740267	-0.006395387741073854
-0.4518369217903192	-0.053847372926064403
-0.57887130511860674	-0.19999333744342954
-0.4983828451052888	-0.44546447617218443
-0.32946646869807733	-0.64023755634310531
-0.21914151346140101	-0.59746791056367576
-0.22415449384892591	-0.27246273870310345
-0.2760960385857798	0.16299648659507143
-0.25697159698679845	0.43568876715178084
-0.11255248982017971	0.38091879145122981
0.097325416390673505	0.066397538603422457
0.25346316549631248	-0.27169174902697768
0.27724268179142175	-0.41292310255079662
0.18786603033277546	-0.30150392684016225
0.07052000785822754	-0.053453094563584415
-0.004552028032817141	0.1529795859931572
-0.035660363496841464	0.19661834213397011
-0.077726485397062992	0.061633979245107176
-0.18473849902972533	-0.182185483394943
-0.36134501021876297	-0.42315003065743317
-0.5512813025715384	-0.54898702178999481
-0.66236967461914653	-0.48786415433872687
-0.61852522812540622	-0.24655006389184006
-0.41547661248114637	0.080370304451671995
-0.1505372115570795	0.35254375985733272
0.012343763791555707	0.46172641330905445
-0.051825673615019226	0.38800900376594155
-0.31521440768044712	0.19288983261832088
-0.57839877862025146	-0.034453891979868471
-0.59711801646014384	-0.21953936653878836
-0.27703638635121758	-0.31119903215197242
0.2260581179445369	-0.27445909260303919
0.60740139574340768	-0.10749901781088708
0.64646819388094479	0.12393864533705165
0.37255499365507183	0.29057687642724472
0.021408233145063037	0.27367828418604867
-0.17368756528479282	0.06061325030795759
-0.15217601423056817	-0.2302056381829844
-0.014651197675141441	-0.43837863203820143
0.13264378679575922	-0.49677163365464516
0.28573525526965027	-0.4798500851869244
0.48903252834616723	-0.51428070861018516
0.6976150740056144	-0.63175927953778133
0.74089684784440746	-0.71504793811132017
0.46851842299618923	-0.60405739029815264
-0.054811656857307781	-0.26202181625479631
-0.52635058474531493	0.16108092584328099
-0.62530032811937353	0.44543866447742292
-0.29074001877798616	0.49010963559179316
0.20257938497184344	0.39437812321761267
0.46015151410066452	0.35163745484070807
0.29424513633715293	0.45409041119964855
-0.13122041742666832	0.60139555641291054
-0.45188462040574812	0.60404435708487958
-0.40612302523981897	0.37981339215035825
-0.022916138332425798	0.056634997348008573
0.4415135456086049	-0.12382021127742929
0.72398185775018142	-0.014668606925904319
0.72747432352020935	0.30660082362846913
0.52660756343156045	0.59955159378847289
0.25431663594080206	0.64912962790653717
-0.001521516999167879	0.41754640227022966
-0.21891415269892678	0.04149779002936383
-0.39783640668703596	-0.29571646685821806
-0.52400463729857316	-0.48625074919754441
-0.56792544077749829	-0.52408202865273135
-0.5057225316329812	-0.45041683053683046
-0.33493626334169035	-0.30173992371928249
-0.079208932063670912	-0.10832141670498668
0.20806250807947346	0.081946465297693311
0.44821812389808596	0.21270290233823272
0.56503459669556644	0.26163320385867594
0.52975998654859169	0.26960226639242135
0.38670631974243269	0.30378445893058958
0.22696100633856908	0.38281933377325428
0.12463022687394851	0.43618657430793922
0.092720168126831551	0.35369264590046406
0.095722794821344562	0.08887351766139201
0.10446997849388122	-0.27244480201248633
0.1337999488640027	-0.54555362319261214
0.2206738929188492	-0.56155106665607057
0.36714372471079587	-0.2820710679632123
0.51369324068850375	0.1655264791087365
0.57847588772705216	0.55667646908030954
0.53261113205207611	0.69059209520072284
0.43289318367793617	0.49868420303574507
0.37572631349059332	0.0836959214946493
0.40435851806209289	-0.33243841474121943
0.45938887420207963	-0.52767506499143746
0.42499518493761379	-0.40324572166946188
0.2357888410169591	-0.039053940632257408
-0.047911865846134716	0.35399629033476909
-0.27100685887538922	0.56036591823697945
-0.30128504734333794	0.47848903320080499
-0.13260183540281609	0.16128437394843967
0.11857649704739467	-0.23621757938605312
0.31145597536903147	-0.54751809102091897
0.38167911336685506	-0.66567515950041778
0.35108978684315278	-0.56913019671478104
0.25480639431951912	-0.31212840522014773
0.083582118459231289	0.001761069784428993
-0.1820450106103931	0.26125664241130242
-0.48680970565153969	0.3990849707739938
-0.6803389559058457	0.41807915372988413
-0.62506372077792205	0.36371284810387555
-0.3478640038420619	0.26111682657847884
-0.06336842670028725	0.084610500561076468
-0.0034839278671477125	-0.1908172025782795
-0.19305586566204364	-0.5035050433567323
-0.39612758882642546	-0.69353603773671135
-0.32311329884060258	-0.61973237686122951
0.07664384758529727	-0.31830031309310763
0.52525997753584419	-0.027354216309929229
0.64679322251695825	-0.0065399928883896497
0.31762403211609413	-0.28909265508824644
-0.20001631693937874	-0.61391061563011595
-0.48830539628769748	-0.63979146664880482
-0.35519704330761276	-0.26593821944661483
-0.0056514702906916327	0.24487518262436114
0.16625300190402981	0.48458041117166917
-0.038872402015857753	0.26921090115642637
-0.43647242655432261	-0.19088163758080548
-0.63756773580051873	-0.48418091072022013
-0.41813687296971441	-0.372436868086504
0.076261052652842831	0.011192457602107705
0.46738914630967665	0.31900610707728566
0.47512564784960498	0.32946777652272619
0.13122100827972333	0.1356289760023863
-0.29354694864077591	0.011295307967972465
-0.53598375989561187	0.11863798649372717
-0.52387031073881973	0.35041836576742041
-0.36135798283793386	0.45065610135828432
-0.18487432229226239	0.26770188080232482
-0.052250785527850924	-0.10730954626517362
0.061053642730804131	-0.43023896909856935
0.19843667186616473	-0.50927869258223657
0.37270836479768465	-0.33763626413991149
0.55748340048416212	-0.070768746859354192
0.69636179129498221	0.094061273937141615
0.7186520408892525	0.036441648010513569
0.57712467384793908	-0.22417918283667346
0.30290899591185255	-0.5289618220292629
0.022383736091005354	-0.65031557359086889
-0.11563089202266205	-0.43650692030612848
-0.062281823340778399	0.047596059040766012
0.076351231961541047	0.50931380626257816
0.13063080936016747	0.61637841138462202
0.041280800285450885	0.26879062248085456
-0.062065051527237611	-0.28613743307585982
0.01685303314810464	-0.63296918746466335
0.31648385704264376	-0.53602622288587265
0.62302034436028497	-0.1408538760176507
0.63011133593188162	0.16595404332883781
0.23304271521307537	0.11533770302888924
-0.32840357952571447	-0.21093662093649346
-0.63631058454548639	-0.49012620501859416
-0.44254430580079013	-0.49063916526684148
0.11705897876407077	-0.28646396914738109
0.63920759202183375	-0.14799496659163958
0.78828662482166589	-0.23971270270362274
0.54448261836668677	-0.44265222791250231
0.15796378201947428	-0.4837231488633571
-0.10841965211817123	-0.224322663584098
-0.18320071026660695	0.19173847472364267
-0.16044559549039986	0.4733601205204821
-0.12515316379210339	0.45480149445807821
-0.042945591062235125	0.22763395701613853
0.16507191909700786	0.019031100585867874
0.46593793754059287	-0.036639290774100206
0.67927638846696259	-0.0021955727015074062
0.62544118050219	-0.035007288090761896
0.31661338247841836	-0.20810171144226033
-0.021934750062619801	-0.44068586123392434
-0.13902588254132156	-0.58673519939922247
0.015362301515706776	-0.57636055095969996
0.24483870021887377	-0.46918635336796261
0.28931226417328815	-0.38531407010110735
0.06402777303299613	-0.39903734289061837
-0.26621798499969113	-0.48717989473283146
-0.43869936112439339	-0.55801239718525431
-0.32175163710957322	-0.52039114288140942
-0.012231662908440577	-0.34498144773698297
0.26880548847250596	-0.090206011054611082
0.36776207862743665	0.11381018493104471
0.3044093991794305	0.1354676472912372
0.21908015892980789	-0.061718894897726743
0.2296151479101636	-0.36112272159547443
0.33179412478851583	-0.53960051193419312
0.41091682532933566	-0.42065347753508348
0.34343970507732191	-0.025781625276497858
0.09584505345678429	0.40809710404066424
-0.24609658503821916	0.58178314962787847
-0.530375940214313	0.35537791956881298
-0.63741267636349963	-0.13872638647876226
-0.55381009780184831	-0.58157321866546641
-0.37850857873422039	-0.68954664488975215
-0.24972097229880383	-0.40134818578675296
-0.24389904167680776	0.1013197699750337
-0.3200810534839833	0.53345417072281298
-0.35262037737772123	0.6881261947093894
-0.23055642804061738	0.53887901218795609
0.049199484949024541	0.2170625778762458
0.36587410867859466	-0.086034845057380155
0.54255872230661828	-0.22233861534713256
0.45216386996412261	-0.14219962918859114
0.096956521693234779	0.10069838506794342
-0.37434930757245216	0.38409761542558252
-0.72699628422488438	0.57203900935845864
-0.76016678542698857	0.57869859539812785
-0.43386544116262427	0.41120576119108387
0.074406724469510452	0.16453779900004556
0.4500206190448196	-0.031843858495763253
0.44520783847227752	-0.090380831505856685
0.068621347406791225	-0.011455886704034203
-0.39981634223863027	0.13086731434157739
-0.61562444489891643	0.24822304400277415
-0.44625100728889844	0.29366253208556348
-0.079090505634786618	0.27620609185566003
0.14733073174572464	0.2312868263101262
0.045590945863307406	0.18408554971844429
-0.26079454149259984	0.13680743697487502
-0.47395552592173151	0.086249994812047481
-0.42251888413481958	0.045530931767632905
-0.22595508868460171	0.039127699661222322
-0.15889570471829281	0.075033210582275245
-0.34853869189953429	0.12475710147743431
-0.61710127148292071	0.13697727443242613
-0.6400295109842028	0.081451294309797806
-0.27016724730516939	-0.018056613640150494
0.28843228508985796	-0.093267976831822849
0.63874499905723858	-0.078147647112660465
0.53612114935959487	0.044117660937151894
0.097076161499251842	0.22795424499815631
-0.31580933757322421	0.39321988981656847
-0.40853038843670597	0.47610528799454732
-0.17713897274245405	0.46532305370999
0.1495739071738604	0.40812851877317541
0.34850674646538793	0.37998915838253466
0.37669010026050576	0.43255712877583496
0.33677532699158014	0.5446940876198938
0.31457137254222817	0.61819003783063697
0.27670017782627715	0.53566783486974923
0.13253891642189713	0.25615966595921058
-0.1277145591582397	-0.12383425521417313
-0.37652057908286674	-0.40560772980378784
-0.44196754622934092	-0.41890306704389596
-0.25327099047949153	-0.15456464622988503
0.097696971508586083	0.20845243850158596
0.43270421885056115	0.4218129315277831
0.61747377633169032	0.34538700570156078
0.63074669212012135	0.046152170727267502
0.5323406377752441	-0.2647393861449277
0.38903136011068945	-0.40200005746255002
0.23706807805089972	-0.3411946586223365
0.098128434367659445	-0.21150257564966718
0.0065488748812054416	-0.16950884988162307
-0.0024751627032735639	-0.26718258579395482
0.067569407252328836	-0.427819688306802
0.15488187433103001	-0.52910682342435589
0.17494346291631763	-0.50300622012538032
0.086666951942067513	-0.3674218313312636
-0.070640694890337155	-0.17976445690993711
-0.20539178574417541	0.018315212513739333
-0.2425818960995785	0.2058119733455458
-0.18230749680397068	0.34788485043610923
-0.09776918821655059	0.38428718867030687
-0.078825629800727728	0.27514013469449439
-0.16237695260086973	0.066868791152556284
-0.30256091883612413	-0.10749268759504117
-0.39835798757965601	-0.1185823852184498
-0.36053498369443998	0.042223579141881566
-0.17567835312860838	0.23633254827953643
0.079192228750407892	0.28079903318257204
0.28052047688235887	0.10189994030011461
0.33514673265142275	-0.2006823270023447
0.23890358239833673	-0.44185480622061973
0.074416804793620353	-0.50926686353604578
-0.050370355228443284	-0.44065073222779855
-0.078185523091677464	-0.3551157729639165
-0.037720872020059817	-0.31428114692434794
-0.014622696153371579	-0.26510617005073034
-0.082609533700365195	-0.12109528994140185
-0.24714298287228931	0.10841496448333032
-0.4383378059646289	0.28939552545955738
-0.55391853495755272	0.27597185464662011
-0.52274206774593013	0.062197724863601929
-0.34408095425830176	-0.18818970267413426
-0.084632236555226462	-0.26866909962875135
0.16307966836924279	-0.10330765376757142
0.33133433618984925	0.19341786401451247
0.40385228544823271	0.41773948807004985
0.40296433465277909	0.43802273295301392
0.34919169745861744	0.27870423520569976
0.23385200786778071	0.073779979814401861
0.029505679609303569	-0.045518351444241059
-0.25957309739257783	-0.030856307574807881
-0.55376144942197414	0.070705989595670704
-0.71016787811183113	0.15720678271902935
-0.60664438358776418	0.12857266974063342
-0.24183641253341892	-0.054490996985873598
0.22734370541737872	-0.32994013241859377
0.55613859606285332	-0.55356912513705481
0.55806348367911984	-0.59860900292835695
0.22966089658914446	-0.4710725696369939
-0.23479833923074089	-0.32712836421231167
-0.55425916189691993	-0.34396945394954553
-0.52633248230825946	-0.53756405000267848
-0.14678061138769372	-0.71243048197701198
0.3897289174554121	-0.62409237622719671
0.79905624992286517	-0.22432839348738512
0.867753742312525	0.25186993054337348
0.57286137067139431	0.47220579140564223
0.093250308830352666	0.31251792396861472
-0.30092447593040011	-0.016599900365368642
-0.42056543338707025	-0.15666319204197635
-0.28055486073600872	0.060153629161199373
-0.081658035168161058	0.44708137273501791
-0.049933782822842561	0.63347709614911696
-0.24799855480028798	0.41131243697380521
-0.51452620783017866	-0.07550709558824327
-0.59521285062999274	-0.46796275626698647
-0.361386967682581	-0.51482566910550598
0.072735690314786133	-0.2730859221624195
0.44283127504626618	-0.020069556005234562
0.55949862327312305	0.010107154935316005
0.45973514740283294	-0.19068879124101065
0.3482412778252913	-0.44659633598060922
0.38667209446483658	-0.58531297361733436
0.53790193848018297	-0.57846517556088861
0.61281054969486348	-0.52252466692461141
0.4678006513005214	-0.51560536695626724
0.15292331915994598	-0.56289834992271115
-0.13671929645327652	-0.5819673565088116
-0.24832701786786393	-0.48266662414439149
-0.20987698116753556	-0.23837119469135645
-0.18212107419480339	0.093976982028018768
-0.28584051723062959	0.40364940676952976
-0.4802158207469327	0.57659111347253833
-0.61251621758233077	0.55035796488351985
-0.57304666579277697	0.35142341486174183
-0.3918756454957899	0.093557616528798626
-0.18921223278624469	-0.075112259321895553
-0.045691359661128604	-0.056633801014576921
0.061080747133517951	0.13776616847937831
0.19544029951838199	0.39353729989121877
0.35977114010922823	0.56432249161619064
0.46863552715329876	0.56141775532913729
0.43466680830836524	0.40677985142944389
0.27185933392449957	0.21863173228359961
0.10221088564386341	0.13563114138291255
0.052530091668796797	0.22529464490722156
0.14827980340172592	0.43094953863720586
0.30394729580927854	0.59831163863599934
0.41644176335887984	0.57843981979938097
0.45791154436925641	0.33964848110043583
0.48300694768535007	-0.0018577726533430101
0.54939280266777024	-0.26610998351645959
0.64179657418125691	-0.34731788341666975
0.67266091389440119	-0.28595017924234456
0.55784203812258748	-0.20753240402236026
0.2961609819654622	-0.18997092575372845
-0.01486754302673917	-0.19217063825289302
-0.23147721762937415	-0.11382797881137749
-0.24813463755517159	0.070618517897481303
-0.060299007957670271	0.25247546411928184
0.22540486411184732	0.27266729222321107
0.44161510854053621	0.073965718299540295
0.45534941629476999	-0.22709438537440829
0.25710169453028914	-0.42783958784334908
-0.017578170812856318	-0.4074945772047126
-0.1733933990977107	-0.22363833443963752
-0.099786222256572757	-0.057847441464091869
0.13184300275080116	-0.068652849855157586
0.3115666211692103	-0.27793760567133313
0.25872087779203312	-0.56956478574533531
-0.021332789011409396	-0.77649945609379256
-0.32683134277746206	-0.77819186236818294
-0.41549508326058682	-0.55883174776277711
-0.20358756811545578	-0.21042834112534159
0.16107909024875913	0.1084467863171841
0.41075738673897966	0.25364779636541535
0.36542012911212352	0.18596022628788106
0.068634979033456348	0.0072180146178860132
-0.24510701758270687	-0.1078103791103843
-0.32112595601660182	-0.048762768669840764
-0.063499030799733028	0.13585255434198268
0.39699701063320619	0.28032009102400296
0.78617732787417205	0.25203666934822788
0.86062498754021199	0.068453605208920562
0.56796647210641316	-0.13264425392536405
0.091326388642968645	-0.24083110605277722
-0.25977536015023955	-0.27593920495241769
-0.25740450219363747	-0.33578550070124857
0.075248859113624306	-0.44553671904962827
0.46574629622922453	-0.4865324775041962
0.58470751933794685	-0.30886609703119472
0.29942700806559669	0.073782519117041603
-0.21232424810045253	0.42732436723122919
-0.5927409104798117	0.47215649045568814
-0.58671716985801814	0.14887262156942596
-0.24541717916153419	-0.28924878238800467
0.12152063781813566	-0.47204328905343995
0.20438655010235857	-0.23012202619511374
-0.057825709514075889	0.25861079129155295
-0.44614853980736657	0.62786385909104037
-0.656327892169418	0.63689361594222549
-0.53907500989522628	0.3467532284632891
-0.18740152136208368	0.016937275307361273
0.17422202336891807	-0.15129810313316006
0.36579827276028887	-0.1695363233417605
0.34449059949635691	-0.18720491191209795
0.17602946317208054	-0.29631471550698757
-0.03622125188564141	-0.42914129899425024
-0.18462701249759192	-0.43655076103871798
-0.16445621694472884	-0.25028912591558994
0.085365413086519695	0.040798047328386725
0.50445219474458269	0.26045045282594359
0.8802896450929858	0.27621464299739334
0.95181761467392867	0.07705487983757861
0.60903981570527788	-0.24186958199453565
0.025505854172452668	-0.53800607677067314
-0.42597452702239569	-0.67602040235036731
-0.44501103137497011	-0.57498123793079103
-0.047903493666078406	-0.2559690531256974
0.43106265057982007	0.14352088551133052
0.59836869349960264	0.43540550668458644
0.31097209259699304	0.51078964981899799
-0.21711596550664575	0.42579749929089372
-0.59167731152736014	0.34369201709613978
-0.54094295468487608	0.3737742342499013
-0.10490042081979359	0.46440733273615137
0.42460984277557856	0.46958049685171949
0.73252481970930095	0.32943147639203463
0.6856369681578629	0.164013460880196
0.37996924279022537	0.15570926920895289
0.029638574523563083	0.32893367047284233
-0.18889575173014803	0.47327371363346593
-0.22810976575240574	0.33062218236955276
-0.15759738746193827	-0.11935158639113554
-0.086981140629550424	-0.57484414467874068
-0.083345556076171057	-0.6527376688937091
-0.13126362602652267	-0.2493433452548818
-0.15386258901652697	0.33601404601446577
-0.082835059608522596	0.65120431146223323
0.075230253130127989	0.49415703495336799
0.22475364844078624	0.082546743075680912
0.24787891723425481	-0.16729192013251182
0.10473719148264829	-0.036478200465957247
-0.11674246557473156	0.30424896413696717
-0.25263933407553296	0.47758316556495234
-0.1902321110622604	0.26984333638384062
0.035025741808060715	-0.16833898310871145
0.25595337212362612	-0.46693424880092871
0.29416927482516486	-0.37097022696109189
0.089774985626188714	0.045156474446304024
-0.25850416166876178	0.45648160805269139
-0.56507898070009077	0.56226457205553382
-0.67427387861504529	0.3053802033135698
-0.53694984763979436	-0.12810951725980246
-0.20955890136102154	-0.48226589526776242
0.19150690543960605	-0.60936210809865321
0.53583418604140665	-0.51715978285479047
0.71300283038004464	-0.29984957914953819
0.66516276784614836	-0.044460708338944575
0.42191969109566024	0.20291591315645663
0.10965549670962378	0.41389276521551516
-0.10234981897387911	0.55362372839367491
-0.10462314611400476	0.59291448872955776
0.068886058368203232	0.5396416405168486
0.25204043895868172	0.44408110590277278
0.26588712842845214	0.36152058378216623
0.058820796288459189	0.30294129626855526
-0.24359504801729154	0.23170569697481361
-0.42808748805671892	0.12124062498787755
-0.35514618198967984	0.015980969460481768
-0.062699466470674023	0.018701007892653661
0.27209276605052635	0.19161782796087773
0.47203030842334887	0.45416288716972897
0.47915209521024105	0.60007542353424015
0.36088982678073656	0.4522721923534615
0.21655768241491632	0.03414238836593466
0.087939676921763216	-0.41333970332401498
-0.037047257094589531	-0.61627129116279411
-0.15595982438715611	-0.50238479605339192
-0.20850733945528033	-0.26415696669392863
-0.12729265987213434	-0.17853131115450604
0.068959754901988718	-0.34248415703072449
0.25392808941722822	-0.58026337526809824
0.29155883968002194	-0.61786410761653121
0.16979593290125231	-0.36169404429123514
0.027328534820511948	-0.0069996614229039392
0.02304859753122886	0.13528489588765277
0.16343811870292252	-0.066832102202711269
0.26896093698942453	-0.42936651825776834
0.13919304446895842	-0.60529046176005608
-0.22750909460828955	-0.38445075631400455
-0.5823538358958773	0.12749347238478242
-0.61876479927614447	0.59418889334389513
-0.24990060954647655	0.7092134096792897
0.2881194959430885	0.41076934338088589
0.61800700404822517	-0.10216502110738418
0.53446187986333615	-0.5222737144579348
0.16917265326414299	-0.62710036512954481
-0.13672582874602129	-0.3907872950498909
-0.12995042236291171	0.021287282972386412
0.15402919192206754	0.35372340315958556
0.45002631103491919	0.40511168044813112
0.50256165802768038	0.14617831191523314
0.25990405215728507	-0.2619837394740745
-0.12369738816898071	-0.57714634632233208
-0.43962891718124086	-0.64943560286003643
-0.57140227690328338	-0.52122181776443632
-0.5236438909548421	-0.36947458455580673
-0.36114933134731253	-0.33566406361537621
-0.14893200606062607	-0.40300327707379147
0.05608414896609655	-0.43457182145119672
0.19142736070385136	-0.33076585715872103
0.2042507408767992	-0.14530708278077334
0.09231000413939798	-0.039889215725027967
-0.079973890946227089	-0.11977406502137479
-0.21444864710359449	-0.3170767781952919
-0.2407993639598654	-0.43937266960676719
-0.14802430354773799	-0.33914219239769322
0.027326005762840336	-0.042806054447666657
0.23074375578055184	0.27834139284271991
0.4019094390834323	0.45684313963629891
0.47852283431297132	0.45502626226874987
0.41631261189490931	0.36308709419977708
0.23028572043059789	0.29163209582564614
0.01456188084894355	0.2763260100520063
-0.10484885131418063	0.27011560749441055
-0.059363219000279917	0.2084916454799022
0.10586514876865989	0.071824959136516597
0.26981013936395704	-0.10625469709358266
0.33429980897116413	-0.27070020912436227
0.29318034610762994	-0.37224196132569631
0.20525353831021148	-0.37513255758140213
0.11004982429327964	-0.25835104835324052
-0.014936361683764325	-0.036534681901750528
-0.20444771584151653	0.21697009082564267
-0.42030243636194442	0.37969103953956118
-0.53724354598022894	0.34444950603268221
-0.43211477162967976	0.10262155106344463
-0.10454183028857437	-0.22197585142157497
0.29917846262781844	-0.43848482234037606
0.58817000367911842	-0.42405794865893481
0.67085488931007375	-0.22558547463756076
0.60745266993009928	-0.037484643228206112
0.53318418061317152	-0.049902542160441064
0.53074844100759744	-0.28321455982573757
0.57309425536362013	-0.54929121414319382
0.57552477781801303	-0.59332959825719223
0.49173748589116117	-0.31217334530996621
0.35360991941696052	0.1358250077642591
0.23049000442918649	0.43891828102466096
0.16009522195609829	0.37552598411649041
0.12347017021642549	-0.0094435838001621746
0.078356939998515257	-0.44335071919913488
0.0077790044532520392	-0.64246996633978037
-0.060172680227136892	-0.51577526870701984
-0.068543353283154737	-0.19187236599941604
0.034614756553936525	0.12261330041700085
0.25799157476259393	0.30344522571931853
0.53783805998657697	0.35110488675927815
0.74008662550602822	0.31961567458977158
0.72002620942051121	0.24053529155316666
0.42615283703601048	0.12538202333881085
-0.023223200175439784	0.012150902640672128
-0.38113024998102163	-0.028300944287123618
-0.43145434787971193	0.037997167838151102
-0.15896825629137254	0.14208603259112268
0.22372234561145657	0.14267127300813498
0.43385697701256382	-0.044180233472423322
0.34344383704996201	-0.33766151796186394
0.074683690007560519	-0.52500806514599463
-0.11443563816237799	-0.42676509045451771
-0.055018862009749793	-0.056007793112767004
0.19780045449407985	0.36954005575389415
0.42962360869863309	0.57851761049824624
0.45884884567733025	0.43615850165710579
0.28238229792874431	0.02824780994266219
0.055833015558561176	-0.41185347615615198
-0.044867653702740241	-0.66183707354447308
0.044602805114230933	-0.63269822607625981
0.25283914549829339	-0.39067463820073639
0.44223032859417644	-0.086760767649561754
0.50020855362826677	0.14169279806518809
0.39699214953818523	0.23500091676688725
0.19074385471707461	0.21559171271495384
-0.0059695239172507944	0.14703705807683154
-0.091753279300434462	0.08245906776813812
-0.043614459961002022	0.033995125921923899
0.060515991733232237	-0.016459407031064573
0.10568640082753995	-0.083826940810784317
0.049500547640574835	-0.15804090411230667
-0.020107219004238237	-0.21254106875435116
0.040804883472535303	-0.23135069467547043
0.27671056046184933	-0.22627876788402895
0.5458255523429113	-0.22631559494789319
0.60834039687461938	-0.25253555164797414
0.33321633678045848	-0.3039461359095541
-0.16861882771714426	-0.35790297502162072
-0.61771335976633546	-0.3781145914878814
-0.79176469969934127	-0.3248340938073489
-0.69076969663912047	-0.17331112183823605
-0.49199502552786173	0.051518974170889839
-0.35373177642988196	0.25351254317207539
-0.27502690914691486	0.30026452450287788
-0.14883309005122333	0.1163376493681548
0.068872998700712146	-0.22877244087246565
0.27198251606216306	-0.53311630487294759
0.30772796071582087	-0.60227223249849082
0.15838260187099817	-0.41118944825010634
-0.0069847915847611299	-0.14037301158689969
0.014668290062667712	-0.028714772617940785
0.24545208752344869	-0.16136422220740698
0.47803287764075997	-0.38667132808051458
0.45799653120437189	-0.45438745059341429
0.13148985854720532	-0.25167372549458045
-0.27824931393116392	0.085791988459653745
-0.45045367763782052	0.29800913406584228
-0.23640764110744175	0.24255442440635733
0.21823592600887837	0.01967068623091842
0.6017681838342307	-0.14009186824038047
0.68591038315314223	-0.11222618211148391
0.48451757910905069	-0.00021179426591528411
0.20308974591109846	-0.019308763928351125
0.0549851197939214	-0.25673230810780345
0.10706397498673616	-0.55040403207615285
0.26841460703974795	-0.61666111684294511
0.38989640814233439	-0.31354962686792459
0.37446638214377781	0.20917664194356225
0.21512796551356789	0.6135840508224063
-0.03533293217195229	0.64085825683965403
-0.30777529786038899	0.30704317335112413
-0.53676552905353703	-0.13059176124624866
-0.6590417296784562	-0.38268797409208916
-0.62246139439997139	-0.32336687943411607
-0.41919130967908796	-0.033550003024506732
-0.11585345817856563	0.30008920491710017
0.15539527148904037	0.51248893101543136
0.26109653741811978	0.51723278826898667
0.1460252337692719	0.30080212314405769
-0.12835231318393037	-0.086206173758222329
-0.42353654729745277	-0.52253501151086801
-0.60989413795502123	-0.83060212665934519
-0.63594626430503554	-0.85833467537508745
-0.52899433628714732	-0.58880109617109622
-0.34709390739971169	-0.18368972957419591
-0.13952676950534296	0.10373692120406154
0.045951272530875636	0.10590783247981032
0.13756849987186032	-0.1323645903387172
0.057201131390595954	-0.38545342078805439
-0.20146018786450962	-0.42086766075909077
-0.50788256033824508	-0.17990488385931769
-0.63913096090501531	0.18106722525934674
-0.43904110801057095	0.41762334413225249
0.027297733092930689	0.38612521501561148
0.47617661854814169	0.14695193151701283
0.59883960839461747	-0.095561245926940042
0.30138385623550845	-0.15455976147602943
-0.21339473814454285	0.0046242847132499879
-0.59686897527927196	0.25239847276590505
-0.61458936430943445	0.39871742104564178
-0.29907569460235389	0.32793342953132126
0.11436019276923227	0.068760972731534156
0.39045653163709215	-0.23528247788713416
0.45060445968225721	-0.41911856736436326
0.37105803004541899	-0.38966052289775482
0.26393989623223657	-0.16604401138955099
0.17816153817617897	0.14091173574544905
0.097553544967030573	0.39176256685694155
0.0042227481537278335	0.48742765147693273
-0.076000258300071621	0.41498601694050929
-0.086499374735493753	0.24450319271086193
0.0092749823918557035	0.085421792558603118
0.19317399726357506	0.023417740255791658
0.39332946911002409	0.075466077868529671
0.51114171207967918	0.186677422289072
0.46749516601202973	0.26686656351117116
0.25647665367102707	0.2425094031896802
-0.020660655943427551	0.092829813870699662
-0.18815328346638066	-0.14567969454005156
-0.10812468936820933	-0.40110107664287548
0.19458228518068327	-0.59350612843636863
0.51278921376462383	-0.65719071023121844
0.59578891941802337	-0.55611177840886283
0.35449722594299166	-0.29794622061223247
-0.042086621069711401	0.055422230264279781
-0.28390033232443168	0.39661869238983677
-0.17035935089147089	0.60570533312928043
0.22365644886487132	0.60439332791364708
0.6067817190060717	0.40121513816692261
0.70458112415392526	0.098520656219637251
0.45761498742496798	-0.15450582138939731
0.030097963181868047	-0.24319659387035228
-0.34667621276070137	-0.15611256283574149
-0.5325207253810087	0.0044202842454925612
-0.51132074378892334	0.085456320187992124
-0.32243094569846503	-0.013855863085364567
-0.0096622074053958479	-0.27412904779916536
0.35761019547352696	-0.56602661701000911
0.64459926154857405	-0.73816595156251974
0.69081588133573402	-0.716873865611108
0.43116898513842256	-0.54790131243776075
-0.01089635887953147	-0.35275109868347948
-0.37166842491567825	-0.24230786116388436
-0.42135808213168846	-0.25116984588208641
-0.1330433769637151	-0.331783143014729
0.29391179146777535	-0.39897991911470698
0.57047839948829171	-0.38481323197209882
0.50560991254902399	-0.27103651431925085
0.11537949174875066	-0.095376258919047621
-0.40152677507347728	0.064002031539033638
-0.78426343689709055	0.1191077331618193
-0.84589513191700505	0.016053072909800313
-0.56243427299583726	-0.22192764153093122
-0.08016005718744279	-0.48567020793632087
0.36317926643794807	-0.63199366422177583
0.56701510194325666	-0.57616365663916347
0.47504802023603387	-0.36076805292243935
0.19412528543798668	-0.13661014241558839
-0.089553196040500466	-0.060816920074818613
-0.23379611018997326	-0.18237165973095909
-0.20861329365989434	-0.40801236917478695
-0.073211840204677567	-0.57684699894323455
0.097205160487289	-0.58014940337089649
0.26096292801151477	-0.42851460396402008
0.40023589647001695	-0.22072821292001865
0.49185195128188836	-0.054793152047511395
0.49761498051212055	0.034227549621853315
0.38482738234120434	0.062452281246688168
0.14858867680818838	0.041477077882662729
-0.1796487267065284	-0.047784651068547186
-0.52887253439994519	-0.22368414897600211
-0.78703485279557495	-0.44505371270587379
-0.83094008264355479	-0.60079425912632378
-0.60536015562386924	-0.57075427533649226
-0.20826673044245025	-0.31797507099360478
0.11815497692499233	0.067492878516304103
0.14588162657636644	0.40839210847804691
-0.1340882423062843	0.54067004562098375
-0.45727711640787222	0.40497682079818226
-0.48321412684867515	0.073401146435301032
-0.10477334506383439	-0.29437393322161626
0.41747451545734937	-0.5346173054419
0.65901997686784342	-0.55591119109775533
0.41050088885911473	-0.37749289117873214
-0.12371149682757777	-0.1149533258895418
-0.51287046727289398	0.082042476753449486
-0.50493169296693219	0.11152233574002275
-0.25021227973539883	-0.027390802237496487
-0.11622621438466299	-0.2457717530655732
-0.28483345679544064	-0.43208835535605294
-0.54779644808939554	-0.52697312927813078
-0.52477380319346223	-0.54731755923492365
-0.083889023608809621	-0.54821884590201397
0.47502601371510039	-0.56256340662790705
0.68146516000140778	-0.57264123233283803
0.35247192860855381	-0.53335988971188764
-0.21459415665706882	-0.41478496581332291
-0.51349165501008565	-0.2212400297358007
-0.2995713985675531	0.022505545454937534
0.1945053054021583	0.28783835487811316
0.49982942179361889	0.53775349847831477
0.35850387889577312	0.71069382035957496
-0.05434529471976534	0.73491489786973385
-0.32314144731607142	0.57933850599635661
-0.18559959093862607	0.30231163513732451
0.24772882741215435	0.036109621066004099
0.62296958675276304	-0.10051603027771182
0.66470761165033021	-0.090978206978785725
0.38619506354964228	-0.034549841226663928
0.034693364129490034	-0.06086758737486863
-0.1313144948331692	-0.21870495007809976
-0.021151211393197977	-0.43393849600310186
0.26581204066261077	-0.57343673791107164
0.5421966050510556	-0.55335919064383543
0.65369964030998551	-0.40188045325057603
0.54704744214000078	-0.22859538765260989
0.27952660580031807	-0.13801957467276596
-0.023261964924203873	-0.16072306654618349
-0.24006654908448477	-0.24418782725614363
-0.32867350036428811	-0.29637525526768538
-0.3464303652509883	-0.24521262803143373
-0.39071466417783218	-0.080983101261717302
-0.49844253611485573	0.13110391088883364
-0.59846737416637819	0.27556503928633219
-0.5676098546506555	0.24702667832886593
-0.34771518454558381	0.021235250802183889
-0.018020758881731894	-0.30887367003830141
0.24555258420890677	-0.57243229569216791
0.2898936426388195	-0.62000167426132158
0.089512713042467315	-0.41653778090894444
-0.23840508422048512	-0.058530667273688164
-0.50825352821354819	0.29281254968307074
-0.57394581221336916	0.50625821575270691
-0.40985556435409537	0.53014312690417342
-0.12546856646546223	0.37899960876530853
0.093660756396067482	0.10513820945249722
0.10330170953780138	-0.20487902924311313
-0.094424289096549402	-0.42139879117991608
-0.34033305911980022	-0.40895664216408567
-0.43568552851717673	-0.12071802129334817
-0.3112161412573729	0.31761186097950611
-0.10048448150787301	0.63910778034947002
-0.029513168756843695	0.60564449097111295
-0.20366814667391367	0.20211298546131629
-0.49028018754962854	-0.31935893763081924
-0.62068130497006058	-0.61190753869185333
-0.43447551975892146	-0.49620331556957625
-0.033086668980760299	-0.091704505916054474
0.31270651660498411	0.29992100800255839
0.41721649631709601	0.45468734844713993
0.34423850596344624	0.3971255620609902
0.31577288078726035	0.33049886196628053
0.45724703307945413	0.4066678498118701
0.64908012638457757	0.57076738563613427
0.64814175710815125	0.63341648314160626
0.36095017203352109	0.49129482321926254
-0.01962007749699388	0.25742442600569332
-0.1756587535674925	0.15631651106800071
0.023483542874750386	0.28389916507235674
0.3702409454537392	0.48397026079031485
0.49918450985403579	0.48847718992168576
0.23614923425993242	0.19697224167424701
-0.22618798701747306	-0.18927093824474006
-0.50324642099321804	-0.3347221563861979
-0.3850329691852265	-0.087212615117819942
-0.031788680777314296	0.36441433640507009
0.18782132195623269	0.65799067726035254
0.058125287394423082	0.59588107924816125
-0.28509568323873152	0.31756853591763845
-0.50930248102671338	0.1367871871197143
-0.43243628106349169	0.21096998003785214
-0.20208261893401744	0.37987512692877645
-0.12696615872824019	0.34144665254520173
-0.33667328577612449	-0.01534106565224554
-0.62819828599035454	-0.46729235171111055
-0.66952105294642084	-0.65739768270430043
-0.35443972325862083	-0.44345659163280271
0.059845553058716514	-0.042369207944883594
0.18851600183285211	0.17346448717278146
-0.096943959113780717	0.029777981473187956
-0.52306479213335877	-0.29942890506239017
-0.66210140512642746	-0.483370303503111
-0.33990200294105977	-0.36743982130553188
0.19315903672802909	-0.11079186013585514
0.49545939632317088	-0.0064898143169361804
0.3444172633567788	-0.17125879539386132
-0.067370828211737371	-0.42295532242471567
-0.32613377128418625	-0.45775992509171148
-0.18010382292415034	-0.14884668248497832
0.25353996090922293	0.32032567437992893
0.63244599750386676	0.60183709304455812
0.7114784178878848	0.46519426100482508
0.53495635499396044	-0.028480244884757012
0.3389895139899442	-0.58560746843502209
0.30173337899171843	-0.89124202537544994
0.39313349139195464	-0.79884511117895585
0.44274114680259746	-0.38672648705033641
0.32820531821104909	0.11872694152452917
0.091608481297771452	0.47807060854017697
-0.10806842222279917	0.56109252434257872
-0.13457534754497244	0.40429965921704641
0.023082190403146026	0.17737495864638173
0.25236664961316146	0.063286257594902515
0.39639262627748795	0.12330963070464479
0.34163850551985198	0.25045210829870013
0.079850039738239481	0.26649795932288406
-0.279259830294036	0.092584751510897581
-0.54943043839493144	-0.15953412894220895
-0.56855923013540377	-0.27407351496111726
-0.30757845651009896	-0.12610782265984027
0.095094131505167254	0.19179725851459245
0.41682218048932101	0.43735396737756232
0.50554271061556322	0.42343494783682206
0.38451875798729646	0.17210802232914327
0.21679028376639964	-0.11874196315106697
0.16450582702519173	-0.25198310880938168
0.26426550727873949	-0.18721499626340241
0.42214302955515282	-0.043317575720329141
0.51263154407249201	0.031101928156668027
0.48372479574779415	-0.013656119791243242
0.37602335703807011	-0.11038018211129545
0.26193743530538138	-0.15138436187061083
0.17563639460255423	-0.076244297615771867
0.099889572022013109	0.10219645903409948
0.0032071560485656221	0.31979724332641574
-0.121955148145026	0.4930993354723196
-0.2566396056576663	0.54490563283885707
-0.37894885926397331	0.43302805690299029
-0.47779721648425338	0.18820685311395258
-0.54220561673220591	-0.076547751711723608
-0.5467352049021138	-0.21737177591169651
-0.4557102564567283	-0.15052058791841783
-0.25515999596537842	0.086453768351612045
0.016606485385735975	0.35939284277264627
0.27086626917966783	0.5312858943405766
0.41650680951218766	0.54260241013714772
0.41899397836815611	0.42554224228753634
0.32323051515095647	0.2557422685641359
0.21715930362117652	0.10226925556225282
0.16033756778842398	0.0094892235015123626
0.14208435292295052	-0.0021670756314182567
0.10720407922798729	0.052600844919491567
0.024707630770338371	0.11242944660814468
-0.070455909364992325	0.092533094280828718
-0.11299724630395878	-0.050306513464248262
-0.082233926892065393	-0.26354921827295791
-0.033543292597478215	-0.42179445545264677
-0.040932139274878133	-0.4279697630193407
-0.10074454687087779	-0.30642394791503552
-0.11033864476650246	-0.19219292023592308
0.03719881352485685	-0.21194595929596641
0.32209137782762431	-0.35922396842538096
0.57404154066145641	-0.48534164696551568
0.60162001397215958	-0.42169971496917358
0.36904610264892407	-0.12684910806343061
0.047515547868157849	0.27184640582073227
-0.12084356393112006	0.57632739787628529
-0.024900064760326829	0.6629358287898095
0.23069097330545604	0.5575954896122074
0.43342380081039744	0.38510421670054668
0.45229162870443657	0.25428550666056976
0.33129949709794504	0.1784814647124619
0.21433084296604785	0.089084377630811742
0.19627574525327213	-0.082032545215520974
0.24456811673546161	-0.32980599077594647
0.25090334244729912	-0.5652943212774334
0.14239506987657291	-0.67526658806595075
-0.053855024779711012	-0.60328472969765257
-0.23525854666238161	-0.39149025496662115
-0.29463901773005141	-0.15163510867342203
-0.18274797923406952	0.01192891198527192
0.059737803398409131	0.070815353002904757
0.30710745868671413	0.080546327693414618
0.40511504463317866	0.12668097565508865
0.27437764847801244	0.25225907284309668
-0.0024659112423077991	0.42152309599509796
-0.20376836544130067	0.54478405691498177
-0.12849782583604627	0.53814861942837156
0.21436736799794734	0.37221592231646689
0.56806103607349068	0.088511478304434912
0.61657926952472086	-0.21078949592391535
0.25916951607058297	-0.39663947375693159
-0.27954525125059515	-0.36763513916755558
-0.62191214789478477	-0.11790619776072157
-0.55297566029313927	0.22674574147590415
-0.18962306151514963	0.46283215594232929
0.14405790447334316	0.44747324761614543
0.21187324483454351	0.2239765732034093
0.045947622089877828	0.0097289951742773224
-0.1396341100829048	0.019910782246036651
-0.18984324077642414	0.26307917706954992
-0.15152848111220144	0.50494491245409734
-0.1880051403294016	0.4683457656255261
-0.37181468129741418	0.10397853331715814
-0.58037676120608739	-0.32936752389708263
-0.59675565942856734	-0.47769282475696734
-0.31164656879626479	-0.22423506700127629
0.16688857397090867	0.17928545824745931
0.58268127430580907	0.3270778415372716
0.71034580778904199	0.041803784172297798
0.49533570386304643	-0.43652226262333998
0.070180238354363308	-0.65330731073875914
-0.3350610612690117	-0.36018958909029891
-0.51706959487990789	0.24032230970095675
-0.40324609387285354	0.65984231909304314
-0.091625724620997356	0.55518592350324614
0.1978890059011304	0.023173764900214413
0.25645358483031883	-0.50612416107904346
0.029979300592629907	-0.66198880068884891
-0.33203531570839456	-0.43623352736417587
-0.58526439315982126	-0.12658157160917397
-0.58129762190265588	-0.01209087355530958
-0.38500128591508076	-0.10226611271768545
-0.2055039691834431	-0.1961405069483512
-0.20319885984128047	-0.15446347578571173
-0.34413439326125511	-0.064679741062619034
-0.43506537534526785	-0.12004359373209436
-0.30412670271212616	-0.34986548822250957
0.044526444227349915	-0.52225729184495362
0.4340582883124488	-0.35934723514846673
0.65681900612580779	0.14172790078241584
0.61769390725287199	0.62729767653553903
0.36697811863788321	0.67716184789926481
0.027601226962363393	0.20649226325872894
-0.2928057188282171	-0.41608908982894405
-0.53287563833124707	-0.67387613926434353
-0.6621726682821627	-0.35914277959909441
-0.66984793271411347	0.25173125236431898
-0.5752366113093772	0.66792543652251346
-0.43358925679683513	0.63339369900725584
-0.30854605525332829	0.3276244509476321
-0.2306686361034834	0.13849154920412177
-0.18294448148508732	0.2551793096923794
-0.13394117052641794	0.48862003167472018
-0.079289260928389449	0.48673959171216397
-0.046432384432282134	0.11209462987908972
-0.056610602290542759	-0.39608908117406161
-0.088722959349279137	-0.63071564288320248
-0.090244111341153593	-0.38553892588081989
-0.024101120447069847	0.16293487610045779
0.096151009572751522	0.61265064211297993
0.21418748023435072	0.6654173653322808
0.26762143252673765	0.33503266475398996
0.21645085872558317	-0.11411720519610016
0.046672514927015761	-0.39815549031458397
-0.22483585683560922	-0.4049607285453154
-0.5307576481927867	-0.2257467814764498
-0.74479308546452228	-0.053241565117653676
-0.72815259149933187	-0.046111820720242509
-0.42873549085554435	-0.23213981831930361
0.043959517313838958	-0.48745691434287625
0.45441959152160072	-0.6029181992405559
0.58949355449784524	-0.42470921711849485
0.41516800948343718	0.0084349303573581867
0.10223887918576484	0.44898798622203401
-0.11054941222596963	0.60054019217270416
-0.10590765925570976	0.35283592465458513
0.031502072450486203	-0.11162906261298135
0.10855429325097203	-0.45423588247073154
0.0018709674879535307	-0.46278516624830385
-0.23541461091904475	-0.2225502430857505
-0.42422691563516474	-0.014810977592893808
-0.41300133841565534	-0.03850369745931765
-0.19436225375147445	-0.2219207545217898
0.10126259032570141	-0.30903574461192967
0.31059065179702017	-0.1294918194137816
0.34488905364342159	0.22194863355052952
0.22226132182418917	0.47008999268524487
0.02893653580874234	0.41996652855566752
-0.14201950871243688	0.13312320061046978
-0.22718271877049162	-0.14983684601364822
-0.2035533616651182	-0.24682428360361977
-0.086871799627915566	-0.19310888181733729
0.072766624368739902	-0.17212006125036367
0.20842548260779314	-0.30523196644778516
0.26749663947324115	-0.51937094028370989
0.24156659023318933	-0.62093667475116499
0.16684287426022146	-0.48565598044776387
0.099522055742938209	-0.17403702386847883
0.080653589111753715	0.1382614848779618
0.11782653714075773	0.32785256847528271
0.18477254574763616	0.41554177721198082
0.23602102013419521	0.50236382526977763
0.22350330128352927	0.6277385073700944
0.11667175166360792	0.70616478186347986
-0.076305355785838191	0.61171676083865012
-0.3027252304362214	0.32063257620646185
-0.48463572185409082	-0.039710185768171667
-0.559747965793714	-0.29230782025309493
-0.51552571682725601	-0.36366731982165612
-0.39016556048154405	-0.33603519358505346
-0.24138820915562714	-0.3445586218203493
-0.10969440523649934	-0.42014520221781204
-0.0042312751986481609	-0.44847621756617839
0.087918139658027514	-0.29473804297480871
0.1837365226115131	0.022642277898927789
0.28836365524024576	0.29710235203448226
0.38261355743816533	0.29648568319920415
0.41742854725679479	-0.016821276746636398
0.33186311107715449	-0.42253104947678255
0.1041681547657083	-0.61640815353223521
-0.19727918894220769	-0.47793993404718116
-0.42265770659752977	-0.17780180399108583
-0.43179657193118876	-0.021651354956684341
-0.21098164665588801	-0.16562737370006991
0.09375030624846678	-0.4681131935383761
0.28007425182802759	-0.61370905613915627
0.25495165083230159	-0.39361890583469517
0.11121375375432055	0.11292250921156996
0.033453043313004568	0.60937806505714232
0.11462692599415462	0.8208754266438284
0.26254569572558517	0.68662011886600971
0.28843444962682002	0.35365904286819044
0.095391192217012713	0.019028471455513229
-0.21872531404036796	-0.21546688192913654
-0.44768256622990166	-0.36199670354294938
-0.46434673935678539	-0.46869200164483782
-0.32420184029242299	-0.54958636044213538
-0.19306459626306782	-0.58511212991579375
-0.17882433257725391	-0.56228721513838897
-0.24523710852982722	-0.4907228127633147
-0.27955637694657542	-0.38119369889837901
-0.23258738549794811	-0.22506467838318467
-0.17346956378563236	-0.012124791573946083
-0.20661722707826394	0.23064910162185659
-0.34325839797447422	0.42942205932724631
-0.46513296798862042	0.49907883780419265
-0.4222664283634191	0.39976847563431378
-0.17022039740452105	0.16105197744205682
0.1750111773417328	-0.13480469314768243
0.41320880795025972	-0.39442100595019391
0.39811338098013171	-0.54400683695786167
0.13098088534082086	-0.54564302247760521
-0.24592770129622135	-0.40576935045162754
-0.53536111344539694	-0.17554245919333669
-0.59250897197134422	0.065536958292244193
-0.39744385412794586	0.24690338790962149
-0.057814306446955691	0.34375445940382265
0.25414611191898473	0.37957503562096917
0.40039958307586487	0.39240878478476304
0.35392248813925903	0.39299994628295976
0.20253511274821348	0.35520005367336099
0.078322864157065311	0.24243398613710532
0.063053479304877647	0.048234222052051828
0.14307840837480826	-0.18848187026473184
0.23704341631844977	-0.3983800983498379
0.26456447440182013	-0.51654298379966301
0.20142136470038188	-0.51209684008462808
0.087706560393221861	-0.40241333607655194
-0.0034600361164266328	-0.24691792110966171
-0.012464313559398699	-0.12042527928929836
0.064796772580003006	-0.072489591109142826
0.16718615765702563	-0.095145668278041967
0.1995459247682298	-0.1251383680129517
0.1016762643769937	-0.089684456628711703
-0.090130903476749874	0.031126574476570128
-0.25287577951852847	0.17799260721333146
-0.26732135729149015	0.25037574049158345
-0.12394000557304453	0.18003651161380371
0.054642686111014617	-0.016409270128999533
0.11201199597708257	-0.24995940154596918
-0.0026968289757358099	-0.41842915088901084
-0.18584772530687654	-0.46410764087064793
-0.2725800134332898	-0.38980827043485639
-0.18852822851131881	-0.23863994062555918
-0.01197576263878862	-0.066783274884583216
0.1110758678375926	0.073957169757569982
0.11032839174766151	0.14615590326156466
0.051714358467606643	0.13984760450554121
0.054163955668612915	0.081454756594085909
0.15631314361300863	0.025605957701949969
0.26870883242247906	0.022042926077557916
0.25608337717235863	0.082569040076158534
0.068842912645718776	0.17319007723372568
-0.20462807527887827	0.23831257592038271
-0.40445367774373508	0.23208427640830256
-0.42174840499049493	0.13872506488132366
-0.27397248846315031	-0.027657200359029663
-0.087023527501603692	-0.22854254272951574
-0.010337515804594575	-0.41262383328836072
-0.12364477966291934	-0.53233164712981407
-0.37769868719819977	-0.57100747839468546
-0.60170741241815884	-0.55575430634233436
-0.59532585494043089	-0.53806095213689309
-0.2734636865325249	-0.5443379683887567
0.23159805025405383	-0.54088918914187267
0.61482980027610701	-0.45574243061164749
0.60450669295527815	-0.25112148584511507
0.18778796963416147	0.017642001500625479
-0.34561510529080364	0.22103582798238192
-0.61471009595570647	0.24709735784257428
-0.45962142872525874	0.093053275394602619
-0.079203730590047997	-0.12323488429222179
0.1440113751990465	-0.24134190799662031
-0.010138676680850016	-0.16368155155487391
-0.39523723456482956	0.087185195694961429
-0.62675461660764731	0.39274815033653088
-0.42985023957320001	0.61528172991797037
0.1122654161685505	0.67195202960350064
0.62824987610457861	0.57368780325425006
0.77084251600531062	0.41700994048159001
0.48524112525225499	0.32719168667579746
0.010609649059870189	0.37229574114497843
-0.34714022960416152	0.50055687619593403
-0.44322084109204979	0.56349586289619447
-0.33355904223297272	0.43556052897570291
-0.14907979227234325	0.14423360134515051
0.029096453865926925	-0.11596373507227471
0.18022438263096419	-0.12745817587804756
0.27768100649757271	0.14721946462739571
0.26740351648135074	0.49708268883185747
0.1308748428724181	0.61547098582476489
-0.045004415682043476	0.36171756880451689
-0.10544313544374523	-0.10606140913718032
0.037730052197442333	-0.46383699874694684
0.3031204407668826	-0.50486853780315477
0.485883572033598	-0.31459942426353921
0.4304793368442596	-0.16886873588400056
0.17480250601645636	-0.25568303386913921
-0.071855440203611468	-0.49587547663274273
-0.10091937520589259	-0.63039350285711671
0.12029930455109798	-0.48299801022030836
0.42288339356728422	-0.1354188556771585
0.56841185449324638	0.15059573001712698
0.42243724608599753	0.17483817889498943
0.037712515797283984	-0.038987676278031576
-0.39825822334748096	-0.30450426348137066
-0.68741950931799156	-0.46389423425597159
-0.73119979445581729	-0.50494381787605302
-0.56868606973350566	-0.50209073010717487
-0.33978501554796253	-0.47910147344251469
-0.199372580470909	-0.37072604808290072
-0.21963905442478063	-0.1231290908186892
-0.33754997432714123	0.18721675323788911
-0.39631808668780166	0.36780780577681182
-0.26644774005098198	0.26691966991841165
0.035467037956275774	-0.077063462953995632
0.3361027724520983	-0.43999782842372215
0.43153720441569299	-0.56885437570469854
0.25654996593561513	-0.35716087560225196
-0.054666242363499963	0.094778648366745946
-0.27541414783101131	0.55245998956395304
-0.26928976646694758	0.7829468438789432
-0.085145773689714141	0.66884425968305961
0.11676295564167224	0.26009298805743092
0.22772750870441746	-0.24321206092720196
0.27679897224857203	-0.5836125956596
0.36351858829372391	-0.59122912381272552
0.51715462630252695	-0.29971075871671488
0.63863435142253167	0.070857809258429938
0.58911569790080609	0.28041453974693986
0.34127056335892214	0.26063059818716777
0.038545405980062737	0.16166609530286963
-0.10458549423971579	0.19474947626613703
0.021814910739605738	0.41176915008711701
0.32601043895420623	0.63224263259431135
0.57502879060578782	0.60034150775060624
0.55968286827464919	0.23280154141179421
0.23679977049110315	-0.27597544958223963
-0.2472957119302544	-0.59277367926416991
-0.64783252210134235	-0.5041395185074713
-0.76595462306407458	-0.073910283764787768
-0.55885612144613006	0.42020057581591336
-0.16607438864902335	0.68874647399070033
0.16948874317111187	0.60254474867963159
0.24833178049609481	0.23425339474843135
0.046095562150204855	-0.21440213737049013
-0.26131207184332322	-0.52684681390725752
-0.41467428023842984	-0.57252921015577263
-0.25697136736766213	-0.36908190430281163
0.15090714464293556	-0.073326054780364178
0.5785908624185695	0.11539392764798205
0.7997674178528984	0.098972018488989247
0.74777715686541746	-0.043274502522602218
0.53506693312774667	-0.13581543330698093
0.33771172104133146	-0.085110305061418076
0.25506362480488642	0.017456137655017211
0.26168745246536163	-0.0056683236797972422
0.26582855217280138	-0.20321232723321644
0.19942328084565383	-0.39571080453898605
0.059892329322295525	-0.3273573688729714
-0.11094158244105003	0.0572363970723841
-0.2678857763069577	0.50434158226093706
-0.38291726689104877	0.65553944141312392
-0.44349816835832956	0.39322441623632359
-0.44795433178816402	-0.02155210701338247
-0.40893043361416892	-0.18093220476543317
-0.35111036261094047	0.076809328649746197
-0.29353208431134697	0.50008009507300122
-0.23382494903844095	0.65785464817871753
-0.15359747904130086	0.3549344207004867
-0.043420721533655386	-0.17587050318285141
0.078419093906235138	-0.49222840346910574
0.17556766647664454	-0.35680790930334477
0.22475544992345833	0.051573901890608585
0.23827380420810329	0.32244223355201751
0.25415261698806313	0.20230474003926222
0.30678061944185625	-0.18432864107383165
0.39960370673119916	-0.46870032215627067
0.50168845092899095	-0.37929401380004346
0.56702563829228525	0.031852409816141257
0.56002114017123095	0.45423346478300858
0.47619254923225995	0.58208800094363033
0.34916346041655755	0.33589612155290122
0.23162381596541537	-0.12005213267180107
0.16087129566403935	-0.52278027875867539
0.12964397026040875	-0.67601662450883482
0.095171127705734646	-0.53186717860035626
0.02553901581615391	-0.17591802273909504
-0.060084803313704235	0.23460131104501175
-0.1046334477204266	0.54491371215787088
-0.078516424577045746	0.67141101630450095
-0.027785211722779358	0.64027403151286266
-0.044635021853329328	0.56029453015302
-0.17404837497050746	0.53374659266690583
-0.35045866587582841	0.56753713931341232
-0.44297064359286747	0.56417306122722699
-0.37509600080422323	0.41136199351226743
-0.19629257445469733	0.097042110031615503
-0.027308431769482937	-0.25124832566153976
0.071963870048991005	-0.44575215575468208
0.16232535419634603	-0.37053131060395439
0.34043750761283126	-0.063881224595623398
0.58931181420446754	0.30618921828972029
0.74119492779193352	0.54547907352087743
0.61926865034295286	0.53953848967034834
0.23359007735376702	0.29903626139872563
-0.17167741999399025	-0.061197731054246772
-0.30021566866171923	-0.37875069147970947
-0.058371956103843832	-0.51293361898514889
0.35475502331589803	-0.40290569358570655
0.61601234785013914	-0.1001732788432125
0.55239268832525723	0.25361198686085162
0.269759579564334	0.50335512830137685
0.027327584648108427	0.57798377585959049
-0.010888730986155294	0.53210127599974155
0.089561962065204739	0.49196782489264529
0.12431783873002775	0.53914515368617077
-0.0402096532294519	0.6296388770722936
-0.34368893883878138	0.62456576056890323
-0.59376481937364833	0.41565890423179574
-0.63616544396845265	0.043223354262639506
-0.46873607212961838	-0.30331269808344724
-0.21284110711227527	-0.4126504845071241
0.0033033594830769418	-0.2071152345313631
0.13541937709878155	0.19663271638512236
0.22212706620946618	0.5682923038459039
0.31926920490161936	0.71950129675143093
0.44416757341554175	0.619580842614192
0.56683139453406695	0.39358326200801036
0.6393196931736691	0.22316645114375294
0.63286532786536853	0.22776511410587078
0.55646365589641011	0.39738613889979091
0.45597094439482266	0.60786532989437436
0.39118864890144528	0.69825633368613549
0.39542985544326842	0.56697330736073992
0.44488731181100566	0.23710933748103122
0.46891071368238085	-0.14922531688076343
0.4041856321704162	-0.41607748538188782
0.25711553433612505	-0.46846944761297227
0.11259104557987878	-0.35328976528402772
0.073814282659296959	-0.21298583017835285
0.17338476973796912	-0.16497584381315472
0.33149972691565854	-0.21406669650236651
0.4021299655242716	-0.27361352358088986
0.2769557751070385	-0.27018595834094572
-0.033872585714674719	-0.22074128327323969
-0.39781095694795093	-0.19796452366715939
-0.63716407678249587	-0.22753305630303186
-0.63457002097039306	-0.2362680355758611
-0.40516197693164119	-0.1257210076013453
-0.093221354581110666	0.099896839729010783
0.11052767412114017	0.29489954591576961
0.092519904675767678	0.2884340835709911
-0.10051626115112514	0.057049419791087491
-0.28220052417120267	-0.21825607964156682
-0.25851480192861653	-0.28963660326548685
0.017018491938167457	-0.059264160710628538
0.38452459146095347	0.32738591072911244
0.5831504460161675	0.60737110023381624
0.44452009657960478	0.6287191219250029
0.026503923680203711	0.47160563621978618
-0.42812363042684126	0.35197544253477858
-0.67137582924476613	0.4066491963466059
-0.61671420683892153	0.56152210326912388
-0.3658955058854384	0.60114957307426764
-0.092230960665272449	0.36478236154833987
0.097290951614694227	-0.10683238734794195
0.20571985396417131	-0.59717267200062552
0.28543197948425469	-0.87223541480672118
0.3644535584501965	-0.82776178556000235
0.4306627347457368	-0.5225077942850076
0.47205202354903358	-0.10482474343244044
0.50060628128806228	0.27905637980484727
0.5292263866675484	0.52581806931794484
0.53214755081216869	0.57552888075529007
0.45219866331870395	0.41616677354170284
0.26224418914910319	0.10919724720896007
0.014742647417773437	-0.20315206136331679
-0.18345212340289679	-0.35623395936371721
-0.25549134680618985	-0.26726419325033074
-0.22222914387132145	-0.0075186712600234344
-0.18373987018329485	0.23086679992078171
-0.23048438867654081	0.26714079045302536
-0.36665279709592957	0.067039591275292409
-0.50908892260204575	-0.23195138979063165
-0.55826217919222654	-0.42772324033931775
-0.47180089143274845	-0.40984557173094477
-0.28625213703194258	-0.23270251336327394
-0.0875074837833206	-0.048809247172736762
0.038663146161954702	0.03272736080432341
0.044159453680717976	0.030236017736152653
-0.06421594687147697	0.046326523407972123
-0.22703336804177668	0.14233148881715893
-0.36281747223446054	0.26157984901032427
-0.42089485659526849	0.27507034184573131
-0.42187032778227013	0.10897509750521928
-0.44124475165088162	-0.17746766548133081
-0.53025452595428746	-0.43707496185875039
-0.6422119476140159	-0.56089013549221334
-0.64430779535766114	-0.55845016697216354
-0.4302231770982175	-0.51740544137106315
-0.04336025223279704	-0.48995292580650274
0.31612101274710586	-0.43539375504010824
0.43214946097191625	-0.28142231131606382
0.24966370817091738	-0.041666391674686179
-0.06937033262998718	0.14613268805873192
-0.2732688319809829	0.12248733261712913
-0.22766984391948761	-0.13553705722837317
-0.023019184203168383	-0.45850947003286718
0.11238514780431794	-0.60038853792700564
0.01289889533589051	-0.43406941325443071
-0.28714723109382512	-0.058226868620702747
-0.5879091671001756	0.28022829316139597
-0.68742395743702078	0.37453897627736898
-0.52731355347756792	0.19597591417770607
-0.21274250418485904	-0.11918608382818893
0.083442674659210708	-0.39645491000215705
0.23658150309762815	-0.53547688984492159
0.21710815174169423	-0.52175486379650649
0.065234094847333557	-0.37358794225072878
-0.15479430677829101	-0.11260302515548241
-0.38031988937822347	0.20665881686375487
-0.5531506203201062	0.46307000589111641
-0.62456911542522731	0.5062049761252172
-0.57331116447120645	0.26697808333448747
-0.4224944771563453	-0.15281816048859109
-0.23206533381071329	-0.51195731792832033
-0.066467533548798099	-0.58017752458358907
0.036805226453329051	-0.3002930897949167
0.075196746889410013	0.17171435367151106
0.066338656350995853	0.57341810180325314
0.028722337825618248	0.70774417799979961
-0.022675344684277444	0.54940345580245165
-0.063732966498424942	0.2315003773655066
-0.055127687998734957	-0.055438550503373492
0.040812347511042082	-0.17033665346109572
0.21817402098437605	-0.080466896783011971
0.39555146404396874	0.13795081359142702
0.44251719670349365	0.34419567702432052
0.26750478964172486	0.40765692035175138
-0.088930870636654072	0.27744494690572796
-0.44572955452504481	0.012584716296075778
-0.59561801453563845	-0.25656006174406848
-0.46713396650802308	-0.41658261511377853
-0.19712662310160733	-0.43827579451716969
-0.031201953268733561	-0.37287925902083979
-0.12008249762061131	-0.28604818626334694
-0.39085013685396935	-0.20160127739996175
-0.61760285951932203	-0.11311631901641186
-0.63288040488077413	-0.040995986588407314
-0.47511971344157888	-0.05298572517536116
-0.32840141675403189	-0.19929401764074367
-0.31906995281008882	-0.42352938783063632
-0.37793467943556552	-0.55774916103061811
-0.3184068982969368	-0.44420295486941452
-0.05271036069562865	-0.091742033736733578
0.29074360932430654	0.29103976833872652
0.48420840564783141	0.44848477044716967
0.43725107534013247	0.29625341212909789
0.30027144838059527	0.0065452787921248725
0.30963228203946125	-0.13307285952239276
0.52312129096990412	0.029262618686991357
0.72935188899645365	0.37384984942872124
0.64619802192387865	0.6141299007432286
0.22133239947474445	0.54717498485095184
-0.27635089797588808	0.21953667073041697
-0.48236743169087332	-0.13755194404977419
-0.27325681758783193	-0.32645144547693528
0.1164942806543656	-0.34414079472664849
0.31477121974895211	-0.34001971857923602
0.15865096771291462	-0.43212592051829535
-0.16317460235720949	-0.576298381279293
-0.30308064276057467	-0.61584287708711161
-0.084817950927511779	-0.45020982069733301
0.33420078985029966	-0.14281600610650813
0.6074241451619351	0.13563283435013376
0.49760249482467517	0.26121199743367124
0.058487390063245985	0.24711567859252453
-0.43199640117637472	0.18653675020147073
-0.6956641525934365	0.12674077400889205
-0.63998971542563443	0.020411136486478503
-0.38172911817207805	-0.19130412276379966
-0.13770362912138778	-0.46450519789271211
-0.079440656692606706	-0.64574659627528641
-0.23990416165977058	-0.60014097143546163
-0.501174281798619	-0.35362203939957576
-0.66343654647420125	-0.10003704630110367
-0.57151449414569888	-0.045372370684228357
-0.22980401618854204	-0.22993190701708008
0.18106431914842847	-0.48816913702405168
0.42431224920853244	-0.58319714646033638
0.38863269026638125	-0.39338627004731314
0.18220046044161448	0.0058465804397277357
0.044135500511803177	0.41389847809223473
0.13640593421797423	0.65531286704406966
0.39811200195365287	0.67877264764888845
0.59998440237912598	0.55307521714894259
0.54674068663029429	0.39201089433829717
0.24267204750251742	0.27868937554219592
-0.12520213790976556	0.2330779638245182
-0.35942330296478825	0.21972663152889826
-0.40489397153685486	0.18345297156861942
-0.35242789581648976	0.096590607232536319
-0.31266269277687048	-0.0055343811699433585
-0.30811044727865894	-0.039939895827749664
-0.28372491098422015	0.052796831530895122
-0.2004425080577002	0.23017685054792747
-0.095272350231137476	0.34948447797618104
-0.038587005666725627	0.27507857076563275
-0.044133901029275502	0.015545089463459442
-0.042290598470255507	-0.24557441304563365
0.04407300896281343	-0.28228093875711796
0.20175239570410511	-0.02369985218012037
0.31626383737634123	0.36502167475643521
0.26807813470068054	0.60702387819571568
0.045825374610654175	0.54413752924157577
-0.23399448036399442	0.26759318185732761
-0.41979648561308941	0.026238485982786861
-0.44014907680085402	0.00010583991562709182
-0.34121307713672855	0.15256284036027035
-0.22617167328268628	0.29556476553353817
-0.16057144119540728	0.29448750396567497
-0.13243395891896406	0.20023062739217165
-0.084003707549812109	0.18090088815376457
0.029711268977938982	0.32881746641069859
0.20508847975126729	0.54440116286455531
0.39422974612070733	0.61832279191932871
0.52711466139838681	0.4361782372747729
0.54149300484394958	0.10243417193278755
0.41179928154519946	-0.14240411578532952
0.17301936459100897	-0.13285909012441793
-0.083606083051372113	0.08254427903348939
-0.26072028753928367	0.30506193784696434
-0.32452310038781462	0.3822876343056491
-0.32980986271973056	0.34095593065623381
-0.36859304784081126	0.32886806074436481
-0.47636719113655057	0.43654586890511382
-0.58727980350990139	0.59091685396695393
-0.59531965408353993	0.63249210032787695
-0.46705575236530467	0.49287939088140248
-0.29023966888023334	0.27851975364169784
-0.19547328651999155	0.15938009333427108
-0.21882403041903908	0.17759845007536579
-0.24883359984174055	0.18593749870486229
-0.12854686834572043	0.0060532577918706414
0.17379050733268417	-0.34467981868112363
0.49842757483661132	-0.60465868494459052
0.61093027485249829	-0.49006111931800411
0.41027894703891105	0.0032007347170358398
0.025649262679848305	0.52832642882821723
-0.29417070266571615	0.65442717338987622
-0.39944976823275247	0.25553940601224356
-0.3544733945384963	-0.34943233791305489
-0.34325916210823754	-0.6578067312789444
-0.46332628527331454	-0.42426339835461629
-0.61763335743615555	0.12355687134399194
-0.61185922269269755	0.49893478377072104
-0.35729878699464801	0.3930036576287651
0.022386467310002548	-0.071761506740494863
0.28921286092527121	-0.4965537525956748
0.29471535776146418	-0.59495900670891311
0.09450786490407688	-0.4335174477435853
-0.12436833034034551	-0.30632200327717085
-0.22071578646043516	-0.4025690913094806
-0.20709559316653001	-0.6093712476491121
-0.20179193387049751	-0.64133607155145689
-0.29138776296457142	-0.3450019478514989
-0.45156343265656429	0.13245615177439973
-0.58681698193203824	0.470248609050746
-0.62967593687082457	0.45928582233412757
-0.59343538400087092	0.16992315334770847
-0.5384390306761434	-0.1372193367885623
-0.50208112846311304	-0.24096879305449373
-0.47017955759655439	-0.11194130398153367
-0.40822385499112185	0.12140354373580889
-0.30568952153739326	0.31327140580127683
-0.18513081490441496	0.39608112083308339
-0.079046937475494419	0.37340888257494187
-0.0043695724703221236	0.26838406283091781
0.044289871987110013	0.10556089044349275
0.087264755893620358	-0.070278140402663086
0.15025932144151458	-0.18900657984888089
0.25254428737738216	-0.19213993558204265
0.38406685613792541	-0.075525526541536506
0.48446091404624564	0.10709855069911643
0.46110114349891873	0.28062325528615917
0.25853138892502803	0.38362640719839969
-0.069191905597956835	0.37242837717936872
-0.35628416857976641	0.22073178582173236
-0.4212069324726575	-0.057587542145504308
-0.19749115448854129	-0.37624191231760151
0.2073306798486699	-0.59072168888001231
0.58246397600971567	-0.58349763518268138
0.75790237642223812	-0.36077497806921383
0.70815575135566422	-0.068492470177974704
0.53327623803145652	0.10536640418760936
0.35409730997560618	0.070076518915999642
0.21928810983710395	-0.1057817084856056
0.10351402961967363	-0.26140973736043849
-0.028763299904418452	-0.27212470690290957
-0.1662667092823088	-0.12708146708930451
-0.26119173500667842	0.09585163442373161
-0.28232299195548849	0.30873017797737407
-0.2504286806637398	0.46480847795016189
-0.21893573933917479	0.5495320978576973
-0.22248564980545008	0.54962640126213191
-0.24832796904709539	0.44615336514453247
-0.2572960318167819	0.23930197160682662
-0.22428374549993488	-0.025774464680249427
-0.15443451703236605	-0.26556766545988497
-0.06313776521715575	-0.39051598367056511
0.052327500539667567	-0.34065471860559204
0.20581724512952143	-0.1126888698022929
0.38324432121925761	0.22417068655607678
0.51161774408777716	0.53684679081528286
0.4869787789112402	0.67950754190253349
0.25363212897498111	0.57840987839512192
-0.12333321326678619	0.29661030260572202
-0.46489921377620058	0.010798485955508079
-0.57252696882843845	-0.10398328564898239
-0.35666288921129241	-0.0059692469359527494
0.097060719954330285	0.17964369698679661
0.57281279692476306	0.26466547282976527
0.85028164056656685	0.1543143359102882
0.82472681628298783	-0.078408633898748595
0.54314298600295541	-0.26366678516752373
0.15263112798202119	-0.28468476091863421
-0.18999901729456189	-0.17055178474921689
-0.38391222770270111	-0.058444724696261149
-0.40250166715177277	-0.070275244118059049
-0.28014353116123336	-0.21943875129758791
-0.093021202983571	-0.41487010726991835
0.067339534937394266	-0.54139221082490463
0.1308610915875211	-0.53248370483904195
0.089744470581167093	-0.38883934483918681
0.0088019522221501108	-0.15032217192208136
-0.015911032466348961	0.13011833825959379
0.074758152853392212	0.39618056202866203
0.25917350316438376	0.58745446684629565
0.45079265837892035	0.64936480153469212
0.5557950315775495	0.55192537159352173
0.52300623070900731	0.30470207512886011
0.35516548179727542	-0.039576503754677549
0.091774692263763197	-0.38370224319855084
-0.20466123614167278	-0.59890323749569208
-0.45385568169897056	-0.56806937187759932
-0.58136424960243782	-0.26291516704476403
-0.56332419191640248	0.19336046961165379
-0.45611051860619134	0.55415732098228931
-0.36315084720202584	0.59029455484483051
-0.35330099467564813	0.25847936044206188
-0.40628409347677502	-0.24246441000947408
-0.44653911807151331	-0.59881681767034101
-0.43876440205141892	-0.61115623985971457
-0.43355521194786883	-0.33831912125129832
-0.49845461080742925	-0.03069975902079581
-0.59941565143495446	0.088607039051024072
-0.58080920918128442	-0.00058810092545762865
-0.30837358055199798	-0.13640341538479192
0.15014469103055986	-0.16003744164856132
0.50764148527939723	-0.073101915430132461
0.47493550858679184	-0.016422159648689805
0.039896165680306149	-0.10673043613418373
-0.46949974812125111	-0.30721673839256114
-0.63772743675742449	-0.46726218023036753
-0.32423514419352012	-0.48320306268227586
0.19947242951027938	-0.39678020913606155
0.47836911465171073	-0.32616782083917822
0.27113254066086639	-0.30800981004139644
-0.2438765662502913	-0.23804725121256329
-0.63461197636148092	0.0057518759423431601
-0.59139412446298167	0.38481943470194746
-0.16795577372649415	0.67021438108251341
0.30910861716803628	0.63084866373366355
0.54463201142655071	0.26652853526080733
0.49608978108362067	-0.15263401247689704
0.337673991037996	-0.30812664215314017
0.25028640586633605	-0.11616366050530114
0.26541044450555756	0.19550494997870629
0.29039213270152059	0.30149386031374381
0.25236501090895053	0.080015827720544219
0.18840798485917845	-0.27736311095053789
0.19768745450076489	-0.45127061842460986
0.32330691848744358	-0.29032383561503294
0.49540374550815386	0.056182147819647567
0.59072897926653556	0.27973393637919508
0.54042729447903348	0.18736490647032444
0.3824664824820449	-0.13979208467177232
0.21374367275586426	-0.42485653246571409
0.10036497715347599	-0.41799257484370095
0.030285352639537268	-0.078284943887441755
-0.059105103901926685	0.40948594803794663
-0.21113414324966875	0.76110318566429946
-0.40592843257782663	0.76524983430004001
-0.57581348711852787	0.4032535164772823
-0.65744638693466995	-0.13356663034469582
-0.63420558708789854	-0.54103904746528664
-0.54028776848008586	-0.57773596580061626
-0.42790522594396957	-0.22603634442470549
-0.33186587052756927	0.27674268868939073
-0.25864059694368791	0.59113116657662135
-0.19759623655478231	0.51493200248561544
-0.13570003982552556	0.12836047909277806
-0.057478384185895369	-0.28344790389023622
0.057108651032258519	-0.46538957090457062
0.21415469813082841	-0.37951761930057759
0.37274870045309705	-0.18620855121122989
0.4348422695688885	-0.057565585366363956
0.29675987286768524	-0.020787531786091766
-0.051068533088483532	0.020375530113628942
-0.46324959487107542	0.12727055832923484
-0.69900190668978301	0.21867987913125292
-0.58887361537512872	0.14284910839530321
-0.18258393116735261	-0.14220773124970826
0.25545510479614819	-0.47894861349862627
0.43048371600798629	-0.62322497045509939
0.23958118431343625	-0.46127153478535821
-0.14856638518509077	-0.11977540605450661
-0.43048515220895078	0.14635558571739538
-0.41147951981138114	0.18426510196669477
-0.15013364198697746	0.069940348017885609
0.11011914160248298	0.011715313334762943
0.15468381365144684	0.13244871294963656
-0.031118990315000202	0.34945206236281323
-0.2674769993751302	0.46863547218641449
-0.34119455100529905	0.39341755626907748
-0.17864209705696082	0.22751117183287495
0.10572710800658572	0.1656372799893798
0.30840257834240853	0.27541983256867458
0.2879048829319697	0.40372098076878171
0.055805924533428121	0.31737263508265096
-0.24245292406142882	-0.047764232684279401
-0.42459032463806179	-0.47756993833102734
-0.37575461229401108	-0.64198401276184536
-0.10587699735855789	-0.38862069303193614
0.25867559691841208	0.10660638866787472
0.53530372498917211	0.48869888114417348
0.57366825745511785	0.53401566841415482
0.33805887299584181	0.32828352214729584
-0.056579465492213529	0.1432959919007622
-0.39315577564915388	0.14435021848191554
-0.47590796370514543	0.23175727648343553
-0.26348567239074888	0.17925217340131078
0.089045136485920176	-0.082975483656141533
0.32379428357765327	-0.351258670749104
0.26501393346553614	-0.33949283384416717
-0.043648675976315457	0.006984055512349565
-0.36092287794258404	0.40964278486151456
-0.42603235226596387	0.4959483425032683
-0.16145051636302291	0.16157662793588162
0.26797398252633631	-0.30820660419965951
0.58656959329636826	-0.48912314179180555
0.62287060313542886	-0.20651696888140161
0.4294009012066683	0.30784964541482557
0.21106094052886185	0.63786796164173698
0.1369809690732704	0.56311811448918614
0.20487635847095284	0.23765430775611243
0.26577778262303553	0.014491034429543212
0.1702178316309319	0.1070538717274163
-0.099581679848864055	0.4074460386781163
-0.42221505635960566	0.60637703121066622
-0.64017434010392671	0.47410067956824964
-0.67094029557327617	0.044524625776668804
-0.53860177189780445	-0.42958916082480764
-0.32691676243189349	-0.67573742437244155
-0.11246350573944827	-0.5789017837480458
0.064932843553912836	-0.22525946300992414
0.19080826725226163	0.17634230118509298
0.25550021294810138	0.41873167118944987
0.24917996040189655	0.40002422307342689
0.17305791590528319	0.17055193623059237
0.048499509446713412	-0.10440280194035852
-0.085088581210298567	-0.25294904135315682
-0.1773239197142413	-0.21938009410575074
-0.18183248754991566	-0.10054047136026319
-0.078033439436102109	-0.05741618350630219
0.10749425232704327	-0.16547602673525766
0.29884612058863713	-0.34209686884125617
0.40008276045082036	-0.42496051966291748
0.34933442349565735	-0.33132736577047839
0.16087599337985981	-0.14684742344442397
-0.082651683029830184	-0.053212122122839885
-0.28278103704669666	-0.16122326385480376
-0.38416106219825141	-0.4024107529449778
-0.39514461398046802	-0.58081511742452252
-0.36136952841857811	-0.53351215195659907
-0.31397318560090526	-0.25695813563091346
-0.24184218847391992	0.096736944233090386
-0.10521553266194304	0.33752178554738771
0.11995715823786947	0.36763100438385693
0.40029076455598595	0.22949297752776879
0.63851863317469593	0.06094600484011297
0.71530103754839336	-0.003526521810449964
0.55728761449874475	0.081639022718055912
0.19403750666634453	0.24440111436382927
-0.23859863599674902	0.33846994309602424
-0.55780502612386818	0.24390081379645484
-0.62674360849949495	-0.04012296926408928
-0.42975074203108932	-0.3752070239089928
-0.080631353743331163	-0.56782577033244674
0.23664280039352695	-0.50305232408444434
0.36262179139482964	-0.22654648356364793
0.24162256820602671	0.092838144891524171
-0.056485698171447218	0.28841963526653774
-0.37698516491974471	0.30860000591927172
-0.56277526376489972	0.22485121158175703
-0.53620462456869966	0.14472203159390762
-0.33299801243691168	0.11397124384786698
-0.072074339255750935	0.093651223697692798
0.11651337028493482	0.019720697196851239
0.16052438195671548	-0.11800608286995984
0.068449405308985634	-0.25167318201926736
-0.097590786438293067	-0.28190018180960447
-0.2670233189541048	-0.15510584935520205
-0.38421502765218168	0.090719433549273379
-0.40695190753684363	0.33969778965555858
-0.30794995047923773	0.46253114502890691
-0.096463899031494507	0.38866784181660852
0.1611591277237383	0.14399102066318706
0.35960114079398908	-0.16096953559187754
0.41739586400030998	-0.3887487046834831
0.34285358386478515	-0.4435536189322265
0.23772908795928463	-0.31805456094098034
0.21973940586976973	-0.090627463638115774
0.32632089640852524	0.12302350914669483
0.48449756901718311	0.23878974208767037
0.57707721273110002	0.25209447020768916
0.5478588731608085	0.23292608863122782
0.44748260453741895	0.26758905690417695
0.38067375765479766	0.38306212812661267
0.40036567331198281	0.51447266739740216
0.4518305303922372	0.54809162791700128
0.41506390644154295	0.41695367513278819
0.21197149312599153	0.17151908722744919
-0.11405734800755779	-0.043326307620540579
-0.41350012770678896	-0.10024840984396961
-0.52679218601400701	-0.0016192520724251733
-0.38818731433749121	0.11660370967867902
-0.065399647257699395	0.10158405554824147
0.28538253328374102	-0.070685268646554028
0.51182963096188405	-0.25646778096576178
0.54305652346669342	-0.2599232153630765
0.41244525592130404	-0.010903369821749843
0.2251526950899449	0.35317454704444301
0.097100477413126135	0.57558128182430335
0.098591050129963512	0.47068405644747974
0.22141361352722336	0.066388262155732361
0.37719540355980619	-0.41016577285593392
0.43435525852147278	-0.68474503881483006
0.28949619098556673	-0.60753462416280413
-0.052760506687006499	-0.23629678382170635
-0.44918793709780325	0.20724474520466804
-0.67999591917341529	0.4680435516599602
-0.59107694251923748	0.40589817645679471
-0.22016873216806593	0.081048145498039209
0.20854130414565042	-0.27757657828123156
0.43812988635730604	-0.4175424155092074
0.37545595078612981	-0.23655412222779232
0.15924967512904903	0.13551250585875499
0.034220054728797772	0.42927436944971242
0.12932441104074538	0.44108654829630189
0.34469973723384295	0.18761939035294603
0.44913732132865086	-0.12180890968829353
0.29977451295505531	-0.26942067173462225
-0.022607393438301874	-0.20084425754504362
-0.29302452983931493	-0.028360758526306651
-0.35411275430477795	0.11598995345035863
-0.25470195749680463	0.21380265735896151
-0.18373700849244462	0.34062073443697277
-0.2739677001214485	0.52869725856641425
-0.47419806629026573	0.67577449531279354
-0.61319833711337646	0.61919694886572885
-0.58039508091086212	0.304130019821435
-0.43666131701731775	-0.13171512589909115
-0.34510558454210877	-0.45917415678632745
-0.40213255661844421	-0.54843075003311348
-0.54198254017359582	-0.45866159739421336
-0.60884133275065755	-0.34204421979052479
-0.51692349832251316	-0.27244398735502567
-0.33135698459115304	-0.18229608958799923
-0.19196200947780326	0.029962946587112026
-0.16588806066347728	0.34465298681306955
-0.18365201674061055	0.59257782654236035
-0.12321157831360997	0.59837808151173766
0.050499943710496445	0.351591103807044
0.23383977263862385	0.038060461104910806
0.27909316795160949	-0.10903823535734614
0.14530562932793301	0.0010273635607415418
-0.047583743859576741	0.25008020144886223
-0.1161787645939313	0.41610007515688563
0.022228525777018351	0.34945679304385435
0.27160250093127886	0.073680618133099354
0.43237403620442266	-0.24512937375202506
0.3603577522144325	-0.41812919810447341
0.074891382257735131	-0.34886989731064338
-0.27086963405632203	-0.084176719206819531
-0.51329917529445457	0.21432923286269451
-0.58555106364596676	0.36053369020822862
-0.52779912373223536	0.25250966356965182
-0.4217386344907072	-0.058675750145440617
-0.32603976544615915	-0.3958936110998228
-0.26807366296407381	-0.57778537150050291
-0.27174741503985878	-0.55153862793945774
-0.3625500605147664	-0.42714706488474757
-0.53032289607730532	-0.37474436988094922
-0.69591985796746536	-0.46598604213096223
-0.73787773950847113	-0.59907715751156032
-0.58410182120537024	-0.58292807018450066
-0.28768001897952972	-0.30607176361106581
-0.0081858324534421004	0.15474497140140289
0.10408908846636274	0.58140312377764902
0.030927582228252846	0.77104072396105461
-0.096300608202239277	0.66869243115364319
-0.10254001429027769	0.37923066833344743
0.084684544217818028	0.069591099563217379
0.37306166601005952	-0.14053018789698901
0.57911719161019415	-0.22590978771521336
0.56947809602471833	-0.23133588708657585
0.35399016631141872	-0.22245734346206111
0.059788098694475725	-0.24529253284396951
-0.17769154569691123	-0.30737525355817996
-0.30906748221375807	-0.37645597007018933
-0.37851857221374213	-0.40021874258272622
-0.45120915569388226	-0.34185100827427772
-0.53728678275442798	-0.21294291725789335
-0.57968943868832989	-0.07019989705785927
-0.51061658126098863	0.02720379023125781
-0.31706878675516942	0.062522877628762574
-0.05478171841110327	0.063207837271007622
0.19768718561008206	0.055554445605334755
0.39414808338561524	0.027387923181253954
0.52861326447872725	-0.057596109048965172
0.59955253813603671	-0.20423563720782398
0.57888354636254591	-0.35421127879722275
0.43365420245018832	-0.42441321950812894
0.18027970892791201	-0.38283446886598144
-0.093241543545271768	-0.28295746136451894
-0.28090259873504531	-0.21177794970941463
-0.34321584858450044	-0.20085657576827223
-0.33804958326106616	-0.19314103840342695
-0.3497537652021091	-0.1062707636133646
-0.38287664445187869	0.067677206882868574
-0.34155466109491067	0.23219209621807008
-0.13592735599118053	0.26249433639292963
0.17961459644109376	0.11998029855157259
0.39319106710272872	-0.10381084436429804
0.30167899041168117	-0.25674785386872434
-0.082982684466492457	-0.24317081970921522
-0.49710301499877829	-0.089129705413794058
-0.62630329942876672	0.08960917025900246
-0.38427962581796693	0.17357993648702003
-0.0066088903058590396	0.10806153336186904
0.15168420088470558	-0.080881118852742656
-0.059950889093162901	-0.31325794931848377
-0.4442105540030844	-0.49649979003852152
-0.63268128005223467	-0.56657907501009885
-0.42736898810969381	-0.52204387728265567
0.012674809396142376	-0.42949794528853358
0.31473521762740542	-0.38091476714452638
0.23140616198978947	-0.42255947382801728
-0.14363711835628276	-0.51799166991675138
-0.47362274116184033	-0.5842672330092904
-0.484772798154739	-0.5753402034961177
-0.19168037186281933	-0.52999326963230109
0.15307876937853176	-0.52466271024657429
0.30244493812255896	-0.57423182851953647
0.21052194263998011	-0.58694362571276848
0.0087548456785493441	-0.43707654636881771
-0.16962026457022403	-0.095876469487543428
-0.31500796213067195	0.31257958752725129
-0.49063484316800021	0.59924403605965237
-0.68920367966767704	0.66706043325764797
-0.77971933021064266	0.58709948153605018
-0.62160272842816988	0.51684948035649558
-0.23496545514207373	0.54432649951094514
0.16001770416394231	0.61255458305029131
0.29826657147632102	0.59719670268526825
0.090011504027939698	0.45119212753957127
-0.30463521522493037	0.26965861930820056
-0.61208823842712123	0.20391642613248889
-0.66841365404902486	0.31275176592241971
-0.52410702856377533	0.49830135803093206
-0.35042863879381864	0.58835042705081175
-0.25991090787736149	0.4870965671849744
-0.21823479331806298	0.25533565498228189
-0.12075636073968844	0.054347162205711431
0.063298073039005129	0.010512583275207205
0.23881422299323471	0.11926233317020413
0.27181486926761989	0.26012705903358385
0.12412162482292383	0.29413360540139649
-0.10453058613068578	0.16011358728304795
-0.26213644998098706	-0.0970079759511146
-0.27002749379528612	-0.36727925219845975
-0.16998380460985474	-0.53896525525533312
-0.06684734156429252	-0.5431913890727188
-0.032052929672354118	-0.37357533173739244
-0.056932911048342222	-0.08346236595152734
-0.081574490345139097	0.22535146330897002
-0.048933458881495549	0.4323074379405703
0.06131520703022128	0.44584858758845458
0.23021931569978774	0.25347217831222518
0.4105415540014456	-0.055137069934560502
0.54262393310205981	-0.32441006767551467
0.57758811095286289	-0.4147989780835083
0.50779713287993211	-0.28464612735108941
0.37041024023268498	-0.012970894792118074
0.20975172480311752	0.25801366008258664
0.028536478292435989	0.41668547367376435
-0.2122771216031053	0.44022846988454306
-0.52039887371264415	0.37612930527343286
-0.79804575569010239	0.27336041258248595
-0.86480092960652122	0.1359382418250327
-0.60186069757022276	-0.053393236462433748
-0.099321495170384147	-0.2715887064819032
0.34890662545390816	-0.4293565553123781
0.44591623407221187	-0.42856023351912809
0.13443781399250068	-0.25652537360855693
-0.3374066918786911	-0.022655301113515769
-0.60671258582539622	0.11292518951938495
-0.49105852151376167	0.065039041218061214
-0.13394370319725674	-0.11089042559577694
0.12781494441785118	-0.27478292944945848
0.058072523532961509	-0.32607769434977807
-0.28305891059255867	-0.27536740529114323
-0.60374737740940176	-0.20219570569825721
-0.63023298947086748	-0.15092716642223444
-0.3216664227164619	-0.086343744914596884
0.12216822700284032	0.042606265185188501
0.43916577126546275	0.20400427489619374
0.49889095399561051	0.26831282842891219
0.3601817376612077	0.11620939846983576
0.1821804493883333	-0.22095389210026156
0.092136913536302753	-0.5384587691286582
0.11495115681499798	-0.59335748791781162
0.19264175763161551	-0.2993099314591845
0.24299564124973899	0.19081214599936608
0.20544921338553773	0.59170154721208068
0.061110203700401114	0.69290746132146919
-0.15839152488018088	0.50150650674910746
-0.36480653542146896	0.20724333948009035
-0.43687691401285633	0.019398923189025963
-0.28957790905803155	0.014174741085119451
0.043447470135971	0.10953625279619661
0.38506341897936042	0.16235731713714008
0.50402772830411513	0.085034364934233372
0.28025690872709214	-0.10711584061286347
-0.17496517645440429	-0.33026134664098949
-0.56228619604926056	-0.49258938346590331
-0.60514625122522891	-0.5330270373865077
-0.26859102984726951	-0.42983935600731549
0.19740276911088223	-0.20717403917489047
0.45262340460461487	0.05717989821676802
0.34600159906916383	0.24698393425800461
0.039718935563705329	0.26349265808125216
-0.1403274329589306	0.09911620582448398
0.00041353418205506077	-0.13830408255695173
0.35442816695972762	-0.28802130413061056
0.62373623933883549	-0.25433672138939578
0.60209846885025364	-0.081300077750205396
0.36252968730019891	0.079666863266403765
0.17078092973680462	0.089785137146543029
0.21998638802023279	-0.069096066567078646
0.45131101193433709	-0.28385066025338729
0.62656481582543033	-0.40215353834029838
0.57315651309282256	-0.343061796792685
0.34883131530076683	-0.1450744106943008
0.17327615942104391	0.075256748498575082
0.20977212435583081	0.2052089309338927
0.4185183460488856	0.19894362439662511
0.61819584636336855	0.093075329354620914
0.67039122351516545	-0.019934264881262265
0.59362108085899312	-0.044948162365324076
0.50578115112049793	0.057158910414523811
0.48270131842325914	0.23745120204578346
0.48828742061313585	0.38841715256473958
0.44152716877580817	0.43021673692743151
0.32737502678441732	0.38920556870889356
0.22275762395794033	0.38651568966537247
0.20651107482155251	0.51860178865625994
0.25825652319901288	0.73151793370666107
0.2593886275946844	0.82277761749235978
0.10261967152848049	0.60397117578626536
-0.1947454088206528	0.099238085788254951
-0.48034038921359645	-0.4162072309682277
-0.57207961550284381	-0.60816444231706424
-0.38865253992889565	-0.35727827246097521
-0.003488138979754717	0.12398948132939601
0.40606119093087345	0.45068711461886057
0.66655518633508137	0.37315108518253126
0.70114435767812067	-0.031976139148686543
0.55492735762432177	-0.44954720374514173
0.3541450083365964	-0.59767275142606535
0.22822628841736933	-0.44443318114767993
0.24009983077988942	-0.19210521925801302
0.36076141297947145	-0.080284490466819083
0.49854968481905526	-0.19584241375502154
0.55769556653434116	-0.43951552622774737
0.49213716859213791	-0.63864267676030773
0.31655672230652049	-0.67412425966412537
0.080783775491092918	-0.52541449533474061
-0.16585857049901639	-0.24194445331525694
-0.3892053936610137	0.092661933118799014
-0.56087042100093387	0.3750827622299272
-0.64238727786346317	0.49666395904301608
-0.59186438110531181	0.39175739144581634
-0.39333794986945875	0.093620774647187474
-0.087997036315330915	-0.26196843921800755
0.21916370356989007	-0.51104623962888096
0.39128191370709192	-0.56306725808837232
0.32568698748052916	-0.45350485076098201
0.021820219447594321	-0.30610764010185471
-0.3900091587569493	-0.24177476564255534
-0.69551140091453545	-0.30435806882621858
-0.71151368090307687	-0.44294343539569153
-0.40770879257056097	-0.54916955997851757
0.051734629238124386	-0.51586312776373788
0.39359782690060197	-0.29490633691160112
0.40764749711962733	0.065984388907772293
0.09233299331878117	0.42967655178350955
-0.33262071596597448	0.63099183751152654
-0.56619460102993924	0.57588128676198425
-0.42446801162832759	0.31413197617730459
0.037754627139913927	0.024239632696569185
0.564654329587574	-0.10095405717276962
0.86379185695766936	0.0088662336527713589
0.78364991163332343	0.24956938974250212
0.39361308233662973	0.42275300839545654
-0.076341687232871713	0.38774377883839106
-0.38113232195802671	0.16246651915566659
-0.39583956462880843	-0.10626221474738198
-0.16416998075646747	-0.26891908662233721
0.1551697478626482	-0.2818186366155388
0.39817285681102332	-0.21049646812764783
0.48892532226697333	-0.14605415375302369
0.46035618461802869	-0.12195297773994684
0.39708905875657291	-0.11006446011628181
0.35528925989966376	-0.081036441167330511
0.32134390680281089	-0.04855307102230895
0.2428353222453353	-0.048123119518150216
0.09993693214140878	-0.07459444380912672
-0.046724737175956786	-0.064154723744195036
-0.085780258850933253	0.047641845832216999
0.054757660403068988	0.24347330614176652
0.32707347867229064	0.41086970494678993
0.56734264089768005	0.42980905742998482
0.5947490209240387	0.28729917260507565
0.34094817602502814	0.10664870730745094
-0.092823281177309841	0.051426186663233293
-0.49159026116055538	0.18729801478610025
-0.66133067802570744	0.42301296321189469
-0.54070748596639961	0.58136467741475539
-0.21901268983921018	0.5307065800602625
0.13525488892983428	0.26887417929051022
0.37622379560390723	-0.095512068358560548
0.44537284333365329	-0.42080238687480365
0.37729425282393009	-0.59373954880341573
0.26628288260624017	-0.55180678567339092
0.21265933340435783	-0.2885622091201977
0.26286723746703672	0.13024671487450931
0.36692697620113385	0.5631561135979346
0.38963049363565916	0.83587861349022996
0.20028335248259571	0.82714880156534643
-0.20348315375855919	0.54011749052629232
-0.63838478078293504	0.1012607352324177
-0.82561047900909867	-0.30772109220059235
-0.59604241081510889	-0.52740495719964997
-0.054139066103488391	-0.4686460611688103
0.45793265000159489	-0.13491697489555379
0.59697703647691047	0.35667847208509901
0.28029557001138855	0.78295782494226285
-0.24534666693550475	0.90160355466611397
-0.59635468466796526	0.60906432732787597
-0.54973897664481697	0.058985270470671626
-0.20526779095700226	-0.39710323334931347
0.11594413112608472	-0.45522974527307758
0.13677509974987739	-0.10838403532958818
-0.17059338965883791	0.3255514637579624
-0.59149366736769149	0.45670335472416634
-0.85197738869045803	0.15255925510996204
-0.81340652605916752	-0.34263612570391039
-0.52806402482308901	-0.61346278020920841
-0.15533600277942525	-0.42062636930498781
0.16435025196984068	0.10917852729962758
0.37213566782301877	0.60706272713480536
0.47096798763205716	0.7659342939050624
0.48085730840211055	0.55808432186190071
0.42220584635266017	0.19991857359888149
0.32640356943400589	-0.059052528287718793
0.24313629528813369	-0.11899534619702616
0.21705753303155068	-0.051685781831789207
0.24963212556030887	0.010103195823802376
0.28834916194695315	-0.0097291854895064176
0.26122478534878463	-0.096527447730928376
0.13238964635552708	-0.18763740229153519
-0.068337715521040301	-0.23447420032419308
-0.26384522632422924	-0.23269720857632631
-0.38506311474145871	-0.21403264218510742
-0.412137388569218	-0.21500433872048161
-0.36945951945684341	-0.2379547754002673
-0.2904916799436168	-0.23566003657724274
-0.19694099770367884	-0.13966011375271423
-0.11554868069097542	0.074271587027617603
-0.10507752504943753	0.33170274688394052
-0.23671918935573613	0.48241872501979732
-0.51426465397762777	0.40387205530501352
-0.80686715779987872	0.11002948035827681
-0.88967969921833989	-0.2309793362428699
-0.60979891495681804	-0.39988569237163207
-0.05110801422886483	-0.27878458097709402
0.4693734951808346	0.059839215402544443
0.6175276453607218	0.39299527195718531
0.31383310104930007	0.48550886727544573
-0.18110021594608161	0.24197680163589719
-0.46482584347695222	-0.22426391347379543
-0.32213891731016259	-0.64234737462097202
0.10622814338159796	-0.74005596485812275
0.46900237525021898	-0.42373405612569043
0.52356802428531635	0.13224096897068469
0.3336421410380957	0.57203540025396393
0.16759270230811438	0.59355991229417149
0.21269503473371584	0.18150301856933887
0.39372790811591818	-0.35524875547473184
0.46725538280963053	-0.60265709469105377
0.28206270927184207	-0.36192451150456401
-0.060747165746280876	0.18374806779244821
-0.3010607923963507	0.60974271771641242
-0.26017286225122899	0.58405271954047933
0.0091858207547702801	0.12070123745127573
0.29116836751609337	-0.45467023707973642
0.40640055246022866	-0.77603977258065071
0.3394024061372069	-0.69747640820734225
0.1997811894822821	-0.34088337579102318
0.088099190100789704	0.0640153982493184
0.017615799246758553	0.35887774430861635
-0.054771302870468455	0.50155610251920335
-0.14878058133162556	0.49207492112555357
-0.23032012836752044	0.31408800347469884
-0.24868743101253601	-0.026329942843296626
-0.18485437679191055	-0.42058965105310914
-0.062158271055790776	-0.66736607058632458
0.074238202510070461	-0.60703313335746101
0.17381399853009036	-0.2691414398883607
0.18926024350661372	0.11617012244327443
0.098920524982299196	0.2826916147734243
-0.05519654473788653	0.13305950244291107
-0.16229894964442038	-0.19204550099605258
-0.11053125282550148	-0.43719267201572137
0.10774588190284755	-0.43929918187935041
0.35454494204980402	-0.24421330314286277
0.4380466690862338	-0.045578630391209407
0.27154166816406683	-0.017340899656759053
-0.040467850484493882	-0.18526479366834511
-0.28448772593890664	-0.42933910849778789
-0.31694554567420663	-0.58861578444329299
-0.1777918616398724	-0.56796228554024997
-0.031067726811546497	-0.3706821483874328
-0.0016777543818825734	-0.063070394203604371
-0.070984760393599328	0.26839362874625389
-0.12954229740585288	0.53279344923114136
-0.11966892080205715	0.64190345401699545
-0.10498257445093355	0.54112687673659376
-0.18992913458077967	0.26095245070620471
-0.37746687576590582	-0.066420689554586146
-0.52200704087067051	-0.27034921819136637
-0.44588956791770284	-0.25602218319774506
-0.11214988865094816	-0.080001057863257188
0.31657140303149106	0.087164517236794026
0.60230777990140916	0.089353755997550494
0.62657875232599869	-0.099995911667455584
0.47835300217538207	-0.36857224982994141
0.35768375376735406	-0.55813078856897069
0.38957972761581655	-0.57676072161741221
0.52281162327965636	-0.44354326825701851
0.59541455986714675	-0.25127023353910172
0.49672071129386136	-0.098467165767320897
0.26601767476069088	-0.037419732467167822
0.046288213380228878	-0.053362967765146076
-0.053027396115140603	-0.071530909688911334
-0.048253194650141135	0.00088243376892037189
-0.050878556727835617	0.19702929022535468
-0.15726581400456405	0.4282254948222905
-0.36495468142232829	0.50870325074267209
-0.58187414796516712	0.29741965297617029
-0.70428433899586451	-0.14593585573608966
-0.68412646541039801	-0.55135664297087739
-0.54014613929331978	-0.63231151593186874
-0.32628665994865519	-0.34472713883565137
-0.10395719976368178	0.042366016518031971
0.068714497079516129	0.16811769452799061
0.14915813429922256	-0.079797868703297151
0.13537291874094054	-0.43730575756486778
0.083537795031376205	-0.49808525537613108
0.083341542707631083	-0.11344920468039459
0.19671982647929784	0.43207661632339711
0.40208532438366146	0.66466101853959791
0.59838288577391263	0.36732613307139383
0.66733312508650555	-0.19511636398553558
0.54750333338821888	-0.50779322486198952
0.26652624889180387	-0.28074827740586505
-0.080850823176230158	0.28075672501311066
-0.38165627255084966	0.66544319749710878
-0.54753380319351197	0.51644787083326038
-0.5458273600620388	-0.068105471733987746
-0.42047113594132041	-0.65913143747117475
-0.2820025562381675	-0.89104789615498192
-0.25202955228240687	-0.74214058167137109
-0.37313540088101238	-0.46647836792287201
-0.55486072297416356	-0.30001008128743351
-0.61729948212731434	-0.25092413279113296
-0.42610636231469273	-0.1591242584819221
-0.018031382093851651	0.083591042634651141
0.39788921470437999	0.40343299407976047
0.58542092282727531	0.62377683062967548
0.45934668434889242	0.6419378399762391
0.14906841799160425	0.50987052427918744
-0.10552064752101749	0.34712860648682081
-0.1378005470171082	0.20594865103062823
0.036636844353168364	0.039052551633530733
0.26235150370246973	-0.20177688349565959
0.3827857477780866	-0.45724590633844242
0.34961376456355808	-0.57183252391995854
0.21915785910778318	-0.42283126427556134
0.070305423157417557	-0.045700152600315805
-0.069556681031667511	0.36371964612494739
-0.22187738699106638	0.57139918078344465
-0.39728273574505257	0.45316223180372212
-0.54560815276809527	0.064186343194511553
-0.57363594371475746	-0.40344044681388158
-0.41448004246828712	-0.73135398293245246
-0.095372799872369712	-0.78248006362810019
0.25541251671612847	-0.55927882790184813
0.47491837317494101	-0.19352121360070454
0.45854119360323059	0.12393755804475513
0.21972011038773318	0.24436057558082361
-0.12359943731277133	0.1410449641809613
-0.41470485580921601	-0.079266321598798845
-0.53221703098950968	-0.24654315905995119
-0.43135312991606184	-0.23452923876700554
-0.14958651558111394	-0.034863812220211676
0.20406013397395631	0.24731801049308538
0.47377536662544556	0.4670423631590972
0.51487097727719577	0.52082122564057054
0.28609293414018394	0.39042731391764829
-0.085935256238033872	0.13222761146365486
-0.34998229833708799	-0.15966611112541562
-0.29976365177117764	-0.39112452475890597
0.042543909353411263	-0.49138095625525757
0.40622204863196454	-0.43371734532918932
0.47369244923752668	-0.24611379755208407
0.16076510981271863	-0.0078594770087208419
-0.28545684173137642	0.18090792474655351
-0.48807981646690352	0.24586856771369733
-0.28224693455066513	0.17811703229797005
0.12376701489769157	0.037017376099714963
0.34108936876965246	-0.086563698130650971
0.17510506372381557	-0.1224690523864649
-0.1836196498942331	-0.053922448672192515
-0.35088266677258573	0.087823335619745452
-0.14259821039720816	0.25490326861145041
0.22741635807829241	0.41353734510412221
0.35682751768230186	0.54764462020394911
0.072984526034797201	0.63930022767986794
-0.36851856068456396	0.65717275171454359
-0.51761561080690044	0.57180463272243132
-0.17697650782835903	0.39403787215235425
0.38490534627476186	0.19243172775001199
0.6734322395588368	0.062054040810145261
0.43198120749403879	0.0585114154940541
-0.12124531120691388	0.15445753164961723
-0.50565401903285701	0.26098898189343012
-0.42331299508060344	0.3005305000031066
-0.0089704326295507071	0.26633331983864134
0.33323691483145429	0.21390045267527885
0.31619803174842404	0.19855636151216544
0.00075431835146073109	0.22733811504891488
-0.31687925882216728	0.26748692080285474
-0.40817480773202808	0.29618781688808576
-0.29692314828602884	0.32544983704552505
-0.17989088992760971	0.36860522208063556
-0.20551064975873679	0.39131882125612372
-0.34222980048966595	0.31830474532876774
-0.43834858865082443	0.11043799933831286
-0.37532378211196593	-0.16134896447506902
-0.16080401966347593	-0.33318619133848065
0.09991271572278157	-0.26958897326894604
0.28978274044326641	0.0084690443841588664
0.33885637980602096	0.31399547477174272
0.23746040705654525	0.42778442730017835
0.036131976548186083	0.27019874522262372
-0.16481029848697218	-0.035467689235260558
-0.2541537644445806	-0.26573455852322758
-0.18378151842142784	-0.2755221332922535
-0.017698992236560445	-0.098435587432884358
0.10843172985053054	0.10337946769488313
0.099493143559444872	0.18610991837143973
-0.016331831039789836	0.13637330677175957
-0.11956783785488531	0.059887199996666259
-0.12418210537979643	0.076437973120645486
-0.061266748113458828	0.2191750198747322
-0.031384309625238568	0.41474906530066419
-0.07405916091994208	0.54588597848970688
-0.09923316519982836	0.53436751243156033
0.025349316850326244	0.38556617316122954
0.31176182255840962	0.17491090112116031
0.58692215942217218	-0.00027406497047333198
0.61666506656674491	-0.069031141467917737
0.31934377078608239	-0.01740845230765465
-0.13674350362380228	0.11018418749602772
-0.45962595034367848	0.22980444885794871
-0.47307416449604184	0.2578262943616888
-0.24916970183419154	0.15046467126592655
-0.016382780607009508	-0.070652600924220238
0.06122557246213154	-0.32491666998328211
0.01854410693679617	-0.51266855148485158
0.013813116716541986	-0.56807428919743175
0.13453251053759807	-0.49280852668207037
0.29006977077916996	-0.35132733600525884
0.30811240693232811	-0.22700122907111772
0.13092074520971106	-0.17343735739695512
-0.096476566106176581	-0.19237219184535151
-0.15291104863698954	-0.25458666067852731
0.03074871707047391	-0.33556009063129077
0.27795066730088064	-0.43244617398628044
0.31764665595508684	-0.53875351306696229
0.051405858349949499	-0.61325955296605072
-0.32515433595783372	-0.58625680571604155
-0.4827399794724867	-0.4218209696995846
-0.26055136879303475	-0.18154264289644695
0.17806526352553534	-0.013759012037776472
0.4891415506130084	-0.05208234982515067
0.46262250694928547	-0.2887500495237168
0.19946170118688675	-0.54593289236382692
-0.017139575132673623	-0.58994034046960264
-0.020942535309934306	-0.31238807018421322
0.074501298357831702	0.17055918527421585
0.022776110778485653	0.5937745373235338
-0.2556345061624159	0.73294274215923816
-0.53950453031240519	0.55284118333646481
-0.50536311319713934	0.19960877064466478
-0.071420541207084673	-0.14094216855871985
0.46483838355707835	-0.37478517343977191
0.66626193629361508	-0.51476077024060374
0.3595185821540845	-0.59258041966410868
-0.18912249383260363	-0.58542497949276173
-0.50513454236141242	-0.4452959011640466
-0.33416778745375919	-0.19094506422850538
0.14295943990862198	0.051163794540371454
0.49999461688779379	0.12959494653432835
0.46321358366285509	0.0046669044705922522
0.13220198309802556	-0.19893397313758227
-0.17141613391968952	-0.29239427864018419
-0.24022110395446239	-0.19099448261476842
-0.15813426257969559	0.011132132309305889
-0.16098855909158102	0.13680310894802344
-0.35435575605173708	0.10418244682496154
-0.5902912071908758	0.0083178526967377618
-0.61937052316902874	0.019271850694896248
-0.35026078230134067	0.19560992136648506
0.046688821481790523	0.40873949351025363
0.28085584138719549	0.46235847688050374
0.18197403377117427	0.29664094444911077
-0.18156243240490999	0.068517506264937342
-0.57845048447508429	0.013103662485737983
-0.7853477250693236	0.21336412116794393
-0.70863724604029632	0.5054342154418352
-0.39989602926837925	0.62646664602222768
-0.0055823790555378098	0.46507119192812868
0.30567857947757665	0.17140821145395063
0.4203746248376275	0.010492795008157141
0.34789477063376839	0.099775045326667547
0.22103951507640759	0.28987590558892945
0.19902434853362844	0.30823877368548169
0.32511354968248879	0.032239306767611921
0.47173207867730971	-0.37975849618396978
0.45297021701534707	-0.62582961212415456
0.21969225366695824	-0.53955153463626593
-0.061238803930757715	-0.2397968549370553
-0.14361142107833078	-0.014164598276970938
0.056279115794331876	-0.052547537717004725
0.35723889111228108	-0.28346160878085019
0.46692258705758372	-0.46056767025255052
0.25884702481117772	-0.39895468197086681
-0.10116426933476037	-0.13402390746845846
-0.30695971601733907	0.13631577057040847
-0.19885099845813026	0.24222595958200199
0.096221530025841898	0.17081515344806619
0.30174740870386318	0.029228374735764132
0.26515951977247237	-0.093340118227923985
0.092526022933506397	-0.20443329369518654
0.025761373759253831	-0.3555464862672762
0.19118604070511033	-0.53708831184369943
0.46930714647909072	-0.64960746333188235
0.60061126064417947	-0.59243872816293186
0.41860986425881014	-0.37720132443415066
-0.007715661241258583	-0.14386753262557639
-0.4287264178116833	-0.055201024729647254
-0.6007050107003743	-0.16756139841413067
-0.44221597242376937	-0.39241288562614945
-0.061415826151816233	-0.57190893036763202
0.33331045439124596	-0.59425662991916484
0.5600231242846998	-0.45491967767112657
0.55045265251713982	-0.23679847826894482
0.36898561334330632	-0.050982708657588839
0.16535876964479182	0.014870913475818306
0.079699586799746355	-0.070757758507543164
0.15358314547421392	-0.26703562452272317
0.30706255482904038	-0.47246944371131905
0.40312956446769643	-0.57797675013532102
0.35827804478833097	-0.54305606511144189
0.20780497173183249	-0.43285531676454497
0.073524373023522702	-0.36829144770119526
0.057753343034376958	-0.41953362109030745
0.15318434626474606	-0.53730381623897072
0.24403156931151232	-0.59743658960824431
0.19406476700714775	-0.52013874743687472
-0.047193803018599767	-0.34715301979405849
-0.39966924321995728	-0.19247499017461514
-0.69313663122128522	-0.11923172488126518
-0.76627997700090378	-0.076053623362724476
-0.56248923241989912	0.028245968398147182
-0.17054447625707714	0.1908083814172018
0.21685368986778045	0.27448700402522586
0.4092055338387357	0.13255945995099391
0.32939915102388301	-0.21746825391193036
0.052823884861631018	-0.55383928767844293
-0.25571023194315168	-0.60906872892448216
-0.46064386175374744	-0.29687975445630665
-0.53553395414109484	0.20664467057083855
-0.5372373958744654	0.60378041719694042
-0.51357347827111244	0.70958170265233123
-0.44137756503240144	0.567308837862462
-0.26219841699590396	0.36105028395567512
0.022656592384186016	0.23118084018746735
0.30332402393653318	0.17502018504262418
0.42198336431330402	0.10647881213934152
0.29892057316442178	-0.013481994724142339
0.010097823859153286	-0.11693215130583465
-0.26025862825092994	-0.09363045025002506
-0.35443674836931471	0.096055165572077009
-0.25007406358747919	0.36819116575298094
-0.06284816086491167	0.55899755930470696
0.045018319862905457	0.52464821842349596
-0.024413809637462255	0.22875730684625792
-0.25020974850189448	-0.22748942838172753
-0.51023620338170106	-0.63849515993837025
-0.64822173859050669	-0.78953192886179036
-0.55349559523836467	-0.58100464527193052
-0.22547525034062516	-0.1096480887634563
0.21176389485550423	0.36676413170395256
0.56028754063295727	0.59041588275600709
0.6528091103822059	0.48722493277563056
0.45151817714722192	0.21843554146543448
0.071644552255582888	0.040885576499564862
-0.28844690483170687	0.084081502739444855
-0.46125082964309916	0.24271724481513299
-0.38675933063085838	0.28173178945942262
-0.11628996629776904	0.06395104346613513
0.23613019645173602	-0.31441160114480404
0.54472568893723183	-0.60152482553476028
0.70548598129660556	-0.60688251343277089
0.65844589920828411	-0.35445179901874951
0.41044042762275951	-0.038306540353693443
0.043709561653107187	0.15787435904455396
-0.31719304482163024	0.20341045474697614
-0.56591477879305641	0.20201924862085002
-0.66422190312819784	0.25816511938223341
-0.64225518354715927	0.3676944730762538
-0.55669415390814847	0.43050085729270815
-0.44950783238730141	0.35504341292644609
-0.3387156038343947	0.14550727329049865
-0.23171780825698715	-0.10522120767702783
-0.1334173354179255	-0.29414926278939124
-0.039472891437463888	-0.37681062640212937
0.062121995431349455	-0.37919617804558897
0.16991429713829218	-0.36025642971943911
0.2519862189435309	-0.36715059757871482
0.26728164468172266	-0.41211635401069968
0.21788951303746254	-0.46925461415135433
0.17034954368431143	-0.48250186101659848
0.20100241195218649	-0.38991653248957708
0.3073645633926379	-0.16642678776064393
0.37839131399786824	0.13678021538534463
0.28605996431924818	0.39378556792363034
0.024741090820976835	0.46292964101222539
-0.24023992904296446	0.28085049206789892
-0.29262318315434821	-0.077826876564462952
-0.055066398729134866	-0.42413739707290776
0.32960103262604518	-0.56056035576577345
0.61581740140393215	-0.39905258793106146
0.66941008531355983	-0.019550076617929252
0.56885854178974327	0.37149633779438068
0.49862591342833268	0.55740968585641648
0.54127707257662649	0.43196588787847995
0.58760224035465458	0.052350230137077833
0.45710810708016653	-0.39759747726805789
0.10788559829534561	-0.71124119021075027
-0.28231567524462942	-0.76284621344339765
-0.4542963631561806	-0.55883237046678191
-0.30038721716754879	-0.21062953389299979
0.036777437937302544	0.14114336843461905
0.2905615081359757	0.39926036100755125
0.30397009422992366	0.5383996570188605
0.148639567266898	0.58207661510155795
0.03285383547702949	0.55740050740774416
0.096259093358798703	0.46921477186668031
0.28939980109086855	0.30763689990564147
0.44082608192450934	0.080365006294638705
0.43103125269606846	-0.1643912314604728
0.30127898694975314	-0.34749347434495953
0.20113537909980961	-0.39935072759020468
0.23553593021147462	-0.30353248588588821
0.36285434606468164	-0.11201164995338361
0.43328855610469003	0.080263030861469561
0.32437295431288388	0.1881026244433425
0.04589850222780667	0.17836067014632828
-0.27199806097130586	0.079641301061801131
-0.48833901865037727	-0.038759728535761533
-0.55392866221943649	-0.10612560484499378
-0.52608282896085012	-0.080690653381260857
-0.4988156234146181	0.039363002807104253
-0.52454904242637357	0.21944151055569561
-0.58975946903530307	0.40113894810056056
-0.64433468494303447	0.52037828585337242
-0.6372586476405967	0.5254914987805348
-0.52609132206312936	0.39394850352356819
-0.27840951706187972	0.14690141103063675
0.10082789914562436	-0.14850517677864539
0.52514293813921264	-0.39142507135953492
0.82020919447809959	-0.4808939543828844
0.80506234606973226	-0.36575279799496074
0.43241044394598732	-0.089478782026233147
-0.12773930240372888	0.20812447326180991
-0.55659062304970031	0.35519077120224474
-0.592720265158864	0.25220748498128287
-0.22564985748107697	-0.04516412536740938
0.28399685715451495	-0.33980910931699143
0.59277969944389342	-0.41498949648132838
0.52692597105066852	-0.18574169929389045
0.19653172839250382	0.22847067099741139
-0.1143084689233491	0.57770318401391996
-0.17982494464473422	0.65303315146947949
0.0081982012322221864	0.42679671183885448
0.27381181420367334	0.05754620053146562
0.43101254457212279	-0.23595851931822642
0.43163164209062904	-0.32169975988180155
0.36400106691904632	-0.21524990393283139
0.32920708140947214	-0.027532403296973793
0.32910688090111467	0.13238505249158072
0.27377137751478331	0.21440281964561475
0.089136113046664064	0.22260434590370698
-0.18925184888580701	0.1784313724399981
-0.43327616900621252	0.10386666931559001
-0.52931014696187051	0.022787953808554449
-0.4723492732526699	-0.044841658305362207
-0.36273936741505786	-0.10262279564692192
-0.31257280168850188	-0.18714544973114752
-0.35553639266641612	-0.3377406617154548
-0.43666802315254383	-0.53787329812401241
-0.4781158766635985	-0.69044050502748688
-0.44636281218327734	-0.66824067780787355
-0.35787406145635742	-0.41479876583057573
-0.23765542186274741	-0.0086239948026987732
-0.097478896172306304	0.37249171823916249
0.036027153382729646	0.56937555366404202
0.086806377441065341	0.54353997081994454
-0.038705462019784587	0.38654678969433193
-0.35168152252479712	0.23308528367030057
-0.70421423850100706	0.15712529684683593
-0.84538139021586378	0.13342449057211708
-0.60759755032921359	0.080985029671146472
-0.073553924461559339	-0.053862174949133583
0.44022201040303138	-0.24492773896527822
0.6096547735715494	-0.39564509718666868
0.36080660780789048	-0.4024461319810283
-0.061606637113847736	-0.22560936106854584
-0.29147295584544286	0.073933343459695294
-0.14031528121068107	0.35706437471505503
0.26394596025236244	0.48480273757739095
0.60984831675327844	0.40550103355378231
0.68031036165184611	0.19046195971483068
0.51917727266519487	-0.012660688835984524
0.34910620650096347	-0.085161347936514351
0.33525059959206688	-0.020749880303407513
0.43153280865666299	0.07769061824878376
0.44405077459691455	0.081603023346591697
0.23552276910445544	-0.065952691472629638
-0.13072348036611942	-0.31543415508830613
-0.43894014282576105	-0.55415042575296769
-0.50421952547501658	-0.68395535725642798
-0.31904633229657814	-0.67552041655026285
-0.044422988114455032	-0.5702655468702188
0.13279806400923386	-0.44658606503839898
0.14013107969213143	-0.374932591513296
0.049369986717951439	-0.37665915120538923
-0.0033453623284162249	-0.4078028040731117
0.072423028168952922	-0.38742907782152497
0.26548401115798731	-0.27133049255191222
0.48049338808709108	-0.11478734939010179
0.5977105929857166	-0.055144557800891149
0.53426541438744757	-0.19670059358553557
0.28375792543365302	-0.48412840267869506
-0.070132331897591674	-0.69677621595993189
-0.37555572296273365	-0.60912245038879698
-0.47777563278520307	-0.19469017674256525
-0.30745027616936965	0.31781230776316788
0.055625977041930681	0.61581073786855089
0.39992643663431299	0.5642211236995488
0.49947575416934376	0.31924768944074666
0.26603795394997815	0.17741559831111572
-0.16984006328122442	0.29421381062630153
-0.53166636651361887	0.53862619613235996
-0.5889549429544505	0.62078317868457422
-0.33631747097559311	0.37288266528000763
-0.0054623323839032055	-0.087389217006119083
0.11501546080905617	-0.45912202549281261
-0.082243192619567487	-0.52176644174921893
-0.42607910905371943	-0.30540369385438937
-0.59834814622606625	-0.024592908809478523
-0.3945068363528233	0.13669473220068762
0.10573206538345671	0.16971052857236046
0.60241242902676884	0.19238740905873683
0.813321176001498	0.28847746058908064
0.6759948472965982	0.41059181947477541
0.35197581316690812	0.4355900102766504
0.055902494255155061	0.29922039960120889
-0.11245780951730834	0.069105959984745877
-0.19256724403621428	-0.1068179440017904
-0.2554976671115054	-0.1180860580388982
-0.30470637592710753	0.033645906944936223
-0.28377273373559181	0.25608760527069552
-0.16442655587826568	0.4435226697573893
-0.00052496064606351788	0.53928865923618263
0.11948358864772438	0.5502180593407584
0.16114923890656668	0.52482786985202268
0.17034703670173365	0.51843992327023736
0.2063804082315982	0.55874935392080394
0.25829382964561376	0.62263951384694693
0.24453385598147223	0.64460623267074357
0.10320946629506324	0.56255867784762636
-0.11957514627094579	0.37624389725132729
-0.2815983690002602	0.17133746173612918
-0.25192135935563031	0.072064197866311602
-0.015286557064800454	0.15123650308139644
0.31220069854058086	0.36404472754539291
0.5598884012948383	0.56681027808743323
0.60304138951192476	0.60665898268733631
0.42027598628780111	0.42029545749997421
0.089090850150956122	0.071164965621502249
-0.25019305707422324	-0.29390647476824883
-0.44995244687644592	-0.52739378470872633
-0.4182419772629154	-0.55063768789351919
-0.17315709229304158	-0.37471689659250079
0.16014526949127708	-0.078638706980647538
0.42698783369475818	0.23336007056408048
0.54537441984972357	0.47191291508159822
0.54944389799512217	0.58540282615197148
0.52294183047267162	0.5625559412244201
0.49159662852048375	0.42016604667455754
0.38372104467253909	0.19039537296105608
0.11903228507481566	-0.083817508903240204
-0.26296498025359416	-0.34500314463714105
-0.57243878090135081	-0.52319616120489099
-0.59915932972735153	-0.55294640735688849
-0.29704136177830537	-0.40538663557538424
0.14652998598879527	-0.11280280119892373
0.438680087810362	0.23146341948941287
0.39979979152812373	0.50702212584582773
0.086905949653541814	0.62294912648646394
-0.27593116509551513	0.5694040317956236
-0.48418566227870319	0.43148390098774209
-0.48678782483592553	0.33993572713305181
-0.36761782228546142	0.38245760158057246
-0.22808478790479697	0.52962683626234397
-0.097226303663359576	0.64386269146104491
0.05643696362384526	0.57957672428482765
0.25145146137154173	0.30751654573286141
0.44876231778311765	-0.041856709801132638
0.57310532379685897	-0.26632493223055287
0.57022282030897986	-0.2504771566527309
0.44149277782122553	-0.059729644724541391
0.2331232715305612	0.11259812685572748
0.0093140873785139515	0.10835087403618442
-0.16599605221806318	-0.069720887062794071
-0.24192860720719833	-0.27732667605995337
-0.19760010668244352	-0.36575406642174074
-0.062212855933899192	-0.30828437522713592
0.090848799074193701	-0.19635839304286376
0.1816590367543868	-0.13127759606152706
0.16922010910706911	-0.12716688436899637
0.061541480023704243	-0.12616931726921546
-0.11076657194680815	-0.096666098103041248
-0.31933555118179219	-0.09072537504504348
-0.53357221731600413	-0.18976519841287892
-0.694419624963029	-0.39399520779240554
-0.72457767336582357	-0.58221004355102302
-0.58805740726934441	-0.6089486135424943
-0.35373874905942587	-0.45022424118233595
-0.18084993565070032	-0.2469828236203494
-0.20461046347987333	-0.1876214668997358
-0.40872595576692644	-0.33041174044142718
-0.61029575887811494	-0.54124413212224698
-0.59636531387419156	-0.60951781618846401
-0.31216225014767884	-0.43915734216252594
0.070687173088986741	-0.12912170130493575
0.28054828059248982	0.13037178433826993
0.16907224518779271	0.23907756661208562
-0.16248618813424931	0.26618750714424927
-0.44325834288617144	0.34991024372915963
-0.45533356878133846	0.52627218006175869
-0.19956631150904872	0.66853496309860738
0.12779981801302101	0.60401323911635496
0.31663833945779807	0.29831501470551119
0.30499573578479472	-0.078541496316019171
0.18743145263793495	-0.28108741200836607
0.087124672307931653	-0.19326404907978881
0.035337881503686178	0.073094602670935108
-0.024562684782954008	0.27619251238470777
-0.1343232387308336	0.24457155569350822
-0.25199472647603532	0.0039628896109892677
-0.29760069395058791	-0.2694952852140679
-0.26203432390961318	-0.40552683051342386
-0.24169989682184609	-0.36014703582765356
-0.33799179281849556	-0.21636588331287981
-0.52140339772343347	-0.092344681971031073
-0.61690388687344189	-0.053615939207965299
-0.45993493388369355	-0.093632397716201757
-0.083171838780602012	-0.16555299571381379
0.26147808082612806	-0.22234582101023809
0.29931460974334073	-0.23502280589425797
-0.016717558074078934	-0.19892256639647832
-0.43878294888981972	-0.13443089935782052
-0.61492747073046572	-0.073804270299521177
-0.37549550630978412	-0.034546835389714765
0.13850302689146621	0.00019703107279699005
0.60929261040306226	0.06329356138734081
0.80253935231699125	0.15180648189296567
0.71747713375467281	0.19675034873853225
0.51490153804670435	0.10594551884195882
0.3309831478651134	-0.1400755366838109
0.16829643577037423	-0.43305184457332668
-0.046589173139505544	-0.59291462709356424
-0.32526262696132568	-0.50448941784644852
-0.55638135777062603	-0.21154708043410589
-0.58005754170290813	0.12215179330817896
-0.32459668272004483	0.35148176269765602
0.12364574107958839	0.45525706164249152
0.56877899446119129	0.50950908327477562
0.82233637357457834	0.56621777873730372
0.80141395396834014	0.57740049294799078
0.55670087227212162	0.45098632530068877
0.23301139107436669	0.17725289409335274
-0.011495685026782523	-0.12247501763173588
-0.08520977020366885	-0.29328624062467046
-0.0029659155768589976	-0.2989667517912773
0.14021767209781136	-0.26445111229975293
0.24807142118690204	-0.34530670640894245
0.2947549596003563	-0.5519408439307385
0.32628893669540737	-0.70853777837228438
0.38986142783405148	-0.60793511249776833
0.45959036926035673	-0.22500913220039689
0.43787781384532865	0.22404592756669231
0.24381944353483184	0.44255250577613464
-0.092754096764582947	0.29322454787117697
-0.41931482575816625	-0.093859232579808743
-0.55533726603376987	-0.43444734484608832
-0.41782161159534659	-0.51495795176760306
-0.0886886308340437	-0.33235928536983222
0.22653794437827879	-0.053782629499161544
0.31472068744243437	0.13609986447056496
0.081768883355211888	0.16029944179119585
-0.37542559145088761	0.064708308747816995
-0.79945190076374306	-0.050522047167682362
-0.91003484762821674	-0.10547994236978048
-0.59108349195040022	-0.076375770430552492
-0.00051114858283497994	0.0078222653840773395
0.50190327318434436	0.083799718185415387
0.59889515148361716	0.088021994758046201
0.25984938285893139	-0.0014022326196386204
-0.22046856411096463	-0.14349592298953148
-0.44455735709380423	-0.25879053606173485
-0.23004496517858197	-0.29398518489431813
0.24629827504500817	-0.26130013488595549
0.60489431786160774	-0.20934495543850787
0.58298123744299624	-0.1507240890181884
0.23903482683420807	-0.031643751387199666
-0.12354562613783004	0.20126909524766617
-0.2246923015864129	0.49872263969527597
-0.025297319699407114	0.68954407502298676
0.27688260990532443	0.60194132649561882
0.43354149045132884	0.23097850210002632
0.33390933382855981	-0.21223656437758867
0.050156283270858019	-0.44589243820393665
-0.25738471998244661	-0.34815817843355362
-0.46329279863245892	-0.062530733089407861
-0.5367618169162226	0.12712549028135614
-0.51893136650646232	0.043598838318166321
-0.46717179026344635	-0.23354819078585146
-0.4125733175789163	-0.4434216151935092
-0.34739796004199752	-0.36907985953108141
-0.24095433805043329	-0.0092795386006332206
-0.070765011418762389	0.43767180257801308
0.14329717377327747	0.73448245142320057
0.32868359549407272	0.75647772962230553
0.39070584767626337	0.52723445059018181
0.2670845923053306	0.15685277645658585
-0.0254493229521222	-0.2319972964276994
-0.38724186451358833	-0.53781016831257067
-0.67348525299115647	-0.69124681187331127
-0.75503671004172079	-0.67950032475964484
-0.57709216973280975	-0.56637205467124219
-0.19279251213796833	-0.46647243241186981
0.25182282713922016	-0.46774686178690655
0.58832613476515683	-0.56162219233558408
0.71919696138661715	-0.64576869644185952
0.66411591859447805	-0.60194047918155225
0.51396204100111431	-0.3836910658379038
0.33341688396378988	-0.043449188688338088
0.11059502671756281	0.30341429830492928
-0.18034015502086972	0.53341193023213229
-0.46615386389326047	0.55577118661858549
-0.55956731466547949	0.34134338763868566
-0.31091727250624862	-0.047258555912506585
0.19673460557912001	-0.44912670386046388
0.62968517588042716	-0.66705288533952689
0.64005682507097672	-0.59527987757815959
0.18142459177104484	-0.31626289130081353
-0.40365724108715018	-0.062682007523644709
-0.64535391535652309	-0.040559514893576336
-0.34856326745524896	-0.24934883447201744
0.23773222370797836	-0.46801213107007006
0.64534076820340847	-0.43710895896515861
0.60355890865885053	-0.091847295001343227
0.25801863613807269	0.35987872187733561
-0.0013527048262283099	0.59263643057917759
0.079074637616930413	0.41851113803936002
0.39788902966293616	-0.071550875741115766
0.6276072053403392	-0.58692192781424979
0.53733341002506652	-0.85525544781846219
0.19293940258729553	-0.79740037589417467
-0.13373187887551538	-0.5362898355649558
-0.22231019578424771	-0.26876957858357398
-0.077837648824328004	-0.12151738572097469
0.11548632889653673	-0.093817293531572615
0.1766697301017979	-0.097917602341160856
0.069584930678927806	-0.045349508020501535
-0.096063169670089044	0.086420840891353365
-0.16440017603872298	0.23936155593926886
-0.042586347874389745	0.31395970213418156
0.23764020027508431	0.23904638725548355
0.52530250152089919	0.035365294367013758
0.62382581398630876	-0.17703071858907593
0.41514030931971863	-0.24458239843708074
-0.03065001670560423	-0.084393108046606824
-0.45900130968635006	0.24463123058091274
-0.58561944696749535	0.56740204360417368
-0.30774232300163096	0.70022313987990481
0.19747867032090743	0.5652582226528331
0.59163655915215263	0.22813175460221433
0.62435497056328759	-0.15735347665658375
0.30876153595633693	-0.44184457149911027
-0.11455631133471925	-0.54737337693528343
-0.38194509906510016	-0.47816425641392785
-0.38807457719284871	-0.29616467734036001
-0.20815168557869859	-0.088353624653914095
0.020279042669308755	0.065018875936257409
0.21632196764388895	0.11909067151303639
0.37527936472027029	0.085288174306718201
0.50931109923285789	0.024979240488584041
0.59196000419687045	0.011180222196018233
0.57041967881273359	0.077944612544858155
0.41797619760271687	0.1926428216028781
0.1699483197904145	0.27253635284966177
-0.080190477999982496	0.23630309536767413
-0.2196511574430754	0.051416477226739705
-0.16852583407418523	-0.24331443680965678
0.067615736475314325	-0.55025604816962748
0.36941536194546548	-0.75085226100637781
0.54006580266779702	-0.75808652350231132
0.42268767973210908	-0.5700260984939487
0.03290632737883379	-0.28902903662045021
-0.40575201351490559	-0.077904842636177474
-0.59240635895595395	-0.063867787293559644
-0.37194456442185042	-0.24417001908693053
0.1326523470976132	-0.4773524757422975
0.60075352581389818	-0.57707198847919494
0.75207555095477441	-0.44988040060210738
0.54876310038622911	-0.16522607712236445
0.19072313501204224	0.10125179400935855
-0.070145741212032944	0.20716999351828969
-0.1213830327145221	0.15071702650726401
-0.02746794135868131	0.056979327011572045
0.083976958268391452	0.064436208755655214
0.14926412122194432	0.21297867279940708
0.18513414211850543	0.42181056102801689
0.21292807630167784	0.56125533512012626
0.20713254711112489	0.54583007800175154
0.13481465674578108	0.37551352151126882
0.03558559688541757	0.11272392629829747
0.024702686114210663	-0.16195790081582018
0.18388466551486959	-0.37608707914880257
0.44268677721979621	-0.47249579003868275
0.59206583622563913	-0.4242345647919829
0.45323952764746278	-0.2609901816762295
0.059064662295850515	-0.076965049319129591
-0.33638131168678997	0.011127922767016648
-0.45262927506513828	-0.058136064024396077
-0.22420522734234138	-0.23750394190377658
0.13156231955816236	-0.39655486414329116
0.29222849834922054	-0.41972241070808775
0.10246403295270348	-0.29926822549654974
-0.30030069646950391	-0.13863124046278003
-0.61044464108230068	-0.059058506368757376
-0.61366724258921346	-0.090769212877083644
-0.34641284923421811	-0.14559160637105831
-0.02765416421698658	-0.10018102636567183
0.15268073153000333	0.083525446361122399
0.18321032601192855	0.3095438555428906
0.18721136290465792	0.4191386949338789
0.25609067521066881	0.32513800120354358
0.33709388496125692	0.093323156756367001
0.29107520075905002	-0.10022783423413961
0.056776568462552274	-0.10080592935822257
-0.25717012431391961	0.11258587922265996
-0.45044533852246044	0.4190052065439433
-0.40819207474327396	0.64779492038486941
-0.20464053922980607	0.68774766199472415
-0.028314830811312849	0.53736752161288992
-0.0062593634349332929	0.27460234464439975
-0.092730571049502414	-0.0033380813395128698
-0.12973556727972224	-0.21868650098856501
-0.0077194911434368078	-0.31843011243662611
0.23247574348748687	-0.27403359207815264
0.44635960746056175	-0.099015088343903268
0.52348571729966553	0.13937359411404132
0.46779435369474059	0.33886579566316039
0.35453436910752034	0.41606849721350414
0.22551972834332673	0.35666745191120375
0.051095764570223953	0.21553191716745063
-0.20075794324834823	0.06546330359289404
-0.47647428473009273	-0.055467277433754382
-0.64072641666133678	-0.15098646737231253
-0.58922745152445422	-0.22881041264514812
-0.35928949045909969	-0.26769446256708124
-0.12354322159330137	-0.22580536546333577
-0.05746212824341284	-0.085710463083035718
-0.19949749279183407	0.11439551800895177
-0.4280657953302946	0.29730074065876183
-0.56947538518102214	0.3998516673402277
-0.53680366113021505	0.41716982466027419
-0.38223737415458747	0.39833734431238277
-0.24031772074431404	0.40225100987151496
-0.22273227789443187	0.45245859639001007
-0.35009632269006746	0.52157690803170165
-0.54325360494454467	0.54980334602388192
-0.66409639726517133	0.48372368643229724
-0.58497940651956271	0.31298733478131557
-0.26855654939488027	0.09170417117918922
0.17866518059509598	-0.076684629220993963
0.5358371851101642	-0.092852089736343707
0.60181084836641252	0.065008265917212094
0.34839744835246661	0.3053515591133027
-0.038098603155229858	0.46441130103607242
-0.29629087063339904	0.41487434258493033
-0.30740864062069784	0.16695684162377694
-0.19027782157438095	-0.12276523423021461
-0.1701112359903513	-0.25469423983043438
-0.33583665082768838	-0.12464517848419361
-0.52580356313182186	0.20858130057277532
-0.47679676216414374	0.57083452513076016
-0.10153792087492768	0.78795967013631252
0.38592383048272061	0.77478579510870293
0.64236228284611541	0.54950299977814165
0.51263209270550514	0.19030830371689936
0.18012178571292994	-0.20864666230632165
-0.0076110134816387617	-0.55500218867587037
0.12220931480558651	-0.76267969558053161
0.40029047848109811	-0.76723769432714084
0.48565181972401411	-0.55437949398032371
0.21119574133998736	-0.1812938204462794
-0.2373111595695449	0.23359908622646958
-0.4821044448864224	0.54728482935381562
-0.29851104076445595	0.64043391629526014
0.18933520167701087	0.46858702754727188
0.63511836650292264	0.097432566383153785
0.78181810309269384	-0.30003610161323341
0.6568791377475709	-0.51456533145982741
0.48945526048020366	-0.42240649168574201
0.46327418969966067	-0.08149729502321465
0.55886483409590748	0.2839281486829261
0.61716888078018584	0.42735493401867064
0.52763849982638567	0.25456637043600272
0.33809527932644157	-0.11076222004575202
0.18903692948983283	-0.43120329981462574
0.15790975574595406	-0.54355394541249069
0.18010986444057783	-0.47097124011599734
0.12102709181078833	-0.36361400424286888
-0.085013212672771732	-0.33477185738275922
-0.36925998597372928	-0.35040676574398211
-0.59160588237369616	-0.27538771737337536
-0.66290693405270207	-0.024976576472446554
-0.60931626898372582	0.32888620358778292
-0.53053856257866372	0.59578202186193463
-0.5075644559571908	0.61659355918215331
-0.54287334295939027	0.3860392080416753
-0.58077293482474446	0.040953990179161702
-0.56752988317790343	-0.25933279327152409
-0.49220074929855573	-0.43981976829432506
-0.37887360819383664	-0.51735866569540567
-0.25823696209095598	-0.52511976354906531
-0.15461281305748625	-0.45421486770703645
-0.097926391522953252	-0.28216683030242345
-0.13252704264268869	-0.047449180128599444
-0.2903660204048174	0.12858853995511471
-0.54027114656703734	0.12564174528200159
-0.76467138647711341	-0.055065991872269342
-0.8068333034355385	-0.25885313375140667
-0.57559660816354374	-0.2885641042717117
-0.1322701424527748	-0.075806141941689303
0.32394307882590379	0.24740111810900706
0.57579156895480776	0.45165996545722548
0.53277347485974003	0.3979632569532795
0.29139387102859632	0.14312373951591228
0.061783345248991046	-0.1358444506281197
0.015965099861033151	-0.31233725022469805
0.17542400332503411	-0.4034854940166398
0.41668996334070413	-0.49961820280175823
0.57412296868514956	-0.6160628152967873
0.55536777822607342	-0.64231782995364117
0.38030217239508946	-0.45742805967938543
0.13976582809385674	-0.094947061955704917
-0.077179249741270883	0.23166870083629401
-0.2207586736846725	0.29656649250888006
-0.27376913353101928	0.075034036072017751
-0.23081999881039486	-0.21290552600665108
-0.098474612975359879	-0.29227967287100282
0.09183786444338872	-0.08671990764462166
0.28224797774965804	0.20460782247587328
0.41799902247529092	0.28529097459551334
0.48503826450963494	0.036081872761787169
0.51351305395218172	-0.3678726224036975
0.53757003772797751	-0.59496940864191039
0.54482682184992837	-0.42894213480085713
0.47172017191476062	0.062655341037711601
0.26078988430787792	0.58401006213096951
-0.067562623128221699	0.82715129760538342
-0.39696294784162572	0.66860503341974398
-0.58076743740503078	0.22464388155953324
-0.54197090672507886	-0.24344421998099419
-0.32450007320827629	-0.48666113555114082
-0.055853347833275183	-0.39576148955177198
0.14502591415472577	-0.047040411662347494
0.23020836390839847	0.34781055328315819
0.21455759723413048	0.56526643111918162
0.12413588348241164	0.50087899951358428
-0.028195020926092492	0.22247241982786764
-0.21432231062290596	-0.094646159863468665
-0.35402397180248701	-0.30244022209729021
-0.33593628717997703	-0.37346525954176257
-0.10448616847643052	-0.37881774565846749
0.25904611819204248	-0.3833862082701186
0.55248058561728808	-0.36893355709650427
0.58172459876756599	-0.26087656498405931
0.30776259257795213	-0.029957977859765492
-0.10961142607981457	0.24477169785349151
-0.41985420220991476	0.41966019533931609
-0.45318164890647944	0.40331574945425885
-0.22568299911148837	0.23678519318029886
0.097939818052181826	0.061983006285135624
0.33753039287686709	0.009647829692205517
0.41731366814385373	0.10280801201380943
0.38428349621443408	0.25136766697602392
0.34024371641428625	0.32801298302537946
0.35175942172525138	0.25934536139848907
0.40890513438385673	0.07372515928976188
0.44565373209770331	-0.11802991824314318
0.39497392795976299	-0.19036912147885923
0.23328187498923608	-0.080532887165715841
-0.0036385337008065666	0.15922747685820826
-0.23850188967120758	0.37680038407034627
-0.39616393421085577	0.40551556137982447
-0.4470973026930169	0.17783283517714291
-0.42465922625245378	-0.21533744249273373
-0.39863660131673512	-0.5701702360738562
-0.4235535493333028	-0.69948788284412067
-0.49629798515210799	-0.55042146885839482
-0.55926294089251283	-0.22332065743377782
-0.54412833487441914	0.11150533739216656
-0.42510550915099327	0.32507250256118891
-0.23838971807071113	0.38089973549906941
-0.056279559736734125	0.30854813308407009
0.057502588178173511	0.14996430161426508
0.080852232415103031	-0.061923416609770229
0.037513258771867529	-0.29003602653720528
-0.028601546762061471	-0.47895535387416643
-0.083932295566484988	-0.57417802318676381
-0.1258526142748391	-0.561018060096517
-0.17237966675161417	-0.47759331428744362
-0.23097404895199913	-0.38610823950823581
-0.27228113000259863	-0.32505684197863904
-0.23798805053822786	-0.2887577750472074
-0.091725469033231644	-0.24579132554545419
0.12291228927950747	-0.17003874991785156
0.2818270454452097	-0.056599433856701777
0.25449098172073364	0.079534417972081578
0.010491583147674354	0.20525700833325292
-0.3334724143682341	0.27450901899742036
-0.57537426084127397	0.246912562902216
-0.56205377383607902	0.12400341923362965
-0.29146941532802567	-0.026118751479330855
0.096576032689708519	-0.095590786399384828
0.42178806333897007	-0.0099522347350679448
0.57179489758658963	0.2032325733964315
0.54354417763348439	0.42231410530514979
0.40611313487950612	0.51454938706780562
0.23819386581985255	0.42768270384469531
0.089160183626702291	0.20819928431943607
-0.02873347770148223	-0.056563651091375698
-0.13053199296150897	-0.30716338803725424
-0.2414478783701284	-0.52110824142400469
-0.37288851191558881	-0.670908843420986
-0.49923137945865104	-0.70540854070176218
-0.56430878916839378	-0.5986561999760347
-0.5216728604478521	-0.41456995361439297
-0.38325349269224906	-0.29716843278086408
-0.22345084586730812	-0.35710906315939472
-0.12201665888085508	-0.55330976904594942
-0.098156293025247976	-0.69640785512452064
-0.10421670024095868	-0.5975294591106145
-0.085343541211764448	-0.24056274194568425
-0.045976540195065405	0.18611688436066068
-0.047574266912657336	0.43316286621866257
-0.13860089233392761	0.38652678712857752
-0.2941738706103994	0.14058768293616269
-0.43558442980741241	-0.10583376046080178
-0.50695149278046636	-0.22112019405831104
-0.52004813336928513	-0.22378360192580649
-0.51907535021494056	-0.22413454154106538
-0.50749564574684447	-0.30250651205508661
-0.43583904102943533	-0.44271750710901953
-0.27640443704917861	-0.55998755071470796
-0.099187722035163586	-0.57389647408136379
-0.047328106439569105	-0.45892369477903944
-0.20663212698509401	-0.25137014821131026
-0.49357579152656167	-0.031101887461210828
-0.68433509793237368	0.10830193774190626
-0.58348591503669245	0.10582978435804935
-0.19088048498421359	-0.022823723352183398
0.28355926804380827	-0.18412686177965434
0.57481423719147484	-0.27749749044823507
0.55555109534395497	-0.28411984508107707
0.31445820078910791	-0.28164202984682785
0.071662909769472358	-0.34971504148546789
0.01135662381116761	-0.45004337609147166
0.16246866052064621	-0.42179815377931784
0.39867404697951703	-0.13596569778736184
0.54030720145524147	0.32736056228640659
0.47846975965680627	0.67397252191393342
0.24500134779741697	0.61800376278449864
-0.01334177707495394	0.15099842167773295
-0.14059749634082153	-0.40064061836026799
-0.08819621771929885	-0.61771412674018078
0.042452867668818797	-0.33459585802526909
0.079316378565062892	0.21957855623883021
-0.072633495093638339	0.61399293686341172
-0.33498963730339221	0.57760205338549298
-0.50200092655526785	0.20978200698809127
-0.40097148285832762	-0.12905851169715449
-0.042767972919556238	-0.1345136737264111
0.36460571244026557	0.19886178783463243
0.55236151151502966	0.59820146779441252
0.3777512088786058	0.74624180755686764
-0.075195479553232303	0.51824795113974687
-0.54169958106151983	0.049557350443562319
-0.73101671118224243	-0.38181119737789682
-0.50000780338798601	-0.54336033327418576
0.051317466930287464	-0.37813561796228368
0.61576063958148952	-0.018269555358510044
0.85046154278013675	0.30309326714395013
0.59844070207154088	0.38605560727254262
0.019173393133308868	0.17556683508184179
-0.49793655667431702	-0.20956435247748617
-0.60934701353856868	-0.5511250849457483
-0.28643437140920663	-0.66745430470049005
0.15086363309462941	-0.5241469187945289
0.29827027243522292	-0.24260721325640242
0.018025390482151293	-0.0011852794528674864
-0.43217602383483084	0.096040282223739601
-0.62146471675226211	0.082633434964738586
-0.33264071678648133	0.081706701010130542
0.23345687745336222	0.1914129218504966
0.62170525569094715	0.39370491804856539
0.50922029395302382	0.55473080757611914
-0.032966077010284131	0.52189322605961952
-0.61812690942463233	0.24804960062088494
-0.87190226455661768	-0.14635896620908245
-0.71046426463233603	-0.43048951190647633
-0.3462944721029555	-0.41327056524693301
-0.068556206629511229	-0.088813433389058838
-0.015712151528509861	0.33734334248518794
-0.12096340097341947	0.57937630178924693
-0.22296332858815487	0.47482660358436146
-0.20475701151551182	0.10537676070236722
-0.05194437664849829	-0.26752887443716694
0.17565151794211203	-0.40626507771063164
0.39658603253978014	-0.27465660206548548
0.54503086800987133	-0.044841514969234351
0.59700134858163789	0.062417597087842364
0.58097937497840024	-0.043925558260752437
0.55636320034408904	-0.27931649061203562
0.55656377199789431	-0.48479466528329462
0.54068120365022454	-0.56176879308310756
0.41424833411614786	-0.51363583482480257
0.1231832028007353	-0.38718820292566986
-0.26489146495594923	-0.20362125230408776
-0.58546585315561273	0.032344437899482603
-0.70565698868325477	0.26953658328515057
-0.63699267973792661	0.39067474147750952
-0.52126775735481445	0.28827454621578341
-0.4942815119843646	-0.023426046131922919
-0.56038823378961666	-0.38603681452066968
-0.60125097723235399	-0.60710201457252877
-0.50341202235688165	-0.60976709895076087
-0.27506033858989892	-0.47728677195373848
-0.033168578372476581	-0.35051564205751762
0.11496850868186138	-0.27982462690459259
0.16488514032117058	-0.18488185374163316
0.19203921264490234	0.034352353288258024
0.24827883878169943	0.35258210247397964
0.3022291145870375	0.5988855222563132
0.2845245604562322	0.59850012120631302
0.18398334408475522	0.34475358349488305
0.074220794974470747	0.028233589725645408
0.037640510266283289	-0.11328253198088895
0.069319553349844618	0.0074322361230074159
0.071015526352233044	0.26126650761836323
-0.042099353052984706	0.42284257240236905
-0.23462957840234355	0.35967026158423954
-0.35627531878324326	0.12791071138392385
-0.27206271773297208	-0.092295948803493372
0.0035685719781920703	-0.14456835980527996
0.30022134687980301	-0.0013407633909827521
0.42687537655482349	0.23700196347557434
0.33255309081839018	0.42048539398476348
0.14513893054292767	0.43488492785255572
0.055263407544350364	0.25894143115872631
0.14991034856326885	-0.019310047967834837
0.33621918348118135	-0.2410387221550872
0.42019039385893875	-0.27801481997743016
0.27093557885968095	-0.13989283347043355
-0.070405846378262527	0.0094512523197235552
-0.41838887636874178	-0.020794175180243853
-0.57990230633162843	-0.25755277653804998
-0.48525862497916333	-0.49975935647938013
-0.2199140210898034	-0.47747379869437734
0.053661747094821501	-0.12058663914954752
0.20967508526777515	0.32620238513059013
0.22000992187300689	0.49515244287603144
0.13564780044738131	0.24381001175259756
0.027426089279419433	-0.18043265423086086
-0.05976389417376498	-0.34984268581665168
-0.11055865310354232	-0.065813229382666941
-0.12224586820633372	0.4323820131374978
-0.099994308172104154	0.67846514665285473
-0.062961747366946541	0.42307497822737411
-0.042544367922993098	-0.12841409640114443
-0.059767607555512567	-0.5226540790036649
-0.10129805805281056	-0.50175811549488991
-0.12485088958800834	-0.23650940680308707
-0.09799284028434653	-0.11793193726923945
-0.028097877941426729	-0.32997773280219239
0.045196277092788339	-0.64781411782592369
0.094509297096695546	-0.66992430082136556
0.13099063741402267	-0.24208899031450584
0.1801080322190759	0.35660684287407879
0.22957196768364604	0.654632049765562
0.21100052035638561	0.41469044693131274
0.052765799236311459	-0.16256869256776252
-0.23650202923338354	-0.6339046559562026
-0.53679638089635595	-0.69470744066667967
-0.67775977493801098	-0.39456448742355138
-0.55227252155749951	-0.028485359476996031
-0.19506762004606756	0.1400682366600397
0.23446442015968413	0.065486662182741948
0.54287663573502143	-0.1047100156118852
0.60451600029670816	-0.17928145721560368
0.41794925077325001	-0.055003105800067752
0.10419651591731044	0.23842412033213056
-0.14756090493328533	0.55885437974196861
-0.17642524869631895	0.7170619513116977
0.046491835404196401	0.58161849153601053
0.37574362398089733	0.18733571572330607
0.56424509335350415	-0.24585334199912251
0.43882399814374901	-0.44080787583751435
0.049382558971719059	-0.27284779014377064
-0.33983087052506872	0.12181660487433038
-0.44322749217020863	0.45378450168997037
-0.17886799875198811	0.52087238098934163
0.26738533101368328	0.3622766148328681
0.60380608151125492	0.1776836640326746
0.6779263262748032	0.10582934942812988
0.57898187132716317	0.092401202832397278
0.51441076609566672	-0.018488562012876249
0.58377040221184107	-0.27892617842388595
0.67814115764390925	-0.54630588051877704
0.59580327828174817	-0.6133351805692514
0.26081183261567048	-0.42305093332427302
-0.17294102546149898	-0.14652261663910973
-0.42725744550064204	-0.034907992761597111
-0.31906845924954552	-0.18787412022791514
0.098207343902621411	-0.46057633973005924
0.57523857993193273	-0.58932547951877678
0.83914767047387828	-0.41286210337659524
0.75751549224389547	0.00089696238120196806
0.39471076911393016	0.41488871362679197
-0.049507425568133347	0.59226782284547064
-0.35702806172287671	0.4457296974777209
-0.40846674030971952	0.077971226369432226
-0.24042106444963829	-0.28605296355774068
-0.014089522152240692	-0.42524283300378074
0.10252139878178107	-0.24996138271345167
0.06616196950886169	0.13670759366227819
-0.0078016609225917315	0.48916501005951252
0.046229858197493742	0.57787177614295016
0.2744657312619096	0.35276528856399775
0.53329173958403098	-0.014843148819619888
0.59954939888687042	-0.26408264106855317
0.37540564085636158	-0.24953111955086502
-0.0061990763203878798	-0.051711400211442091
-0.28569080315523887	0.10522838835943026
-0.30416737005307976	0.051427746915216004
-0.14184467409761164	-0.18696784946172484
-0.032161804294964458	-0.42014355582808927
-0.13858139229818869	-0.45533999115798851
-0.40334449421806345	-0.24386419056428263
-0.60374706927251587	0.093981942934558291
-0.55390566642622119	0.36340697952233403
-0.25632422383173126	0.41843710669725137
0.12107729185668126	0.23481759300074687
0.39962851067083721	-0.091794070267883943
0.5170037298986806	-0.40370164552943494
0.52312836062557433	-0.56458925742685562
0.4845175731350036	-0.5330963238929245
0.4102338456257662	-0.37870456608120334
0.26694430633678579	-0.22213562220338931
0.053347941234877093	-0.13235836249679911
-0.1592744748261628	-0.071554909470224679
-0.25991359182760232	0.05416170372947593
-0.17331212718432812	0.28013176900993791
0.085091347528087322	0.51293845814705175
0.41286853110486582	0.58916086625656983
0.66838884875832938	0.41669160474218253
0.7303793427982469	0.066487024902059627
0.54880821107879674	-0.27282016401219272
0.17275542481185954	-0.43663025162426583
-0.2555017289929068	-0.38966609337218272
-0.55272147666114413	-0.20675447592386953
-0.58131060778248123	0.025823137417399694
-0.32898974086114896	0.27465479095559359
0.076826865895285965	0.52980870187998819
0.43849515283807583	0.73576877493073456
0.60528217183288102	0.78110011602753937
0.55980658530372762	0.57969305462719789
0.41735633073634248	0.1666484138292251
0.33504169427763969	-0.28765020311832218
0.39672756295875017	-0.57183202277013023
0.55197559984226285	-0.56326068790120687
0.65183771152485015	-0.29375791418621139
0.56017083640231258	0.085966282492445326
0.25958570105481477	0.40316029149294041
-0.12438791043477798	0.55735292247286139
-0.40116774180002701	0.55808779980715317
-0.44574907812125275	0.49893314072119221
-0.28417345202754285	0.48507512878749931
-0.076688985837755574	0.55403495642714673
-0.003564228293380134	0.64130568532580812
-0.13945086734725418	0.62085646325366894
-0.40191386427886294	0.40346102435851594
-0.61121377177897285	0.023947554164322933
-0.61548408019921563	-0.3595753676943641
-0.39435917846705076	-0.56064170538688574
-0.070811155341107226	-0.49054709425158211
0.1767502704811551	-0.21765562351294729
0.23354062525220118	0.077722821764477035
0.12010316359588899	0.21899304944869333
-0.031614989140233578	0.14150816898547264
-0.072468229525506925	-0.071376399859433115
0.064519431169322003	-0.24156275982269532
0.32061572703871993	-0.20745686226631702
0.54870291687009354	0.064451945828469248
0.60252104484968405	0.43666825580042506
0.42666824086266203	0.67019366791765744
0.091638646541294361	0.57961044013881913
-0.24395489477089513	0.17821952829784024
-0.42902402693983505	-0.30754467307729622
-0.41369908567289093	-0.58386074804850252
-0.27977942893372609	-0.49448873773053414
-0.18043870366863082	-0.12709239187096391
-0.22114709903500535	0.2663526864012854
-0.37238615492430871	0.46126148193516514
-0.48688203193710261	0.4062941239705925
-0.41897910134493699	0.21406433062847505
-0.14958138949081456	0.036460262396920642
0.18957187357071675	-0.049940034794970861
0.42046603939729238	-0.060004555185575813
0.46469659050347795	-0.036865051790242104
0.40033161068531248	0.003202290492839337
0.3770658438435549	0.068139489132209505
0.46681154536277547	0.15444383861128796
0.58818502575878828	0.22742631438630181
0.5766511008650077	0.24035407624958779
0.33613400500700408	0.16317955087377842
-0.061511117161155725	-0.0041551862160640963
-0.4119498565202333	-0.22948517391664189
-0.51722926480554354	-0.45105998479781734
-0.31522084851776166	-0.58777224116795557
0.086019856910634754	-0.57786393667511593
0.47563407805234614	-0.42633961186548003
0.65981888960407509	-0.21688518426303607
0.56036575792457466	-0.052162258787496391
0.25215433947474608	0.031796698101554881
-0.080878282330870174	0.092028971427780548
-0.2507527462014047	0.20732989472432078
-0.1812596014251307	0.37356922154155492
0.046736956453485134	0.48403528030275217
0.25953466053328178	0.43040782806617983
0.31996439892805001	0.23063395468382333
0.21863788754042252	0.046989881752912056
0.051353185465971493	0.052785389710867776
-0.092545953146818252	0.26880186413196916
-0.21200929742838157	0.52215946095183285
-0.36421791102632944	0.57593001664412036
-0.55599728003681415	0.31878126976182453
-0.68253372495623621	-0.1439828516991962
-0.59531205022939204	-0.56333326859726707
-0.24835262301600902	-0.71110486822774455
0.22623418682797258	-0.514627579816192
0.59483528202608082	-0.0883219625970664
0.68840997592865927	0.33502662172633901
0.5116233267378173	0.53279018630211228
0.20587231856044347	0.42066791270341775
-0.076922845588017541	0.11419543178912635
-0.26849533317184959	-0.13483303158041554
-0.37176979312052211	-0.11312072778015937
-0.39276148656318605	0.18089008306852242
-0.30682426149813474	0.51500149299834341
-0.097283790936468509	0.59892102082272347
0.1895798073941343	0.32631284845031522
0.4455200682594912	-0.12630989290202324
0.56447899784977529	-0.44217023832345814
0.5071430061325366	-0.42598686448511613
0.31715596184648087	-0.15344719275236082
0.085573100721927725	0.11993126218340512
-0.094942902674411106	0.19092837490463485
-0.16014277775592092	0.061095208030702605
-0.097937771232465998	-0.11079261657433292
0.036526089875672969	-0.1787851285391662
0.13612823347294878	-0.13072389849825228
0.10966803489485302	-0.063063097207711249
-0.03242827449855238	-0.067858268349310524
-0.16041600728301283	-0.15109551317986711
-0.11984861484498877	-0.23754584815216948
0.12543136744003236	-0.23065351214505667
0.43701458390760262	-0.072320811153891787
0.60653828594297554	0.21692261278776603
0.53626977815251997	0.52633541722730992
0.32801841409091131	0.69210825846295865
0.18372624133455318	0.60113916732513761
0.20825063867788121	0.30658275012142172
0.30875885952355531	0.033240890661397487
0.29950035124175983	0.017809452346476937
0.11069606461153256	0.28850181815525378
-0.11421074561515261	0.60107436541654713
-0.14352093460191545	0.63488758713638704
0.10734475417668927	0.2970807446434478
0.46263061108567438	-0.1547060532319606
0.62355034203639992	-0.3254615006927063
0.431889494463921	-0.052548717673987742
0.019015347717101935	0.420046626633031
-0.30534853987688287	0.64726659509218831
-0.31395308229064584	0.38630491256466165
-0.03616236938055388	-0.18616246938031408
0.30516737675678313	-0.64326859718200546
0.50805597051688778	-0.69591961144196723
0.53970079054423403	-0.42612519574609214
0.4925662217771446	-0.16494824929855503
0.42567625304350104	-0.16672841454206178
0.28252928605384608	-0.39806163754662954
-0.016010882179747617	-0.61565210252103653
-0.41501655075618071	-0.60982833856136454
-0.6920608658093359	-0.3695170521290661
-0.6193012470109549	-0.04251201495197781
-0.18428543835758082	0.21661235958600827
0.34831671525439101	0.34993202311906563
0.61530736898142591	0.38396854021198829
0.42976656203800828	0.36343346487859945
-0.08517939678024794	0.31141565856433073
-0.60966933661056832	0.23046356783022071
-0.87012550091459473	0.10485243403347731
-0.80107655451711235	-0.093327945165317339
-0.51382970158716756	-0.36847151733446948
-0.15158514232571327	-0.64553980051058935
0.20735993928850424	-0.76844350276405349
0.52349201272279289	-0.6066929821409639
0.72544242445729912	-0.20243332413534004
0.70752536965505919	0.19590134595293532
0.42143478703912896	0.30225751105345722
-0.034724448084460117	0.045199043846804336
-0.43741858632764158	-0.33475270951013197
-0.56783447748244031	-0.4709406380809168
-0.35180798594065882	-0.19457032517944781
0.097690130544782774	0.30326631582558489
0.55403128031262106	0.63435119814884133
0.800769890928829	0.55770854823162663
0.7359591440177935	0.18178775158527546
0.41628726242691466	-0.1553005765960741
0.032072889595178983	-0.20589627159270113
-0.18691343864325408	-0.017696954378586802
-0.11023810674290599	0.15070054014189446
0.18874738891284965	0.10077412381029968
0.45796025945022645	-0.12394837054728716
0.44081451742596545	-0.30260100943121593
0.087420470019867469	-0.25719871470697636
-0.37604603089628796	-0.0037994347426905796
-0.6092808736875569	0.29333569717359292
-0.4293835253337443	0.48377400419803113
0.035988656047544337	0.53799435807967333
0.45586619114058402	0.51341967657681076
0.5644691437132443	0.45014876354381095
0.35231051434563032	0.32681115206748823
0.019828323210433874	0.11618396507557943
-0.23648514560762027	-0.13496958458988106
-0.38094397468294716	-0.30114854701588722
-0.49940217656686142	-0.26946023832221166
-0.63863073621632982	-0.042730319351598177
-0.71757922855652356	0.24592098769234955
-0.61228804059367015	0.42523176918371158
-0.31694521294320366	0.40855013595551509
0.0010303617287468259	0.24391279078564465
0.12698097102940398	0.054161342638290561
-0.011517578905580183	-0.070836484167422956
-0.27643389044928035	-0.13722661270869338
-0.43698534812113299	-0.21224586963003891
-0.36378532985569628	-0.33037242381890902
-0.121066833352779	-0.43766996362091531
0.10827846212896512	-0.42882627713861748
0.17859457366356382	-0.24993771844898338
0.078225996336336853	0.033852683554669513
-0.098057546887095906	0.27360819477666398
-0.24863146396092395	0.34689046046880512
-0.33651520049348843	0.24158091850017302
-0.38945834431502613	0.040522941230576176
-0.44888767273051239	-0.16762361844327159
-0.52073306102732242	-0.35275130479176192
-0.55997931669479983	-0.51518825626177134
-0.4940909234596898	-0.61456533312921824
-0.27262272155250161	-0.55675071682078903
0.078124432030858157	-0.28383235949721836
0.43745948533466816	0.11881381452600849
0.63731078601782565	0.42972889974864226
0.55993016499983228	0.44304267117586527
0.2215243383364606	0.14766229755798327
-0.22085071047747459	-0.24110317491916453
-0.55668060038683054	-0.44035890741703659
-0.64577218151535765	-0.32275430269414301
-0.4957987121077318	-0.0037402813951346908
-0.24761735824690947	0.27560901539188509
-0.086373779880331	0.35816621221496864
-0.134370988164912	0.28154366375153012
-0.37899000424377921	0.20990293192626788
-0.66862305380075704	0.26739847094519587
-0.78782987791104087	0.4335151703365403
-0.59188153853169756	0.57837917291025931
-0.12631052720298291	0.58491831093882385
0.36824326669424906	0.43946922374454056
0.60774362368164447	0.22844123041363323
0.4779987245756438	0.065485440607304338
0.12981404249518963	0.018899461914157756
-0.14663212906939391	0.081238249083020131
-0.17558996506752275	0.1865866047208426
-0.04484157233757332	0.25497193312927852
0.0044931282145467795	0.24495825707671165
-0.15079176180434054	0.18591588364143927
-0.36057103373461658	0.15898523317842433
-0.34009840071602843	0.22883957714653913
0.01889896824704666	0.37290886805346857
0.48493716941738546	0.47629716272489286
0.67368126661029404	0.41024188727930089
0.42332171263564106	0.13739746622347557
-0.017891868875519971	-0.24568937413122602
-0.20790719460782631	-0.56752653037535106
0.055606791172974228	-0.69541993696428317
0.5166376500897063	-0.61060773198683505
0.69538171099755453	-0.39520824471939003
0.36163088647007235	-0.16290494950990658
-0.22224879756247398	0.0058032789662995016
-0.54147654992149252	0.086192389868036082
-0.32408975928976824	0.096208077062033409
0.20140010482131776	0.075999848579231449
0.54304239890615913	0.060456278692593797
0.43478247501844774	0.054379289939098338
0.085243828755640863	0.027305332923951226
-0.062245020514931838	-0.046280758823458452
0.19457977811907365	-0.131517750528308
0.59827945300668139	-0.13033670730681929
0.69366463513770127	0.031445883262912547
0.3032170110203114	0.29231762023030056
-0.27107409902781421	0.44739257007408406
-0.52474283556407098	0.30195309867642295
-0.23429301686019194	-0.12434310298444566
0.33088003583386466	-0.54903080186757758
0.67087993095889109	-0.63309316843817809
0.52570182054716341	-0.28300302847510761
0.096242832558112557	0.23022576658868485
-0.17649625260776336	0.48258204107460656
-0.03686918397843568	0.27067060366495838
0.36396061794108425	-0.19892443646834435
0.63683229117389728	-0.48774122540437392
0.5206949423382673	-0.31711173075930471
0.099587540510118283	0.19229289223580937
-0.29936465827512954	0.6478207774878566
-0.3901897610938912	0.74064005897456753
-0.13355443468327594	0.48827512417929891
0.28119131029388966	0.15305699628993266
0.60692600169102939	-0.041485325549287987
0.69377738419787238	-0.09654241991434255
0.53351093488731238	-0.16035501830746701
0.21507177017441612	-0.30285448297950374
-0.13343086163868229	-0.4100012887947232
-0.38984878266540118	-0.30779694804150198
-0.47871224457094946	0.020496451104314566
-0.40203117844525282	0.36622543359814247
-0.23495336112005991	0.45575200953835604
-0.072449593609668447	0.19017056145856348
0.029177145115301957	-0.26261045772100788
0.065906854558602762	-0.60312378512173892
0.046724154372074909	-0.63381051848039915
-0.043146757873734003	-0.38381246711752504
-0.22033810343339377	-0.045881324686620754
-0.44556812137598484	0.19150290921065621
-0.60562950000309523	0.261426174033354
-0.57823493069017384	0.21404556289626911
-0.335916336112211	0.12993145998797542
0.0062559961697185775	0.044570785243967057
0.25659591927702385	-0.060241920022517721
0.27530018825828895	-0.21120075952656692
0.063133091542878245	-0.4001108310867264
-0.25074632567468524	-0.57580291467916644
-0.49556472686281688	-0.67475615854601023
-0.5514600861765	-0.66012009246551839
-0.3952776184250496	-0.53808891994719443
-0.097313635035710166	-0.34736377728476564
0.21298628440615927	-0.13537437131137303
0.40459136031597448	0.053573668444391841
0.40879743895266873	0.17609676889788869
0.25850536454193118	0.1957557984104113
0.064318637729821757	0.11527008634090753
-0.062998804657464838	0.010002246959465534
-0.087084994080192157	0.0076439256008137575
-0.055216442234920456	0.19234920460880786
-0.036725674080236512	0.49786776108699932
-0.059832499247740041	0.70961597110855923
-0.11127633118741509	0.61703338786434991
-0.18744150598426881	0.21043138724762139
-0.31828503670871561	-0.26214447591068868
-0.52166722933540455	-0.46934714174836556
-0.73022767818238898	-0.27026407393261426
-0.79508915018220438	0.15912063730543929
-0.59647222083816709	0.47947087150023249
-0.17510572908166319	0.49110406182021032
0.25270102008924689	0.29361243468562925
0.43638105145086475	0.15066967295516404
0.2798727130382338	0.19570323752936572
-0.089456651311477536	0.2876103615885211
-0.43346694746353204	0.17272356142632866
-0.59143534828567457	-0.21039272698435721
-0.58010868604502108	-0.60540908696186402
-0.52765601233007375	-0.65177368976948657
-0.52190964176306021	-0.23898990966554029
-0.5243033047827389	0.34676325911515915
-0.42329987874659736	0.64880276335558629
-0.16307754746828093	0.43932738796657922
0.17536354266985124	-0.084653586447085177
0.41713443597960276	-0.48300177747175027
0.41397780504726861	-0.45819935291938846
0.14883909157439382	-0.082442442929386753
-0.25228159922303089	0.31445658256209974
-0.59231654469474559	0.46025225926668173
-0.70868365836017311	0.34855070492043921
-0.54885329915606662	0.17526926932645598
-0.18376125986810768	0.10846185424323755
0.23519839061437714	0.13804435251164426
0.5508419129697798	0.13100257888566241
0.67005434582249901	0.0016224540238655234
0.59550885774849438	-0.18652807866201407
0.40661157011231541	-0.27768092297510272
0.21026811451193339	-0.16637489128925587
0.088223549048487351	0.11429856692211141
0.068140453194872511	0.42420490479170181
0.12404476260476377	0.61384634914042813
0.20145996501071109	0.59988348963695715
0.2563458220468765	0.3843855428167321
0.28401391811666038	0.039500761872827743
0.31507763740615224	-0.31719425920456551
0.37377026246226774	-0.55381799715461522
0.43351983265037258	-0.57675707050959102
0.41878569020740558	-0.38398339866007486
0.27302595743118913	-0.075988355891796408
0.038707461092897494	0.19487878567786815
-0.13963014372989449	0.30810082748461537
-0.12295250193028481	0.22980025417499528
0.081452601084593623	0.0059088015853603791
0.29209751293361969	-0.28032982050087585
0.29159240662472341	-0.54571182216784431
0.027683238267998917	-0.71602304518867987
-0.3141633828680313	-0.73227470221119151
-0.45934114462495945	-0.5704493205546981
-0.29578766865765471	-0.26479865567896715
0.0080610495090399966	0.09640858999867527
0.14687582230297039	0.40910439358140932
-0.038709595780148348	0.59976647523242199
-0.40499731111892684	0.64404075986507803
-0.62901599825393784	0.55139529636448059
-0.49846335062454022	0.3445959666534128
-0.092766068557454534	0.05986811705557965
0.31093827198120422	-0.23841126660032622
0.50074582519367017	-0.45926534460886542
0.49963062438733175	-0.52056991184728607
0.48841985240117397	-0.39209638845886746
0.57866336146474007	-0.11249352306703093
0.68531095570268108	0.23208749152585489
0.62269206733148719	0.54342278709819047
0.32035562031869275	0.73513856851495452
-0.072080308103681628	0.74979143941530502
-0.29630373041754476	0.58127426950608552
-0.20655586426816985	0.29794641904037583
0.11603378727795581	0.028166778025455044
0.4464605296646042	-0.11123430969412865
0.60027710972514858	-0.10088176322434682
0.54486223511956278	-0.036459877730594774
0.36107701817540766	-0.041126191061899041
0.13168353438760422	-0.13876964343762849
-0.11586613147754694	-0.21606927973557413
-0.3721111787533013	-0.12406954930150813
-0.58638005500229884	0.1618109619513568
-0.67112286654377518	0.4815216893644384
-0.57356570209088042	0.60586618030330186
-0.33598040101281024	0.42809741867519796
-0.078823585610053329	0.05597005576277083
0.084595217089647359	-0.28811428722449611
0.12224219552532103	-0.45903113931411132
0.091142249881703358	-0.48984700275381937
0.084235689228886079	-0.51042939654544017
0.16648101966368303	-0.57787818822778558
0.34039585971140984	-0.60223328261064202
0.546277155818365	-0.4426925954914373
0.69147864307493334	-0.075137661721160182
0.7019830331942728	0.34513438691595189
0.57542301467122625	0.59649790237446998
0.40024244022367578	0.57537480362371374
0.30873523109244999	0.37828185030971689
0.37722414323161446	0.20826006823777257
0.5509027255857728	0.20022494680372899
0.66720470093204653	0.32109687295324346
0.5818101576082938	0.42092244286499814
0.30141984592242943	0.37018343151019056
0.0011187517234299399	0.16193495467273514
-0.10446018936241286	-0.093302950275249832
0.063471342831665833	-0.2544427921211575
0.37376309931018958	-0.24052458105026847
0.58229334176237568	-0.073725871088498943
0.5221560028376786	0.14038970593932884
0.22790972545888408	0.27296741772017202
-0.10272452297774158	0.23973193164203357
-0.26932191912814379	0.048287053405234537
-0.21685980192421217	-0.20650624296805448
-0.057926764713210288	-0.40349087774049164
0.031556345210426898	-0.47419254690045398
-0.049279844994152409	-0.44278742561454743
-0.26028889615695844	-0.39200008044413798
-0.46214499805433357	-0.38576214848650647
-0.51780240267883892	-0.4140344659625565
-0.37727715919561028	-0.40421920920671772
-0.097415961642365906	-0.28617766752277507
0.19663426573635609	-0.050396738057772845
0.37572328165338198	0.24158802917541713
0.36617767823183972	0.49092372064707146
0.18588357891633345	0.61092657820417751
-0.05380131453557236	0.56041749728348444
-0.1909278722676816	0.35472148105853613
-0.10079952814779211	0.056798326467315564
0.20895992783727557	-0.24676699608215399
0.57224597313062642	-0.47789336349264094
0.74890785344915867	-0.58563434519198188
0.59388116197122964	-0.54521608735078053
0.1858147281609083	-0.35004585181288533
-0.19871711075751428	-0.017577160413905397
-0.28162740559417232	0.38156398567588934
-0.0054953457974109858	0.70891957631721303
0.40389764778657988	0.80231431148127885
0.60803277581791226	0.57726402289396916
0.43329555473909487	0.11640711459580409
0.019637173730282481	-0.34960146102780276
-0.29647613091336206	-0.57728629719128877
-0.26421877049583148	-0.47583328071794911
0.079201515317192758	-0.16913678713352251
0.46307472594628507	0.096118986165442413
0.62785840724527442	0.12758478419856395
0.53090754755925895	-0.091075698768381438
0.32768248328117133	-0.40974463076013795
0.18003300190757035	-0.62818035999825717
0.10158570329316767	-0.62137936698850793
-0.0034831668902409177	-0.39479786864561528
-0.16921339819068398	-0.059965868590291273
-0.27649524796424912	0.23942507372153152
-0.15997080884612611	0.40368044168633954
0.18853354170255984	0.42541033046191506
0.54832780957257565	0.38406971332532075
0.64034297364352977	0.38355854586562815
0.38774278432846665	0.46701928281257404
0.01045106317010262	0.57315148020479323
-0.16238320919323027	0.58318565531262512
0.0056297293774894668	0.42618093594924089
0.33041243954006438	0.14983123315650138
0.47987110794294696	-0.11483013223812831
0.28054127975552967	-0.26908871672421941
-0.13608690114037217	-0.32279430602919734
-0.47743866674406055	-0.35406437374332855
-0.5719299141084494	-0.39108742899658694
-0.50486106728104252	-0.35259625662688454
-0.48294452847820468	-0.13219924002405592
-0.58276221785348148	0.24806921213324032
-0.65148087760807127	0.58251186202287808
-0.46899166928079172	0.61711049209617541
-0.0096688658338400565	0.27284441979756219
0.47012840433598957	-0.25264726119137876
0.62339621189346617	-0.62229628265139003
0.31690766886007915	-0.62568684668090879
-0.23174481136330435	-0.33448774843309192
-0.61820698684950248	-0.010625555323523382
-0.57132369888814993	0.14298300396319633
-0.15795742398063278	0.14531849842155145
0.29372844377072727	0.16624121398358713
0.46419473875672651	0.30810213213030729
0.26830232961218503	0.47613751600899956
-0.12862938782428168	0.47469326950800461
-0.47309159484135976	0.22502115189515065
-0.60382846394491529	-0.12307229571731967
-0.51457637844715431	-0.31791853661415581
-0.30182426353316655	-0.24863474261620455
-0.083415777963154983	-0.057281674150858032
0.041882016835766284	0.0015893769471108138
0.0036938858688017554	-0.17740222972234992
-0.21306915853405037	-0.4316877507690654
-0.52628181950289676	-0.48172806559505038
-0.76137897708618696	-0.20974621053063519
-0.74214781061237955	0.21283111431210219
-0.42439310748426001	0.48243087048652561
0.041273468163929988	0.44879097513195521
0.38855716689855091	0.2494674945768722
0.41845901594707996	0.1556816281382909
0.14273963359599159	0.28762734518152749
-0.22266131962229133	0.48730512001972265
-0.41286358516798027	0.48037573717303489
-0.29635030911263877	0.16524087026840398
0.048668934436037301	-0.261924587340917
0.40711444244638351	-0.47676930404836382
0.57969440660368377	-0.3260765458327391
0.49797172301759662	0.037556290780062333
0.23635351494253068	0.31213649442700137
-0.062744699395346576	0.33220870739664154
-0.28511775457333982	0.205417556035317
-0.40067317514549539	0.17276715392756198
-0.45316343789287067	0.34496466908477491
-0.50060857282369153	0.57973748957334925
-0.5517687475756472	0.61660641900065782
-0.54610275190282509	0.33504942208573707
-0.4001363619471886	-0.11844178201229442
-0.089879388827422385	-0.44835032038673694
0.29158373940109966	-0.45506804797817024
0.56320303703838692	-0.18753545980890884
0.57118084215509701	0.11996289058087752
0.31040263514960503	0.24520185273890019
-0.047761477249533724	0.13128896804673273
-0.25562398390725272	-0.11104427878493962
-0.1594444338699425	-0.32091412339210146
0.19111414410450103	-0.40579442498143131
0.57810279742054405	-0.37581983649191547
0.76884238958026541	-0.30161828749923736
0.67091956409024101	-0.251876427322904
0.37355940922508712	-0.25473826473076866
0.057192586828659984	-0.28969576985242218
-0.14359890962246108	-0.3014357952353493
-0.20797954226853549	-0.22920730419868879
-0.19447620794831252	-0.048788339322758133
-0.15984678126405097	0.1948214228650923
-0.11884029904428497	0.39280783756695792
-0.069998533573758334	0.42754554367528835
-0.032042818233430928	0.25023769823956599
-0.03066177451309323	-0.076411181840159659
-0.046144206698918097	-0.40476246082651501
0.0018442286438067187	-0.58652678248409273
0.17904289923808261	-0.55999417484738834
0.43232969507555385	-0.38092706181145181
0.58361847751980656	-0.17934195219668952
0.4708396292444928	-0.077449394430758489
0.13091621416204124	-0.11870785576089667
-0.17527873281127268	-0.25698373445433098
-0.16429211651338993	-0.40246158280099525
0.19317774478360095	-0.49156803056016435
0.59709822794971379	-0.5259776371295114
0.65416217521955078	-0.5516843536935363
0.24052869574906752	-0.59851175509064225
-0.35455963764732196	-0.6323173328408126
-0.66432435688092717	-0.56801515634765598
-0.4625664020519773	-0.33941593285112648
0.028879886338946014	0.02891903189052741
0.3526722391714594	0.41308745697421778
0.2462607609866907	0.66178584803785978
-0.12460616482612538	0.69243229337519041
-0.35681992030567961	0.53892809152677068
-0.226523902804738	0.31707988969965556
0.086589162265875583	0.14847645429926951
0.19728043790091057	0.10309595768026064
-0.075358099337269835	0.18723664538867271
-0.5047715916132901	0.35744599319836967
-0.6713862541426644	0.53057778439598857
-0.37718079660016302	0.59626866574374671
0.15637991690148959	0.45899220735465401
0.50382062730636268	0.11103445933075551
0.44145590957357922	-0.31973976822409594
0.14373438786170273	-0.61223511846336987
-0.014011927437029819	-0.59205943809052897
0.16288589424664013	-0.26665266426081224
0.50157915515053098	0.16123554614033847
0.63746089395278904	0.43394223625797018
0.36487302994009985	0.42810308597478658
-0.17426857005705737	0.23110118440576377
-0.62176132773189219	0.044785608072296361
-0.70429026288714736	0.0041298627438025714
-0.43010055133315284	0.074764290289613997
-0.032005198667316402	0.11208923372497767
0.24199688231000632	0.0080853916779737717
0.29799136717255187	-0.21248341357461448
0.20654909049302081	-0.42638311461757367
0.098421003916658131	-0.52556315655600538
0.060707876816154367	-0.49185274463751949
0.099737776587075361	-0.37759315209358679
0.16033910664219508	-0.23588514084249976
0.16822662608839359	-0.084787955019012262
0.069205306060349553	0.067244610975899288
-0.13670269921243139	0.18304275455684507
-0.38084646309923464	0.2009138393661192
-0.5528691895446739	0.082845460749483041
-0.55939485240364117	-0.14285016027511674
-0.38073065235716491	-0.38799558844854809
-0.083075503310145113	-0.55160436889052344
0.2238795575464326	-0.57174466134170032
0.44955217776032097	-0.45058155592858107
0.56348432483402666	-0.25494885883212465
0.59034088015396657	-0.092789695935161232
0.57668312434975655	-0.068126464691577709
0.54754665816604486	-0.21503461713521721
0.48544414551022913	-0.45366777933810626
0.34417846644323946	-0.62196216067930987
0.09758308617031658	-0.58850267345353657
-0.21327379909968411	-0.36728366631832465
-0.47794077104660571	-0.12400643417919301
-0.58399070651630869	-0.045489320101289775
-0.50727048047968337	-0.17679882060135133
-0.33767296742793707	-0.37489954823221217
-0.20479058003040559	-0.43418806361173229
-0.15632185464872658	-0.2740951302435285
-0.11353058528202692	-0.018464074336482998
0.037892531557201806	0.11389161677899082
0.29877028234700753	0.0073295511213385114
0.5040527267720365	-0.24619404854326421
0.44621775010513198	-0.42899629856061261
0.081799492811435684	-0.38445303777581435
-0.37977116205747419	-0.14517171602115736
-0.60955631161608903	0.10420612930007353
-0.41516076026870546	0.17894686277706234
0.098917959178696432	0.026157308022125684
0.61170853270570447	-0.25660603595254683
0.83070425562211281	-0.50879868811290974
0.68978544785043416	-0.6129107020309138
0.34410348251838918	-0.54834829083884884
0.003159348651414482	-0.37899409538865175
-0.22414872362046317	-0.20010697608726791
-0.34379449914534904	-0.081823984348519854
-0.38316433159267166	-0.031747235345028914
-0.3226771771798308	-0.00041435990694189918
-0.1348069276818247	0.074561387540007976
0.12536694208938085	0.20919243489552219
0.3109432848129281	0.34885698707861074
0.29542846362532998	0.41027474655405205
0.10991485207633356	0.3597315090137797
-0.047885038060227411	0.25848776342415097
0.021826824942824979	0.22145784140720112
0.32194726110115579	0.31413550449887889
0.61775176047585112	0.48118984929302305
0.61895322663254748	0.58096826638555643
0.24013354462054284	0.50507905743558623
-0.29645999763004571	0.27966503907687618
-0.62295124931314527	0.052319603901512877
-0.52368113345854139	-0.025491953659604726
-0.1053951912642664	0.081084572569387836
0.30822696384614184	0.27046336285415917
0.45753392160140555	0.39384229209303617
0.34201676966035266	0.3658621717712065
0.16601046991197324	0.20402853299335805
0.10833614121637659	-0.014243075442189534
0.15537015012852767	-0.21713597683476077
0.15557270129269155	-0.35948731805980683
0.012668602893865689	-0.40440279683941582
-0.1974314483510185	-0.3198750098819611
-0.315799136386965	-0.12256528335001718
-0.28857805632251882	0.083112544207504233
-0.23803877561320905	0.14085791634025557
-0.32366203096369445	-0.033532683309333497
-0.53635475183320547	-0.34636706161036318
-0.65980919582160369	-0.55464666288565789
-0.46866763692890429	-0.44739238835897405
0.019689282412245445	-0.036334605908586871
0.50134800164617932	0.42042885784955308
0.62021262671098387	0.60814831847323436
0.27692793005890259	0.4106162526072511
-0.27046474822904815	0.0049179888978452451
-0.60943759158151845	-0.28863068035764577
-0.49980746956042382	-0.2693238267229397
-0.041519150573021885	0.001064303583325167
0.43675362123607758	0.28601664851264014
0.64352455438027567	0.39490820560505296
0.51663166373331015	0.3225587530123622
0.21619876642485553	0.19724257264645004
-0.029203836274986201	0.12012308713156161
-0.073137706871801156	0.069342464453981914
0.086597071429991943	-0.044270083114755318
0.33973168933281084	-0.24286547804128061
0.53603579649757738	-0.42120149486395508
0.56707382642039661	-0.42565166012506317
0.4258777122987078	-0.19874763460010542
0.21151412744305642	0.15138875915624722
0.055789296966076152	0.41628621783878333
0.015982878331522898	0.42696653096975495
0.023960504464375035	0.16174065102608542
-0.043207012030008214	-0.247464991569677
-0.22561343084837399	-0.59651010232806223
-0.41514490012413052	-0.71752821558296498
-0.44497830102350355	-0.55841546937288644
-0.25998307721315828	-0.20417022465205009
0.0041874436310290961	0.17168917383947993
0.13299354629621107	0.40561136189408337
0.041531659028195708	0.43812442913108679
-0.1291141093626777	0.3371127417868312
-0.13708337024362358	0.22791612396874389
0.11766169103885657	0.18465702871667494
0.47023048538339973	0.17224751251261958
0.61648405865447276	0.092341567305217767
0.3784810053990344	-0.10993900072183155
-0.13426289205406292	-0.37702578734251602
-0.61540209388110101	-0.56925925275475919
-0.81271803030822221	-0.5695391524779474
-0.71248418574728789	-0.36944519931652542
-0.5034713364130744	-0.072466423172075134
-0.3827999497606509	0.17789905179883655
-0.39679765051354682	0.28460409751163962
-0.44873923620079459	0.2384745519982448
-0.42993960718083246	0.10463779089250769
-0.32444364823589367	-0.024888909625503053
-0.19464608281452264	-0.086689716254947133
-0.094813549715920598	-0.079407901765798067
-0.022642194487639884	-0.054479263278039605
0.041624856834781752	-0.064161094208832453
0.072021844957992062	-0.10100902257449072
-0.00045724691618600702	-0.087730631296059861
-0.20807529336533431	0.055646676181794134
-0.47378439385615634	0.31484320847665809
-0.63859276694130251	0.55110370640984563
-0.58142914715705485	0.58952871958977282
-0.3262842932721462	0.36724978405743514
-0.038110648705600415	0.0054576983207401415
0.094904601592911461	-0.27542773444935731
-0.008201619929133137	-0.3310012184009346
-0.27990721724824985	-0.19882603689227193
-0.56546686178490557	-0.041078495613948628
-0.72854151746102203	0.018750645488458513
-0.71602032977722996	0.005394089825967942
-0.55808546502905165	0.042571570713145525
-0.32757975989734539	0.20751356465437801
-0.097237506245251848	0.43955415789900987
0.086490905549594183	0.59049864606237301
0.21482977446837728	0.56131981443260714
0.30754331346979147	0.39043919761936979
0.38630808273339112	0.21515944545695634
0.44865429977776006	0.15869492947271713
0.46556537889475547	0.246970599427939
0.41502418507046318	0.41107086671459409
0.3181764134127284	0.54354768219939975
0.23690668125381364	0.55423542568301842
0.22015297177284429	0.4005912703839295
0.24735205201339699	0.11011405044965597
0.23231017090349199	-0.21181454838663288
0.09901235557492262	-0.41694280269201078
-0.13334808535267695	-0.40073679145162039
-0.34748752795021626	-0.17972896238317079
-0.4164414565539985	0.11561811082810486
-0.31423722454853359	0.34506161827615761
-0.14575717916674921	0.46078970561506311
-0.065350280151041995	0.50458901286096081
-0.15573982427227012	0.50679733409731575
-0.36809381127196922	0.41406271347232398
-0.56797318644713757	0.15010839650417471
-0.63801511768015373	-0.23770101305224303
-0.55591834221346892	-0.52917685414642035
-0.39355570735673967	-0.48424527396241718
-0.25457567199562958	-0.087943322281263073
-0.20478605324479698	0.36760945174416876
-0.23918532672236151	0.49651997223543465
-0.29809814881427354	0.16280398320422065
-0.31109464286033794	-0.37210300166671684
-0.24360148121115247	-0.6649092807403566
-0.11702347237607917	-0.48468509067512533
0.0091571535722977885	-0.012859310301656667
0.08707042951779749	0.35022289846207105
0.11971300611081123	0.37339512817355497
0.15451964053288095	0.19320630345734618
0.22995954403082525	0.12860928709728434
0.32455554429384126	0.3155290985524915
0.35627108553290415	0.5492830183567925
0.2487647059296732	0.50383085394461813
0.0079848245603415923	0.098685450364482577
-0.25877854639970915	-0.37132369322916142
-0.40741420151571189	-0.49409862126316595
-0.35771786138012285	-0.13959482104792179
-0.14983056888533569	0.39518426610866758
0.086702671396643741	0.64034161787676624
0.22202363726815952	0.36970920095384235
0.2045340564661853	-0.20458548023974801
0.075035200113593464	-0.62432708268160997
-0.079355513631036392	-0.5698496160545492
-0.18886484772682849	-0.096735638406496544
-0.23644848849000788	0.44802631028044121
-0.24623434271745348	0.71373285730937364
-0.24630626324827976	0.58483695919104906
-0.2405739412017309	0.20663390140163471
-0.20997453135408167	-0.16120288252654136
-0.14587242308817419	-0.31957298592171529
-0.07841655696073202	-0.22157167681126902
-0.074001631295944656	0.035971781309585858
-0.18635117335774037	0.28755277248173233
-0.40091958577812342	0.39287511641479866
-0.61695263037763204	0.30999655970060763
-0.69645277408028872	0.11007808729667776
-0.55330463931161078	-0.081819583001549984
-0.22095064595050801	-0.18209523069041472
0.15310095263791387	-0.20537073311998832
0.39001151876739809	-0.23356887895909001
0.38642395812943947	-0.32877316956739339
0.17979161574321187	-0.46815092980880685
-0.066932360314668884	-0.56301019092628535
-0.15782386075626992	-0.53871547587363677
0.013036738484279616	-0.40198929013610174
0.3813201575082043	-0.23792935190439146
0.73208461109665113	-0.14443067293283651
0.82816726681748687	-0.15942536622613537
0.57885494480021071	-0.23410268469227519
0.12562975616635588	-0.26559713667147877
-0.23534671469999474	-0.16663846671290891
-0.26223655737203055	0.066939801495099482
0.044988979098109935	0.33568142643446913
0.43278298401851656	0.48649817625952457
0.58216025485211687	0.41905301801534878
0.3567021499554911	0.17725458693750418
-0.087430822306560241	-0.060008174308136167
-0.42206006022907233	-0.10603148253939949
-0.39892319335627879	0.077117833837688457
-0.033167843253798533	0.33286079975630167
0.42012316534541089	0.42848276113867129
0.66290895537873629	0.2457972423206429
0.56230258454580806	-0.11742342080856963
0.22006720840319452	-0.42935666321919241
-0.12872563553933189	-0.51450302843706597
-0.28867920012183879	-0.38553002957067234
-0.22245880134065896	-0.20988281058421487
-0.044121151925288579	-0.15521800723081447
0.083685712169177071	-0.25859590851104347
0.064978321842770206	-0.4240906519410127
-0.073248426249237039	-0.52410195293526185
-0.21097865901352134	-0.49938421624370088
-0.22441802138750816	-0.37769153193221167
-0.07091228644060231	-0.22169124572750337
0.17907033252674062	-0.072218471767420647
0.38180411128244474	0.06292655191731078
0.40828845774384676	0.18052572853108417
0.22816082774463703	0.25709901326628987
-0.058553146747403938	0.25408888399577795
-0.26742364347688713	0.14802313005120835
-0.23794980613705322	-0.041526867226165089
0.05208822018233266	-0.25519493851073582
0.44565986519909723	-0.42565476912078148
0.68734213905677588	-0.5173570081592449
0.59366853390297614	-0.53762540871486231
0.20084778327208591	-0.51736195043243727
-0.24066515721818896	-0.47866634882875037
-0.44274950626733267	-0.42706880237556588
-0.29929134561776588	-0.370919873562639
0.035875770604656687	-0.33915865839826659
0.29112451617252821	-0.35913277603647242
0.31829107129902273	-0.40938152825614499
0.21076106549864121	-0.41026898692086422
0.18203301541224307	-0.29142330423892882
0.32630523565911779	-0.08649964908948081
0.50102875983826245	0.053839183919337869
0.45797702685645741	-0.014603654294624747
