Information: Checking out the license 'DesignWare'. (SEC-104)
Information: Changed wire load model for 'FIR_LPF_TRANSPOSED' from '(none)' to 'ZeroWireload'. (OPT-170)
Information: Changed wire load model for 'P2S_Interpolator' from '(none)' to 'ZeroWireload'. (OPT-170)
Information: Changed wire load model for 'Interpolator' from '(none)' to 'ZeroWireload'. (OPT-170)
Information: Changed wire load model for 'SIPO' from '(none)' to 'ZeroWireload'. (OPT-170)
Information: Changed wire load model for 'MinAJ2_Datapath' from '(none)' to 'ZeroWireload'. (OPT-170)
Information: Changed wire load model for 'FIR_LPF_TRANSPOSED' from '(none)' to 'ZeroWireload'. (OPT-170)
Information: Changed wire load model for 'P2S_Interpolator' from '(none)' to 'ZeroWireload'. (OPT-170)
Information: Changed wire load model for 'Interpolator' from '(none)' to 'ZeroWireload'. (OPT-170)
Information: Changed wire load model for 'SIPO' from '(none)' to 'ZeroWireload'. (OPT-170)
Information: Changed wire load model for 'MinAJ2_Datapath' from '(none)' to 'ZeroWireload'. (OPT-170)
Information: Changed wire load model for 'Control_Unit_PACKET_LEN10000' from '(none)' to 'ZeroWireload'. (OPT-170)
Module: DW01_cmp2_width3, Ports: 10, Input: 8, Output: 2, Inout: 0
Module: DW01_cmp2_width3, Registers: 0, Async set/reset: 0, Sync set/reset: 0
Module: DW01_cmp6_width4, Ports: 15, Input: 9, Output: 6, Inout: 0
Module: DW01_cmp6_width4, Registers: 0, Async set/reset: 0, Sync set/reset: 0
Module: DW01_inc_width4, Ports: 8, Input: 4, Output: 4, Inout: 0
Module: DW01_inc_width4, Registers: 0, Async set/reset: 0, Sync set/reset: 0
Module: DW01_inc_width16, Ports: 32, Input: 16, Output: 16, Inout: 0
Module: DW01_inc_width16, Registers: 0, Async set/reset: 0, Sync set/reset: 0
Module: DW01_cmp2_width16, Ports: 36, Input: 34, Output: 2, Inout: 0
Module: DW01_cmp2_width16, Registers: 0, Async set/reset: 0, Sync set/reset: 0
Module: DW01_inc_width15, Ports: 30, Input: 15, Output: 15, Inout: 0
Module: DW01_inc_width15, Registers: 0, Async set/reset: 0, Sync set/reset: 0
Module: DW01_add_width16, Ports: 50, Input: 33, Output: 17, Inout: 0
Module: DW01_add_width16, Registers: 0, Async set/reset: 0, Sync set/reset: 0
Information: Changed wire load model for 'alt1' from '(none)' to 'ZeroWireload'. (OPT-170)
Information: Changed wire load model for 'apparch' from '(none)' to 'ZeroWireload'. (OPT-170)
Module: DW01_add_width29, Ports: 89, Input: 59, Output: 30, Inout: 0
Module: DW01_add_width29, Registers: 0, Async set/reset: 0, Sync set/reset: 0
Module: DW01_sub_width28, Ports: 86, Input: 57, Output: 29, Inout: 0
Module: DW01_sub_width28, Registers: 0, Async set/reset: 0, Sync set/reset: 0
Module: DW01_add_width15, Ports: 47, Input: 31, Output: 16, Inout: 0
Module: DW01_add_width15, Registers: 0, Async set/reset: 0, Sync set/reset: 0
Information: Changed wire load model for 'alt1' from '(none)' to 'ZeroWireload'. (OPT-170)
Information: Changed wire load model for 'apparch' from '(none)' to 'ZeroWireload'. (OPT-170)
Module: DW01_sub_width15, Ports: 47, Input: 31, Output: 16, Inout: 0
Module: DW01_sub_width15, Registers: 0, Async set/reset: 0, Sync set/reset: 0
Information: Changed wire load model for 'alt1' from '(none)' to 'ZeroWireload'. (OPT-170)
Information: Changed wire load model for 'apparch' from '(none)' to 'ZeroWireload'. (OPT-170)
Module: DW01_sub_width29, Ports: 89, Input: 59, Output: 30, Inout: 0
Module: DW01_sub_width29, Registers: 0, Async set/reset: 0, Sync set/reset: 0
Module: DW01_sub_width27, Ports: 83, Input: 55, Output: 28, Inout: 0
Module: DW01_sub_width27, Registers: 0, Async set/reset: 0, Sync set/reset: 0
Module: DW01_add_width28, Ports: 86, Input: 57, Output: 29, Inout: 0
Module: DW01_add_width28, Registers: 0, Async set/reset: 0, Sync set/reset: 0
Information: Changed wire load model for 'alt1' from '(none)' to 'ZeroWireload'. (OPT-170)
Information: Changed wire load model for 'apparch' from '(none)' to 'ZeroWireload'. (OPT-170)
Information: Changed wire load model for 'alt1' from '(none)' to 'ZeroWireload'. (OPT-170)
Information: Changed wire load model for 'apparch' from '(none)' to 'ZeroWireload'. (OPT-170)
Module: DW01_add_width36, Ports: 110, Input: 73, Output: 37, Inout: 0
Module: DW01_add_width36, Registers: 0, Async set/reset: 0, Sync set/reset: 0
Module: DW01_cmp2_width22, Ports: 48, Input: 46, Output: 2, Inout: 0
Module: DW01_cmp2_width22, Registers: 0, Async set/reset: 0, Sync set/reset: 0
Information: Changed wire load model for 'DW01_add_width36' from '(none)' to 'ZeroWireload'. (OPT-170)
Information: Changed wire load model for '*ADD_TC_OP_36_32_36' from '(none)' to 'ZeroWireload'. (OPT-170)
Information: Changed wire load model for 'DW01_add_width36' from '(none)' to 'ZeroWireload'. (OPT-170)
Information: Changed wire load model for '*ADD_TC_OP_36_32_36' from '(none)' to 'ZeroWireload'. (OPT-170)
Information: Changed wire load model for 'DW01_add_width36' from '(none)' to 'ZeroWireload'. (OPT-170)
Information: Changed wire load model for '*ADD_TC_OP_36_32_36' from '(none)' to 'ZeroWireload'. (OPT-170)
Information: Changed wire load model for 'DW01_add_width36' from '(none)' to 'ZeroWireload'. (OPT-170)
Information: Changed wire load model for '*ADD_TC_OP_36_32_36' from '(none)' to 'ZeroWireload'. (OPT-170)
Information: Changed wire load model for 'DW01_add_width36' from '(none)' to 'ZeroWireload'. (OPT-170)
Information: Changed wire load model for '*ADD_TC_OP_36_32_36' from '(none)' to 'ZeroWireload'. (OPT-170)
Information: Changed wire load model for 'DW01_add_width36' from '(none)' to 'ZeroWireload'. (OPT-170)
Information: Changed wire load model for '*ADD_TC_OP_36_29_36' from '(none)' to 'ZeroWireload'. (OPT-170)
Information: Changed wire load model for 'DW01_add_width36' from '(none)' to 'ZeroWireload'. (OPT-170)
Information: Changed wire load model for '*ADD_TC_OP_36_29_36' from '(none)' to 'ZeroWireload'. (OPT-170)
Information: Changed wire load model for 'DW01_add_width36' from '(none)' to 'ZeroWireload'. (OPT-170)
Information: Changed wire load model for '*ADD_TC_OP_36_30_36' from '(none)' to 'ZeroWireload'. (OPT-170)
Information: Changed wire load model for 'DW01_add_width36' from '(none)' to 'ZeroWireload'. (OPT-170)
Information: Changed wire load model for '*ADD_TC_OP_36_30_36' from '(none)' to 'ZeroWireload'. (OPT-170)
Information: Changed wire load model for 'DW02_mult' from '(none)' to 'ZeroWireload'. (OPT-170)
Information: Changed wire load model for '*MULT_TC_OP_16_16_32' from '(none)' to 'ZeroWireload'. (OPT-170)
Information: Changed wire load model for 'DW02_mult' from '(none)' to 'ZeroWireload'. (OPT-170)
Information: Changed wire load model for '*MULT_TC_OP_16_16_32' from '(none)' to 'ZeroWireload'. (OPT-170)
Information: Changed wire load model for 'DW02_mult' from '(none)' to 'ZeroWireload'. (OPT-170)
Information: Changed wire load model for '*MULT_TC_OP_16_16_32' from '(none)' to 'ZeroWireload'. (OPT-170)
Information: Changed wire load model for 'DW02_mult' from '(none)' to 'ZeroWireload'. (OPT-170)
Information: Changed wire load model for '*MULT_TC_OP_16_13_29' from '(none)' to 'ZeroWireload'. (OPT-170)
Information: Changed wire load model for 'DW02_mult' from '(none)' to 'ZeroWireload'. (OPT-170)
Information: Changed wire load model for '*MULT_TC_OP_16_14_30' from '(none)' to 'ZeroWireload'. (OPT-170)
Information: Changed wire load model for 'DW01_cmp2_width22' from '(none)' to 'ZeroWireload'. (OPT-170)
Information: Changed wire load model for '*LT_TC_OP_22_16_1' from '(none)' to 'ZeroWireload'. (OPT-170)
Information: Changed wire load model for 'DW01_cmp2_width22' from '(none)' to 'ZeroWireload'. (OPT-170)
Information: Changed wire load model for '*GT_TC_OP_22_16_1' from '(none)' to 'ZeroWireload'. (OPT-170)
Information: Changed wire load model for 'DW01_add_width16' from '(none)' to 'ZeroWireload'. (OPT-170)
Information: Changed wire load model for '*ADD_TC_OP_16_16_16' from '(none)' to 'ZeroWireload'. (OPT-170)
Information: Changed wire load model for 'DW01_add_width16' from '(none)' to 'ZeroWireload'. (OPT-170)
Information: Changed wire load model for '*ADD_TC_OP_16_16_16' from '(none)' to 'ZeroWireload'. (OPT-170)
Information: Changed wire load model for 'DW01_add_width16' from '(none)' to 'ZeroWireload'. (OPT-170)
Information: Changed wire load model for '*ADD_TC_OP_16_16_16' from '(none)' to 'ZeroWireload'. (OPT-170)
Information: Changed wire load model for 'DW01_add_width16' from '(none)' to 'ZeroWireload'. (OPT-170)
Information: Changed wire load model for '*ADD_TC_OP_16_16_16' from '(none)' to 'ZeroWireload'. (OPT-170)
Information: Changed wire load model for 'DW01_add_width16' from '(none)' to 'ZeroWireload'. (OPT-170)
Information: Changed wire load model for '*ADD_TC_OP_16_16_16' from '(none)' to 'ZeroWireload'. (OPT-170)
Information: Changed wire load model for 'DW01_add_width16' from '(none)' to 'ZeroWireload'. (OPT-170)
Information: Changed wire load model for '*ADD_TC_OP_16_16_16' from '(none)' to 'ZeroWireload'. (OPT-170)
Information: Changed wire load model for 'DW01_add_width16' from '(none)' to 'ZeroWireload'. (OPT-170)
Information: Changed wire load model for '*ADD_TC_OP_16_16_16' from '(none)' to 'ZeroWireload'. (OPT-170)
Information: Changed wire load model for 'DW01_add_width16' from '(none)' to 'ZeroWireload'. (OPT-170)
Information: Changed wire load model for '*ADD_TC_OP_16_16_16' from '(none)' to 'ZeroWireload'. (OPT-170)
Information: Changed wire load model for 'DW01_add_width16' from '(none)' to 'ZeroWireload'. (OPT-170)
Information: Changed wire load model for '*ADD_TC_OP_16_16_16' from '(none)' to 'ZeroWireload'. (OPT-170)
Information: Changed wire load model for 'DW01_add_width16' from '(none)' to 'ZeroWireload'. (OPT-170)
Information: Changed wire load model for '*ADD_TC_OP_16_16_16' from '(none)' to 'ZeroWireload'. (OPT-170)
Information: Changed wire load model for 'DW01_add_width16' from '(none)' to 'ZeroWireload'. (OPT-170)
Information: Changed wire load model for '*ADD_TC_OP_16_16_16' from '(none)' to 'ZeroWireload'. (OPT-170)
Information: Changed wire load model for 'DW01_add_width16' from '(none)' to 'ZeroWireload'. (OPT-170)
Information: Changed wire load model for '*ADD_TC_OP_16_16_16' from '(none)' to 'ZeroWireload'. (OPT-170)
Information: Changed wire load model for 'DW01_add_width29' from '(none)' to 'ZeroWireload'. (OPT-170)
Information: Changed wire load model for '*ADD_TC_OP_29_14_29' from '(none)' to 'ZeroWireload'. (OPT-170)
Information: Changed wire load model for 'DW01_add_width29' from '(none)' to 'ZeroWireload'. (OPT-170)
Information: Changed wire load model for '*ADD_TC_OP_29_14_29' from '(none)' to 'ZeroWireload'. (OPT-170)
Information: Changed wire load model for 'DW01_add_width29' from '(none)' to 'ZeroWireload'. (OPT-170)
Information: Changed wire load model for '*ADD_TC_OP_29_14_29' from '(none)' to 'ZeroWireload'. (OPT-170)
Information: Changed wire load model for 'DW01_add_width29' from '(none)' to 'ZeroWireload'. (OPT-170)
Information: Changed wire load model for '*ADD_TC_OP_29_14_29' from '(none)' to 'ZeroWireload'. (OPT-170)
Information: Changed wire load model for 'DW01_add_width29' from '(none)' to 'ZeroWireload'. (OPT-170)
Information: Changed wire load model for '*ADD_TC_OP_29_14_29' from '(none)' to 'ZeroWireload'. (OPT-170)
Information: Changed wire load model for 'DW01_add_width29' from '(none)' to 'ZeroWireload'. (OPT-170)
Information: Changed wire load model for '*ADD_TC_OP_29_14_29' from '(none)' to 'ZeroWireload'. (OPT-170)
Information: Changed wire load model for 'DW01_add_width29' from '(none)' to 'ZeroWireload'. (OPT-170)
Information: Changed wire load model for '*ADD_TC_OP_29_14_29' from '(none)' to 'ZeroWireload'. (OPT-170)
Information: Changed wire load model for 'DW01_add_width29' from '(none)' to 'ZeroWireload'. (OPT-170)
Information: Changed wire load model for '*ADD_TC_OP_29_14_29' from '(none)' to 'ZeroWireload'. (OPT-170)
Information: Changed wire load model for 'DW01_add_width29' from '(none)' to 'ZeroWireload'. (OPT-170)
Information: Changed wire load model for '*ADD_TC_OP_29_14_29' from '(none)' to 'ZeroWireload'. (OPT-170)
Information: Changed wire load model for 'DW01_add_width29' from '(none)' to 'ZeroWireload'. (OPT-170)
Information: Changed wire load model for '*ADD_TC_OP_29_14_29' from '(none)' to 'ZeroWireload'. (OPT-170)
Information: Changed wire load model for 'DW01_add_width29' from '(none)' to 'ZeroWireload'. (OPT-170)
Information: Changed wire load model for '*ADD_TC_OP_29_14_29' from '(none)' to 'ZeroWireload'. (OPT-170)
Information: Changed wire load model for 'DW01_add_width29' from '(none)' to 'ZeroWireload'. (OPT-170)
Information: Changed wire load model for '*ADD_TC_OP_29_14_29' from '(none)' to 'ZeroWireload'. (OPT-170)
Information: Changed wire load model for 'DW02_mult' from '(none)' to 'ZeroWireload'. (OPT-170)
Information: Changed wire load model for '*MULT_TC_OP_16_16_29' from '(none)' to 'ZeroWireload'. (OPT-170)
Information: Changed wire load model for 'DW02_mult' from '(none)' to 'ZeroWireload'. (OPT-170)
Information: Changed wire load model for '*MULT_TC_OP_16_16_29' from '(none)' to 'ZeroWireload'. (OPT-170)
Information: Changed wire load model for 'DW02_mult' from '(none)' to 'ZeroWireload'. (OPT-170)
Information: Changed wire load model for '*MULT_TC_OP_16_16_29' from '(none)' to 'ZeroWireload'. (OPT-170)
Information: Changed wire load model for 'DW02_mult' from '(none)' to 'ZeroWireload'. (OPT-170)
Information: Changed wire load model for '*MULT_TC_OP_16_16_29' from '(none)' to 'ZeroWireload'. (OPT-170)
Information: Changed wire load model for 'DW02_mult' from '(none)' to 'ZeroWireload'. (OPT-170)
Information: Changed wire load model for '*MULT_TC_OP_16_16_29' from '(none)' to 'ZeroWireload'. (OPT-170)
Information: Changed wire load model for 'DW02_mult' from '(none)' to 'ZeroWireload'. (OPT-170)
Information: Changed wire load model for '*MULT_TC_OP_16_16_29' from '(none)' to 'ZeroWireload'. (OPT-170)
Information: Changed wire load model for 'DW02_mult' from '(none)' to 'ZeroWireload'. (OPT-170)
Information: Changed wire load model for '*MULT_TC_OP_16_16_29' from '(none)' to 'ZeroWireload'. (OPT-170)
Information: Changed wire load model for 'DW02_mult' from '(none)' to 'ZeroWireload'. (OPT-170)
Information: Changed wire load model for '*MULT_TC_OP_16_16_29' from '(none)' to 'ZeroWireload'. (OPT-170)
Information: Changed wire load model for 'DW02_mult' from '(none)' to 'ZeroWireload'. (OPT-170)
Information: Changed wire load model for '*MULT_TC_OP_16_16_29' from '(none)' to 'ZeroWireload'. (OPT-170)
Information: Changed wire load model for 'DW02_mult' from '(none)' to 'ZeroWireload'. (OPT-170)
Information: Changed wire load model for '*MULT_TC_OP_16_16_29' from '(none)' to 'ZeroWireload'. (OPT-170)
Information: Changed wire load model for 'DW02_mult' from '(none)' to 'ZeroWireload'. (OPT-170)
Information: Changed wire load model for '*MULT_TC_OP_16_16_29' from '(none)' to 'ZeroWireload'. (OPT-170)
Information: Changed wire load model for 'DW02_mult' from '(none)' to 'ZeroWireload'. (OPT-170)
Information: Changed wire load model for '*MULT_TC_OP_16_16_29' from '(none)' to 'ZeroWireload'. (OPT-170)
Information: Changed wire load model for 'DW01_add_width29' from '(none)' to 'ZeroWireload'. (OPT-170)
Information: Changed wire load model for '*ADD_TC_OP_29_14_29' from '(none)' to 'ZeroWireload'. (OPT-170)
Information: Changed wire load model for 'DW01_add_width29' from '(none)' to 'ZeroWireload'. (OPT-170)
Information: Changed wire load model for '*ADD_TC_OP_29_14_29' from '(none)' to 'ZeroWireload'. (OPT-170)
Information: Changed wire load model for 'DW01_add_width29' from '(none)' to 'ZeroWireload'. (OPT-170)
Information: Changed wire load model for '*ADD_TC_OP_29_14_29' from '(none)' to 'ZeroWireload'. (OPT-170)
Information: Changed wire load model for 'DW01_add_width29' from '(none)' to 'ZeroWireload'. (OPT-170)
Information: Changed wire load model for '*ADD_TC_OP_29_14_29' from '(none)' to 'ZeroWireload'. (OPT-170)
Information: Changed wire load model for 'DW01_add_width16' from '(none)' to 'ZeroWireload'. (OPT-170)
Information: Changed wire load model for '*ADD_TC_OP_16_15_16' from '(none)' to 'ZeroWireload'. (OPT-170)
Information: Changed wire load model for 'DW01_add_width29' from '(none)' to 'ZeroWireload'. (OPT-170)
Information: Changed wire load model for '*ADD_TC_OP_29_14_29' from '(none)' to 'ZeroWireload'. (OPT-170)
Information: Changed wire load model for 'DW01_add_width29' from '(none)' to 'ZeroWireload'. (OPT-170)
Information: Changed wire load model for '*ADD_TC_OP_29_14_29' from '(none)' to 'ZeroWireload'. (OPT-170)
Information: Changed wire load model for 'DW02_mult' from '(none)' to 'ZeroWireload'. (OPT-170)
Information: Changed wire load model for '*MULT_TC_OP_16_16_29' from '(none)' to 'ZeroWireload'. (OPT-170)
Information: Changed wire load model for 'DW01_add_width16' from '(none)' to 'ZeroWireload'. (OPT-170)
Information: Changed wire load model for '*ADD_TC_OP_16_15_16' from '(none)' to 'ZeroWireload'. (OPT-170)
Information: Changed wire load model for 'DW01_add_width29' from '(none)' to 'ZeroWireload'. (OPT-170)
Information: Changed wire load model for '*ADD_TC_OP_29_14_29' from '(none)' to 'ZeroWireload'. (OPT-170)
Information: Changed wire load model for 'DW01_add_width29' from '(none)' to 'ZeroWireload'. (OPT-170)
Information: Changed wire load model for '*ADD_TC_OP_29_14_29' from '(none)' to 'ZeroWireload'. (OPT-170)
Information: Changed wire load model for 'DW02_mult' from '(none)' to 'ZeroWireload'. (OPT-170)
Information: Changed wire load model for '*MULT_TC_OP_16_16_29' from '(none)' to 'ZeroWireload'. (OPT-170)
Information: Changed wire load model for 'DW01_add_width16' from '(none)' to 'ZeroWireload'. (OPT-170)
Information: Changed wire load model for '*ADD_TC_OP_16_15_16' from '(none)' to 'ZeroWireload'. (OPT-170)
Information: Changed wire load model for 'DW01_add_width29' from '(none)' to 'ZeroWireload'. (OPT-170)
Information: Changed wire load model for '*ADD_TC_OP_29_14_29' from '(none)' to 'ZeroWireload'. (OPT-170)
Information: Changed wire load model for 'DW01_add_width29' from '(none)' to 'ZeroWireload'. (OPT-170)
Information: Changed wire load model for '*ADD_TC_OP_29_14_29' from '(none)' to 'ZeroWireload'. (OPT-170)
Information: Changed wire load model for 'DW02_mult' from '(none)' to 'ZeroWireload'. (OPT-170)
Information: Changed wire load model for '*MULT_TC_OP_16_16_29' from '(none)' to 'ZeroWireload'. (OPT-170)
Information: Changed wire load model for 'DW01_add_width16' from '(none)' to 'ZeroWireload'. (OPT-170)
Information: Changed wire load model for '*ADD_TC_OP_16_15_16' from '(none)' to 'ZeroWireload'. (OPT-170)
Information: Changed wire load model for 'DW01_add_width29' from '(none)' to 'ZeroWireload'. (OPT-170)
Information: Changed wire load model for '*ADD_TC_OP_29_14_29' from '(none)' to 'ZeroWireload'. (OPT-170)
Information: Changed wire load model for 'DW01_add_width29' from '(none)' to 'ZeroWireload'. (OPT-170)
Information: Changed wire load model for '*ADD_TC_OP_29_14_29' from '(none)' to 'ZeroWireload'. (OPT-170)
Information: Changed wire load model for 'DW02_mult' from '(none)' to 'ZeroWireload'. (OPT-170)
Information: Changed wire load model for '*MULT_TC_OP_16_16_29' from '(none)' to 'ZeroWireload'. (OPT-170)
Information: Changed wire load model for 'DW01_add_width29' from '(none)' to 'ZeroWireload'. (OPT-170)
Information: Changed wire load model for '*ADD_TC_OP_29_14_29' from '(none)' to 'ZeroWireload'. (OPT-170)
Information: Changed wire load model for 'DW02_mult' from '(none)' to 'ZeroWireload'. (OPT-170)
Information: Changed wire load model for '*MULT_TC_OP_16_14_29' from '(none)' to 'ZeroWireload'. (OPT-170)
Information: Changed wire load model for 'DW02_mult' from '(none)' to 'ZeroWireload'. (OPT-170)
Information: Changed wire load model for '*MULT_TC_OP_16_14_29' from '(none)' to 'ZeroWireload'. (OPT-170)
Information: Changed wire load model for 'DW01_add_width29' from '(none)' to 'ZeroWireload'. (OPT-170)
Information: Changed wire load model for '*ADD_TC_OP_29_14_29' from '(none)' to 'ZeroWireload'. (OPT-170)
Information: Changed wire load model for 'DW02_mult' from '(none)' to 'ZeroWireload'. (OPT-170)
Information: Changed wire load model for '*MULT_TC_OP_16_14_29' from '(none)' to 'ZeroWireload'. (OPT-170)
Information: Changed wire load model for 'DW02_mult' from '(none)' to 'ZeroWireload'. (OPT-170)
Information: Changed wire load model for '*MULT_TC_OP_16_14_29' from '(none)' to 'ZeroWireload'. (OPT-170)
Information: Changed wire load model for 'DW01_add_width29' from '(none)' to 'ZeroWireload'. (OPT-170)
Information: Changed wire load model for '*ADD_TC_OP_29_14_29' from '(none)' to 'ZeroWireload'. (OPT-170)
Information: Changed wire load model for 'DW02_mult' from '(none)' to 'ZeroWireload'. (OPT-170)
Information: Changed wire load model for '*MULT_TC_OP_16_14_29' from '(none)' to 'ZeroWireload'. (OPT-170)
Information: Changed wire load model for 'DW02_mult' from '(none)' to 'ZeroWireload'. (OPT-170)
Information: Changed wire load model for '*MULT_TC_OP_16_14_29' from '(none)' to 'ZeroWireload'. (OPT-170)
Information: Changed wire load model for 'DW01_add_width29' from '(none)' to 'ZeroWireload'. (OPT-170)
Information: Changed wire load model for '*ADD_TC_OP_29_14_29' from '(none)' to 'ZeroWireload'. (OPT-170)
Information: Changed wire load model for 'DW02_mult' from '(none)' to 'ZeroWireload'. (OPT-170)
Information: Changed wire load model for '*MULT_TC_OP_16_14_29' from '(none)' to 'ZeroWireload'. (OPT-170)
Information: Changed wire load model for 'DW02_mult' from '(none)' to 'ZeroWireload'. (OPT-170)
Information: Changed wire load model for '*MULT_TC_OP_16_14_29' from '(none)' to 'ZeroWireload'. (OPT-170)
Information: Changed wire load model for 'DW01_add_width29' from '(none)' to 'ZeroWireload'. (OPT-170)
Information: Changed wire load model for '*ADD_TC_OP_29_14_29' from '(none)' to 'ZeroWireload'. (OPT-170)
Information: Changed wire load model for 'DW01_add_width16' from '(none)' to 'ZeroWireload'. (OPT-170)
Information: Changed wire load model for '*ADD_TC_OP_16_15_16' from '(none)' to 'ZeroWireload'. (OPT-170)
Information: Changed wire load model for 'DW01_add_width29' from '(none)' to 'ZeroWireload'. (OPT-170)
Information: Changed wire load model for '*ADD_TC_OP_29_14_29' from '(none)' to 'ZeroWireload'. (OPT-170)
Information: Changed wire load model for 'DW01_add_width16' from '(none)' to 'ZeroWireload'. (OPT-170)
Information: Changed wire load model for '*ADD_TC_OP_16_15_16' from '(none)' to 'ZeroWireload'. (OPT-170)
Information: Changed wire load model for 'DW01_add_width29' from '(none)' to 'ZeroWireload'. (OPT-170)
Information: Changed wire load model for '*ADD_TC_OP_29_14_29' from '(none)' to 'ZeroWireload'. (OPT-170)
Information: Changed wire load model for 'DW01_add_width16' from '(none)' to 'ZeroWireload'. (OPT-170)
Information: Changed wire load model for '*ADD_TC_OP_16_15_16' from '(none)' to 'ZeroWireload'. (OPT-170)
Information: Changed wire load model for 'DW01_add_width29' from '(none)' to 'ZeroWireload'. (OPT-170)
Information: Changed wire load model for '*ADD_TC_OP_29_14_29' from '(none)' to 'ZeroWireload'. (OPT-170)
Information: Changed wire load model for 'DW01_add_width16' from '(none)' to 'ZeroWireload'. (OPT-170)
Information: Changed wire load model for '*ADD_TC_OP_16_15_16' from '(none)' to 'ZeroWireload'. (OPT-170)
Information: Changed wire load model for 'DW02_mult' from '(none)' to 'ZeroWireload'. (OPT-170)
Information: Changed wire load model for '*MULT_TC_OP_16_14_29' from '(none)' to 'ZeroWireload'. (OPT-170)
Information: Changed wire load model for 'DW01_add_width16' from '(none)' to 'ZeroWireload'. (OPT-170)
Information: Changed wire load model for '*ADD_TC_OP_16_13_16' from '(none)' to 'ZeroWireload'. (OPT-170)
Information: Changed wire load model for 'DW01_add_width16' from '(none)' to 'ZeroWireload'. (OPT-170)
Information: Changed wire load model for '*ADD_TC_OP_16_14_16' from '(none)' to 'ZeroWireload'. (OPT-170)
Information: Changed wire load model for 'DW01_add_width29' from '(none)' to 'ZeroWireload'. (OPT-170)
Information: Changed wire load model for '*ADD_TC_OP_29_14_29' from '(none)' to 'ZeroWireload'. (OPT-170)
Information: Changed wire load model for 'DW02_mult' from '(none)' to 'ZeroWireload'. (OPT-170)
Information: Changed wire load model for '*MULT_TC_OP_16_14_29' from '(none)' to 'ZeroWireload'. (OPT-170)
Information: Changed wire load model for 'DW01_add_width16' from '(none)' to 'ZeroWireload'. (OPT-170)
Information: Changed wire load model for '*ADD_TC_OP_16_13_16' from '(none)' to 'ZeroWireload'. (OPT-170)
Information: Changed wire load model for 'DW01_add_width16' from '(none)' to 'ZeroWireload'. (OPT-170)
Information: Changed wire load model for '*ADD_TC_OP_16_14_16' from '(none)' to 'ZeroWireload'. (OPT-170)
Information: Changed wire load model for 'DW01_add_width29' from '(none)' to 'ZeroWireload'. (OPT-170)
Information: Changed wire load model for '*ADD_TC_OP_29_14_29' from '(none)' to 'ZeroWireload'. (OPT-170)
Information: Changed wire load model for 'DW02_mult' from '(none)' to 'ZeroWireload'. (OPT-170)
Information: Changed wire load model for '*MULT_TC_OP_16_14_29' from '(none)' to 'ZeroWireload'. (OPT-170)
Information: Changed wire load model for 'DW01_add_width16' from '(none)' to 'ZeroWireload'. (OPT-170)
Information: Changed wire load model for '*ADD_TC_OP_16_13_16' from '(none)' to 'ZeroWireload'. (OPT-170)
Information: Changed wire load model for 'DW01_add_width16' from '(none)' to 'ZeroWireload'. (OPT-170)
Information: Changed wire load model for '*ADD_TC_OP_16_14_16' from '(none)' to 'ZeroWireload'. (OPT-170)
Information: Changed wire load model for 'DW01_add_width29' from '(none)' to 'ZeroWireload'. (OPT-170)
Information: Changed wire load model for '*ADD_TC_OP_29_14_29' from '(none)' to 'ZeroWireload'. (OPT-170)
Information: Changed wire load model for 'DW02_mult' from '(none)' to 'ZeroWireload'. (OPT-170)
Information: Changed wire load model for '*MULT_TC_OP_16_14_29' from '(none)' to 'ZeroWireload'. (OPT-170)
Information: Changed wire load model for 'DW01_add_width16' from '(none)' to 'ZeroWireload'. (OPT-170)
Information: Changed wire load model for '*ADD_TC_OP_16_13_16' from '(none)' to 'ZeroWireload'. (OPT-170)
Information: Changed wire load model for 'DW01_add_width16' from '(none)' to 'ZeroWireload'. (OPT-170)
Information: Changed wire load model for '*ADD_TC_OP_16_14_16' from '(none)' to 'ZeroWireload'. (OPT-170)
Information: Changed wire load model for 'DW01_add_width29' from '(none)' to 'ZeroWireload'. (OPT-170)
Information: Changed wire load model for '*ADD_TC_OP_29_14_29' from '(none)' to 'ZeroWireload'. (OPT-170)
Information: Changed wire load model for 'DW02_mult' from '(none)' to 'ZeroWireload'. (OPT-170)
Information: Changed wire load model for '*MULT_TC_OP_16_15_29' from '(none)' to 'ZeroWireload'. (OPT-170)
Information: Changed wire load model for 'DW01_add_width29' from '(none)' to 'ZeroWireload'. (OPT-170)
Information: Changed wire load model for '*ADD_TC_OP_29_14_29' from '(none)' to 'ZeroWireload'. (OPT-170)
Information: Changed wire load model for 'DW01_add_width29' from '(none)' to 'ZeroWireload'. (OPT-170)
Information: Changed wire load model for '*ADD_TC_OP_29_14_29' from '(none)' to 'ZeroWireload'. (OPT-170)
Information: Changed wire load model for 'DW02_mult' from '(none)' to 'ZeroWireload'. (OPT-170)
Information: Changed wire load model for '*MULT_TC_OP_16_15_29' from '(none)' to 'ZeroWireload'. (OPT-170)
Information: Changed wire load model for 'DW01_add_width29' from '(none)' to 'ZeroWireload'. (OPT-170)
Information: Changed wire load model for '*ADD_TC_OP_29_14_29' from '(none)' to 'ZeroWireload'. (OPT-170)
Information: Changed wire load model for 'DW01_add_width29' from '(none)' to 'ZeroWireload'. (OPT-170)
Information: Changed wire load model for '*ADD_TC_OP_29_14_29' from '(none)' to 'ZeroWireload'. (OPT-170)
Information: Changed wire load model for 'DW02_mult' from '(none)' to 'ZeroWireload'. (OPT-170)
Information: Changed wire load model for '*MULT_TC_OP_16_15_29' from '(none)' to 'ZeroWireload'. (OPT-170)
Information: Changed wire load model for 'DW01_add_width29' from '(none)' to 'ZeroWireload'. (OPT-170)
Information: Changed wire load model for '*ADD_TC_OP_29_14_29' from '(none)' to 'ZeroWireload'. (OPT-170)
Information: Changed wire load model for 'DW01_add_width29' from '(none)' to 'ZeroWireload'. (OPT-170)
Information: Changed wire load model for '*ADD_TC_OP_29_14_29' from '(none)' to 'ZeroWireload'. (OPT-170)
Information: Changed wire load model for 'DW02_mult' from '(none)' to 'ZeroWireload'. (OPT-170)
Information: Changed wire load model for '*MULT_TC_OP_16_15_29' from '(none)' to 'ZeroWireload'. (OPT-170)
Information: Changed wire load model for 'DW01_add_width29' from '(none)' to 'ZeroWireload'. (OPT-170)
Information: Changed wire load model for '*ADD_TC_OP_29_14_29' from '(none)' to 'ZeroWireload'. (OPT-170)
Information: Changed wire load model for 'DW01_add_width29' from '(none)' to 'ZeroWireload'. (OPT-170)
Information: Changed wire load model for '*ADD_TC_OP_29_14_29' from '(none)' to 'ZeroWireload'. (OPT-170)
Information: Changed wire load model for 'DW01_add_width29' from '(none)' to 'ZeroWireload'. (OPT-170)
Information: Changed wire load model for '*ADD_TC_OP_29_14_29' from '(none)' to 'ZeroWireload'. (OPT-170)
Information: Changed wire load model for 'DW01_add_width29' from '(none)' to 'ZeroWireload'. (OPT-170)
Information: Changed wire load model for '*ADD_TC_OP_29_14_29' from '(none)' to 'ZeroWireload'. (OPT-170)
Information: Changed wire load model for 'DW01_add_width29' from '(none)' to 'ZeroWireload'. (OPT-170)
Information: Changed wire load model for '*ADD_TC_OP_29_14_29' from '(none)' to 'ZeroWireload'. (OPT-170)
Information: Changed wire load model for 'DW02_mult' from '(none)' to 'ZeroWireload'. (OPT-170)
Information: Changed wire load model for '*MULT_TC_OP_16_14_29' from '(none)' to 'ZeroWireload'. (OPT-170)
Information: Changed wire load model for 'DW01_add_width29' from '(none)' to 'ZeroWireload'. (OPT-170)
Information: Changed wire load model for '*ADD_TC_OP_29_14_29' from '(none)' to 'ZeroWireload'. (OPT-170)
Information: Changed wire load model for 'DW01_add_width29' from '(none)' to 'ZeroWireload'. (OPT-170)
Information: Changed wire load model for '*ADD_TC_OP_29_14_29' from '(none)' to 'ZeroWireload'. (OPT-170)
Information: Changed wire load model for 'DW01_add_width29' from '(none)' to 'ZeroWireload'. (OPT-170)
Information: Changed wire load model for '*ADD_TC_OP_29_14_29' from '(none)' to 'ZeroWireload'. (OPT-170)
Information: Changed wire load model for 'DW02_mult' from '(none)' to 'ZeroWireload'. (OPT-170)
Information: Changed wire load model for '*MULT_TC_OP_16_14_29' from '(none)' to 'ZeroWireload'. (OPT-170)
Information: Changed wire load model for 'DW01_add_width29' from '(none)' to 'ZeroWireload'. (OPT-170)
Information: Changed wire load model for '*ADD_TC_OP_29_14_29' from '(none)' to 'ZeroWireload'. (OPT-170)
Information: Changed wire load model for 'DW01_add_width29' from '(none)' to 'ZeroWireload'. (OPT-170)
Information: Changed wire load model for '*ADD_TC_OP_29_14_29' from '(none)' to 'ZeroWireload'. (OPT-170)
Information: Changed wire load model for 'DW01_add_width29' from '(none)' to 'ZeroWireload'. (OPT-170)
Information: Changed wire load model for '*ADD_TC_OP_29_14_29' from '(none)' to 'ZeroWireload'. (OPT-170)
Information: Changed wire load model for 'DW02_mult' from '(none)' to 'ZeroWireload'. (OPT-170)
Information: Changed wire load model for '*MULT_TC_OP_16_14_29' from '(none)' to 'ZeroWireload'. (OPT-170)
Information: Changed wire load model for 'DW01_add_width29' from '(none)' to 'ZeroWireload'. (OPT-170)
Information: Changed wire load model for '*ADD_TC_OP_29_14_29' from '(none)' to 'ZeroWireload'. (OPT-170)
Information: Changed wire load model for 'DW01_add_width29' from '(none)' to 'ZeroWireload'. (OPT-170)
Information: Changed wire load model for '*ADD_TC_OP_29_14_29' from '(none)' to 'ZeroWireload'. (OPT-170)
Information: Changed wire load model for 'DW01_add_width29' from '(none)' to 'ZeroWireload'. (OPT-170)
Information: Changed wire load model for '*ADD_TC_OP_29_14_29' from '(none)' to 'ZeroWireload'. (OPT-170)
Information: Changed wire load model for 'DW02_mult' from '(none)' to 'ZeroWireload'. (OPT-170)
Information: Changed wire load model for '*MULT_TC_OP_16_14_29' from '(none)' to 'ZeroWireload'. (OPT-170)
Information: Changed wire load model for 'DW01_add_width16' from '(none)' to 'ZeroWireload'. (OPT-170)
Information: Changed wire load model for '*ADD_TC_OP_16_16_16' from '(none)' to 'ZeroWireload'. (OPT-170)
Information: Changed wire load model for 'DW02_mult' from '(none)' to 'ZeroWireload'. (OPT-170)
Information: Changed wire load model for '*MULT_TC_OP_16_15_29' from '(none)' to 'ZeroWireload'. (OPT-170)
Information: Changed wire load model for 'DW02_mult' from '(none)' to 'ZeroWireload'. (OPT-170)
Information: Changed wire load model for '*MULT_TC_OP_16_15_29' from '(none)' to 'ZeroWireload'. (OPT-170)
Information: Changed wire load model for 'DW01_add_width16' from '(none)' to 'ZeroWireload'. (OPT-170)
Information: Changed wire load model for '*ADD_TC_OP_16_16_16' from '(none)' to 'ZeroWireload'. (OPT-170)
Information: Changed wire load model for 'DW02_mult' from '(none)' to 'ZeroWireload'. (OPT-170)
Information: Changed wire load model for '*MULT_TC_OP_16_15_29' from '(none)' to 'ZeroWireload'. (OPT-170)
Information: Changed wire load model for 'DW02_mult' from '(none)' to 'ZeroWireload'. (OPT-170)
Information: Changed wire load model for '*MULT_TC_OP_16_15_29' from '(none)' to 'ZeroWireload'. (OPT-170)
Information: Changed wire load model for 'DW01_add_width16' from '(none)' to 'ZeroWireload'. (OPT-170)
Information: Changed wire load model for '*ADD_TC_OP_16_16_16' from '(none)' to 'ZeroWireload'. (OPT-170)
Information: Changed wire load model for 'DW02_mult' from '(none)' to 'ZeroWireload'. (OPT-170)
Information: Changed wire load model for '*MULT_TC_OP_16_15_29' from '(none)' to 'ZeroWireload'. (OPT-170)
Information: Changed wire load model for 'DW02_mult' from '(none)' to 'ZeroWireload'. (OPT-170)
Information: Changed wire load model for '*MULT_TC_OP_16_15_29' from '(none)' to 'ZeroWireload'. (OPT-170)
Information: Changed wire load model for 'DW01_add_width16' from '(none)' to 'ZeroWireload'. (OPT-170)
Information: Changed wire load model for '*ADD_TC_OP_16_16_16' from '(none)' to 'ZeroWireload'. (OPT-170)
Information: Changed wire load model for 'DW02_mult' from '(none)' to 'ZeroWireload'. (OPT-170)
Information: Changed wire load model for '*MULT_TC_OP_16_15_29' from '(none)' to 'ZeroWireload'. (OPT-170)
Information: Changed wire load model for 'DW02_mult' from '(none)' to 'ZeroWireload'. (OPT-170)
Information: Changed wire load model for '*MULT_TC_OP_16_15_29' from '(none)' to 'ZeroWireload'. (OPT-170)
Information: Changed wire load model for 'DW02_mult' from '(none)' to 'ZeroWireload'. (OPT-170)
Information: Changed wire load model for '*MULT_TC_OP_16_14_29' from '(none)' to 'ZeroWireload'. (OPT-170)
Information: Changed wire load model for 'DW02_mult' from '(none)' to 'ZeroWireload'. (OPT-170)
Information: Changed wire load model for '*MULT_TC_OP_16_14_29' from '(none)' to 'ZeroWireload'. (OPT-170)
Information: Changed wire load model for 'DW02_mult' from '(none)' to 'ZeroWireload'. (OPT-170)
Information: Changed wire load model for '*MULT_TC_OP_16_14_29' from '(none)' to 'ZeroWireload'. (OPT-170)
Information: Changed wire load model for 'DW01_add_width29' from '(none)' to 'ZeroWireload'. (OPT-170)
Information: Changed wire load model for '*ADD_TC_OP_29_14_29' from '(none)' to 'ZeroWireload'. (OPT-170)
Information: Changed wire load model for 'DW02_mult' from '(none)' to 'ZeroWireload'. (OPT-170)
Information: Changed wire load model for '*MULT_TC_OP_16_14_29' from '(none)' to 'ZeroWireload'. (OPT-170)
Information: Changed wire load model for 'DW02_mult' from '(none)' to 'ZeroWireload'. (OPT-170)
Information: Changed wire load model for '*MULT_TC_OP_16_14_29' from '(none)' to 'ZeroWireload'. (OPT-170)
Information: Changed wire load model for 'DW02_mult' from '(none)' to 'ZeroWireload'. (OPT-170)
Information: Changed wire load model for '*MULT_TC_OP_16_14_29' from '(none)' to 'ZeroWireload'. (OPT-170)
Information: Changed wire load model for 'DW01_add_width29' from '(none)' to 'ZeroWireload'. (OPT-170)
Information: Changed wire load model for '*ADD_TC_OP_29_14_29' from '(none)' to 'ZeroWireload'. (OPT-170)
Information: Changed wire load model for 'DW02_mult' from '(none)' to 'ZeroWireload'. (OPT-170)
Information: Changed wire load model for '*MULT_TC_OP_16_14_29' from '(none)' to 'ZeroWireload'. (OPT-170)
Information: Changed wire load model for 'DW02_mult' from '(none)' to 'ZeroWireload'. (OPT-170)
Information: Changed wire load model for '*MULT_TC_OP_16_14_29' from '(none)' to 'ZeroWireload'. (OPT-170)
Information: Changed wire load model for 'DW02_mult' from '(none)' to 'ZeroWireload'. (OPT-170)
Information: Changed wire load model for '*MULT_TC_OP_16_14_29' from '(none)' to 'ZeroWireload'. (OPT-170)
Information: Changed wire load model for 'DW01_add_width29' from '(none)' to 'ZeroWireload'. (OPT-170)
Information: Changed wire load model for '*ADD_TC_OP_29_14_29' from '(none)' to 'ZeroWireload'. (OPT-170)
Information: Changed wire load model for 'DW02_mult' from '(none)' to 'ZeroWireload'. (OPT-170)
Information: Changed wire load model for '*MULT_TC_OP_16_14_29' from '(none)' to 'ZeroWireload'. (OPT-170)
Information: Changed wire load model for 'DW02_mult' from '(none)' to 'ZeroWireload'. (OPT-170)
Information: Changed wire load model for '*MULT_TC_OP_16_14_29' from '(none)' to 'ZeroWireload'. (OPT-170)
Information: Changed wire load model for 'DW02_mult' from '(none)' to 'ZeroWireload'. (OPT-170)
Information: Changed wire load model for '*MULT_TC_OP_16_14_29' from '(none)' to 'ZeroWireload'. (OPT-170)
Information: Changed wire load model for 'DW01_add_width29' from '(none)' to 'ZeroWireload'. (OPT-170)
Information: Changed wire load model for '*ADD_TC_OP_29_14_29' from '(none)' to 'ZeroWireload'. (OPT-170)
Information: Changed wire load model for 'DW01_add_width29' from '(none)' to 'ZeroWireload'. (OPT-170)
Information: Changed wire load model for '*ADD_TC_OP_29_14_29' from '(none)' to 'ZeroWireload'. (OPT-170)
Information: Changed wire load model for 'DW01_add_width16' from '(none)' to 'ZeroWireload'. (OPT-170)
Information: Changed wire load model for '*ADD_TC_OP_15_15_16' from '(none)' to 'ZeroWireload'. (OPT-170)
Information: Changed wire load model for 'DW01_add_width16' from '(none)' to 'ZeroWireload'. (OPT-170)
Information: Changed wire load model for '*ADD_TC_OP_15_13_16' from '(none)' to 'ZeroWireload'. (OPT-170)
Information: Changed wire load model for 'DW01_add_width29' from '(none)' to 'ZeroWireload'. (OPT-170)
Information: Changed wire load model for '*ADD_TC_OP_29_14_29' from '(none)' to 'ZeroWireload'. (OPT-170)
Information: Changed wire load model for 'DW01_add_width16' from '(none)' to 'ZeroWireload'. (OPT-170)
Information: Changed wire load model for '*ADD_TC_OP_15_15_16' from '(none)' to 'ZeroWireload'. (OPT-170)
Information: Changed wire load model for 'DW01_add_width16' from '(none)' to 'ZeroWireload'. (OPT-170)
Information: Changed wire load model for '*ADD_TC_OP_15_13_16' from '(none)' to 'ZeroWireload'. (OPT-170)
Information: Changed wire load model for 'DW01_add_width29' from '(none)' to 'ZeroWireload'. (OPT-170)
Information: Changed wire load model for '*ADD_TC_OP_29_14_29' from '(none)' to 'ZeroWireload'. (OPT-170)
Information: Changed wire load model for 'DW01_add_width16' from '(none)' to 'ZeroWireload'. (OPT-170)
Information: Changed wire load model for '*ADD_TC_OP_15_15_16' from '(none)' to 'ZeroWireload'. (OPT-170)
Information: Changed wire load model for 'DW01_add_width16' from '(none)' to 'ZeroWireload'. (OPT-170)
Information: Changed wire load model for '*ADD_TC_OP_15_13_16' from '(none)' to 'ZeroWireload'. (OPT-170)
Information: Changed wire load model for 'DW01_add_width29' from '(none)' to 'ZeroWireload'. (OPT-170)
Information: Changed wire load model for '*ADD_TC_OP_29_14_29' from '(none)' to 'ZeroWireload'. (OPT-170)
Information: Changed wire load model for 'DW01_add_width16' from '(none)' to 'ZeroWireload'. (OPT-170)
Information: Changed wire load model for '*ADD_TC_OP_15_15_16' from '(none)' to 'ZeroWireload'. (OPT-170)
Information: Changed wire load model for 'DW01_add_width16' from '(none)' to 'ZeroWireload'. (OPT-170)
Information: Changed wire load model for '*ADD_TC_OP_15_13_16' from '(none)' to 'ZeroWireload'. (OPT-170)
Information: Changed wire load model for 'DW01_add_width16' from '(none)' to 'ZeroWireload'. (OPT-170)
Information: Changed wire load model for '*ADD_TC_OP_16_16_16' from '(none)' to 'ZeroWireload'. (OPT-170)
Information: Changed wire load model for 'DW01_add_width16' from '(none)' to 'ZeroWireload'. (OPT-170)
Information: Changed wire load model for '*ADD_TC_OP_15_15_16' from '(none)' to 'ZeroWireload'. (OPT-170)
Information: Changed wire load model for 'DW01_add_width16' from '(none)' to 'ZeroWireload'. (OPT-170)
Information: Changed wire load model for '*ADD_TC_OP_16_16_16' from '(none)' to 'ZeroWireload'. (OPT-170)
Information: Changed wire load model for 'DW02_mult' from '(none)' to 'ZeroWireload'. (OPT-170)
Information: Changed wire load model for '*MULT_TC_OP_15_14_29' from '(none)' to 'ZeroWireload'. (OPT-170)
Information: Changed wire load model for 'DW01_add_width16' from '(none)' to 'ZeroWireload'. (OPT-170)
Information: Changed wire load model for '*ADD_TC_OP_16_16_16' from '(none)' to 'ZeroWireload'. (OPT-170)
Information: Changed wire load model for 'DW01_add_width16' from '(none)' to 'ZeroWireload'. (OPT-170)
Information: Changed wire load model for '*ADD_TC_OP_15_15_16' from '(none)' to 'ZeroWireload'. (OPT-170)
Information: Changed wire load model for 'DW01_add_width16' from '(none)' to 'ZeroWireload'. (OPT-170)
Information: Changed wire load model for '*ADD_TC_OP_16_16_16' from '(none)' to 'ZeroWireload'. (OPT-170)
Information: Changed wire load model for 'DW02_mult' from '(none)' to 'ZeroWireload'. (OPT-170)
Information: Changed wire load model for '*MULT_TC_OP_15_14_29' from '(none)' to 'ZeroWireload'. (OPT-170)
Information: Changed wire load model for 'DW01_add_width16' from '(none)' to 'ZeroWireload'. (OPT-170)
Information: Changed wire load model for '*ADD_TC_OP_16_16_16' from '(none)' to 'ZeroWireload'. (OPT-170)
Information: Changed wire load model for 'DW01_add_width16' from '(none)' to 'ZeroWireload'. (OPT-170)
Information: Changed wire load model for '*ADD_TC_OP_15_15_16' from '(none)' to 'ZeroWireload'. (OPT-170)
Information: Changed wire load model for 'DW01_add_width16' from '(none)' to 'ZeroWireload'. (OPT-170)
Information: Changed wire load model for '*ADD_TC_OP_16_16_16' from '(none)' to 'ZeroWireload'. (OPT-170)
Information: Changed wire load model for 'DW02_mult' from '(none)' to 'ZeroWireload'. (OPT-170)
Information: Changed wire load model for '*MULT_TC_OP_15_14_29' from '(none)' to 'ZeroWireload'. (OPT-170)
Information: Changed wire load model for 'DW01_add_width16' from '(none)' to 'ZeroWireload'. (OPT-170)
Information: Changed wire load model for '*ADD_TC_OP_16_16_16' from '(none)' to 'ZeroWireload'. (OPT-170)
Information: Changed wire load model for 'DW01_add_width16' from '(none)' to 'ZeroWireload'. (OPT-170)
Information: Changed wire load model for '*ADD_TC_OP_15_15_16' from '(none)' to 'ZeroWireload'. (OPT-170)
Information: Changed wire load model for 'DW01_add_width16' from '(none)' to 'ZeroWireload'. (OPT-170)
Information: Changed wire load model for '*ADD_TC_OP_16_16_16' from '(none)' to 'ZeroWireload'. (OPT-170)
Information: Changed wire load model for 'DW02_mult' from '(none)' to 'ZeroWireload'. (OPT-170)
Information: Changed wire load model for '*MULT_TC_OP_15_14_29' from '(none)' to 'ZeroWireload'. (OPT-170)
Information: Changed wire load model for 'DW01_add_width29' from '(none)' to 'ZeroWireload'. (OPT-170)
Information: Changed wire load model for '*ADD_TC_OP_29_14_29' from '(none)' to 'ZeroWireload'. (OPT-170)
Information: Changed wire load model for 'DW01_add_width16' from '(none)' to 'ZeroWireload'. (OPT-170)
Information: Changed wire load model for '*ADD_TC_OP_16_15_16' from '(none)' to 'ZeroWireload'. (OPT-170)
Information: Changed wire load model for 'DW01_sub_width29' from '(none)' to 'ZeroWireload'. (OPT-170)
Information: Changed wire load model for '*SUB_TC_OP_1_28_29' from '(none)' to 'ZeroWireload'. (OPT-170)
Information: Changed wire load model for 'DW01_inc_width16' from '(none)' to 'ZeroWireload'. (OPT-170)
Information: Changed wire load model for '*ADD_TC_OP_27_14_28' from '(none)' to 'ZeroWireload'. (OPT-170)
Information: Changed wire load model for 'DW01_add_width29' from '(none)' to 'ZeroWireload'. (OPT-170)
Information: Changed wire load model for '*ADD_TC_OP_29_14_29' from '(none)' to 'ZeroWireload'. (OPT-170)
Information: Changed wire load model for 'DW01_add_width16' from '(none)' to 'ZeroWireload'. (OPT-170)
Information: Changed wire load model for '*ADD_TC_OP_16_15_16' from '(none)' to 'ZeroWireload'. (OPT-170)
Information: Changed wire load model for 'DW01_sub_width29' from '(none)' to 'ZeroWireload'. (OPT-170)
Information: Changed wire load model for '*SUB_TC_OP_1_28_29' from '(none)' to 'ZeroWireload'. (OPT-170)
Information: Changed wire load model for 'DW01_inc_width16' from '(none)' to 'ZeroWireload'. (OPT-170)
Information: Changed wire load model for '*ADD_TC_OP_27_14_28' from '(none)' to 'ZeroWireload'. (OPT-170)
Information: Changed wire load model for 'DW01_add_width29' from '(none)' to 'ZeroWireload'. (OPT-170)
Information: Changed wire load model for '*ADD_TC_OP_29_14_29' from '(none)' to 'ZeroWireload'. (OPT-170)
Information: Changed wire load model for 'DW01_add_width16' from '(none)' to 'ZeroWireload'. (OPT-170)
Information: Changed wire load model for '*ADD_TC_OP_16_15_16' from '(none)' to 'ZeroWireload'. (OPT-170)
Information: Changed wire load model for 'DW01_sub_width29' from '(none)' to 'ZeroWireload'. (OPT-170)
Information: Changed wire load model for '*SUB_TC_OP_1_28_29' from '(none)' to 'ZeroWireload'. (OPT-170)
Information: Changed wire load model for 'DW01_inc_width16' from '(none)' to 'ZeroWireload'. (OPT-170)
Information: Changed wire load model for '*ADD_TC_OP_27_14_28' from '(none)' to 'ZeroWireload'. (OPT-170)
Information: Changed wire load model for 'DW01_add_width29' from '(none)' to 'ZeroWireload'. (OPT-170)
Information: Changed wire load model for '*ADD_TC_OP_29_14_29' from '(none)' to 'ZeroWireload'. (OPT-170)
Information: Changed wire load model for 'DW01_add_width16' from '(none)' to 'ZeroWireload'. (OPT-170)
Information: Changed wire load model for '*ADD_TC_OP_16_15_16' from '(none)' to 'ZeroWireload'. (OPT-170)
Information: Changed wire load model for 'DW01_sub_width29' from '(none)' to 'ZeroWireload'. (OPT-170)
Information: Changed wire load model for '*SUB_TC_OP_1_28_29' from '(none)' to 'ZeroWireload'. (OPT-170)
Information: Changed wire load model for 'DW01_inc_width16' from '(none)' to 'ZeroWireload'. (OPT-170)
Information: Changed wire load model for '*ADD_TC_OP_27_14_28' from '(none)' to 'ZeroWireload'. (OPT-170)
Information: Changed wire load model for 'DW01_add_width29' from '(none)' to 'ZeroWireload'. (OPT-170)
Information: Changed wire load model for '*ADD_TC_OP_29_14_29' from '(none)' to 'ZeroWireload'. (OPT-170)
Information: Changed wire load model for 'DW01_add_width28' from '(none)' to 'ZeroWireload'. (OPT-170)
Information: Changed wire load model for '*ADD_TC_OP_27_14_28' from '(none)' to 'ZeroWireload'. (OPT-170)
Information: Changed wire load model for 'DW01_add_width29' from '(none)' to 'ZeroWireload'. (OPT-170)
Information: Changed wire load model for '*ADD_TC_OP_29_14_29' from '(none)' to 'ZeroWireload'. (OPT-170)
Information: Changed wire load model for 'DW01_add_width15' from '(none)' to 'ZeroWireload'. (OPT-170)
Information: Changed wire load model for '*ADD_TC_OP_14_13_15' from '(none)' to 'ZeroWireload'. (OPT-170)
Information: Changed wire load model for 'DW01_add_width29' from '(none)' to 'ZeroWireload'. (OPT-170)
Information: Changed wire load model for '*ADD_TC_OP_29_14_29' from '(none)' to 'ZeroWireload'. (OPT-170)
Information: Changed wire load model for 'DW01_add_width28' from '(none)' to 'ZeroWireload'. (OPT-170)
Information: Changed wire load model for '*ADD_TC_OP_27_14_28' from '(none)' to 'ZeroWireload'. (OPT-170)
Information: Changed wire load model for 'DW01_add_width29' from '(none)' to 'ZeroWireload'. (OPT-170)
Information: Changed wire load model for '*ADD_TC_OP_29_14_29' from '(none)' to 'ZeroWireload'. (OPT-170)
Information: Changed wire load model for 'DW01_add_width15' from '(none)' to 'ZeroWireload'. (OPT-170)
Information: Changed wire load model for '*ADD_TC_OP_14_13_15' from '(none)' to 'ZeroWireload'. (OPT-170)
Information: Changed wire load model for 'DW01_add_width29' from '(none)' to 'ZeroWireload'. (OPT-170)
Information: Changed wire load model for '*ADD_TC_OP_29_14_29' from '(none)' to 'ZeroWireload'. (OPT-170)
Information: Changed wire load model for 'DW01_add_width28' from '(none)' to 'ZeroWireload'. (OPT-170)
Information: Changed wire load model for '*ADD_TC_OP_27_14_28' from '(none)' to 'ZeroWireload'. (OPT-170)
Information: Changed wire load model for 'DW01_add_width29' from '(none)' to 'ZeroWireload'. (OPT-170)
Information: Changed wire load model for '*ADD_TC_OP_29_14_29' from '(none)' to 'ZeroWireload'. (OPT-170)
Information: Changed wire load model for 'DW01_add_width15' from '(none)' to 'ZeroWireload'. (OPT-170)
Information: Changed wire load model for '*ADD_TC_OP_14_13_15' from '(none)' to 'ZeroWireload'. (OPT-170)
Information: Changed wire load model for 'DW01_add_width29' from '(none)' to 'ZeroWireload'. (OPT-170)
Information: Changed wire load model for '*ADD_TC_OP_29_14_29' from '(none)' to 'ZeroWireload'. (OPT-170)
Information: Changed wire load model for 'DW01_add_width28' from '(none)' to 'ZeroWireload'. (OPT-170)
Information: Changed wire load model for '*ADD_TC_OP_27_14_28' from '(none)' to 'ZeroWireload'. (OPT-170)
Information: Changed wire load model for 'DW01_add_width29' from '(none)' to 'ZeroWireload'. (OPT-170)
Information: Changed wire load model for '*ADD_TC_OP_29_14_29' from '(none)' to 'ZeroWireload'. (OPT-170)
Information: Changed wire load model for 'DW01_add_width15' from '(none)' to 'ZeroWireload'. (OPT-170)
Information: Changed wire load model for '*ADD_TC_OP_14_13_15' from '(none)' to 'ZeroWireload'. (OPT-170)
Information: Changed wire load model for 'DW02_mult' from '(none)' to 'ZeroWireload'. (OPT-170)
Information: Changed wire load model for '*MULT_TC_OP_16_14_29' from '(none)' to 'ZeroWireload'. (OPT-170)
Information: Changed wire load model for 'DW01_add_width29' from '(none)' to 'ZeroWireload'. (OPT-170)
Information: Changed wire load model for '*ADD_TC_OP_29_14_29' from '(none)' to 'ZeroWireload'. (OPT-170)
Information: Changed wire load model for 'DW01_add_width29' from '(none)' to 'ZeroWireload'. (OPT-170)
Information: Changed wire load model for '*ADD_TC_OP_29_14_29' from '(none)' to 'ZeroWireload'. (OPT-170)
Information: Changed wire load model for 'DW01_sub_width15' from '(none)' to 'ZeroWireload'. (OPT-170)
Information: Changed wire load model for '*SUB_UNS_OP_14_13_15' from '(none)' to 'ZeroWireload'. (OPT-170)
Information: Changed wire load model for 'DW02_mult' from '(none)' to 'ZeroWireload'. (OPT-170)
Information: Changed wire load model for '*MULT_TC_OP_16_14_29' from '(none)' to 'ZeroWireload'. (OPT-170)
Information: Changed wire load model for 'DW01_add_width29' from '(none)' to 'ZeroWireload'. (OPT-170)
Information: Changed wire load model for '*ADD_TC_OP_29_14_29' from '(none)' to 'ZeroWireload'. (OPT-170)
Information: Changed wire load model for 'DW01_add_width29' from '(none)' to 'ZeroWireload'. (OPT-170)
Information: Changed wire load model for '*ADD_TC_OP_29_14_29' from '(none)' to 'ZeroWireload'. (OPT-170)
Information: Changed wire load model for 'DW01_sub_width15' from '(none)' to 'ZeroWireload'. (OPT-170)
Information: Changed wire load model for '*SUB_UNS_OP_14_13_15' from '(none)' to 'ZeroWireload'. (OPT-170)
Information: Changed wire load model for 'DW02_mult' from '(none)' to 'ZeroWireload'. (OPT-170)
Information: Changed wire load model for '*MULT_TC_OP_16_14_29' from '(none)' to 'ZeroWireload'. (OPT-170)
Information: Changed wire load model for 'DW01_add_width29' from '(none)' to 'ZeroWireload'. (OPT-170)
Information: Changed wire load model for '*ADD_TC_OP_29_14_29' from '(none)' to 'ZeroWireload'. (OPT-170)
Information: Changed wire load model for 'DW01_add_width29' from '(none)' to 'ZeroWireload'. (OPT-170)
Information: Changed wire load model for '*ADD_TC_OP_29_14_29' from '(none)' to 'ZeroWireload'. (OPT-170)
Information: Changed wire load model for 'DW01_sub_width15' from '(none)' to 'ZeroWireload'. (OPT-170)
Information: Changed wire load model for '*SUB_UNS_OP_14_13_15' from '(none)' to 'ZeroWireload'. (OPT-170)
Information: Changed wire load model for 'DW02_mult' from '(none)' to 'ZeroWireload'. (OPT-170)
Information: Changed wire load model for '*MULT_TC_OP_16_14_29' from '(none)' to 'ZeroWireload'. (OPT-170)
Information: Changed wire load model for 'DW01_add_width29' from '(none)' to 'ZeroWireload'. (OPT-170)
Information: Changed wire load model for '*ADD_TC_OP_29_14_29' from '(none)' to 'ZeroWireload'. (OPT-170)
Information: Changed wire load model for 'DW01_add_width29' from '(none)' to 'ZeroWireload'. (OPT-170)
Information: Changed wire load model for '*ADD_TC_OP_29_14_29' from '(none)' to 'ZeroWireload'. (OPT-170)
Information: Changed wire load model for 'DW01_sub_width15' from '(none)' to 'ZeroWireload'. (OPT-170)
Information: Changed wire load model for '*SUB_UNS_OP_14_13_15' from '(none)' to 'ZeroWireload'. (OPT-170)
Information: Changed wire load model for 'DW02_mult' from '(none)' to 'ZeroWireload'. (OPT-170)
Information: Changed wire load model for '*MULT_TC_OP_15_14_29' from '(none)' to 'ZeroWireload'. (OPT-170)
Information: Changed wire load model for 'DW01_sub_width27' from '(none)' to 'ZeroWireload'. (OPT-170)
Information: Changed wire load model for '*SUB_TC_OP_1_26_27' from '(none)' to 'ZeroWireload'. (OPT-170)
Information: Changed wire load model for 'DW02_mult' from '(none)' to 'ZeroWireload'. (OPT-170)
Information: Changed wire load model for '*MULT_TC_OP_15_14_29' from '(none)' to 'ZeroWireload'. (OPT-170)
Information: Changed wire load model for 'DW01_inc_width15' from '(none)' to 'ZeroWireload'. (OPT-170)
Information: Changed wire load model for '*ADD_TC_OP_26_14_27' from '(none)' to 'ZeroWireload'. (OPT-170)
Information: Changed wire load model for 'DW02_mult' from '(none)' to 'ZeroWireload'. (OPT-170)
Information: Changed wire load model for '*MULT_TC_OP_15_14_29' from '(none)' to 'ZeroWireload'. (OPT-170)
Information: Changed wire load model for 'DW01_sub_width27' from '(none)' to 'ZeroWireload'. (OPT-170)
Information: Changed wire load model for '*SUB_TC_OP_1_26_27' from '(none)' to 'ZeroWireload'. (OPT-170)
Information: Changed wire load model for 'DW02_mult' from '(none)' to 'ZeroWireload'. (OPT-170)
Information: Changed wire load model for '*MULT_TC_OP_15_14_29' from '(none)' to 'ZeroWireload'. (OPT-170)
Information: Changed wire load model for 'DW01_inc_width15' from '(none)' to 'ZeroWireload'. (OPT-170)
Information: Changed wire load model for '*ADD_TC_OP_26_14_27' from '(none)' to 'ZeroWireload'. (OPT-170)
Information: Changed wire load model for 'DW02_mult' from '(none)' to 'ZeroWireload'. (OPT-170)
Information: Changed wire load model for '*MULT_TC_OP_15_14_29' from '(none)' to 'ZeroWireload'. (OPT-170)
Information: Changed wire load model for 'DW01_sub_width27' from '(none)' to 'ZeroWireload'. (OPT-170)
Information: Changed wire load model for '*SUB_TC_OP_1_26_27' from '(none)' to 'ZeroWireload'. (OPT-170)
Information: Changed wire load model for 'DW02_mult' from '(none)' to 'ZeroWireload'. (OPT-170)
Information: Changed wire load model for '*MULT_TC_OP_15_14_29' from '(none)' to 'ZeroWireload'. (OPT-170)
Information: Changed wire load model for 'DW01_inc_width15' from '(none)' to 'ZeroWireload'. (OPT-170)
Information: Changed wire load model for '*ADD_TC_OP_26_14_27' from '(none)' to 'ZeroWireload'. (OPT-170)
Information: Changed wire load model for 'DW02_mult' from '(none)' to 'ZeroWireload'. (OPT-170)
Information: Changed wire load model for '*MULT_TC_OP_15_14_29' from '(none)' to 'ZeroWireload'. (OPT-170)
Information: Changed wire load model for 'DW01_sub_width27' from '(none)' to 'ZeroWireload'. (OPT-170)
Information: Changed wire load model for '*SUB_TC_OP_1_26_27' from '(none)' to 'ZeroWireload'. (OPT-170)
Information: Changed wire load model for 'DW02_mult' from '(none)' to 'ZeroWireload'. (OPT-170)
Information: Changed wire load model for '*MULT_TC_OP_15_14_29' from '(none)' to 'ZeroWireload'. (OPT-170)
Information: Changed wire load model for 'DW01_inc_width15' from '(none)' to 'ZeroWireload'. (OPT-170)
Information: Changed wire load model for '*ADD_TC_OP_26_14_27' from '(none)' to 'ZeroWireload'. (OPT-170)
Information: Changed wire load model for 'DW01_add_width16' from '(none)' to 'ZeroWireload'. (OPT-170)
Information: Changed wire load model for '*ADD_TC_OP_16_16_16' from '(none)' to 'ZeroWireload'. (OPT-170)
Information: Changed wire load model for 'DW02_mult' from '(none)' to 'ZeroWireload'. (OPT-170)
Information: Changed wire load model for '*MULT_TC_OP_15_14_29' from '(none)' to 'ZeroWireload'. (OPT-170)
Information: Changed wire load model for 'DW02_mult' from '(none)' to 'ZeroWireload'. (OPT-170)
Information: Changed wire load model for '*MULT_TC_OP_16_14_29' from '(none)' to 'ZeroWireload'. (OPT-170)
Information: Changed wire load model for 'DW01_add_width16' from '(none)' to 'ZeroWireload'. (OPT-170)
Information: Changed wire load model for '*ADD_TC_OP_16_16_16' from '(none)' to 'ZeroWireload'. (OPT-170)
Information: Changed wire load model for 'DW02_mult' from '(none)' to 'ZeroWireload'. (OPT-170)
Information: Changed wire load model for '*MULT_TC_OP_15_14_29' from '(none)' to 'ZeroWireload'. (OPT-170)
Information: Changed wire load model for 'DW02_mult' from '(none)' to 'ZeroWireload'. (OPT-170)
Information: Changed wire load model for '*MULT_TC_OP_16_14_29' from '(none)' to 'ZeroWireload'. (OPT-170)
Information: Changed wire load model for 'DW01_add_width16' from '(none)' to 'ZeroWireload'. (OPT-170)
Information: Changed wire load model for '*ADD_TC_OP_16_16_16' from '(none)' to 'ZeroWireload'. (OPT-170)
Information: Changed wire load model for 'DW02_mult' from '(none)' to 'ZeroWireload'. (OPT-170)
Information: Changed wire load model for '*MULT_TC_OP_15_14_29' from '(none)' to 'ZeroWireload'. (OPT-170)
Information: Changed wire load model for 'DW02_mult' from '(none)' to 'ZeroWireload'. (OPT-170)
Information: Changed wire load model for '*MULT_TC_OP_16_14_29' from '(none)' to 'ZeroWireload'. (OPT-170)
Information: Changed wire load model for 'DW01_add_width16' from '(none)' to 'ZeroWireload'. (OPT-170)
Information: Changed wire load model for '*ADD_TC_OP_16_16_16' from '(none)' to 'ZeroWireload'. (OPT-170)
Information: Changed wire load model for 'DW02_mult' from '(none)' to 'ZeroWireload'. (OPT-170)
Information: Changed wire load model for '*MULT_TC_OP_15_14_29' from '(none)' to 'ZeroWireload'. (OPT-170)
Information: Changed wire load model for 'DW02_mult' from '(none)' to 'ZeroWireload'. (OPT-170)
Information: Changed wire load model for '*MULT_TC_OP_16_14_29' from '(none)' to 'ZeroWireload'. (OPT-170)
Information: Changed wire load model for 'DW01_add_width29' from '(none)' to 'ZeroWireload'. (OPT-170)
Information: Changed wire load model for '*ADD_TC_OP_28_14_29' from '(none)' to 'ZeroWireload'. (OPT-170)
Information: Changed wire load model for 'DW01_add_width15' from '(none)' to 'ZeroWireload'. (OPT-170)
Information: Changed wire load model for '*ADD_TC_OP_14_13_15' from '(none)' to 'ZeroWireload'. (OPT-170)
Information: Changed wire load model for 'DW01_add_width16' from '(none)' to 'ZeroWireload'. (OPT-170)
Information: Changed wire load model for '*ADD_TC_OP_14_15_16' from '(none)' to 'ZeroWireload'. (OPT-170)
Information: Changed wire load model for 'DW01_add_width29' from '(none)' to 'ZeroWireload'. (OPT-170)
Information: Changed wire load model for '*ADD_TC_OP_28_14_29' from '(none)' to 'ZeroWireload'. (OPT-170)
Information: Changed wire load model for 'DW01_add_width15' from '(none)' to 'ZeroWireload'. (OPT-170)
Information: Changed wire load model for '*ADD_TC_OP_14_13_15' from '(none)' to 'ZeroWireload'. (OPT-170)
Information: Changed wire load model for 'DW01_add_width16' from '(none)' to 'ZeroWireload'. (OPT-170)
Information: Changed wire load model for '*ADD_TC_OP_14_15_16' from '(none)' to 'ZeroWireload'. (OPT-170)
Information: Changed wire load model for 'DW01_add_width29' from '(none)' to 'ZeroWireload'. (OPT-170)
Information: Changed wire load model for '*ADD_TC_OP_28_14_29' from '(none)' to 'ZeroWireload'. (OPT-170)
Information: Changed wire load model for 'DW01_add_width15' from '(none)' to 'ZeroWireload'. (OPT-170)
Information: Changed wire load model for '*ADD_TC_OP_14_13_15' from '(none)' to 'ZeroWireload'. (OPT-170)
Information: Changed wire load model for 'DW01_add_width16' from '(none)' to 'ZeroWireload'. (OPT-170)
Information: Changed wire load model for '*ADD_TC_OP_14_15_16' from '(none)' to 'ZeroWireload'. (OPT-170)
Information: Changed wire load model for 'DW01_add_width29' from '(none)' to 'ZeroWireload'. (OPT-170)
Information: Changed wire load model for '*ADD_TC_OP_28_14_29' from '(none)' to 'ZeroWireload'. (OPT-170)
Information: Changed wire load model for 'DW01_add_width15' from '(none)' to 'ZeroWireload'. (OPT-170)
Information: Changed wire load model for '*ADD_TC_OP_14_13_15' from '(none)' to 'ZeroWireload'. (OPT-170)
Information: Changed wire load model for 'DW01_add_width16' from '(none)' to 'ZeroWireload'. (OPT-170)
Information: Changed wire load model for '*ADD_TC_OP_14_15_16' from '(none)' to 'ZeroWireload'. (OPT-170)
Information: Changed wire load model for 'DW01_sub_width28' from '(none)' to 'ZeroWireload'. (OPT-170)
Information: Changed wire load model for '*SUB_TC_OP_1_27_28' from '(none)' to 'ZeroWireload'. (OPT-170)
Information: Changed wire load model for 'DW01_inc_width15' from '(none)' to 'ZeroWireload'. (OPT-170)
Information: Changed wire load model for '*ADD_TC_OP_26_14_27' from '(none)' to 'ZeroWireload'. (OPT-170)
Information: Changed wire load model for 'DW01_inc_width15' from '(none)' to 'ZeroWireload'. (OPT-170)
Information: Changed wire load model for '*ADD_TC_OP_26_14_27' from '(none)' to 'ZeroWireload'. (OPT-170)
Information: Changed wire load model for 'DW01_sub_width28' from '(none)' to 'ZeroWireload'. (OPT-170)
Information: Changed wire load model for '*SUB_TC_OP_1_27_28' from '(none)' to 'ZeroWireload'. (OPT-170)
Information: Changed wire load model for 'DW01_inc_width15' from '(none)' to 'ZeroWireload'. (OPT-170)
Information: Changed wire load model for '*ADD_TC_OP_26_14_27' from '(none)' to 'ZeroWireload'. (OPT-170)
Information: Changed wire load model for 'DW01_inc_width15' from '(none)' to 'ZeroWireload'. (OPT-170)
Information: Changed wire load model for '*ADD_TC_OP_26_14_27' from '(none)' to 'ZeroWireload'. (OPT-170)
Information: Changed wire load model for 'DW01_sub_width28' from '(none)' to 'ZeroWireload'. (OPT-170)
Information: Changed wire load model for '*SUB_TC_OP_1_27_28' from '(none)' to 'ZeroWireload'. (OPT-170)
Information: Changed wire load model for 'DW01_inc_width15' from '(none)' to 'ZeroWireload'. (OPT-170)
Information: Changed wire load model for '*ADD_TC_OP_26_14_27' from '(none)' to 'ZeroWireload'. (OPT-170)
Information: Changed wire load model for 'DW01_inc_width15' from '(none)' to 'ZeroWireload'. (OPT-170)
Information: Changed wire load model for '*ADD_TC_OP_26_14_27' from '(none)' to 'ZeroWireload'. (OPT-170)
Information: Changed wire load model for 'DW01_sub_width28' from '(none)' to 'ZeroWireload'. (OPT-170)
Information: Changed wire load model for '*SUB_TC_OP_1_27_28' from '(none)' to 'ZeroWireload'. (OPT-170)
Information: Changed wire load model for 'DW01_inc_width15' from '(none)' to 'ZeroWireload'. (OPT-170)
Information: Changed wire load model for '*ADD_TC_OP_26_14_27' from '(none)' to 'ZeroWireload'. (OPT-170)
Information: Changed wire load model for 'DW01_inc_width15' from '(none)' to 'ZeroWireload'. (OPT-170)
Information: Changed wire load model for '*ADD_TC_OP_26_14_27' from '(none)' to 'ZeroWireload'. (OPT-170)
Information: Changed wire load model for 'DW01_inc_width16' from '(none)' to 'ZeroWireload'. (OPT-170)
Information: Changed wire load model for '*ADD_UNS_OP_16_1_16' from '(none)' to 'ZeroWireload'. (OPT-170)
Information: Changed wire load model for 'DW01_cmp2_width3' from '(none)' to 'ZeroWireload'. (OPT-170)
Information: Changed wire load model for '*GEQ_UNS_OP_3_3_1' from '(none)' to 'ZeroWireload'. (OPT-170)
Information: Changed wire load model for 'DW01_cmp2_width3' from '(none)' to 'ZeroWireload'. (OPT-170)
Information: Changed wire load model for '*GEQ_UNS_OP_3_2_1' from '(none)' to 'ZeroWireload'. (OPT-170)
Information: Changed wire load model for 'DW01_add_width36' from '(none)' to 'ZeroWireload'. (OPT-170)
Information: Changed wire load model for '*ADD_TC_OP_36_32_36' from '(none)' to 'ZeroWireload'. (OPT-170)
Information: Changed wire load model for 'DW01_add_width36' from '(none)' to 'ZeroWireload'. (OPT-170)
Information: Changed wire load model for '*ADD_TC_OP_36_32_36' from '(none)' to 'ZeroWireload'. (OPT-170)
Information: Changed wire load model for 'DW01_add_width36' from '(none)' to 'ZeroWireload'. (OPT-170)
Information: Changed wire load model for '*ADD_TC_OP_36_32_36' from '(none)' to 'ZeroWireload'. (OPT-170)
Information: Changed wire load model for 'DW01_add_width36' from '(none)' to 'ZeroWireload'. (OPT-170)
Information: Changed wire load model for '*ADD_TC_OP_36_32_36' from '(none)' to 'ZeroWireload'. (OPT-170)
Information: Changed wire load model for 'DW01_add_width36' from '(none)' to 'ZeroWireload'. (OPT-170)
Information: Changed wire load model for '*ADD_TC_OP_36_32_36' from '(none)' to 'ZeroWireload'. (OPT-170)
Information: Changed wire load model for 'DW01_add_width36' from '(none)' to 'ZeroWireload'. (OPT-170)
Information: Changed wire load model for '*ADD_TC_OP_36_29_36' from '(none)' to 'ZeroWireload'. (OPT-170)
Information: Changed wire load model for 'DW01_add_width36' from '(none)' to 'ZeroWireload'. (OPT-170)
Information: Changed wire load model for '*ADD_TC_OP_36_29_36' from '(none)' to 'ZeroWireload'. (OPT-170)
Information: Changed wire load model for 'DW01_add_width36' from '(none)' to 'ZeroWireload'. (OPT-170)
Information: Changed wire load model for '*ADD_TC_OP_36_30_36' from '(none)' to 'ZeroWireload'. (OPT-170)
Information: Changed wire load model for 'DW01_add_width36' from '(none)' to 'ZeroWireload'. (OPT-170)
Information: Changed wire load model for '*ADD_TC_OP_36_30_36' from '(none)' to 'ZeroWireload'. (OPT-170)
Information: Changed wire load model for 'DW02_mult' from '(none)' to 'ZeroWireload'. (OPT-170)
Information: Changed wire load model for '*MULT_TC_OP_16_16_32' from '(none)' to 'ZeroWireload'. (OPT-170)
Information: Changed wire load model for 'DW02_mult' from '(none)' to 'ZeroWireload'. (OPT-170)
Information: Changed wire load model for '*MULT_TC_OP_16_16_32' from '(none)' to 'ZeroWireload'. (OPT-170)
Information: Changed wire load model for 'DW02_mult' from '(none)' to 'ZeroWireload'. (OPT-170)
Information: Changed wire load model for '*MULT_TC_OP_16_16_32' from '(none)' to 'ZeroWireload'. (OPT-170)
Information: Changed wire load model for 'DW02_mult' from '(none)' to 'ZeroWireload'. (OPT-170)
Information: Changed wire load model for '*MULT_TC_OP_16_13_29' from '(none)' to 'ZeroWireload'. (OPT-170)
Information: Changed wire load model for 'DW02_mult' from '(none)' to 'ZeroWireload'. (OPT-170)
Information: Changed wire load model for '*MULT_TC_OP_16_14_30' from '(none)' to 'ZeroWireload'. (OPT-170)
Information: Changed wire load model for 'DW01_cmp2_width22' from '(none)' to 'ZeroWireload'. (OPT-170)
Information: Changed wire load model for '*LT_TC_OP_22_16_1' from '(none)' to 'ZeroWireload'. (OPT-170)
Information: Changed wire load model for 'DW01_cmp2_width22' from '(none)' to 'ZeroWireload'. (OPT-170)
Information: Changed wire load model for '*GT_TC_OP_22_16_1' from '(none)' to 'ZeroWireload'. (OPT-170)
Information: Changed wire load model for 'DW01_add_width16' from '(none)' to 'ZeroWireload'. (OPT-170)
Information: Changed wire load model for '*ADD_TC_OP_16_16_16' from '(none)' to 'ZeroWireload'. (OPT-170)
Information: Changed wire load model for 'DW01_add_width16' from '(none)' to 'ZeroWireload'. (OPT-170)
Information: Changed wire load model for '*ADD_TC_OP_16_16_16' from '(none)' to 'ZeroWireload'. (OPT-170)
Information: Changed wire load model for 'DW01_add_width16' from '(none)' to 'ZeroWireload'. (OPT-170)
Information: Changed wire load model for '*ADD_TC_OP_16_16_16' from '(none)' to 'ZeroWireload'. (OPT-170)
Information: Changed wire load model for 'DW01_add_width16' from '(none)' to 'ZeroWireload'. (OPT-170)
Information: Changed wire load model for '*ADD_TC_OP_16_16_16' from '(none)' to 'ZeroWireload'. (OPT-170)
Information: Changed wire load model for 'DW01_add_width16' from '(none)' to 'ZeroWireload'. (OPT-170)
Information: Changed wire load model for '*ADD_TC_OP_16_16_16' from '(none)' to 'ZeroWireload'. (OPT-170)
Information: Changed wire load model for 'DW01_add_width16' from '(none)' to 'ZeroWireload'. (OPT-170)
Information: Changed wire load model for '*ADD_TC_OP_16_16_16' from '(none)' to 'ZeroWireload'. (OPT-170)
Information: Changed wire load model for 'DW01_add_width16' from '(none)' to 'ZeroWireload'. (OPT-170)
Information: Changed wire load model for '*ADD_TC_OP_16_16_16' from '(none)' to 'ZeroWireload'. (OPT-170)
Information: Changed wire load model for 'DW01_add_width16' from '(none)' to 'ZeroWireload'. (OPT-170)
Information: Changed wire load model for '*ADD_TC_OP_16_16_16' from '(none)' to 'ZeroWireload'. (OPT-170)
Information: Changed wire load model for 'DW01_add_width16' from '(none)' to 'ZeroWireload'. (OPT-170)
Information: Changed wire load model for '*ADD_TC_OP_16_16_16' from '(none)' to 'ZeroWireload'. (OPT-170)
Information: Changed wire load model for 'DW01_add_width16' from '(none)' to 'ZeroWireload'. (OPT-170)
Information: Changed wire load model for '*ADD_TC_OP_16_16_16' from '(none)' to 'ZeroWireload'. (OPT-170)
Information: Changed wire load model for 'DW01_add_width16' from '(none)' to 'ZeroWireload'. (OPT-170)
Information: Changed wire load model for '*ADD_TC_OP_16_16_16' from '(none)' to 'ZeroWireload'. (OPT-170)
Information: Changed wire load model for 'DW01_add_width16' from '(none)' to 'ZeroWireload'. (OPT-170)
Information: Changed wire load model for '*ADD_TC_OP_16_16_16' from '(none)' to 'ZeroWireload'. (OPT-170)
Information: Changed wire load model for 'DW01_add_width29' from '(none)' to 'ZeroWireload'. (OPT-170)
Information: Changed wire load model for '*ADD_TC_OP_29_14_29' from '(none)' to 'ZeroWireload'. (OPT-170)
Information: Changed wire load model for 'DW01_add_width29' from '(none)' to 'ZeroWireload'. (OPT-170)
Information: Changed wire load model for '*ADD_TC_OP_29_14_29' from '(none)' to 'ZeroWireload'. (OPT-170)
Information: Changed wire load model for 'DW01_add_width29' from '(none)' to 'ZeroWireload'. (OPT-170)
Information: Changed wire load model for '*ADD_TC_OP_29_14_29' from '(none)' to 'ZeroWireload'. (OPT-170)
Information: Changed wire load model for 'DW01_add_width29' from '(none)' to 'ZeroWireload'. (OPT-170)
Information: Changed wire load model for '*ADD_TC_OP_29_14_29' from '(none)' to 'ZeroWireload'. (OPT-170)
Information: Changed wire load model for 'DW01_add_width29' from '(none)' to 'ZeroWireload'. (OPT-170)
Information: Changed wire load model for '*ADD_TC_OP_29_14_29' from '(none)' to 'ZeroWireload'. (OPT-170)
Information: Changed wire load model for 'DW01_add_width29' from '(none)' to 'ZeroWireload'. (OPT-170)
Information: Changed wire load model for '*ADD_TC_OP_29_14_29' from '(none)' to 'ZeroWireload'. (OPT-170)
Information: Changed wire load model for 'DW01_add_width29' from '(none)' to 'ZeroWireload'. (OPT-170)
Information: Changed wire load model for '*ADD_TC_OP_29_14_29' from '(none)' to 'ZeroWireload'. (OPT-170)
Information: Changed wire load model for 'DW01_add_width29' from '(none)' to 'ZeroWireload'. (OPT-170)
Information: Changed wire load model for '*ADD_TC_OP_29_14_29' from '(none)' to 'ZeroWireload'. (OPT-170)
Information: Changed wire load model for 'DW01_add_width29' from '(none)' to 'ZeroWireload'. (OPT-170)
Information: Changed wire load model for '*ADD_TC_OP_29_14_29' from '(none)' to 'ZeroWireload'. (OPT-170)
Information: Changed wire load model for 'DW01_add_width29' from '(none)' to 'ZeroWireload'. (OPT-170)
Information: Changed wire load model for '*ADD_TC_OP_29_14_29' from '(none)' to 'ZeroWireload'. (OPT-170)
Information: Changed wire load model for 'DW01_add_width29' from '(none)' to 'ZeroWireload'. (OPT-170)
Information: Changed wire load model for '*ADD_TC_OP_29_14_29' from '(none)' to 'ZeroWireload'. (OPT-170)
Information: Changed wire load model for 'DW01_add_width29' from '(none)' to 'ZeroWireload'. (OPT-170)
Information: Changed wire load model for '*ADD_TC_OP_29_14_29' from '(none)' to 'ZeroWireload'. (OPT-170)
Information: Changed wire load model for 'DW02_mult' from '(none)' to 'ZeroWireload'. (OPT-170)
Information: Changed wire load model for '*MULT_TC_OP_16_16_29' from '(none)' to 'ZeroWireload'. (OPT-170)
Information: Changed wire load model for 'DW02_mult' from '(none)' to 'ZeroWireload'. (OPT-170)
Information: Changed wire load model for '*MULT_TC_OP_16_16_29' from '(none)' to 'ZeroWireload'. (OPT-170)
Information: Changed wire load model for 'DW02_mult' from '(none)' to 'ZeroWireload'. (OPT-170)
Information: Changed wire load model for '*MULT_TC_OP_16_16_29' from '(none)' to 'ZeroWireload'. (OPT-170)
Information: Changed wire load model for 'DW02_mult' from '(none)' to 'ZeroWireload'. (OPT-170)
Information: Changed wire load model for '*MULT_TC_OP_16_16_29' from '(none)' to 'ZeroWireload'. (OPT-170)
Information: Changed wire load model for 'DW02_mult' from '(none)' to 'ZeroWireload'. (OPT-170)
Information: Changed wire load model for '*MULT_TC_OP_16_16_29' from '(none)' to 'ZeroWireload'. (OPT-170)
Information: Changed wire load model for 'DW02_mult' from '(none)' to 'ZeroWireload'. (OPT-170)
Information: Changed wire load model for '*MULT_TC_OP_16_16_29' from '(none)' to 'ZeroWireload'. (OPT-170)
Information: Changed wire load model for 'DW02_mult' from '(none)' to 'ZeroWireload'. (OPT-170)
Information: Changed wire load model for '*MULT_TC_OP_16_16_29' from '(none)' to 'ZeroWireload'. (OPT-170)
Information: Changed wire load model for 'DW02_mult' from '(none)' to 'ZeroWireload'. (OPT-170)
Information: Changed wire load model for '*MULT_TC_OP_16_16_29' from '(none)' to 'ZeroWireload'. (OPT-170)
Information: Changed wire load model for 'DW02_mult' from '(none)' to 'ZeroWireload'. (OPT-170)
Information: Changed wire load model for '*MULT_TC_OP_16_16_29' from '(none)' to 'ZeroWireload'. (OPT-170)
Information: Changed wire load model for 'DW02_mult' from '(none)' to 'ZeroWireload'. (OPT-170)
Information: Changed wire load model for '*MULT_TC_OP_16_16_29' from '(none)' to 'ZeroWireload'. (OPT-170)
Information: Changed wire load model for 'DW02_mult' from '(none)' to 'ZeroWireload'. (OPT-170)
Information: Changed wire load model for '*MULT_TC_OP_16_16_29' from '(none)' to 'ZeroWireload'. (OPT-170)
Information: Changed wire load model for 'DW02_mult' from '(none)' to 'ZeroWireload'. (OPT-170)
Information: Changed wire load model for '*MULT_TC_OP_16_16_29' from '(none)' to 'ZeroWireload'. (OPT-170)
Information: Changed wire load model for 'DW01_add_width29' from '(none)' to 'ZeroWireload'. (OPT-170)
Information: Changed wire load model for '*ADD_TC_OP_29_14_29' from '(none)' to 'ZeroWireload'. (OPT-170)
Information: Changed wire load model for 'DW01_add_width29' from '(none)' to 'ZeroWireload'. (OPT-170)
Information: Changed wire load model for '*ADD_TC_OP_29_14_29' from '(none)' to 'ZeroWireload'. (OPT-170)
Information: Changed wire load model for 'DW01_add_width29' from '(none)' to 'ZeroWireload'. (OPT-170)
Information: Changed wire load model for '*ADD_TC_OP_29_14_29' from '(none)' to 'ZeroWireload'. (OPT-170)
Information: Changed wire load model for 'DW01_add_width29' from '(none)' to 'ZeroWireload'. (OPT-170)
Information: Changed wire load model for '*ADD_TC_OP_29_14_29' from '(none)' to 'ZeroWireload'. (OPT-170)
Information: Changed wire load model for 'DW01_add_width16' from '(none)' to 'ZeroWireload'. (OPT-170)
Information: Changed wire load model for '*ADD_TC_OP_16_15_16' from '(none)' to 'ZeroWireload'. (OPT-170)
Information: Changed wire load model for 'DW01_add_width29' from '(none)' to 'ZeroWireload'. (OPT-170)
Information: Changed wire load model for '*ADD_TC_OP_29_14_29' from '(none)' to 'ZeroWireload'. (OPT-170)
Information: Changed wire load model for 'DW01_add_width29' from '(none)' to 'ZeroWireload'. (OPT-170)
Information: Changed wire load model for '*ADD_TC_OP_29_14_29' from '(none)' to 'ZeroWireload'. (OPT-170)
Information: Changed wire load model for 'DW02_mult' from '(none)' to 'ZeroWireload'. (OPT-170)
Information: Changed wire load model for '*MULT_TC_OP_16_16_29' from '(none)' to 'ZeroWireload'. (OPT-170)
Information: Changed wire load model for 'DW01_add_width16' from '(none)' to 'ZeroWireload'. (OPT-170)
Information: Changed wire load model for '*ADD_TC_OP_16_15_16' from '(none)' to 'ZeroWireload'. (OPT-170)
Information: Changed wire load model for 'DW01_add_width29' from '(none)' to 'ZeroWireload'. (OPT-170)
Information: Changed wire load model for '*ADD_TC_OP_29_14_29' from '(none)' to 'ZeroWireload'. (OPT-170)
Information: Changed wire load model for 'DW01_add_width29' from '(none)' to 'ZeroWireload'. (OPT-170)
Information: Changed wire load model for '*ADD_TC_OP_29_14_29' from '(none)' to 'ZeroWireload'. (OPT-170)
Information: Changed wire load model for 'DW02_mult' from '(none)' to 'ZeroWireload'. (OPT-170)
Information: Changed wire load model for '*MULT_TC_OP_16_16_29' from '(none)' to 'ZeroWireload'. (OPT-170)
Information: Changed wire load model for 'DW01_add_width16' from '(none)' to 'ZeroWireload'. (OPT-170)
Information: Changed wire load model for '*ADD_TC_OP_16_15_16' from '(none)' to 'ZeroWireload'. (OPT-170)
Information: Changed wire load model for 'DW01_add_width29' from '(none)' to 'ZeroWireload'. (OPT-170)
Information: Changed wire load model for '*ADD_TC_OP_29_14_29' from '(none)' to 'ZeroWireload'. (OPT-170)
Information: Changed wire load model for 'DW01_add_width29' from '(none)' to 'ZeroWireload'. (OPT-170)
Information: Changed wire load model for '*ADD_TC_OP_29_14_29' from '(none)' to 'ZeroWireload'. (OPT-170)
Information: Changed wire load model for 'DW02_mult' from '(none)' to 'ZeroWireload'. (OPT-170)
Information: Changed wire load model for '*MULT_TC_OP_16_16_29' from '(none)' to 'ZeroWireload'. (OPT-170)
Information: Changed wire load model for 'DW01_add_width16' from '(none)' to 'ZeroWireload'. (OPT-170)
Information: Changed wire load model for '*ADD_TC_OP_16_15_16' from '(none)' to 'ZeroWireload'. (OPT-170)
Information: Changed wire load model for 'DW01_add_width29' from '(none)' to 'ZeroWireload'. (OPT-170)
Information: Changed wire load model for '*ADD_TC_OP_29_14_29' from '(none)' to 'ZeroWireload'. (OPT-170)
Information: Changed wire load model for 'DW01_add_width29' from '(none)' to 'ZeroWireload'. (OPT-170)
Information: Changed wire load model for '*ADD_TC_OP_29_14_29' from '(none)' to 'ZeroWireload'. (OPT-170)
Information: Changed wire load model for 'DW02_mult' from '(none)' to 'ZeroWireload'. (OPT-170)
Information: Changed wire load model for '*MULT_TC_OP_16_16_29' from '(none)' to 'ZeroWireload'. (OPT-170)
Information: Changed wire load model for 'DW01_add_width29' from '(none)' to 'ZeroWireload'. (OPT-170)
Information: Changed wire load model for '*ADD_TC_OP_29_14_29' from '(none)' to 'ZeroWireload'. (OPT-170)
Information: Changed wire load model for 'DW02_mult' from '(none)' to 'ZeroWireload'. (OPT-170)
Information: Changed wire load model for '*MULT_TC_OP_16_14_29' from '(none)' to 'ZeroWireload'. (OPT-170)
Information: Changed wire load model for 'DW02_mult' from '(none)' to 'ZeroWireload'. (OPT-170)
Information: Changed wire load model for '*MULT_TC_OP_16_14_29' from '(none)' to 'ZeroWireload'. (OPT-170)
Information: Changed wire load model for 'DW01_add_width29' from '(none)' to 'ZeroWireload'. (OPT-170)
Information: Changed wire load model for '*ADD_TC_OP_29_14_29' from '(none)' to 'ZeroWireload'. (OPT-170)
Information: Changed wire load model for 'DW02_mult' from '(none)' to 'ZeroWireload'. (OPT-170)
Information: Changed wire load model for '*MULT_TC_OP_16_14_29' from '(none)' to 'ZeroWireload'. (OPT-170)
Information: Changed wire load model for 'DW02_mult' from '(none)' to 'ZeroWireload'. (OPT-170)
Information: Changed wire load model for '*MULT_TC_OP_16_14_29' from '(none)' to 'ZeroWireload'. (OPT-170)
Information: Changed wire load model for 'DW01_add_width29' from '(none)' to 'ZeroWireload'. (OPT-170)
Information: Changed wire load model for '*ADD_TC_OP_29_14_29' from '(none)' to 'ZeroWireload'. (OPT-170)
Information: Changed wire load model for 'DW02_mult' from '(none)' to 'ZeroWireload'. (OPT-170)
Information: Changed wire load model for '*MULT_TC_OP_16_14_29' from '(none)' to 'ZeroWireload'. (OPT-170)
Information: Changed wire load model for 'DW02_mult' from '(none)' to 'ZeroWireload'. (OPT-170)
Information: Changed wire load model for '*MULT_TC_OP_16_14_29' from '(none)' to 'ZeroWireload'. (OPT-170)
Information: Changed wire load model for 'DW01_add_width29' from '(none)' to 'ZeroWireload'. (OPT-170)
Information: Changed wire load model for '*ADD_TC_OP_29_14_29' from '(none)' to 'ZeroWireload'. (OPT-170)
Information: Changed wire load model for 'DW02_mult' from '(none)' to 'ZeroWireload'. (OPT-170)
Information: Changed wire load model for '*MULT_TC_OP_16_14_29' from '(none)' to 'ZeroWireload'. (OPT-170)
Information: Changed wire load model for 'DW02_mult' from '(none)' to 'ZeroWireload'. (OPT-170)
Information: Changed wire load model for '*MULT_TC_OP_16_14_29' from '(none)' to 'ZeroWireload'. (OPT-170)
Information: Changed wire load model for 'DW01_add_width29' from '(none)' to 'ZeroWireload'. (OPT-170)
Information: Changed wire load model for '*ADD_TC_OP_29_14_29' from '(none)' to 'ZeroWireload'. (OPT-170)
Information: Changed wire load model for 'DW01_add_width16' from '(none)' to 'ZeroWireload'. (OPT-170)
Information: Changed wire load model for '*ADD_TC_OP_16_15_16' from '(none)' to 'ZeroWireload'. (OPT-170)
Information: Changed wire load model for 'DW01_add_width29' from '(none)' to 'ZeroWireload'. (OPT-170)
Information: Changed wire load model for '*ADD_TC_OP_29_14_29' from '(none)' to 'ZeroWireload'. (OPT-170)
Information: Changed wire load model for 'DW01_add_width16' from '(none)' to 'ZeroWireload'. (OPT-170)
Information: Changed wire load model for '*ADD_TC_OP_16_15_16' from '(none)' to 'ZeroWireload'. (OPT-170)
Information: Changed wire load model for 'DW01_add_width29' from '(none)' to 'ZeroWireload'. (OPT-170)
Information: Changed wire load model for '*ADD_TC_OP_29_14_29' from '(none)' to 'ZeroWireload'. (OPT-170)
Information: Changed wire load model for 'DW01_add_width16' from '(none)' to 'ZeroWireload'. (OPT-170)
Information: Changed wire load model for '*ADD_TC_OP_16_15_16' from '(none)' to 'ZeroWireload'. (OPT-170)
Information: Changed wire load model for 'DW01_add_width29' from '(none)' to 'ZeroWireload'. (OPT-170)
Information: Changed wire load model for '*ADD_TC_OP_29_14_29' from '(none)' to 'ZeroWireload'. (OPT-170)
Information: Changed wire load model for 'DW01_add_width16' from '(none)' to 'ZeroWireload'. (OPT-170)
Information: Changed wire load model for '*ADD_TC_OP_16_15_16' from '(none)' to 'ZeroWireload'. (OPT-170)
Information: Changed wire load model for 'DW02_mult' from '(none)' to 'ZeroWireload'. (OPT-170)
Information: Changed wire load model for '*MULT_TC_OP_16_14_29' from '(none)' to 'ZeroWireload'. (OPT-170)
Information: Changed wire load model for 'DW01_add_width16' from '(none)' to 'ZeroWireload'. (OPT-170)
Information: Changed wire load model for '*ADD_TC_OP_16_13_16' from '(none)' to 'ZeroWireload'. (OPT-170)
Information: Changed wire load model for 'DW01_add_width16' from '(none)' to 'ZeroWireload'. (OPT-170)
Information: Changed wire load model for '*ADD_TC_OP_16_14_16' from '(none)' to 'ZeroWireload'. (OPT-170)
Information: Changed wire load model for 'DW01_add_width29' from '(none)' to 'ZeroWireload'. (OPT-170)
Information: Changed wire load model for '*ADD_TC_OP_29_14_29' from '(none)' to 'ZeroWireload'. (OPT-170)
Information: Changed wire load model for 'DW02_mult' from '(none)' to 'ZeroWireload'. (OPT-170)
Information: Changed wire load model for '*MULT_TC_OP_16_14_29' from '(none)' to 'ZeroWireload'. (OPT-170)
Information: Changed wire load model for 'DW01_add_width16' from '(none)' to 'ZeroWireload'. (OPT-170)
Information: Changed wire load model for '*ADD_TC_OP_16_13_16' from '(none)' to 'ZeroWireload'. (OPT-170)
Information: Changed wire load model for 'DW01_add_width16' from '(none)' to 'ZeroWireload'. (OPT-170)
Information: Changed wire load model for '*ADD_TC_OP_16_14_16' from '(none)' to 'ZeroWireload'. (OPT-170)
Information: Changed wire load model for 'DW01_add_width29' from '(none)' to 'ZeroWireload'. (OPT-170)
Information: Changed wire load model for '*ADD_TC_OP_29_14_29' from '(none)' to 'ZeroWireload'. (OPT-170)
Information: Changed wire load model for 'DW02_mult' from '(none)' to 'ZeroWireload'. (OPT-170)
Information: Changed wire load model for '*MULT_TC_OP_16_14_29' from '(none)' to 'ZeroWireload'. (OPT-170)
Information: Changed wire load model for 'DW01_add_width16' from '(none)' to 'ZeroWireload'. (OPT-170)
Information: Changed wire load model for '*ADD_TC_OP_16_13_16' from '(none)' to 'ZeroWireload'. (OPT-170)
Information: Changed wire load model for 'DW01_add_width16' from '(none)' to 'ZeroWireload'. (OPT-170)
Information: Changed wire load model for '*ADD_TC_OP_16_14_16' from '(none)' to 'ZeroWireload'. (OPT-170)
Information: Changed wire load model for 'DW01_add_width29' from '(none)' to 'ZeroWireload'. (OPT-170)
Information: Changed wire load model for '*ADD_TC_OP_29_14_29' from '(none)' to 'ZeroWireload'. (OPT-170)
Information: Changed wire load model for 'DW02_mult' from '(none)' to 'ZeroWireload'. (OPT-170)
Information: Changed wire load model for '*MULT_TC_OP_16_14_29' from '(none)' to 'ZeroWireload'. (OPT-170)
Information: Changed wire load model for 'DW01_add_width16' from '(none)' to 'ZeroWireload'. (OPT-170)
Information: Changed wire load model for '*ADD_TC_OP_16_13_16' from '(none)' to 'ZeroWireload'. (OPT-170)
Information: Changed wire load model for 'DW01_add_width16' from '(none)' to 'ZeroWireload'. (OPT-170)
Information: Changed wire load model for '*ADD_TC_OP_16_14_16' from '(none)' to 'ZeroWireload'. (OPT-170)
Information: Changed wire load model for 'DW01_add_width29' from '(none)' to 'ZeroWireload'. (OPT-170)
Information: Changed wire load model for '*ADD_TC_OP_29_14_29' from '(none)' to 'ZeroWireload'. (OPT-170)
Information: Changed wire load model for 'DW02_mult' from '(none)' to 'ZeroWireload'. (OPT-170)
Information: Changed wire load model for '*MULT_TC_OP_16_15_29' from '(none)' to 'ZeroWireload'. (OPT-170)
Information: Changed wire load model for 'DW01_add_width29' from '(none)' to 'ZeroWireload'. (OPT-170)
Information: Changed wire load model for '*ADD_TC_OP_29_14_29' from '(none)' to 'ZeroWireload'. (OPT-170)
Information: Changed wire load model for 'DW01_add_width29' from '(none)' to 'ZeroWireload'. (OPT-170)
Information: Changed wire load model for '*ADD_TC_OP_29_14_29' from '(none)' to 'ZeroWireload'. (OPT-170)
Information: Changed wire load model for 'DW02_mult' from '(none)' to 'ZeroWireload'. (OPT-170)
Information: Changed wire load model for '*MULT_TC_OP_16_15_29' from '(none)' to 'ZeroWireload'. (OPT-170)
Information: Changed wire load model for 'DW01_add_width29' from '(none)' to 'ZeroWireload'. (OPT-170)
Information: Changed wire load model for '*ADD_TC_OP_29_14_29' from '(none)' to 'ZeroWireload'. (OPT-170)
Information: Changed wire load model for 'DW01_add_width29' from '(none)' to 'ZeroWireload'. (OPT-170)
Information: Changed wire load model for '*ADD_TC_OP_29_14_29' from '(none)' to 'ZeroWireload'. (OPT-170)
Information: Changed wire load model for 'DW02_mult' from '(none)' to 'ZeroWireload'. (OPT-170)
Information: Changed wire load model for '*MULT_TC_OP_16_15_29' from '(none)' to 'ZeroWireload'. (OPT-170)
Information: Changed wire load model for 'DW01_add_width29' from '(none)' to 'ZeroWireload'. (OPT-170)
Information: Changed wire load model for '*ADD_TC_OP_29_14_29' from '(none)' to 'ZeroWireload'. (OPT-170)
Information: Changed wire load model for 'DW01_add_width29' from '(none)' to 'ZeroWireload'. (OPT-170)
Information: Changed wire load model for '*ADD_TC_OP_29_14_29' from '(none)' to 'ZeroWireload'. (OPT-170)
Information: Changed wire load model for 'DW02_mult' from '(none)' to 'ZeroWireload'. (OPT-170)
Information: Changed wire load model for '*MULT_TC_OP_16_15_29' from '(none)' to 'ZeroWireload'. (OPT-170)
Information: Changed wire load model for 'DW01_add_width29' from '(none)' to 'ZeroWireload'. (OPT-170)
Information: Changed wire load model for '*ADD_TC_OP_29_14_29' from '(none)' to 'ZeroWireload'. (OPT-170)
Information: Changed wire load model for 'DW01_add_width29' from '(none)' to 'ZeroWireload'. (OPT-170)
Information: Changed wire load model for '*ADD_TC_OP_29_14_29' from '(none)' to 'ZeroWireload'. (OPT-170)
Information: Changed wire load model for 'DW01_add_width29' from '(none)' to 'ZeroWireload'. (OPT-170)
Information: Changed wire load model for '*ADD_TC_OP_29_14_29' from '(none)' to 'ZeroWireload'. (OPT-170)
Information: Changed wire load model for 'DW01_add_width29' from '(none)' to 'ZeroWireload'. (OPT-170)
Information: Changed wire load model for '*ADD_TC_OP_29_14_29' from '(none)' to 'ZeroWireload'. (OPT-170)
Information: Changed wire load model for 'DW01_add_width29' from '(none)' to 'ZeroWireload'. (OPT-170)
Information: Changed wire load model for '*ADD_TC_OP_29_14_29' from '(none)' to 'ZeroWireload'. (OPT-170)
Information: Changed wire load model for 'DW02_mult' from '(none)' to 'ZeroWireload'. (OPT-170)
Information: Changed wire load model for '*MULT_TC_OP_16_14_29' from '(none)' to 'ZeroWireload'. (OPT-170)
Information: Changed wire load model for 'DW01_add_width29' from '(none)' to 'ZeroWireload'. (OPT-170)
Information: Changed wire load model for '*ADD_TC_OP_29_14_29' from '(none)' to 'ZeroWireload'. (OPT-170)
Information: Changed wire load model for 'DW01_add_width29' from '(none)' to 'ZeroWireload'. (OPT-170)
Information: Changed wire load model for '*ADD_TC_OP_29_14_29' from '(none)' to 'ZeroWireload'. (OPT-170)
Information: Changed wire load model for 'DW01_add_width29' from '(none)' to 'ZeroWireload'. (OPT-170)
Information: Changed wire load model for '*ADD_TC_OP_29_14_29' from '(none)' to 'ZeroWireload'. (OPT-170)
Information: Changed wire load model for 'DW02_mult' from '(none)' to 'ZeroWireload'. (OPT-170)
Information: Changed wire load model for '*MULT_TC_OP_16_14_29' from '(none)' to 'ZeroWireload'. (OPT-170)
Information: Changed wire load model for 'DW01_add_width29' from '(none)' to 'ZeroWireload'. (OPT-170)
Information: Changed wire load model for '*ADD_TC_OP_29_14_29' from '(none)' to 'ZeroWireload'. (OPT-170)
Information: Changed wire load model for 'DW01_add_width29' from '(none)' to 'ZeroWireload'. (OPT-170)
Information: Changed wire load model for '*ADD_TC_OP_29_14_29' from '(none)' to 'ZeroWireload'. (OPT-170)
Information: Changed wire load model for 'DW01_add_width29' from '(none)' to 'ZeroWireload'. (OPT-170)
Information: Changed wire load model for '*ADD_TC_OP_29_14_29' from '(none)' to 'ZeroWireload'. (OPT-170)
Information: Changed wire load model for 'DW02_mult' from '(none)' to 'ZeroWireload'. (OPT-170)
Information: Changed wire load model for '*MULT_TC_OP_16_14_29' from '(none)' to 'ZeroWireload'. (OPT-170)
Information: Changed wire load model for 'DW01_add_width29' from '(none)' to 'ZeroWireload'. (OPT-170)
Information: Changed wire load model for '*ADD_TC_OP_29_14_29' from '(none)' to 'ZeroWireload'. (OPT-170)
Information: Changed wire load model for 'DW01_add_width29' from '(none)' to 'ZeroWireload'. (OPT-170)
Information: Changed wire load model for '*ADD_TC_OP_29_14_29' from '(none)' to 'ZeroWireload'. (OPT-170)
Information: Changed wire load model for 'DW01_add_width29' from '(none)' to 'ZeroWireload'. (OPT-170)
Information: Changed wire load model for '*ADD_TC_OP_29_14_29' from '(none)' to 'ZeroWireload'. (OPT-170)
Information: Changed wire load model for 'DW02_mult' from '(none)' to 'ZeroWireload'. (OPT-170)
Information: Changed wire load model for '*MULT_TC_OP_16_14_29' from '(none)' to 'ZeroWireload'. (OPT-170)
Information: Changed wire load model for 'DW01_add_width16' from '(none)' to 'ZeroWireload'. (OPT-170)
Information: Changed wire load model for '*ADD_TC_OP_16_16_16' from '(none)' to 'ZeroWireload'. (OPT-170)
Information: Changed wire load model for 'DW02_mult' from '(none)' to 'ZeroWireload'. (OPT-170)
Information: Changed wire load model for '*MULT_TC_OP_16_15_29' from '(none)' to 'ZeroWireload'. (OPT-170)
Information: Changed wire load model for 'DW02_mult' from '(none)' to 'ZeroWireload'. (OPT-170)
Information: Changed wire load model for '*MULT_TC_OP_16_15_29' from '(none)' to 'ZeroWireload'. (OPT-170)
Information: Changed wire load model for 'DW01_add_width16' from '(none)' to 'ZeroWireload'. (OPT-170)
Information: Changed wire load model for '*ADD_TC_OP_16_16_16' from '(none)' to 'ZeroWireload'. (OPT-170)
Information: Changed wire load model for 'DW02_mult' from '(none)' to 'ZeroWireload'. (OPT-170)
Information: Changed wire load model for '*MULT_TC_OP_16_15_29' from '(none)' to 'ZeroWireload'. (OPT-170)
Information: Changed wire load model for 'DW02_mult' from '(none)' to 'ZeroWireload'. (OPT-170)
Information: Changed wire load model for '*MULT_TC_OP_16_15_29' from '(none)' to 'ZeroWireload'. (OPT-170)
Information: Changed wire load model for 'DW01_add_width16' from '(none)' to 'ZeroWireload'. (OPT-170)
Information: Changed wire load model for '*ADD_TC_OP_16_16_16' from '(none)' to 'ZeroWireload'. (OPT-170)
Information: Changed wire load model for 'DW02_mult' from '(none)' to 'ZeroWireload'. (OPT-170)
Information: Changed wire load model for '*MULT_TC_OP_16_15_29' from '(none)' to 'ZeroWireload'. (OPT-170)
Information: Changed wire load model for 'DW02_mult' from '(none)' to 'ZeroWireload'. (OPT-170)
Information: Changed wire load model for '*MULT_TC_OP_16_15_29' from '(none)' to 'ZeroWireload'. (OPT-170)
Information: Changed wire load model for 'DW01_add_width16' from '(none)' to 'ZeroWireload'. (OPT-170)
Information: Changed wire load model for '*ADD_TC_OP_16_16_16' from '(none)' to 'ZeroWireload'. (OPT-170)
Information: Changed wire load model for 'DW02_mult' from '(none)' to 'ZeroWireload'. (OPT-170)
Information: Changed wire load model for '*MULT_TC_OP_16_15_29' from '(none)' to 'ZeroWireload'. (OPT-170)
Information: Changed wire load model for 'DW02_mult' from '(none)' to 'ZeroWireload'. (OPT-170)
Information: Changed wire load model for '*MULT_TC_OP_16_15_29' from '(none)' to 'ZeroWireload'. (OPT-170)
Information: Changed wire load model for 'DW02_mult' from '(none)' to 'ZeroWireload'. (OPT-170)
Information: Changed wire load model for '*MULT_TC_OP_16_14_29' from '(none)' to 'ZeroWireload'. (OPT-170)
Information: Changed wire load model for 'DW02_mult' from '(none)' to 'ZeroWireload'. (OPT-170)
Information: Changed wire load model for '*MULT_TC_OP_16_14_29' from '(none)' to 'ZeroWireload'. (OPT-170)
Information: Changed wire load model for 'DW02_mult' from '(none)' to 'ZeroWireload'. (OPT-170)
Information: Changed wire load model for '*MULT_TC_OP_16_14_29' from '(none)' to 'ZeroWireload'. (OPT-170)
Information: Changed wire load model for 'DW01_add_width29' from '(none)' to 'ZeroWireload'. (OPT-170)
Information: Changed wire load model for '*ADD_TC_OP_29_14_29' from '(none)' to 'ZeroWireload'. (OPT-170)
Information: Changed wire load model for 'DW02_mult' from '(none)' to 'ZeroWireload'. (OPT-170)
Information: Changed wire load model for '*MULT_TC_OP_16_14_29' from '(none)' to 'ZeroWireload'. (OPT-170)
Information: Changed wire load model for 'DW02_mult' from '(none)' to 'ZeroWireload'. (OPT-170)
Information: Changed wire load model for '*MULT_TC_OP_16_14_29' from '(none)' to 'ZeroWireload'. (OPT-170)
Information: Changed wire load model for 'DW02_mult' from '(none)' to 'ZeroWireload'. (OPT-170)
Information: Changed wire load model for '*MULT_TC_OP_16_14_29' from '(none)' to 'ZeroWireload'. (OPT-170)
Information: Changed wire load model for 'DW01_add_width29' from '(none)' to 'ZeroWireload'. (OPT-170)
Information: Changed wire load model for '*ADD_TC_OP_29_14_29' from '(none)' to 'ZeroWireload'. (OPT-170)
Information: Changed wire load model for 'DW02_mult' from '(none)' to 'ZeroWireload'. (OPT-170)
Information: Changed wire load model for '*MULT_TC_OP_16_14_29' from '(none)' to 'ZeroWireload'. (OPT-170)
Information: Changed wire load model for 'DW02_mult' from '(none)' to 'ZeroWireload'. (OPT-170)
Information: Changed wire load model for '*MULT_TC_OP_16_14_29' from '(none)' to 'ZeroWireload'. (OPT-170)
Information: Changed wire load model for 'DW02_mult' from '(none)' to 'ZeroWireload'. (OPT-170)
Information: Changed wire load model for '*MULT_TC_OP_16_14_29' from '(none)' to 'ZeroWireload'. (OPT-170)
Information: Changed wire load model for 'DW01_add_width29' from '(none)' to 'ZeroWireload'. (OPT-170)
Information: Changed wire load model for '*ADD_TC_OP_29_14_29' from '(none)' to 'ZeroWireload'. (OPT-170)
Information: Changed wire load model for 'DW02_mult' from '(none)' to 'ZeroWireload'. (OPT-170)
Information: Changed wire load model for '*MULT_TC_OP_16_14_29' from '(none)' to 'ZeroWireload'. (OPT-170)
Information: Changed wire load model for 'DW02_mult' from '(none)' to 'ZeroWireload'. (OPT-170)
Information: Changed wire load model for '*MULT_TC_OP_16_14_29' from '(none)' to 'ZeroWireload'. (OPT-170)
Information: Changed wire load model for 'DW02_mult' from '(none)' to 'ZeroWireload'. (OPT-170)
Information: Changed wire load model for '*MULT_TC_OP_16_14_29' from '(none)' to 'ZeroWireload'. (OPT-170)
Information: Changed wire load model for 'DW01_add_width29' from '(none)' to 'ZeroWireload'. (OPT-170)
Information: Changed wire load model for '*ADD_TC_OP_29_14_29' from '(none)' to 'ZeroWireload'. (OPT-170)
Information: Changed wire load model for 'DW01_add_width29' from '(none)' to 'ZeroWireload'. (OPT-170)
Information: Changed wire load model for '*ADD_TC_OP_29_14_29' from '(none)' to 'ZeroWireload'. (OPT-170)
Information: Changed wire load model for 'DW01_add_width16' from '(none)' to 'ZeroWireload'. (OPT-170)
Information: Changed wire load model for '*ADD_TC_OP_15_15_16' from '(none)' to 'ZeroWireload'. (OPT-170)
Information: Changed wire load model for 'DW01_add_width16' from '(none)' to 'ZeroWireload'. (OPT-170)
Information: Changed wire load model for '*ADD_TC_OP_15_13_16' from '(none)' to 'ZeroWireload'. (OPT-170)
Information: Changed wire load model for 'DW01_add_width29' from '(none)' to 'ZeroWireload'. (OPT-170)
Information: Changed wire load model for '*ADD_TC_OP_29_14_29' from '(none)' to 'ZeroWireload'. (OPT-170)
Information: Changed wire load model for 'DW01_add_width16' from '(none)' to 'ZeroWireload'. (OPT-170)
Information: Changed wire load model for '*ADD_TC_OP_15_15_16' from '(none)' to 'ZeroWireload'. (OPT-170)
Information: Changed wire load model for 'DW01_add_width16' from '(none)' to 'ZeroWireload'. (OPT-170)
Information: Changed wire load model for '*ADD_TC_OP_15_13_16' from '(none)' to 'ZeroWireload'. (OPT-170)
Information: Changed wire load model for 'DW01_add_width29' from '(none)' to 'ZeroWireload'. (OPT-170)
Information: Changed wire load model for '*ADD_TC_OP_29_14_29' from '(none)' to 'ZeroWireload'. (OPT-170)
Information: Changed wire load model for 'DW01_add_width16' from '(none)' to 'ZeroWireload'. (OPT-170)
Information: Changed wire load model for '*ADD_TC_OP_15_15_16' from '(none)' to 'ZeroWireload'. (OPT-170)
Information: Changed wire load model for 'DW01_add_width16' from '(none)' to 'ZeroWireload'. (OPT-170)
Information: Changed wire load model for '*ADD_TC_OP_15_13_16' from '(none)' to 'ZeroWireload'. (OPT-170)
Information: Changed wire load model for 'DW01_add_width29' from '(none)' to 'ZeroWireload'. (OPT-170)
Information: Changed wire load model for '*ADD_TC_OP_29_14_29' from '(none)' to 'ZeroWireload'. (OPT-170)
Information: Changed wire load model for 'DW01_add_width16' from '(none)' to 'ZeroWireload'. (OPT-170)
Information: Changed wire load model for '*ADD_TC_OP_15_15_16' from '(none)' to 'ZeroWireload'. (OPT-170)
Information: Changed wire load model for 'DW01_add_width16' from '(none)' to 'ZeroWireload'. (OPT-170)
Information: Changed wire load model for '*ADD_TC_OP_15_13_16' from '(none)' to 'ZeroWireload'. (OPT-170)
Information: Changed wire load model for 'DW01_add_width16' from '(none)' to 'ZeroWireload'. (OPT-170)
Information: Changed wire load model for '*ADD_TC_OP_16_16_16' from '(none)' to 'ZeroWireload'. (OPT-170)
Information: Changed wire load model for 'DW01_add_width16' from '(none)' to 'ZeroWireload'. (OPT-170)
Information: Changed wire load model for '*ADD_TC_OP_15_15_16' from '(none)' to 'ZeroWireload'. (OPT-170)
Information: Changed wire load model for 'DW01_add_width16' from '(none)' to 'ZeroWireload'. (OPT-170)
Information: Changed wire load model for '*ADD_TC_OP_16_16_16' from '(none)' to 'ZeroWireload'. (OPT-170)
Information: Changed wire load model for 'DW02_mult' from '(none)' to 'ZeroWireload'. (OPT-170)
Information: Changed wire load model for '*MULT_TC_OP_15_14_29' from '(none)' to 'ZeroWireload'. (OPT-170)
Information: Changed wire load model for 'DW01_add_width16' from '(none)' to 'ZeroWireload'. (OPT-170)
Information: Changed wire load model for '*ADD_TC_OP_16_16_16' from '(none)' to 'ZeroWireload'. (OPT-170)
Information: Changed wire load model for 'DW01_add_width16' from '(none)' to 'ZeroWireload'. (OPT-170)
Information: Changed wire load model for '*ADD_TC_OP_15_15_16' from '(none)' to 'ZeroWireload'. (OPT-170)
Information: Changed wire load model for 'DW01_add_width16' from '(none)' to 'ZeroWireload'. (OPT-170)
Information: Changed wire load model for '*ADD_TC_OP_16_16_16' from '(none)' to 'ZeroWireload'. (OPT-170)
Information: Changed wire load model for 'DW02_mult' from '(none)' to 'ZeroWireload'. (OPT-170)
Information: Changed wire load model for '*MULT_TC_OP_15_14_29' from '(none)' to 'ZeroWireload'. (OPT-170)
Information: Changed wire load model for 'DW01_add_width16' from '(none)' to 'ZeroWireload'. (OPT-170)
Information: Changed wire load model for '*ADD_TC_OP_16_16_16' from '(none)' to 'ZeroWireload'. (OPT-170)
Information: Changed wire load model for 'DW01_add_width16' from '(none)' to 'ZeroWireload'. (OPT-170)
Information: Changed wire load model for '*ADD_TC_OP_15_15_16' from '(none)' to 'ZeroWireload'. (OPT-170)
Information: Changed wire load model for 'DW01_add_width16' from '(none)' to 'ZeroWireload'. (OPT-170)
Information: Changed wire load model for '*ADD_TC_OP_16_16_16' from '(none)' to 'ZeroWireload'. (OPT-170)
Information: Changed wire load model for 'DW02_mult' from '(none)' to 'ZeroWireload'. (OPT-170)
Information: Changed wire load model for '*MULT_TC_OP_15_14_29' from '(none)' to 'ZeroWireload'. (OPT-170)
Information: Changed wire load model for 'DW01_add_width16' from '(none)' to 'ZeroWireload'. (OPT-170)
Information: Changed wire load model for '*ADD_TC_OP_16_16_16' from '(none)' to 'ZeroWireload'. (OPT-170)
Information: Changed wire load model for 'DW01_add_width16' from '(none)' to 'ZeroWireload'. (OPT-170)
Information: Changed wire load model for '*ADD_TC_OP_15_15_16' from '(none)' to 'ZeroWireload'. (OPT-170)
Information: Changed wire load model for 'DW01_add_width16' from '(none)' to 'ZeroWireload'. (OPT-170)
Information: Changed wire load model for '*ADD_TC_OP_16_16_16' from '(none)' to 'ZeroWireload'. (OPT-170)
Information: Changed wire load model for 'DW02_mult' from '(none)' to 'ZeroWireload'. (OPT-170)
Information: Changed wire load model for '*MULT_TC_OP_15_14_29' from '(none)' to 'ZeroWireload'. (OPT-170)
Information: Changed wire load model for 'DW01_add_width29' from '(none)' to 'ZeroWireload'. (OPT-170)
Information: Changed wire load model for '*ADD_TC_OP_29_14_29' from '(none)' to 'ZeroWireload'. (OPT-170)
Information: Changed wire load model for 'DW01_add_width16' from '(none)' to 'ZeroWireload'. (OPT-170)
Information: Changed wire load model for '*ADD_TC_OP_16_15_16' from '(none)' to 'ZeroWireload'. (OPT-170)
Information: Changed wire load model for 'DW01_sub_width29' from '(none)' to 'ZeroWireload'. (OPT-170)
Information: Changed wire load model for '*SUB_TC_OP_1_28_29' from '(none)' to 'ZeroWireload'. (OPT-170)
Information: Changed wire load model for 'DW01_inc_width16' from '(none)' to 'ZeroWireload'. (OPT-170)
Information: Changed wire load model for '*ADD_TC_OP_27_14_28' from '(none)' to 'ZeroWireload'. (OPT-170)
Information: Changed wire load model for 'DW01_add_width29' from '(none)' to 'ZeroWireload'. (OPT-170)
Information: Changed wire load model for '*ADD_TC_OP_29_14_29' from '(none)' to 'ZeroWireload'. (OPT-170)
Information: Changed wire load model for 'DW01_add_width16' from '(none)' to 'ZeroWireload'. (OPT-170)
Information: Changed wire load model for '*ADD_TC_OP_16_15_16' from '(none)' to 'ZeroWireload'. (OPT-170)
Information: Changed wire load model for 'DW01_sub_width29' from '(none)' to 'ZeroWireload'. (OPT-170)
Information: Changed wire load model for '*SUB_TC_OP_1_28_29' from '(none)' to 'ZeroWireload'. (OPT-170)
Information: Changed wire load model for 'DW01_inc_width16' from '(none)' to 'ZeroWireload'. (OPT-170)
Information: Changed wire load model for '*ADD_TC_OP_27_14_28' from '(none)' to 'ZeroWireload'. (OPT-170)
Information: Changed wire load model for 'DW01_add_width29' from '(none)' to 'ZeroWireload'. (OPT-170)
Information: Changed wire load model for '*ADD_TC_OP_29_14_29' from '(none)' to 'ZeroWireload'. (OPT-170)
Information: Changed wire load model for 'DW01_add_width16' from '(none)' to 'ZeroWireload'. (OPT-170)
Information: Changed wire load model for '*ADD_TC_OP_16_15_16' from '(none)' to 'ZeroWireload'. (OPT-170)
Information: Changed wire load model for 'DW01_sub_width29' from '(none)' to 'ZeroWireload'. (OPT-170)
Information: Changed wire load model for '*SUB_TC_OP_1_28_29' from '(none)' to 'ZeroWireload'. (OPT-170)
Information: Changed wire load model for 'DW01_inc_width16' from '(none)' to 'ZeroWireload'. (OPT-170)
Information: Changed wire load model for '*ADD_TC_OP_27_14_28' from '(none)' to 'ZeroWireload'. (OPT-170)
Information: Changed wire load model for 'DW01_add_width29' from '(none)' to 'ZeroWireload'. (OPT-170)
Information: Changed wire load model for '*ADD_TC_OP_29_14_29' from '(none)' to 'ZeroWireload'. (OPT-170)
Information: Changed wire load model for 'DW01_add_width16' from '(none)' to 'ZeroWireload'. (OPT-170)
Information: Changed wire load model for '*ADD_TC_OP_16_15_16' from '(none)' to 'ZeroWireload'. (OPT-170)
Information: Changed wire load model for 'DW01_sub_width29' from '(none)' to 'ZeroWireload'. (OPT-170)
Information: Changed wire load model for '*SUB_TC_OP_1_28_29' from '(none)' to 'ZeroWireload'. (OPT-170)
Information: Changed wire load model for 'DW01_inc_width16' from '(none)' to 'ZeroWireload'. (OPT-170)
Information: Changed wire load model for '*ADD_TC_OP_27_14_28' from '(none)' to 'ZeroWireload'. (OPT-170)
Information: Changed wire load model for 'DW01_add_width29' from '(none)' to 'ZeroWireload'. (OPT-170)
Information: Changed wire load model for '*ADD_TC_OP_29_14_29' from '(none)' to 'ZeroWireload'. (OPT-170)
Information: Changed wire load model for 'DW01_add_width28' from '(none)' to 'ZeroWireload'. (OPT-170)
Information: Changed wire load model for '*ADD_TC_OP_27_14_28' from '(none)' to 'ZeroWireload'. (OPT-170)
Information: Changed wire load model for 'DW01_add_width29' from '(none)' to 'ZeroWireload'. (OPT-170)
Information: Changed wire load model for '*ADD_TC_OP_29_14_29' from '(none)' to 'ZeroWireload'. (OPT-170)
Information: Changed wire load model for 'DW01_add_width15' from '(none)' to 'ZeroWireload'. (OPT-170)
Information: Changed wire load model for '*ADD_TC_OP_14_13_15' from '(none)' to 'ZeroWireload'. (OPT-170)
Information: Changed wire load model for 'DW01_add_width29' from '(none)' to 'ZeroWireload'. (OPT-170)
Information: Changed wire load model for '*ADD_TC_OP_29_14_29' from '(none)' to 'ZeroWireload'. (OPT-170)
Information: Changed wire load model for 'DW01_add_width28' from '(none)' to 'ZeroWireload'. (OPT-170)
Information: Changed wire load model for '*ADD_TC_OP_27_14_28' from '(none)' to 'ZeroWireload'. (OPT-170)
Information: Changed wire load model for 'DW01_add_width29' from '(none)' to 'ZeroWireload'. (OPT-170)
Information: Changed wire load model for '*ADD_TC_OP_29_14_29' from '(none)' to 'ZeroWireload'. (OPT-170)
Information: Changed wire load model for 'DW01_add_width15' from '(none)' to 'ZeroWireload'. (OPT-170)
Information: Changed wire load model for '*ADD_TC_OP_14_13_15' from '(none)' to 'ZeroWireload'. (OPT-170)
Information: Changed wire load model for 'DW01_add_width29' from '(none)' to 'ZeroWireload'. (OPT-170)
Information: Changed wire load model for '*ADD_TC_OP_29_14_29' from '(none)' to 'ZeroWireload'. (OPT-170)
Information: Changed wire load model for 'DW01_add_width28' from '(none)' to 'ZeroWireload'. (OPT-170)
Information: Changed wire load model for '*ADD_TC_OP_27_14_28' from '(none)' to 'ZeroWireload'. (OPT-170)
Information: Changed wire load model for 'DW01_add_width29' from '(none)' to 'ZeroWireload'. (OPT-170)
Information: Changed wire load model for '*ADD_TC_OP_29_14_29' from '(none)' to 'ZeroWireload'. (OPT-170)
Information: Changed wire load model for 'DW01_add_width15' from '(none)' to 'ZeroWireload'. (OPT-170)
Information: Changed wire load model for '*ADD_TC_OP_14_13_15' from '(none)' to 'ZeroWireload'. (OPT-170)
Information: Changed wire load model for 'DW01_add_width29' from '(none)' to 'ZeroWireload'. (OPT-170)
Information: Changed wire load model for '*ADD_TC_OP_29_14_29' from '(none)' to 'ZeroWireload'. (OPT-170)
Information: Changed wire load model for 'DW01_add_width28' from '(none)' to 'ZeroWireload'. (OPT-170)
Information: Changed wire load model for '*ADD_TC_OP_27_14_28' from '(none)' to 'ZeroWireload'. (OPT-170)
Information: Changed wire load model for 'DW01_add_width29' from '(none)' to 'ZeroWireload'. (OPT-170)
Information: Changed wire load model for '*ADD_TC_OP_29_14_29' from '(none)' to 'ZeroWireload'. (OPT-170)
Information: Changed wire load model for 'DW01_add_width15' from '(none)' to 'ZeroWireload'. (OPT-170)
Information: Changed wire load model for '*ADD_TC_OP_14_13_15' from '(none)' to 'ZeroWireload'. (OPT-170)
Information: Changed wire load model for 'DW02_mult' from '(none)' to 'ZeroWireload'. (OPT-170)
Information: Changed wire load model for '*MULT_TC_OP_16_14_29' from '(none)' to 'ZeroWireload'. (OPT-170)
Information: Changed wire load model for 'DW01_add_width29' from '(none)' to 'ZeroWireload'. (OPT-170)
Information: Changed wire load model for '*ADD_TC_OP_29_14_29' from '(none)' to 'ZeroWireload'. (OPT-170)
Information: Changed wire load model for 'DW01_add_width29' from '(none)' to 'ZeroWireload'. (OPT-170)
Information: Changed wire load model for '*ADD_TC_OP_29_14_29' from '(none)' to 'ZeroWireload'. (OPT-170)
Information: Changed wire load model for 'DW01_sub_width15' from '(none)' to 'ZeroWireload'. (OPT-170)
Information: Changed wire load model for '*SUB_UNS_OP_14_13_15' from '(none)' to 'ZeroWireload'. (OPT-170)
Information: Changed wire load model for 'DW02_mult' from '(none)' to 'ZeroWireload'. (OPT-170)
Information: Changed wire load model for '*MULT_TC_OP_16_14_29' from '(none)' to 'ZeroWireload'. (OPT-170)
Information: Changed wire load model for 'DW01_add_width29' from '(none)' to 'ZeroWireload'. (OPT-170)
Information: Changed wire load model for '*ADD_TC_OP_29_14_29' from '(none)' to 'ZeroWireload'. (OPT-170)
Information: Changed wire load model for 'DW01_add_width29' from '(none)' to 'ZeroWireload'. (OPT-170)
Information: Changed wire load model for '*ADD_TC_OP_29_14_29' from '(none)' to 'ZeroWireload'. (OPT-170)
Information: Changed wire load model for 'DW01_sub_width15' from '(none)' to 'ZeroWireload'. (OPT-170)
Information: Changed wire load model for '*SUB_UNS_OP_14_13_15' from '(none)' to 'ZeroWireload'. (OPT-170)
Information: Changed wire load model for 'DW02_mult' from '(none)' to 'ZeroWireload'. (OPT-170)
Information: Changed wire load model for '*MULT_TC_OP_16_14_29' from '(none)' to 'ZeroWireload'. (OPT-170)
Information: Changed wire load model for 'DW01_add_width29' from '(none)' to 'ZeroWireload'. (OPT-170)
Information: Changed wire load model for '*ADD_TC_OP_29_14_29' from '(none)' to 'ZeroWireload'. (OPT-170)
Information: Changed wire load model for 'DW01_add_width29' from '(none)' to 'ZeroWireload'. (OPT-170)
Information: Changed wire load model for '*ADD_TC_OP_29_14_29' from '(none)' to 'ZeroWireload'. (OPT-170)
Information: Changed wire load model for 'DW01_sub_width15' from '(none)' to 'ZeroWireload'. (OPT-170)
Information: Changed wire load model for '*SUB_UNS_OP_14_13_15' from '(none)' to 'ZeroWireload'. (OPT-170)
Information: Changed wire load model for 'DW02_mult' from '(none)' to 'ZeroWireload'. (OPT-170)
Information: Changed wire load model for '*MULT_TC_OP_16_14_29' from '(none)' to 'ZeroWireload'. (OPT-170)
Information: Changed wire load model for 'DW01_add_width29' from '(none)' to 'ZeroWireload'. (OPT-170)
Information: Changed wire load model for '*ADD_TC_OP_29_14_29' from '(none)' to 'ZeroWireload'. (OPT-170)
Information: Changed wire load model for 'DW01_add_width29' from '(none)' to 'ZeroWireload'. (OPT-170)
Information: Changed wire load model for '*ADD_TC_OP_29_14_29' from '(none)' to 'ZeroWireload'. (OPT-170)
Information: Changed wire load model for 'DW01_sub_width15' from '(none)' to 'ZeroWireload'. (OPT-170)
Information: Changed wire load model for '*SUB_UNS_OP_14_13_15' from '(none)' to 'ZeroWireload'. (OPT-170)
Information: Changed wire load model for 'DW02_mult' from '(none)' to 'ZeroWireload'. (OPT-170)
Information: Changed wire load model for '*MULT_TC_OP_15_14_29' from '(none)' to 'ZeroWireload'. (OPT-170)
Information: Changed wire load model for 'DW01_sub_width27' from '(none)' to 'ZeroWireload'. (OPT-170)
Information: Changed wire load model for '*SUB_TC_OP_1_26_27' from '(none)' to 'ZeroWireload'. (OPT-170)
Information: Changed wire load model for 'DW02_mult' from '(none)' to 'ZeroWireload'. (OPT-170)
Information: Changed wire load model for '*MULT_TC_OP_15_14_29' from '(none)' to 'ZeroWireload'. (OPT-170)
Information: Changed wire load model for 'DW01_inc_width15' from '(none)' to 'ZeroWireload'. (OPT-170)
Information: Changed wire load model for '*ADD_TC_OP_26_14_27' from '(none)' to 'ZeroWireload'. (OPT-170)
Information: Changed wire load model for 'DW02_mult' from '(none)' to 'ZeroWireload'. (OPT-170)
Information: Changed wire load model for '*MULT_TC_OP_15_14_29' from '(none)' to 'ZeroWireload'. (OPT-170)
Information: Changed wire load model for 'DW01_sub_width27' from '(none)' to 'ZeroWireload'. (OPT-170)
Information: Changed wire load model for '*SUB_TC_OP_1_26_27' from '(none)' to 'ZeroWireload'. (OPT-170)
Information: Changed wire load model for 'DW02_mult' from '(none)' to 'ZeroWireload'. (OPT-170)
Information: Changed wire load model for '*MULT_TC_OP_15_14_29' from '(none)' to 'ZeroWireload'. (OPT-170)
Information: Changed wire load model for 'DW01_inc_width15' from '(none)' to 'ZeroWireload'. (OPT-170)
Information: Changed wire load model for '*ADD_TC_OP_26_14_27' from '(none)' to 'ZeroWireload'. (OPT-170)
Information: Changed wire load model for 'DW02_mult' from '(none)' to 'ZeroWireload'. (OPT-170)
Information: Changed wire load model for '*MULT_TC_OP_15_14_29' from '(none)' to 'ZeroWireload'. (OPT-170)
Information: Changed wire load model for 'DW01_sub_width27' from '(none)' to 'ZeroWireload'. (OPT-170)
Information: Changed wire load model for '*SUB_TC_OP_1_26_27' from '(none)' to 'ZeroWireload'. (OPT-170)
Information: Changed wire load model for 'DW02_mult' from '(none)' to 'ZeroWireload'. (OPT-170)
Information: Changed wire load model for '*MULT_TC_OP_15_14_29' from '(none)' to 'ZeroWireload'. (OPT-170)
Information: Changed wire load model for 'DW01_inc_width15' from '(none)' to 'ZeroWireload'. (OPT-170)
Information: Changed wire load model for '*ADD_TC_OP_26_14_27' from '(none)' to 'ZeroWireload'. (OPT-170)
Information: Changed wire load model for 'DW02_mult' from '(none)' to 'ZeroWireload'. (OPT-170)
Information: Changed wire load model for '*MULT_TC_OP_15_14_29' from '(none)' to 'ZeroWireload'. (OPT-170)
Information: Changed wire load model for 'DW01_sub_width27' from '(none)' to 'ZeroWireload'. (OPT-170)
Information: Changed wire load model for '*SUB_TC_OP_1_26_27' from '(none)' to 'ZeroWireload'. (OPT-170)
Information: Changed wire load model for 'DW02_mult' from '(none)' to 'ZeroWireload'. (OPT-170)
Information: Changed wire load model for '*MULT_TC_OP_15_14_29' from '(none)' to 'ZeroWireload'. (OPT-170)
Information: Changed wire load model for 'DW01_inc_width15' from '(none)' to 'ZeroWireload'. (OPT-170)
Information: Changed wire load model for '*ADD_TC_OP_26_14_27' from '(none)' to 'ZeroWireload'. (OPT-170)
Information: Changed wire load model for 'DW01_add_width16' from '(none)' to 'ZeroWireload'. (OPT-170)
Information: Changed wire load model for '*ADD_TC_OP_16_16_16' from '(none)' to 'ZeroWireload'. (OPT-170)
Information: Changed wire load model for 'DW02_mult' from '(none)' to 'ZeroWireload'. (OPT-170)
Information: Changed wire load model for '*MULT_TC_OP_15_14_29' from '(none)' to 'ZeroWireload'. (OPT-170)
Information: Changed wire load model for 'DW02_mult' from '(none)' to 'ZeroWireload'. (OPT-170)
Information: Changed wire load model for '*MULT_TC_OP_16_14_29' from '(none)' to 'ZeroWireload'. (OPT-170)
Information: Changed wire load model for 'DW01_add_width16' from '(none)' to 'ZeroWireload'. (OPT-170)
Information: Changed wire load model for '*ADD_TC_OP_16_16_16' from '(none)' to 'ZeroWireload'. (OPT-170)
Information: Changed wire load model for 'DW02_mult' from '(none)' to 'ZeroWireload'. (OPT-170)
Information: Changed wire load model for '*MULT_TC_OP_15_14_29' from '(none)' to 'ZeroWireload'. (OPT-170)
Information: Changed wire load model for 'DW02_mult' from '(none)' to 'ZeroWireload'. (OPT-170)
Information: Changed wire load model for '*MULT_TC_OP_16_14_29' from '(none)' to 'ZeroWireload'. (OPT-170)
Information: Changed wire load model for 'DW01_add_width16' from '(none)' to 'ZeroWireload'. (OPT-170)
Information: Changed wire load model for '*ADD_TC_OP_16_16_16' from '(none)' to 'ZeroWireload'. (OPT-170)
Information: Changed wire load model for 'DW02_mult' from '(none)' to 'ZeroWireload'. (OPT-170)
Information: Changed wire load model for '*MULT_TC_OP_15_14_29' from '(none)' to 'ZeroWireload'. (OPT-170)
Information: Changed wire load model for 'DW02_mult' from '(none)' to 'ZeroWireload'. (OPT-170)
Information: Changed wire load model for '*MULT_TC_OP_16_14_29' from '(none)' to 'ZeroWireload'. (OPT-170)
Information: Changed wire load model for 'DW01_add_width16' from '(none)' to 'ZeroWireload'. (OPT-170)
Information: Changed wire load model for '*ADD_TC_OP_16_16_16' from '(none)' to 'ZeroWireload'. (OPT-170)
Information: Changed wire load model for 'DW02_mult' from '(none)' to 'ZeroWireload'. (OPT-170)
Information: Changed wire load model for '*MULT_TC_OP_15_14_29' from '(none)' to 'ZeroWireload'. (OPT-170)
Information: Changed wire load model for 'DW02_mult' from '(none)' to 'ZeroWireload'. (OPT-170)
Information: Changed wire load model for '*MULT_TC_OP_16_14_29' from '(none)' to 'ZeroWireload'. (OPT-170)
Information: Changed wire load model for 'DW01_add_width29' from '(none)' to 'ZeroWireload'. (OPT-170)
Information: Changed wire load model for '*ADD_TC_OP_28_14_29' from '(none)' to 'ZeroWireload'. (OPT-170)
Information: Changed wire load model for 'DW01_add_width15' from '(none)' to 'ZeroWireload'. (OPT-170)
Information: Changed wire load model for '*ADD_TC_OP_14_13_15' from '(none)' to 'ZeroWireload'. (OPT-170)
Information: Changed wire load model for 'DW01_add_width16' from '(none)' to 'ZeroWireload'. (OPT-170)
Information: Changed wire load model for '*ADD_TC_OP_14_15_16' from '(none)' to 'ZeroWireload'. (OPT-170)
Information: Changed wire load model for 'DW01_add_width29' from '(none)' to 'ZeroWireload'. (OPT-170)
Information: Changed wire load model for '*ADD_TC_OP_28_14_29' from '(none)' to 'ZeroWireload'. (OPT-170)
Information: Changed wire load model for 'DW01_add_width15' from '(none)' to 'ZeroWireload'. (OPT-170)
Information: Changed wire load model for '*ADD_TC_OP_14_13_15' from '(none)' to 'ZeroWireload'. (OPT-170)
Information: Changed wire load model for 'DW01_add_width16' from '(none)' to 'ZeroWireload'. (OPT-170)
Information: Changed wire load model for '*ADD_TC_OP_14_15_16' from '(none)' to 'ZeroWireload'. (OPT-170)
Information: Changed wire load model for 'DW01_add_width29' from '(none)' to 'ZeroWireload'. (OPT-170)
Information: Changed wire load model for '*ADD_TC_OP_28_14_29' from '(none)' to 'ZeroWireload'. (OPT-170)
Information: Changed wire load model for 'DW01_add_width15' from '(none)' to 'ZeroWireload'. (OPT-170)
Information: Changed wire load model for '*ADD_TC_OP_14_13_15' from '(none)' to 'ZeroWireload'. (OPT-170)
Information: Changed wire load model for 'DW01_add_width16' from '(none)' to 'ZeroWireload'. (OPT-170)
Information: Changed wire load model for '*ADD_TC_OP_14_15_16' from '(none)' to 'ZeroWireload'. (OPT-170)
Information: Changed wire load model for 'DW01_add_width29' from '(none)' to 'ZeroWireload'. (OPT-170)
Information: Changed wire load model for '*ADD_TC_OP_28_14_29' from '(none)' to 'ZeroWireload'. (OPT-170)
Information: Changed wire load model for 'DW01_add_width15' from '(none)' to 'ZeroWireload'. (OPT-170)
Information: Changed wire load model for '*ADD_TC_OP_14_13_15' from '(none)' to 'ZeroWireload'. (OPT-170)
Information: Changed wire load model for 'DW01_add_width16' from '(none)' to 'ZeroWireload'. (OPT-170)
Information: Changed wire load model for '*ADD_TC_OP_14_15_16' from '(none)' to 'ZeroWireload'. (OPT-170)
Information: Changed wire load model for 'DW01_sub_width28' from '(none)' to 'ZeroWireload'. (OPT-170)
Information: Changed wire load model for '*SUB_TC_OP_1_27_28' from '(none)' to 'ZeroWireload'. (OPT-170)
Information: Changed wire load model for 'DW01_inc_width15' from '(none)' to 'ZeroWireload'. (OPT-170)
Information: Changed wire load model for '*ADD_TC_OP_26_14_27' from '(none)' to 'ZeroWireload'. (OPT-170)
Information: Changed wire load model for 'DW01_inc_width15' from '(none)' to 'ZeroWireload'. (OPT-170)
Information: Changed wire load model for '*ADD_TC_OP_26_14_27' from '(none)' to 'ZeroWireload'. (OPT-170)
Information: Changed wire load model for 'DW01_sub_width28' from '(none)' to 'ZeroWireload'. (OPT-170)
Information: Changed wire load model for '*SUB_TC_OP_1_27_28' from '(none)' to 'ZeroWireload'. (OPT-170)
Information: Changed wire load model for 'DW01_inc_width15' from '(none)' to 'ZeroWireload'. (OPT-170)
Information: Changed wire load model for '*ADD_TC_OP_26_14_27' from '(none)' to 'ZeroWireload'. (OPT-170)
Information: Changed wire load model for 'DW01_inc_width15' from '(none)' to 'ZeroWireload'. (OPT-170)
Information: Changed wire load model for '*ADD_TC_OP_26_14_27' from '(none)' to 'ZeroWireload'. (OPT-170)
Information: Changed wire load model for 'DW01_sub_width28' from '(none)' to 'ZeroWireload'. (OPT-170)
Information: Changed wire load model for '*SUB_TC_OP_1_27_28' from '(none)' to 'ZeroWireload'. (OPT-170)
Information: Changed wire load model for 'DW01_inc_width15' from '(none)' to 'ZeroWireload'. (OPT-170)
Information: Changed wire load model for '*ADD_TC_OP_26_14_27' from '(none)' to 'ZeroWireload'. (OPT-170)
Information: Changed wire load model for 'DW01_inc_width15' from '(none)' to 'ZeroWireload'. (OPT-170)
Information: Changed wire load model for '*ADD_TC_OP_26_14_27' from '(none)' to 'ZeroWireload'. (OPT-170)
Information: Changed wire load model for 'DW01_sub_width28' from '(none)' to 'ZeroWireload'. (OPT-170)
Information: Changed wire load model for '*SUB_TC_OP_1_27_28' from '(none)' to 'ZeroWireload'. (OPT-170)
Information: Changed wire load model for 'DW01_inc_width15' from '(none)' to 'ZeroWireload'. (OPT-170)
Information: Changed wire load model for '*ADD_TC_OP_26_14_27' from '(none)' to 'ZeroWireload'. (OPT-170)
Information: Changed wire load model for 'DW01_inc_width15' from '(none)' to 'ZeroWireload'. (OPT-170)
Information: Changed wire load model for '*ADD_TC_OP_26_14_27' from '(none)' to 'ZeroWireload'. (OPT-170)
Information: Changed wire load model for 'DW01_inc_width16' from '(none)' to 'ZeroWireload'. (OPT-170)
Information: Changed wire load model for '*ADD_UNS_OP_16_1_16' from '(none)' to 'ZeroWireload'. (OPT-170)
Information: Changed wire load model for 'DW01_cmp2_width3' from '(none)' to 'ZeroWireload'. (OPT-170)
Information: Changed wire load model for '*GEQ_UNS_OP_3_3_1' from '(none)' to 'ZeroWireload'. (OPT-170)
Information: Changed wire load model for 'DW01_cmp2_width3' from '(none)' to 'ZeroWireload'. (OPT-170)
Information: Changed wire load model for '*GEQ_UNS_OP_3_2_1' from '(none)' to 'ZeroWireload'. (OPT-170)
Information: Changed wire load model for 'DW01_inc_width4' from '(none)' to 'ZeroWireload'. (OPT-170)
Information: Changed wire load model for '*ADD_UNS_OP_4_1_4' from '(none)' to 'ZeroWireload'. (OPT-170)
Information: Changed wire load model for 'DW01_inc_width16' from '(none)' to 'ZeroWireload'. (OPT-170)
Information: Changed wire load model for '*ADD_UNS_OP_16_1_16' from '(none)' to 'ZeroWireload'. (OPT-170)
Information: Changed wire load model for 'DW01_cmp2_width16' from '(none)' to 'ZeroWireload'. (OPT-170)
Information: Changed wire load model for '*GEQ_UNS_OP_16_14_1' from '(none)' to 'ZeroWireload'. (OPT-170)
Information: Changed wire load model for 'DW01_cmp6_width4' from '(none)' to 'ZeroWireload'. (OPT-170)
Information: Changed wire load model for '*EQ_UNS_OP_4_4_1' from '(none)' to 'ZeroWireload'. (OPT-170)
Information: Changed wire load model for 'DW01_cmp6_width4' from '(none)' to 'ZeroWireload'. (OPT-170)
Information: Changed wire load model for '*EQ_UNS_OP_4_4_1' from '(none)' to 'ZeroWireload'. (OPT-170)
Information: Changed wire load model for 'DW01_cmp2_width3' from '(none)' to 'ZeroWireload'. (OPT-170)
Information: Changed wire load model for '*GT_UNS_OP_3_3_1' from '(none)' to 'ZeroWireload'. (OPT-170)
Information: Updating design information... (UID-85)
Warning: Design 'ASIC_Top' contains 5 high-fanout nets. A fanout number of 1000 will be used for delay calculations involving these nets. (TIM-134)
 
****************************************
Report : timing
        -path full
        -delay max
        -max_paths 1
Design : ASIC_Top
Version: X-2025.06-SP4
Date   : Mon Aug 17 15:13:59 2026
****************************************

 # A fanout number of 1000 was used for high fanout net computations.

Operating Conditions: ssg0p81v125c   Library: tcbn28hpcplusbwp30p140ssg0p81v125c
Wire Load Model Mode: segmented

  Startpoint: u_control/pll_req_960_reg
              (rising edge-triggered flip-flop)
  Endpoint: pll_active_960
            (output port)
  Path Group: (none)
  Path Type: max

  Des/Clust/Port     Wire Load Model       Library
  ------------------------------------------------
  FIR_LPF_TRANSPOSED ZeroWireload          tcbn28hpcplusbwp30p140ssg0p81v125c
  P2S_Interpolator   ZeroWireload          tcbn28hpcplusbwp30p140ssg0p81v125c
  Interpolator       ZeroWireload          tcbn28hpcplusbwp30p140ssg0p81v125c
  SIPO               ZeroWireload          tcbn28hpcplusbwp30p140ssg0p81v125c
  MinAJ2_Datapath    ZeroWireload          tcbn28hpcplusbwp30p140ssg0p81v125c
  ASIC_Top           ZeroWireload          tcbn28hpcplusbwp30p140ssg0p81v125c
  Control_Unit_PACKET_LEN10000
                     ZeroWireload          tcbn28hpcplusbwp30p140ssg0p81v125c

  Point                                                   Incr       Path
  --------------------------------------------------------------------------
  u_control/pll_req_960_reg/clocked_on (**SEQGEN**)       0.00 #     0.00 r
  u_control/pll_req_960_reg/Q (**SEQGEN**)                0.00       0.00 r
  u_control/pll_req_960 (Control_Unit_PACKET_LEN10000)
                                                          0.00       0.00 r
  pll_active_960 (out)                                    0.00       0.00 r
  data arrival time                                                  0.00
  --------------------------------------------------------------------------
  (Path is unconstrained)


1
 
****************************************
Report : timing
        -path full
        -delay min
        -max_paths 1
Design : ASIC_Top
Version: X-2025.06-SP4
Date   : Mon Aug 17 15:13:59 2026
****************************************

 # A fanout number of 1000 was used for high fanout net computations.

Operating Conditions: ssg0p81v125c   Library: tcbn28hpcplusbwp30p140ssg0p81v125c
Wire Load Model Mode: segmented

  Startpoint: u_control/pll_req_960_reg
              (rising edge-triggered flip-flop)
  Endpoint: pll_active_960
            (output port)
  Path Group: (none)
  Path Type: min

  Des/Clust/Port     Wire Load Model       Library
  ------------------------------------------------
  FIR_LPF_TRANSPOSED ZeroWireload          tcbn28hpcplusbwp30p140ssg0p81v125c
  P2S_Interpolator   ZeroWireload          tcbn28hpcplusbwp30p140ssg0p81v125c
  Interpolator       ZeroWireload          tcbn28hpcplusbwp30p140ssg0p81v125c
  SIPO               ZeroWireload          tcbn28hpcplusbwp30p140ssg0p81v125c
  MinAJ2_Datapath    ZeroWireload          tcbn28hpcplusbwp30p140ssg0p81v125c
  ASIC_Top           ZeroWireload          tcbn28hpcplusbwp30p140ssg0p81v125c
  Control_Unit_PACKET_LEN10000
                     ZeroWireload          tcbn28hpcplusbwp30p140ssg0p81v125c

  Point                                                   Incr       Path
  --------------------------------------------------------------------------
  u_control/pll_req_960_reg/clocked_on (**SEQGEN**)       0.00 #     0.00 r
  u_control/pll_req_960_reg/Q (**SEQGEN**)                0.00       0.00 r
  u_control/pll_req_960 (Control_Unit_PACKET_LEN10000)
                                                          0.00       0.00 r
  pll_active_960 (out)                                    0.00       0.00 r
  data arrival time                                                  0.00
  --------------------------------------------------------------------------
  (Path is unconstrained)


1
 
****************************************
Report : area
Design : ASIC_Top
Version: X-2025.06-SP4
Date   : Mon Aug 17 15:13:59 2026
****************************************

Library(s) Used:

    gtech (File: /tools/synopsys/syn/X-2025.06-SP4/libraries/syn/gtech.db)

Number of ports:                        76510
Number of nets:                        229724
Number of cells:                       112466
Number of combinational cells:         109403
Number of sequential cells:              1273
Number of macros/black boxes:               0
Number of buf/inv:                      12436
Number of references:                       5

Combinational area:                  0.000000
Buf/Inv area:                        0.000000
Noncombinational area:               0.000000
Macro/Black Box area:                0.000000
Net Interconnect area:      undefined  (Wire load has zero net area)

Total cell area:                     0.000000
Total area:                 undefined

Information: This design contains unmapped logic. (RPT-7)
1
 
****************************************
Report : constraint
        -all_violators
Design : ASIC_Top
Version: X-2025.06-SP4
Date   : Mon Aug 17 15:13:59 2026
****************************************

This design has no constraints.

1
 
****************************************
check_design summary:
Version:     X-2025.06-SP4
Date:        Mon Aug 17 15:14:02 2026
****************************************

                   Name                                            Total
--------------------------------------------------------------------------------
Inputs/Outputs                                                      2
    Unconnected ports (LINT-28)                                     2

Nets                                                             1434
    Unloaded nets (LINT-2)                                       1434
--------------------------------------------------------------------------------

Warning: In design 'ASIC_Top', net 'u_control/net285' driven by pin 'u_control/C276/Z' has no loads. (LINT-2)
Warning: In design 'ASIC_Top', net 'u_control/net284' driven by pin 'u_control/C270/Z' has no loads. (LINT-2)
Warning: In design 'ASIC_Top', net 'u_path_I/u_interp/net1814' driven by pin 'u_path_I/u_interp/add_54_C118_3_C139/Z_0' has no loads. (LINT-2)
Warning: In design 'ASIC_Top', net 'u_path_I/u_interp/net1813' driven by pin 'u_path_I/u_interp/add_54_C118_3_C139/Z_1' has no loads. (LINT-2)
Warning: In design 'ASIC_Top', net 'u_path_I/u_interp/net1812' driven by pin 'u_path_I/u_interp/add_54_C118_3_C139/Z_2' has no loads. (LINT-2)
Warning: In design 'ASIC_Top', net 'u_path_I/u_interp/net1811' driven by pin 'u_path_I/u_interp/add_54_C118_3_C139/Z_3' has no loads. (LINT-2)
Warning: In design 'ASIC_Top', net 'u_path_I/u_interp/net1810' driven by pin 'u_path_I/u_interp/add_54_C118_3_C139/Z_4' has no loads. (LINT-2)
Warning: In design 'ASIC_Top', net 'u_path_I/u_interp/net1809' driven by pin 'u_path_I/u_interp/add_54_C118_3_C139/Z_5' has no loads. (LINT-2)
Warning: In design 'ASIC_Top', net 'u_path_I/u_interp/net1808' driven by pin 'u_path_I/u_interp/add_54_C118_3_C139/Z_6' has no loads. (LINT-2)
Warning: In design 'ASIC_Top', net 'u_path_I/u_interp/net1807' driven by pin 'u_path_I/u_interp/add_54_C118_3_C139/Z_7' has no loads. (LINT-2)
Warning: In design 'ASIC_Top', net 'u_path_I/u_interp/net1806' driven by pin 'u_path_I/u_interp/add_54_C118_3_C139/Z_8' has no loads. (LINT-2)
Warning: In design 'ASIC_Top', net 'u_path_I/u_interp/net1805' driven by pin 'u_path_I/u_interp/add_54_C118_3_C139/Z_9' has no loads. (LINT-2)
Warning: In design 'ASIC_Top', net 'u_path_I/u_interp/net1804' driven by pin 'u_path_I/u_interp/add_54_C118_3_C139/Z_10' has no loads. (LINT-2)
Warning: In design 'ASIC_Top', net 'u_path_I/u_interp/net1803' driven by pin 'u_path_I/u_interp/add_54_C118_3_C139/Z_11' has no loads. (LINT-2)
Warning: In design 'ASIC_Top', net 'u_path_I/u_interp/net1802' driven by pin 'u_path_I/u_interp/add_54_C118_3_C139/Z_12' has no loads. (LINT-2)
Warning: In design 'ASIC_Top', net 'u_path_I/u_interp/net1801' driven by pin 'u_path_I/u_interp/add_54_C118_2_C139/Z_0' has no loads. (LINT-2)
Warning: In design 'ASIC_Top', net 'u_path_I/u_interp/net1800' driven by pin 'u_path_I/u_interp/add_54_C118_2_C139/Z_1' has no loads. (LINT-2)
Warning: In design 'ASIC_Top', net 'u_path_I/u_interp/net1799' driven by pin 'u_path_I/u_interp/add_54_C118_2_C139/Z_2' has no loads. (LINT-2)
Warning: In design 'ASIC_Top', net 'u_path_I/u_interp/net1798' driven by pin 'u_path_I/u_interp/add_54_C118_2_C139/Z_3' has no loads. (LINT-2)
Warning: In design 'ASIC_Top', net 'u_path_I/u_interp/net1797' driven by pin 'u_path_I/u_interp/add_54_C118_2_C139/Z_4' has no loads. (LINT-2)
Warning: In design 'ASIC_Top', net 'u_path_I/u_interp/net1796' driven by pin 'u_path_I/u_interp/add_54_C118_2_C139/Z_5' has no loads. (LINT-2)
Warning: In design 'ASIC_Top', net 'u_path_I/u_interp/net1795' driven by pin 'u_path_I/u_interp/add_54_C118_2_C139/Z_6' has no loads. (LINT-2)
Warning: In design 'ASIC_Top', net 'u_path_I/u_interp/net1794' driven by pin 'u_path_I/u_interp/add_54_C118_2_C139/Z_7' has no loads. (LINT-2)
Warning: In design 'ASIC_Top', net 'u_path_I/u_interp/net1793' driven by pin 'u_path_I/u_interp/add_54_C118_2_C139/Z_8' has no loads. (LINT-2)
Warning: In design 'ASIC_Top', net 'u_path_I/u_interp/net1792' driven by pin 'u_path_I/u_interp/add_54_C118_2_C139/Z_9' has no loads. (LINT-2)
Warning: In design 'ASIC_Top', net 'u_path_I/u_interp/net1791' driven by pin 'u_path_I/u_interp/add_54_C118_2_C139/Z_10' has no loads. (LINT-2)
Warning: In design 'ASIC_Top', net 'u_path_I/u_interp/net1790' driven by pin 'u_path_I/u_interp/add_54_C118_2_C139/Z_11' has no loads. (LINT-2)
Warning: In design 'ASIC_Top', net 'u_path_I/u_interp/net1789' driven by pin 'u_path_I/u_interp/add_54_C118_2_C139/Z_12' has no loads. (LINT-2)
Warning: In design 'ASIC_Top', net 'u_path_I/u_interp/net1788' driven by pin 'u_path_I/u_interp/add_54_C118_C139/Z_0' has no loads. (LINT-2)
Warning: In design 'ASIC_Top', net 'u_path_I/u_interp/net1787' driven by pin 'u_path_I/u_interp/add_54_C118_C139/Z_1' has no loads. (LINT-2)
Warning: In design 'ASIC_Top', net 'u_path_I/u_interp/net1786' driven by pin 'u_path_I/u_interp/add_54_C118_C139/Z_2' has no loads. (LINT-2)
Warning: In design 'ASIC_Top', net 'u_path_I/u_interp/net1785' driven by pin 'u_path_I/u_interp/add_54_C118_C139/Z_3' has no loads. (LINT-2)
Warning: In design 'ASIC_Top', net 'u_path_I/u_interp/net1784' driven by pin 'u_path_I/u_interp/add_54_C118_C139/Z_4' has no loads. (LINT-2)
Warning: In design 'ASIC_Top', net 'u_path_I/u_interp/net1783' driven by pin 'u_path_I/u_interp/add_54_C118_C139/Z_5' has no loads. (LINT-2)
Warning: In design 'ASIC_Top', net 'u_path_I/u_interp/net1782' driven by pin 'u_path_I/u_interp/add_54_C118_C139/Z_6' has no loads. (LINT-2)
Warning: In design 'ASIC_Top', net 'u_path_I/u_interp/net1781' driven by pin 'u_path_I/u_interp/add_54_C118_C139/Z_7' has no loads. (LINT-2)
Warning: In design 'ASIC_Top', net 'u_path_I/u_interp/net1780' driven by pin 'u_path_I/u_interp/add_54_C118_C139/Z_8' has no loads. (LINT-2)
Warning: In design 'ASIC_Top', net 'u_path_I/u_interp/net1779' driven by pin 'u_path_I/u_interp/add_54_C118_C139/Z_9' has no loads. (LINT-2)
Warning: In design 'ASIC_Top', net 'u_path_I/u_interp/net1778' driven by pin 'u_path_I/u_interp/add_54_C118_C139/Z_10' has no loads. (LINT-2)
Warning: In design 'ASIC_Top', net 'u_path_I/u_interp/net1777' driven by pin 'u_path_I/u_interp/add_54_C118_C139/Z_11' has no loads. (LINT-2)
Warning: In design 'ASIC_Top', net 'u_path_I/u_interp/net1776' driven by pin 'u_path_I/u_interp/add_54_C118_C139/Z_12' has no loads. (LINT-2)
Warning: In design 'ASIC_Top', net 'u_path_I/u_interp/net1775' driven by pin 'u_path_I/u_interp/add_54_C118_3_C140/Z_0' has no loads. (LINT-2)
Warning: In design 'ASIC_Top', net 'u_path_I/u_interp/net1774' driven by pin 'u_path_I/u_interp/add_54_C118_3_C140/Z_1' has no loads. (LINT-2)
Warning: In design 'ASIC_Top', net 'u_path_I/u_interp/net1773' driven by pin 'u_path_I/u_interp/add_54_C118_3_C140/Z_2' has no loads. (LINT-2)
Warning: In design 'ASIC_Top', net 'u_path_I/u_interp/net1772' driven by pin 'u_path_I/u_interp/add_54_C118_3_C140/Z_3' has no loads. (LINT-2)
Warning: In design 'ASIC_Top', net 'u_path_I/u_interp/net1771' driven by pin 'u_path_I/u_interp/add_54_C118_3_C140/Z_4' has no loads. (LINT-2)
Warning: In design 'ASIC_Top', net 'u_path_I/u_interp/net1770' driven by pin 'u_path_I/u_interp/add_54_C118_3_C140/Z_5' has no loads. (LINT-2)
Warning: In design 'ASIC_Top', net 'u_path_I/u_interp/net1769' driven by pin 'u_path_I/u_interp/add_54_C118_3_C140/Z_6' has no loads. (LINT-2)
Warning: In design 'ASIC_Top', net 'u_path_I/u_interp/net1768' driven by pin 'u_path_I/u_interp/add_54_C118_3_C140/Z_7' has no loads. (LINT-2)
Warning: In design 'ASIC_Top', net 'u_path_I/u_interp/net1767' driven by pin 'u_path_I/u_interp/add_54_C118_3_C140/Z_8' has no loads. (LINT-2)
Warning: In design 'ASIC_Top', net 'u_path_I/u_interp/net1766' driven by pin 'u_path_I/u_interp/add_54_C118_3_C140/Z_9' has no loads. (LINT-2)
Warning: In design 'ASIC_Top', net 'u_path_I/u_interp/net1765' driven by pin 'u_path_I/u_interp/add_54_C118_3_C140/Z_10' has no loads. (LINT-2)
Warning: In design 'ASIC_Top', net 'u_path_I/u_interp/net1764' driven by pin 'u_path_I/u_interp/add_54_C118_3_C140/Z_11' has no loads. (LINT-2)
Warning: In design 'ASIC_Top', net 'u_path_I/u_interp/net1763' driven by pin 'u_path_I/u_interp/add_54_C118_3_C140/Z_12' has no loads. (LINT-2)
Warning: In design 'ASIC_Top', net 'u_path_I/u_interp/net1762' driven by pin 'u_path_I/u_interp/add_54_C118_2_C140/Z_0' has no loads. (LINT-2)
Warning: In design 'ASIC_Top', net 'u_path_I/u_interp/net1761' driven by pin 'u_path_I/u_interp/add_54_C118_2_C140/Z_1' has no loads. (LINT-2)
Warning: In design 'ASIC_Top', net 'u_path_I/u_interp/net1760' driven by pin 'u_path_I/u_interp/add_54_C118_2_C140/Z_2' has no loads. (LINT-2)
Warning: In design 'ASIC_Top', net 'u_path_I/u_interp/net1759' driven by pin 'u_path_I/u_interp/add_54_C118_2_C140/Z_3' has no loads. (LINT-2)
Warning: In design 'ASIC_Top', net 'u_path_I/u_interp/net1758' driven by pin 'u_path_I/u_interp/add_54_C118_2_C140/Z_4' has no loads. (LINT-2)
Warning: In design 'ASIC_Top', net 'u_path_I/u_interp/net1757' driven by pin 'u_path_I/u_interp/add_54_C118_2_C140/Z_5' has no loads. (LINT-2)
Warning: In design 'ASIC_Top', net 'u_path_I/u_interp/net1756' driven by pin 'u_path_I/u_interp/add_54_C118_2_C140/Z_6' has no loads. (LINT-2)
Warning: In design 'ASIC_Top', net 'u_path_I/u_interp/net1755' driven by pin 'u_path_I/u_interp/add_54_C118_2_C140/Z_7' has no loads. (LINT-2)
Warning: In design 'ASIC_Top', net 'u_path_I/u_interp/net1754' driven by pin 'u_path_I/u_interp/add_54_C118_2_C140/Z_8' has no loads. (LINT-2)
Warning: In design 'ASIC_Top', net 'u_path_I/u_interp/net1753' driven by pin 'u_path_I/u_interp/add_54_C118_2_C140/Z_9' has no loads. (LINT-2)
Warning: In design 'ASIC_Top', net 'u_path_I/u_interp/net1752' driven by pin 'u_path_I/u_interp/add_54_C118_2_C140/Z_10' has no loads. (LINT-2)
Warning: In design 'ASIC_Top', net 'u_path_I/u_interp/net1751' driven by pin 'u_path_I/u_interp/add_54_C118_2_C140/Z_11' has no loads. (LINT-2)
Warning: In design 'ASIC_Top', net 'u_path_I/u_interp/net1750' driven by pin 'u_path_I/u_interp/add_54_C118_2_C140/Z_12' has no loads. (LINT-2)
Warning: In design 'ASIC_Top', net 'u_path_I/u_interp/net1749' driven by pin 'u_path_I/u_interp/add_54_C118_C140/Z_0' has no loads. (LINT-2)
Warning: In design 'ASIC_Top', net 'u_path_I/u_interp/net1748' driven by pin 'u_path_I/u_interp/add_54_C118_C140/Z_1' has no loads. (LINT-2)
Warning: In design 'ASIC_Top', net 'u_path_I/u_interp/net1747' driven by pin 'u_path_I/u_interp/add_54_C118_C140/Z_2' has no loads. (LINT-2)
Warning: In design 'ASIC_Top', net 'u_path_I/u_interp/net1746' driven by pin 'u_path_I/u_interp/add_54_C118_C140/Z_3' has no loads. (LINT-2)
Warning: In design 'ASIC_Top', net 'u_path_I/u_interp/net1745' driven by pin 'u_path_I/u_interp/add_54_C118_C140/Z_4' has no loads. (LINT-2)
Warning: In design 'ASIC_Top', net 'u_path_I/u_interp/net1744' driven by pin 'u_path_I/u_interp/add_54_C118_C140/Z_5' has no loads. (LINT-2)
Warning: In design 'ASIC_Top', net 'u_path_I/u_interp/net1743' driven by pin 'u_path_I/u_interp/add_54_C118_C140/Z_6' has no loads. (LINT-2)
Warning: In design 'ASIC_Top', net 'u_path_I/u_interp/net1742' driven by pin 'u_path_I/u_interp/add_54_C118_C140/Z_7' has no loads. (LINT-2)
Warning: In design 'ASIC_Top', net 'u_path_I/u_interp/net1741' driven by pin 'u_path_I/u_interp/add_54_C118_C140/Z_8' has no loads. (LINT-2)
Warning: In design 'ASIC_Top', net 'u_path_I/u_interp/net1740' driven by pin 'u_path_I/u_interp/add_54_C118_C140/Z_9' has no loads. (LINT-2)
Warning: In design 'ASIC_Top', net 'u_path_I/u_interp/net1739' driven by pin 'u_path_I/u_interp/add_54_C118_C140/Z_10' has no loads. (LINT-2)
Warning: In design 'ASIC_Top', net 'u_path_I/u_interp/net1738' driven by pin 'u_path_I/u_interp/add_54_C118_C140/Z_11' has no loads. (LINT-2)
Warning: In design 'ASIC_Top', net 'u_path_I/u_interp/net1737' driven by pin 'u_path_I/u_interp/add_54_C118_C140/Z_12' has no loads. (LINT-2)
Warning: In design 'ASIC_Top', net 'u_path_I/u_interp/net1736' driven by pin 'u_path_I/u_interp/add_54_C118_3_C141/Z_0' has no loads. (LINT-2)
Warning: In design 'ASIC_Top', net 'u_path_I/u_interp/net1735' driven by pin 'u_path_I/u_interp/add_54_C118_3_C141/Z_1' has no loads. (LINT-2)
Warning: In design 'ASIC_Top', net 'u_path_I/u_interp/net1734' driven by pin 'u_path_I/u_interp/add_54_C118_3_C141/Z_2' has no loads. (LINT-2)
Warning: In design 'ASIC_Top', net 'u_path_I/u_interp/net1733' driven by pin 'u_path_I/u_interp/add_54_C118_3_C141/Z_3' has no loads. (LINT-2)
Warning: In design 'ASIC_Top', net 'u_path_I/u_interp/net1732' driven by pin 'u_path_I/u_interp/add_54_C118_3_C141/Z_4' has no loads. (LINT-2)
Warning: In design 'ASIC_Top', net 'u_path_I/u_interp/net1731' driven by pin 'u_path_I/u_interp/add_54_C118_3_C141/Z_5' has no loads. (LINT-2)
Warning: In design 'ASIC_Top', net 'u_path_I/u_interp/net1730' driven by pin 'u_path_I/u_interp/add_54_C118_3_C141/Z_6' has no loads. (LINT-2)
Warning: In design 'ASIC_Top', net 'u_path_I/u_interp/net1729' driven by pin 'u_path_I/u_interp/add_54_C118_3_C141/Z_7' has no loads. (LINT-2)
Warning: In design 'ASIC_Top', net 'u_path_I/u_interp/net1728' driven by pin 'u_path_I/u_interp/add_54_C118_3_C141/Z_8' has no loads. (LINT-2)
Warning: In design 'ASIC_Top', net 'u_path_I/u_interp/net1727' driven by pin 'u_path_I/u_interp/add_54_C118_3_C141/Z_9' has no loads. (LINT-2)
Warning: In design 'ASIC_Top', net 'u_path_I/u_interp/net1726' driven by pin 'u_path_I/u_interp/add_54_C118_3_C141/Z_10' has no loads. (LINT-2)
Warning: In design 'ASIC_Top', net 'u_path_I/u_interp/net1725' driven by pin 'u_path_I/u_interp/add_54_C118_3_C141/Z_11' has no loads. (LINT-2)
Warning: In design 'ASIC_Top', net 'u_path_I/u_interp/net1724' driven by pin 'u_path_I/u_interp/add_54_C118_3_C141/Z_12' has no loads. (LINT-2)
Warning: In design 'ASIC_Top', net 'u_path_I/u_interp/net1723' driven by pin 'u_path_I/u_interp/add_54_C118_2_C141/Z_0' has no loads. (LINT-2)
Warning: In design 'ASIC_Top', net 'u_path_I/u_interp/net1722' driven by pin 'u_path_I/u_interp/add_54_C118_2_C141/Z_1' has no loads. (LINT-2)
Warning: In design 'ASIC_Top', net 'u_path_I/u_interp/net1721' driven by pin 'u_path_I/u_interp/add_54_C118_2_C141/Z_2' has no loads. (LINT-2)
Warning: In design 'ASIC_Top', net 'u_path_I/u_interp/net1720' driven by pin 'u_path_I/u_interp/add_54_C118_2_C141/Z_3' has no loads. (LINT-2)
Warning: In design 'ASIC_Top', net 'u_path_I/u_interp/net1719' driven by pin 'u_path_I/u_interp/add_54_C118_2_C141/Z_4' has no loads. (LINT-2)
Warning: In design 'ASIC_Top', net 'u_path_I/u_interp/net1718' driven by pin 'u_path_I/u_interp/add_54_C118_2_C141/Z_5' has no loads. (LINT-2)
Warning: In design 'ASIC_Top', net 'u_path_I/u_interp/net1717' driven by pin 'u_path_I/u_interp/add_54_C118_2_C141/Z_6' has no loads. (LINT-2)
Warning: In design 'ASIC_Top', net 'u_path_I/u_interp/net1716' driven by pin 'u_path_I/u_interp/add_54_C118_2_C141/Z_7' has no loads. (LINT-2)
Warning: In design 'ASIC_Top', net 'u_path_I/u_interp/net1715' driven by pin 'u_path_I/u_interp/add_54_C118_2_C141/Z_8' has no loads. (LINT-2)
Warning: In design 'ASIC_Top', net 'u_path_I/u_interp/net1714' driven by pin 'u_path_I/u_interp/add_54_C118_2_C141/Z_9' has no loads. (LINT-2)
Warning: In design 'ASIC_Top', net 'u_path_I/u_interp/net1713' driven by pin 'u_path_I/u_interp/add_54_C118_2_C141/Z_10' has no loads. (LINT-2)
Warning: In design 'ASIC_Top', net 'u_path_I/u_interp/net1712' driven by pin 'u_path_I/u_interp/add_54_C118_2_C141/Z_11' has no loads. (LINT-2)
Warning: In design 'ASIC_Top', net 'u_path_I/u_interp/net1711' driven by pin 'u_path_I/u_interp/add_54_C118_2_C141/Z_12' has no loads. (LINT-2)
Warning: In design 'ASIC_Top', net 'u_path_I/u_interp/net1710' driven by pin 'u_path_I/u_interp/add_54_C118_C141/Z_0' has no loads. (LINT-2)
Warning: In design 'ASIC_Top', net 'u_path_I/u_interp/net1709' driven by pin 'u_path_I/u_interp/add_54_C118_C141/Z_1' has no loads. (LINT-2)
Warning: In design 'ASIC_Top', net 'u_path_I/u_interp/net1708' driven by pin 'u_path_I/u_interp/add_54_C118_C141/Z_2' has no loads. (LINT-2)
Warning: In design 'ASIC_Top', net 'u_path_I/u_interp/net1707' driven by pin 'u_path_I/u_interp/add_54_C118_C141/Z_3' has no loads. (LINT-2)
Warning: In design 'ASIC_Top', net 'u_path_I/u_interp/net1706' driven by pin 'u_path_I/u_interp/add_54_C118_C141/Z_4' has no loads. (LINT-2)
Warning: In design 'ASIC_Top', net 'u_path_I/u_interp/net1705' driven by pin 'u_path_I/u_interp/add_54_C118_C141/Z_5' has no loads. (LINT-2)
Warning: In design 'ASIC_Top', net 'u_path_I/u_interp/net1704' driven by pin 'u_path_I/u_interp/add_54_C118_C141/Z_6' has no loads. (LINT-2)
Warning: In design 'ASIC_Top', net 'u_path_I/u_interp/net1703' driven by pin 'u_path_I/u_interp/add_54_C118_C141/Z_7' has no loads. (LINT-2)
Warning: In design 'ASIC_Top', net 'u_path_I/u_interp/net1702' driven by pin 'u_path_I/u_interp/add_54_C118_C141/Z_8' has no loads. (LINT-2)
Warning: In design 'ASIC_Top', net 'u_path_I/u_interp/net1701' driven by pin 'u_path_I/u_interp/add_54_C118_C141/Z_9' has no loads. (LINT-2)
Warning: In design 'ASIC_Top', net 'u_path_I/u_interp/net1700' driven by pin 'u_path_I/u_interp/add_54_C118_C141/Z_10' has no loads. (LINT-2)
Warning: In design 'ASIC_Top', net 'u_path_I/u_interp/net1699' driven by pin 'u_path_I/u_interp/add_54_C118_C141/Z_11' has no loads. (LINT-2)
Warning: In design 'ASIC_Top', net 'u_path_I/u_interp/net1698' driven by pin 'u_path_I/u_interp/add_54_C118_C141/Z_12' has no loads. (LINT-2)
Warning: In design 'ASIC_Top', net 'u_path_I/u_interp/net1697' driven by pin 'u_path_I/u_interp/add_54_C118_3_C142/Z_0' has no loads. (LINT-2)
Warning: In design 'ASIC_Top', net 'u_path_I/u_interp/net1696' driven by pin 'u_path_I/u_interp/add_54_C118_3_C142/Z_1' has no loads. (LINT-2)
Warning: In design 'ASIC_Top', net 'u_path_I/u_interp/net1695' driven by pin 'u_path_I/u_interp/add_54_C118_3_C142/Z_2' has no loads. (LINT-2)
Warning: In design 'ASIC_Top', net 'u_path_I/u_interp/net1694' driven by pin 'u_path_I/u_interp/add_54_C118_3_C142/Z_3' has no loads. (LINT-2)
Warning: In design 'ASIC_Top', net 'u_path_I/u_interp/net1693' driven by pin 'u_path_I/u_interp/add_54_C118_3_C142/Z_4' has no loads. (LINT-2)
Warning: In design 'ASIC_Top', net 'u_path_I/u_interp/net1692' driven by pin 'u_path_I/u_interp/add_54_C118_3_C142/Z_5' has no loads. (LINT-2)
Warning: In design 'ASIC_Top', net 'u_path_I/u_interp/net1691' driven by pin 'u_path_I/u_interp/add_54_C118_3_C142/Z_6' has no loads. (LINT-2)
Warning: In design 'ASIC_Top', net 'u_path_I/u_interp/net1690' driven by pin 'u_path_I/u_interp/add_54_C118_3_C142/Z_7' has no loads. (LINT-2)
Warning: In design 'ASIC_Top', net 'u_path_I/u_interp/net1689' driven by pin 'u_path_I/u_interp/add_54_C118_3_C142/Z_8' has no loads. (LINT-2)
Warning: In design 'ASIC_Top', net 'u_path_I/u_interp/net1688' driven by pin 'u_path_I/u_interp/add_54_C118_3_C142/Z_9' has no loads. (LINT-2)
Warning: In design 'ASIC_Top', net 'u_path_I/u_interp/net1687' driven by pin 'u_path_I/u_interp/add_54_C118_3_C142/Z_10' has no loads. (LINT-2)
Warning: In design 'ASIC_Top', net 'u_path_I/u_interp/net1686' driven by pin 'u_path_I/u_interp/add_54_C118_3_C142/Z_11' has no loads. (LINT-2)
Warning: In design 'ASIC_Top', net 'u_path_I/u_interp/net1685' driven by pin 'u_path_I/u_interp/add_54_C118_3_C142/Z_12' has no loads. (LINT-2)
Warning: In design 'ASIC_Top', net 'u_path_I/u_interp/net1684' driven by pin 'u_path_I/u_interp/add_54_C118_2_C142/Z_0' has no loads. (LINT-2)
Warning: In design 'ASIC_Top', net 'u_path_I/u_interp/net1683' driven by pin 'u_path_I/u_interp/add_54_C118_2_C142/Z_1' has no loads. (LINT-2)
Warning: In design 'ASIC_Top', net 'u_path_I/u_interp/net1682' driven by pin 'u_path_I/u_interp/add_54_C118_2_C142/Z_2' has no loads. (LINT-2)
Warning: In design 'ASIC_Top', net 'u_path_I/u_interp/net1681' driven by pin 'u_path_I/u_interp/add_54_C118_2_C142/Z_3' has no loads. (LINT-2)
Warning: In design 'ASIC_Top', net 'u_path_I/u_interp/net1680' driven by pin 'u_path_I/u_interp/add_54_C118_2_C142/Z_4' has no loads. (LINT-2)
Warning: In design 'ASIC_Top', net 'u_path_I/u_interp/net1679' driven by pin 'u_path_I/u_interp/add_54_C118_2_C142/Z_5' has no loads. (LINT-2)
Warning: In design 'ASIC_Top', net 'u_path_I/u_interp/net1678' driven by pin 'u_path_I/u_interp/add_54_C118_2_C142/Z_6' has no loads. (LINT-2)
Warning: In design 'ASIC_Top', net 'u_path_I/u_interp/net1677' driven by pin 'u_path_I/u_interp/add_54_C118_2_C142/Z_7' has no loads. (LINT-2)
Warning: In design 'ASIC_Top', net 'u_path_I/u_interp/net1676' driven by pin 'u_path_I/u_interp/add_54_C118_2_C142/Z_8' has no loads. (LINT-2)
Warning: In design 'ASIC_Top', net 'u_path_I/u_interp/net1675' driven by pin 'u_path_I/u_interp/add_54_C118_2_C142/Z_9' has no loads. (LINT-2)
Warning: In design 'ASIC_Top', net 'u_path_I/u_interp/net1674' driven by pin 'u_path_I/u_interp/add_54_C118_2_C142/Z_10' has no loads. (LINT-2)
Warning: In design 'ASIC_Top', net 'u_path_I/u_interp/net1673' driven by pin 'u_path_I/u_interp/add_54_C118_2_C142/Z_11' has no loads. (LINT-2)
Warning: In design 'ASIC_Top', net 'u_path_I/u_interp/net1672' driven by pin 'u_path_I/u_interp/add_54_C118_2_C142/Z_12' has no loads. (LINT-2)
Warning: In design 'ASIC_Top', net 'u_path_I/u_interp/net1671' driven by pin 'u_path_I/u_interp/add_54_C118_C142/Z_0' has no loads. (LINT-2)
Warning: In design 'ASIC_Top', net 'u_path_I/u_interp/net1670' driven by pin 'u_path_I/u_interp/add_54_C118_C142/Z_1' has no loads. (LINT-2)
Warning: In design 'ASIC_Top', net 'u_path_I/u_interp/net1669' driven by pin 'u_path_I/u_interp/add_54_C118_C142/Z_2' has no loads. (LINT-2)
Warning: In design 'ASIC_Top', net 'u_path_I/u_interp/net1668' driven by pin 'u_path_I/u_interp/add_54_C118_C142/Z_3' has no loads. (LINT-2)
Warning: In design 'ASIC_Top', net 'u_path_I/u_interp/net1667' driven by pin 'u_path_I/u_interp/add_54_C118_C142/Z_4' has no loads. (LINT-2)
Warning: In design 'ASIC_Top', net 'u_path_I/u_interp/net1666' driven by pin 'u_path_I/u_interp/add_54_C118_C142/Z_5' has no loads. (LINT-2)
Warning: In design 'ASIC_Top', net 'u_path_I/u_interp/net1665' driven by pin 'u_path_I/u_interp/add_54_C118_C142/Z_6' has no loads. (LINT-2)
Warning: In design 'ASIC_Top', net 'u_path_I/u_interp/net1664' driven by pin 'u_path_I/u_interp/add_54_C118_C142/Z_7' has no loads. (LINT-2)
Warning: In design 'ASIC_Top', net 'u_path_I/u_interp/net1663' driven by pin 'u_path_I/u_interp/add_54_C118_C142/Z_8' has no loads. (LINT-2)
Warning: In design 'ASIC_Top', net 'u_path_I/u_interp/net1662' driven by pin 'u_path_I/u_interp/add_54_C118_C142/Z_9' has no loads. (LINT-2)
Warning: In design 'ASIC_Top', net 'u_path_I/u_interp/net1661' driven by pin 'u_path_I/u_interp/add_54_C118_C142/Z_10' has no loads. (LINT-2)
Warning: In design 'ASIC_Top', net 'u_path_I/u_interp/net1660' driven by pin 'u_path_I/u_interp/add_54_C118_C142/Z_11' has no loads. (LINT-2)
Warning: In design 'ASIC_Top', net 'u_path_I/u_interp/net1659' driven by pin 'u_path_I/u_interp/add_54_C118_C142/Z_12' has no loads. (LINT-2)
Warning: In design 'ASIC_Top', net 'u_path_I/u_interp/net1658' driven by pin 'u_path_I/u_interp/add_54_C118_4_C139/Z_0' has no loads. (LINT-2)
Warning: In design 'ASIC_Top', net 'u_path_I/u_interp/net1657' driven by pin 'u_path_I/u_interp/add_54_C118_4_C139/Z_1' has no loads. (LINT-2)
Warning: In design 'ASIC_Top', net 'u_path_I/u_interp/net1656' driven by pin 'u_path_I/u_interp/add_54_C118_4_C139/Z_2' has no loads. (LINT-2)
Warning: In design 'ASIC_Top', net 'u_path_I/u_interp/net1655' driven by pin 'u_path_I/u_interp/add_54_C118_4_C139/Z_3' has no loads. (LINT-2)
Warning: In design 'ASIC_Top', net 'u_path_I/u_interp/net1654' driven by pin 'u_path_I/u_interp/add_54_C118_4_C139/Z_4' has no loads. (LINT-2)
Warning: In design 'ASIC_Top', net 'u_path_I/u_interp/net1653' driven by pin 'u_path_I/u_interp/add_54_C118_4_C139/Z_5' has no loads. (LINT-2)
Warning: In design 'ASIC_Top', net 'u_path_I/u_interp/net1652' driven by pin 'u_path_I/u_interp/add_54_C118_4_C139/Z_6' has no loads. (LINT-2)
Warning: In design 'ASIC_Top', net 'u_path_I/u_interp/net1651' driven by pin 'u_path_I/u_interp/add_54_C118_4_C139/Z_7' has no loads. (LINT-2)
Warning: In design 'ASIC_Top', net 'u_path_I/u_interp/net1650' driven by pin 'u_path_I/u_interp/add_54_C118_4_C139/Z_8' has no loads. (LINT-2)
Warning: In design 'ASIC_Top', net 'u_path_I/u_interp/net1649' driven by pin 'u_path_I/u_interp/add_54_C118_4_C139/Z_9' has no loads. (LINT-2)
Warning: In design 'ASIC_Top', net 'u_path_I/u_interp/net1648' driven by pin 'u_path_I/u_interp/add_54_C118_4_C139/Z_10' has no loads. (LINT-2)
Warning: In design 'ASIC_Top', net 'u_path_I/u_interp/net1647' driven by pin 'u_path_I/u_interp/add_54_C118_4_C139/Z_11' has no loads. (LINT-2)
Warning: In design 'ASIC_Top', net 'u_path_I/u_interp/net1646' driven by pin 'u_path_I/u_interp/add_54_C118_4_C139/Z_12' has no loads. (LINT-2)
Warning: In design 'ASIC_Top', net 'u_path_I/u_interp/net1645' driven by pin 'u_path_I/u_interp/add_54_C118_4_C140/Z_0' has no loads. (LINT-2)
Warning: In design 'ASIC_Top', net 'u_path_I/u_interp/net1644' driven by pin 'u_path_I/u_interp/add_54_C118_4_C140/Z_1' has no loads. (LINT-2)
Warning: In design 'ASIC_Top', net 'u_path_I/u_interp/net1643' driven by pin 'u_path_I/u_interp/add_54_C118_4_C140/Z_2' has no loads. (LINT-2)
Warning: In design 'ASIC_Top', net 'u_path_I/u_interp/net1642' driven by pin 'u_path_I/u_interp/add_54_C118_4_C140/Z_3' has no loads. (LINT-2)
Warning: In design 'ASIC_Top', net 'u_path_I/u_interp/net1641' driven by pin 'u_path_I/u_interp/add_54_C118_4_C140/Z_4' has no loads. (LINT-2)
Warning: In design 'ASIC_Top', net 'u_path_I/u_interp/net1640' driven by pin 'u_path_I/u_interp/add_54_C118_4_C140/Z_5' has no loads. (LINT-2)
Warning: In design 'ASIC_Top', net 'u_path_I/u_interp/net1639' driven by pin 'u_path_I/u_interp/add_54_C118_4_C140/Z_6' has no loads. (LINT-2)
Warning: In design 'ASIC_Top', net 'u_path_I/u_interp/net1638' driven by pin 'u_path_I/u_interp/add_54_C118_4_C140/Z_7' has no loads. (LINT-2)
Warning: In design 'ASIC_Top', net 'u_path_I/u_interp/net1637' driven by pin 'u_path_I/u_interp/add_54_C118_4_C140/Z_8' has no loads. (LINT-2)
Warning: In design 'ASIC_Top', net 'u_path_I/u_interp/net1636' driven by pin 'u_path_I/u_interp/add_54_C118_4_C140/Z_9' has no loads. (LINT-2)
Warning: In design 'ASIC_Top', net 'u_path_I/u_interp/net1635' driven by pin 'u_path_I/u_interp/add_54_C118_4_C140/Z_10' has no loads. (LINT-2)
Warning: In design 'ASIC_Top', net 'u_path_I/u_interp/net1634' driven by pin 'u_path_I/u_interp/add_54_C118_4_C140/Z_11' has no loads. (LINT-2)
Warning: In design 'ASIC_Top', net 'u_path_I/u_interp/net1633' driven by pin 'u_path_I/u_interp/add_54_C118_4_C140/Z_12' has no loads. (LINT-2)
Warning: In design 'ASIC_Top', net 'u_path_I/u_interp/net1632' driven by pin 'u_path_I/u_interp/add_54_C118_4_C141/Z_0' has no loads. (LINT-2)
Warning: In design 'ASIC_Top', net 'u_path_I/u_interp/net1631' driven by pin 'u_path_I/u_interp/add_54_C118_4_C141/Z_1' has no loads. (LINT-2)
Warning: In design 'ASIC_Top', net 'u_path_I/u_interp/net1630' driven by pin 'u_path_I/u_interp/add_54_C118_4_C141/Z_2' has no loads. (LINT-2)
Warning: In design 'ASIC_Top', net 'u_path_I/u_interp/net1629' driven by pin 'u_path_I/u_interp/add_54_C118_4_C141/Z_3' has no loads. (LINT-2)
Warning: In design 'ASIC_Top', net 'u_path_I/u_interp/net1628' driven by pin 'u_path_I/u_interp/add_54_C118_4_C141/Z_4' has no loads. (LINT-2)
Warning: In design 'ASIC_Top', net 'u_path_I/u_interp/net1627' driven by pin 'u_path_I/u_interp/add_54_C118_4_C141/Z_5' has no loads. (LINT-2)
Warning: In design 'ASIC_Top', net 'u_path_I/u_interp/net1626' driven by pin 'u_path_I/u_interp/add_54_C118_4_C141/Z_6' has no loads. (LINT-2)
Warning: In design 'ASIC_Top', net 'u_path_I/u_interp/net1625' driven by pin 'u_path_I/u_interp/add_54_C118_4_C141/Z_7' has no loads. (LINT-2)
Warning: In design 'ASIC_Top', net 'u_path_I/u_interp/net1624' driven by pin 'u_path_I/u_interp/add_54_C118_4_C141/Z_8' has no loads. (LINT-2)
Warning: In design 'ASIC_Top', net 'u_path_I/u_interp/net1623' driven by pin 'u_path_I/u_interp/add_54_C118_4_C141/Z_9' has no loads. (LINT-2)
Warning: In design 'ASIC_Top', net 'u_path_I/u_interp/net1622' driven by pin 'u_path_I/u_interp/add_54_C118_4_C141/Z_10' has no loads. (LINT-2)
Warning: In design 'ASIC_Top', net 'u_path_I/u_interp/net1621' driven by pin 'u_path_I/u_interp/add_54_C118_4_C141/Z_11' has no loads. (LINT-2)
Warning: In design 'ASIC_Top', net 'u_path_I/u_interp/net1620' driven by pin 'u_path_I/u_interp/add_54_C118_4_C141/Z_12' has no loads. (LINT-2)
Warning: In design 'ASIC_Top', net 'u_path_I/u_interp/net1619' driven by pin 'u_path_I/u_interp/add_54_C118_4_C142/Z_0' has no loads. (LINT-2)
Warning: In design 'ASIC_Top', net 'u_path_I/u_interp/net1618' driven by pin 'u_path_I/u_interp/add_54_C118_4_C142/Z_1' has no loads. (LINT-2)
Warning: In design 'ASIC_Top', net 'u_path_I/u_interp/net1617' driven by pin 'u_path_I/u_interp/add_54_C118_4_C142/Z_2' has no loads. (LINT-2)
Warning: In design 'ASIC_Top', net 'u_path_I/u_interp/net1616' driven by pin 'u_path_I/u_interp/add_54_C118_4_C142/Z_3' has no loads. (LINT-2)
Warning: In design 'ASIC_Top', net 'u_path_I/u_interp/net1615' driven by pin 'u_path_I/u_interp/add_54_C118_4_C142/Z_4' has no loads. (LINT-2)
Warning: In design 'ASIC_Top', net 'u_path_I/u_interp/net1614' driven by pin 'u_path_I/u_interp/add_54_C118_4_C142/Z_5' has no loads. (LINT-2)
Warning: In design 'ASIC_Top', net 'u_path_I/u_interp/net1613' driven by pin 'u_path_I/u_interp/add_54_C118_4_C142/Z_6' has no loads. (LINT-2)
Warning: In design 'ASIC_Top', net 'u_path_I/u_interp/net1612' driven by pin 'u_path_I/u_interp/add_54_C118_4_C142/Z_7' has no loads. (LINT-2)
Warning: In design 'ASIC_Top', net 'u_path_I/u_interp/net1611' driven by pin 'u_path_I/u_interp/add_54_C118_4_C142/Z_8' has no loads. (LINT-2)
Warning: In design 'ASIC_Top', net 'u_path_I/u_interp/net1610' driven by pin 'u_path_I/u_interp/add_54_C118_4_C142/Z_9' has no loads. (LINT-2)
Warning: In design 'ASIC_Top', net 'u_path_I/u_interp/net1609' driven by pin 'u_path_I/u_interp/add_54_C118_4_C142/Z_10' has no loads. (LINT-2)
Warning: In design 'ASIC_Top', net 'u_path_I/u_interp/net1608' driven by pin 'u_path_I/u_interp/add_54_C118_4_C142/Z_11' has no loads. (LINT-2)
Warning: In design 'ASIC_Top', net 'u_path_I/u_interp/net1607' driven by pin 'u_path_I/u_interp/add_54_C118_4_C142/Z_12' has no loads. (LINT-2)
Warning: In design 'ASIC_Top', net 'u_path_I/u_interp/net1606' driven by pin 'u_path_I/u_interp/add_54_C76_C108_C139/Z_0' has no loads. (LINT-2)
Warning: In design 'ASIC_Top', net 'u_path_I/u_interp/net1605' driven by pin 'u_path_I/u_interp/add_54_C76_C108_C139/Z_1' has no loads. (LINT-2)
Warning: In design 'ASIC_Top', net 'u_path_I/u_interp/net1604' driven by pin 'u_path_I/u_interp/add_54_C76_C108_C139/Z_2' has no loads. (LINT-2)
Warning: In design 'ASIC_Top', net 'u_path_I/u_interp/net1603' driven by pin 'u_path_I/u_interp/add_54_C76_C108_C139/Z_3' has no loads. (LINT-2)
Warning: In design 'ASIC_Top', net 'u_path_I/u_interp/net1602' driven by pin 'u_path_I/u_interp/add_54_C76_C108_C139/Z_4' has no loads. (LINT-2)
Warning: In design 'ASIC_Top', net 'u_path_I/u_interp/net1601' driven by pin 'u_path_I/u_interp/add_54_C76_C108_C139/Z_5' has no loads. (LINT-2)
Warning: In design 'ASIC_Top', net 'u_path_I/u_interp/net1600' driven by pin 'u_path_I/u_interp/add_54_C76_C108_C139/Z_6' has no loads. (LINT-2)
Warning: In design 'ASIC_Top', net 'u_path_I/u_interp/net1599' driven by pin 'u_path_I/u_interp/add_54_C76_C108_C139/Z_7' has no loads. (LINT-2)
Warning: In design 'ASIC_Top', net 'u_path_I/u_interp/net1598' driven by pin 'u_path_I/u_interp/add_54_C76_C108_C139/Z_8' has no loads. (LINT-2)
Warning: In design 'ASIC_Top', net 'u_path_I/u_interp/net1597' driven by pin 'u_path_I/u_interp/add_54_C76_C108_C139/Z_9' has no loads. (LINT-2)
Warning: In design 'ASIC_Top', net 'u_path_I/u_interp/net1596' driven by pin 'u_path_I/u_interp/add_54_C76_C108_C139/Z_10' has no loads. (LINT-2)
Warning: In design 'ASIC_Top', net 'u_path_I/u_interp/net1595' driven by pin 'u_path_I/u_interp/add_54_C76_C108_C139/Z_11' has no loads. (LINT-2)
Warning: In design 'ASIC_Top', net 'u_path_I/u_interp/net1594' driven by pin 'u_path_I/u_interp/add_54_C76_C108_C139/Z_12' has no loads. (LINT-2)
Warning: In design 'ASIC_Top', net 'u_path_I/u_interp/net1593' driven by pin 'u_path_I/u_interp/add_54_C76_C106_C139/Z_0' has no loads. (LINT-2)
Warning: In design 'ASIC_Top', net 'u_path_I/u_interp/net1592' driven by pin 'u_path_I/u_interp/add_54_C76_C106_C139/Z_1' has no loads. (LINT-2)
Warning: In design 'ASIC_Top', net 'u_path_I/u_interp/net1591' driven by pin 'u_path_I/u_interp/add_54_C76_C106_C139/Z_2' has no loads. (LINT-2)
Warning: In design 'ASIC_Top', net 'u_path_I/u_interp/net1590' driven by pin 'u_path_I/u_interp/add_54_C76_C106_C139/Z_3' has no loads. (LINT-2)
Warning: In design 'ASIC_Top', net 'u_path_I/u_interp/net1589' driven by pin 'u_path_I/u_interp/add_54_C76_C106_C139/Z_4' has no loads. (LINT-2)
Warning: In design 'ASIC_Top', net 'u_path_I/u_interp/net1588' driven by pin 'u_path_I/u_interp/add_54_C76_C106_C139/Z_5' has no loads. (LINT-2)
Warning: In design 'ASIC_Top', net 'u_path_I/u_interp/net1587' driven by pin 'u_path_I/u_interp/add_54_C76_C106_C139/Z_6' has no loads. (LINT-2)
Warning: In design 'ASIC_Top', net 'u_path_I/u_interp/net1586' driven by pin 'u_path_I/u_interp/add_54_C76_C106_C139/Z_7' has no loads. (LINT-2)
Warning: In design 'ASIC_Top', net 'u_path_I/u_interp/net1585' driven by pin 'u_path_I/u_interp/add_54_C76_C106_C139/Z_8' has no loads. (LINT-2)
Warning: In design 'ASIC_Top', net 'u_path_I/u_interp/net1584' driven by pin 'u_path_I/u_interp/add_54_C76_C106_C139/Z_9' has no loads. (LINT-2)
Warning: In design 'ASIC_Top', net 'u_path_I/u_interp/net1583' driven by pin 'u_path_I/u_interp/add_54_C76_C106_C139/Z_10' has no loads. (LINT-2)
Warning: In design 'ASIC_Top', net 'u_path_I/u_interp/net1582' driven by pin 'u_path_I/u_interp/add_54_C76_C106_C139/Z_11' has no loads. (LINT-2)
Warning: In design 'ASIC_Top', net 'u_path_I/u_interp/net1581' driven by pin 'u_path_I/u_interp/add_54_C76_C106_C139/Z_12' has no loads. (LINT-2)
Warning: In design 'ASIC_Top', net 'u_path_I/u_interp/net1580' driven by pin 'u_path_I/u_interp/add_54_C76_C108_C140/Z_0' has no loads. (LINT-2)
Warning: In design 'ASIC_Top', net 'u_path_I/u_interp/net1579' driven by pin 'u_path_I/u_interp/add_54_C76_C108_C140/Z_1' has no loads. (LINT-2)
Warning: In design 'ASIC_Top', net 'u_path_I/u_interp/net1578' driven by pin 'u_path_I/u_interp/add_54_C76_C108_C140/Z_2' has no loads. (LINT-2)
Warning: In design 'ASIC_Top', net 'u_path_I/u_interp/net1577' driven by pin 'u_path_I/u_interp/add_54_C76_C108_C140/Z_3' has no loads. (LINT-2)
Warning: In design 'ASIC_Top', net 'u_path_I/u_interp/net1576' driven by pin 'u_path_I/u_interp/add_54_C76_C108_C140/Z_4' has no loads. (LINT-2)
Warning: In design 'ASIC_Top', net 'u_path_I/u_interp/net1575' driven by pin 'u_path_I/u_interp/add_54_C76_C108_C140/Z_5' has no loads. (LINT-2)
Warning: In design 'ASIC_Top', net 'u_path_I/u_interp/net1574' driven by pin 'u_path_I/u_interp/add_54_C76_C108_C140/Z_6' has no loads. (LINT-2)
Warning: In design 'ASIC_Top', net 'u_path_I/u_interp/net1573' driven by pin 'u_path_I/u_interp/add_54_C76_C108_C140/Z_7' has no loads. (LINT-2)
Warning: In design 'ASIC_Top', net 'u_path_I/u_interp/net1572' driven by pin 'u_path_I/u_interp/add_54_C76_C108_C140/Z_8' has no loads. (LINT-2)
Warning: In design 'ASIC_Top', net 'u_path_I/u_interp/net1571' driven by pin 'u_path_I/u_interp/add_54_C76_C108_C140/Z_9' has no loads. (LINT-2)
Warning: In design 'ASIC_Top', net 'u_path_I/u_interp/net1570' driven by pin 'u_path_I/u_interp/add_54_C76_C108_C140/Z_10' has no loads. (LINT-2)
Warning: In design 'ASIC_Top', net 'u_path_I/u_interp/net1569' driven by pin 'u_path_I/u_interp/add_54_C76_C108_C140/Z_11' has no loads. (LINT-2)
Warning: In design 'ASIC_Top', net 'u_path_I/u_interp/net1568' driven by pin 'u_path_I/u_interp/add_54_C76_C108_C140/Z_12' has no loads. (LINT-2)
Warning: In design 'ASIC_Top', net 'u_path_I/u_interp/net1567' driven by pin 'u_path_I/u_interp/add_54_C76_C106_C140/Z_0' has no loads. (LINT-2)
Warning: In design 'ASIC_Top', net 'u_path_I/u_interp/net1566' driven by pin 'u_path_I/u_interp/add_54_C76_C106_C140/Z_1' has no loads. (LINT-2)
Warning: In design 'ASIC_Top', net 'u_path_I/u_interp/net1565' driven by pin 'u_path_I/u_interp/add_54_C76_C106_C140/Z_2' has no loads. (LINT-2)
Warning: In design 'ASIC_Top', net 'u_path_I/u_interp/net1564' driven by pin 'u_path_I/u_interp/add_54_C76_C106_C140/Z_3' has no loads. (LINT-2)
Warning: In design 'ASIC_Top', net 'u_path_I/u_interp/net1563' driven by pin 'u_path_I/u_interp/add_54_C76_C106_C140/Z_4' has no loads. (LINT-2)
Warning: In design 'ASIC_Top', net 'u_path_I/u_interp/net1562' driven by pin 'u_path_I/u_interp/add_54_C76_C106_C140/Z_5' has no loads. (LINT-2)
Warning: In design 'ASIC_Top', net 'u_path_I/u_interp/net1561' driven by pin 'u_path_I/u_interp/add_54_C76_C106_C140/Z_6' has no loads. (LINT-2)
Warning: In design 'ASIC_Top', net 'u_path_I/u_interp/net1560' driven by pin 'u_path_I/u_interp/add_54_C76_C106_C140/Z_7' has no loads. (LINT-2)
Warning: In design 'ASIC_Top', net 'u_path_I/u_interp/net1559' driven by pin 'u_path_I/u_interp/add_54_C76_C106_C140/Z_8' has no loads. (LINT-2)
Warning: In design 'ASIC_Top', net 'u_path_I/u_interp/net1558' driven by pin 'u_path_I/u_interp/add_54_C76_C106_C140/Z_9' has no loads. (LINT-2)
Warning: In design 'ASIC_Top', net 'u_path_I/u_interp/net1557' driven by pin 'u_path_I/u_interp/add_54_C76_C106_C140/Z_10' has no loads. (LINT-2)
Warning: In design 'ASIC_Top', net 'u_path_I/u_interp/net1556' driven by pin 'u_path_I/u_interp/add_54_C76_C106_C140/Z_11' has no loads. (LINT-2)
Warning: In design 'ASIC_Top', net 'u_path_I/u_interp/net1555' driven by pin 'u_path_I/u_interp/add_54_C76_C106_C140/Z_12' has no loads. (LINT-2)
Warning: In design 'ASIC_Top', net 'u_path_I/u_interp/net1554' driven by pin 'u_path_I/u_interp/add_54_C76_C108_C141/Z_0' has no loads. (LINT-2)
Warning: In design 'ASIC_Top', net 'u_path_I/u_interp/net1553' driven by pin 'u_path_I/u_interp/add_54_C76_C108_C141/Z_1' has no loads. (LINT-2)
Warning: In design 'ASIC_Top', net 'u_path_I/u_interp/net1552' driven by pin 'u_path_I/u_interp/add_54_C76_C108_C141/Z_2' has no loads. (LINT-2)
Warning: In design 'ASIC_Top', net 'u_path_I/u_interp/net1551' driven by pin 'u_path_I/u_interp/add_54_C76_C108_C141/Z_3' has no loads. (LINT-2)
Warning: In design 'ASIC_Top', net 'u_path_I/u_interp/net1550' driven by pin 'u_path_I/u_interp/add_54_C76_C108_C141/Z_4' has no loads. (LINT-2)
Warning: In design 'ASIC_Top', net 'u_path_I/u_interp/net1549' driven by pin 'u_path_I/u_interp/add_54_C76_C108_C141/Z_5' has no loads. (LINT-2)
Warning: In design 'ASIC_Top', net 'u_path_I/u_interp/net1548' driven by pin 'u_path_I/u_interp/add_54_C76_C108_C141/Z_6' has no loads. (LINT-2)
Warning: In design 'ASIC_Top', net 'u_path_I/u_interp/net1547' driven by pin 'u_path_I/u_interp/add_54_C76_C108_C141/Z_7' has no loads. (LINT-2)
Warning: In design 'ASIC_Top', net 'u_path_I/u_interp/net1546' driven by pin 'u_path_I/u_interp/add_54_C76_C108_C141/Z_8' has no loads. (LINT-2)
Warning: In design 'ASIC_Top', net 'u_path_I/u_interp/net1545' driven by pin 'u_path_I/u_interp/add_54_C76_C108_C141/Z_9' has no loads. (LINT-2)
Warning: In design 'ASIC_Top', net 'u_path_I/u_interp/net1544' driven by pin 'u_path_I/u_interp/add_54_C76_C108_C141/Z_10' has no loads. (LINT-2)
Warning: In design 'ASIC_Top', net 'u_path_I/u_interp/net1543' driven by pin 'u_path_I/u_interp/add_54_C76_C108_C141/Z_11' has no loads. (LINT-2)
Warning: In design 'ASIC_Top', net 'u_path_I/u_interp/net1542' driven by pin 'u_path_I/u_interp/add_54_C76_C108_C141/Z_12' has no loads. (LINT-2)
Warning: In design 'ASIC_Top', net 'u_path_I/u_interp/net1541' driven by pin 'u_path_I/u_interp/add_54_C76_C106_C141/Z_0' has no loads. (LINT-2)
Warning: In design 'ASIC_Top', net 'u_path_I/u_interp/net1540' driven by pin 'u_path_I/u_interp/add_54_C76_C106_C141/Z_1' has no loads. (LINT-2)
Warning: In design 'ASIC_Top', net 'u_path_I/u_interp/net1539' driven by pin 'u_path_I/u_interp/add_54_C76_C106_C141/Z_2' has no loads. (LINT-2)
Warning: In design 'ASIC_Top', net 'u_path_I/u_interp/net1538' driven by pin 'u_path_I/u_interp/add_54_C76_C106_C141/Z_3' has no loads. (LINT-2)
Warning: In design 'ASIC_Top', net 'u_path_I/u_interp/net1537' driven by pin 'u_path_I/u_interp/add_54_C76_C106_C141/Z_4' has no loads. (LINT-2)
Warning: In design 'ASIC_Top', net 'u_path_I/u_interp/net1536' driven by pin 'u_path_I/u_interp/add_54_C76_C106_C141/Z_5' has no loads. (LINT-2)
Warning: In design 'ASIC_Top', net 'u_path_I/u_interp/net1535' driven by pin 'u_path_I/u_interp/add_54_C76_C106_C141/Z_6' has no loads. (LINT-2)
Warning: In design 'ASIC_Top', net 'u_path_I/u_interp/net1534' driven by pin 'u_path_I/u_interp/add_54_C76_C106_C141/Z_7' has no loads. (LINT-2)
Warning: In design 'ASIC_Top', net 'u_path_I/u_interp/net1533' driven by pin 'u_path_I/u_interp/add_54_C76_C106_C141/Z_8' has no loads. (LINT-2)
Warning: In design 'ASIC_Top', net 'u_path_I/u_interp/net1532' driven by pin 'u_path_I/u_interp/add_54_C76_C106_C141/Z_9' has no loads. (LINT-2)
Warning: In design 'ASIC_Top', net 'u_path_I/u_interp/net1531' driven by pin 'u_path_I/u_interp/add_54_C76_C106_C141/Z_10' has no loads. (LINT-2)
Warning: In design 'ASIC_Top', net 'u_path_I/u_interp/net1530' driven by pin 'u_path_I/u_interp/add_54_C76_C106_C141/Z_11' has no loads. (LINT-2)
Warning: In design 'ASIC_Top', net 'u_path_I/u_interp/net1529' driven by pin 'u_path_I/u_interp/add_54_C76_C106_C141/Z_12' has no loads. (LINT-2)
Warning: In design 'ASIC_Top', net 'u_path_I/u_interp/net1528' driven by pin 'u_path_I/u_interp/add_54_C76_C108_C142/Z_0' has no loads. (LINT-2)
Warning: In design 'ASIC_Top', net 'u_path_I/u_interp/net1527' driven by pin 'u_path_I/u_interp/add_54_C76_C108_C142/Z_1' has no loads. (LINT-2)
Warning: In design 'ASIC_Top', net 'u_path_I/u_interp/net1526' driven by pin 'u_path_I/u_interp/add_54_C76_C108_C142/Z_2' has no loads. (LINT-2)
Warning: In design 'ASIC_Top', net 'u_path_I/u_interp/net1525' driven by pin 'u_path_I/u_interp/add_54_C76_C108_C142/Z_3' has no loads. (LINT-2)
Warning: In design 'ASIC_Top', net 'u_path_I/u_interp/net1524' driven by pin 'u_path_I/u_interp/add_54_C76_C108_C142/Z_4' has no loads. (LINT-2)
Warning: In design 'ASIC_Top', net 'u_path_I/u_interp/net1523' driven by pin 'u_path_I/u_interp/add_54_C76_C108_C142/Z_5' has no loads. (LINT-2)
Warning: In design 'ASIC_Top', net 'u_path_I/u_interp/net1522' driven by pin 'u_path_I/u_interp/add_54_C76_C108_C142/Z_6' has no loads. (LINT-2)
Warning: In design 'ASIC_Top', net 'u_path_I/u_interp/net1521' driven by pin 'u_path_I/u_interp/add_54_C76_C108_C142/Z_7' has no loads. (LINT-2)
Warning: In design 'ASIC_Top', net 'u_path_I/u_interp/net1520' driven by pin 'u_path_I/u_interp/add_54_C76_C108_C142/Z_8' has no loads. (LINT-2)
Warning: In design 'ASIC_Top', net 'u_path_I/u_interp/net1519' driven by pin 'u_path_I/u_interp/add_54_C76_C108_C142/Z_9' has no loads. (LINT-2)
Warning: In design 'ASIC_Top', net 'u_path_I/u_interp/net1518' driven by pin 'u_path_I/u_interp/add_54_C76_C108_C142/Z_10' has no loads. (LINT-2)
Warning: In design 'ASIC_Top', net 'u_path_I/u_interp/net1517' driven by pin 'u_path_I/u_interp/add_54_C76_C108_C142/Z_11' has no loads. (LINT-2)
Warning: In design 'ASIC_Top', net 'u_path_I/u_interp/net1516' driven by pin 'u_path_I/u_interp/add_54_C76_C108_C142/Z_12' has no loads. (LINT-2)
Warning: In design 'ASIC_Top', net 'u_path_I/u_interp/net1515' driven by pin 'u_path_I/u_interp/add_54_C76_C106_C142/Z_0' has no loads. (LINT-2)
Warning: In design 'ASIC_Top', net 'u_path_I/u_interp/net1514' driven by pin 'u_path_I/u_interp/add_54_C76_C106_C142/Z_1' has no loads. (LINT-2)
Warning: In design 'ASIC_Top', net 'u_path_I/u_interp/net1513' driven by pin 'u_path_I/u_interp/add_54_C76_C106_C142/Z_2' has no loads. (LINT-2)
Warning: In design 'ASIC_Top', net 'u_path_I/u_interp/net1512' driven by pin 'u_path_I/u_interp/add_54_C76_C106_C142/Z_3' has no loads. (LINT-2)
Warning: In design 'ASIC_Top', net 'u_path_I/u_interp/net1511' driven by pin 'u_path_I/u_interp/add_54_C76_C106_C142/Z_4' has no loads. (LINT-2)
Warning: In design 'ASIC_Top', net 'u_path_I/u_interp/net1510' driven by pin 'u_path_I/u_interp/add_54_C76_C106_C142/Z_5' has no loads. (LINT-2)
Warning: In design 'ASIC_Top', net 'u_path_I/u_interp/net1509' driven by pin 'u_path_I/u_interp/add_54_C76_C106_C142/Z_6' has no loads. (LINT-2)
Warning: In design 'ASIC_Top', net 'u_path_I/u_interp/net1508' driven by pin 'u_path_I/u_interp/add_54_C76_C106_C142/Z_7' has no loads. (LINT-2)
Warning: In design 'ASIC_Top', net 'u_path_I/u_interp/net1507' driven by pin 'u_path_I/u_interp/add_54_C76_C106_C142/Z_8' has no loads. (LINT-2)
Warning: In design 'ASIC_Top', net 'u_path_I/u_interp/net1506' driven by pin 'u_path_I/u_interp/add_54_C76_C106_C142/Z_9' has no loads. (LINT-2)
Warning: In design 'ASIC_Top', net 'u_path_I/u_interp/net1505' driven by pin 'u_path_I/u_interp/add_54_C76_C106_C142/Z_10' has no loads. (LINT-2)
Warning: In design 'ASIC_Top', net 'u_path_I/u_interp/net1504' driven by pin 'u_path_I/u_interp/add_54_C76_C106_C142/Z_11' has no loads. (LINT-2)
Warning: In design 'ASIC_Top', net 'u_path_I/u_interp/net1503' driven by pin 'u_path_I/u_interp/add_54_C76_C106_C142/Z_12' has no loads. (LINT-2)
Warning: In design 'ASIC_Top', net 'u_path_I/u_interp/net1502' driven by pin 'u_path_I/u_interp/add_54_C76_C107_C139/Z_0' has no loads. (LINT-2)
Warning: In design 'ASIC_Top', net 'u_path_I/u_interp/net1501' driven by pin 'u_path_I/u_interp/add_54_C76_C107_C139/Z_1' has no loads. (LINT-2)
Warning: In design 'ASIC_Top', net 'u_path_I/u_interp/net1500' driven by pin 'u_path_I/u_interp/add_54_C76_C107_C139/Z_2' has no loads. (LINT-2)
Warning: In design 'ASIC_Top', net 'u_path_I/u_interp/net1499' driven by pin 'u_path_I/u_interp/add_54_C76_C107_C139/Z_3' has no loads. (LINT-2)
Warning: In design 'ASIC_Top', net 'u_path_I/u_interp/net1498' driven by pin 'u_path_I/u_interp/add_54_C76_C107_C139/Z_4' has no loads. (LINT-2)
Warning: In design 'ASIC_Top', net 'u_path_I/u_interp/net1497' driven by pin 'u_path_I/u_interp/add_54_C76_C107_C139/Z_5' has no loads. (LINT-2)
Warning: In design 'ASIC_Top', net 'u_path_I/u_interp/net1496' driven by pin 'u_path_I/u_interp/add_54_C76_C107_C139/Z_6' has no loads. (LINT-2)
Warning: In design 'ASIC_Top', net 'u_path_I/u_interp/net1495' driven by pin 'u_path_I/u_interp/add_54_C76_C107_C139/Z_7' has no loads. (LINT-2)
Warning: In design 'ASIC_Top', net 'u_path_I/u_interp/net1494' driven by pin 'u_path_I/u_interp/add_54_C76_C107_C139/Z_8' has no loads. (LINT-2)
Warning: In design 'ASIC_Top', net 'u_path_I/u_interp/net1493' driven by pin 'u_path_I/u_interp/add_54_C76_C107_C139/Z_9' has no loads. (LINT-2)
Warning: In design 'ASIC_Top', net 'u_path_I/u_interp/net1492' driven by pin 'u_path_I/u_interp/add_54_C76_C107_C139/Z_10' has no loads. (LINT-2)
Warning: In design 'ASIC_Top', net 'u_path_I/u_interp/net1491' driven by pin 'u_path_I/u_interp/add_54_C76_C107_C139/Z_11' has no loads. (LINT-2)
Warning: In design 'ASIC_Top', net 'u_path_I/u_interp/net1490' driven by pin 'u_path_I/u_interp/add_54_C76_C107_C139/Z_12' has no loads. (LINT-2)
Warning: In design 'ASIC_Top', net 'u_path_I/u_interp/net1489' driven by pin 'u_path_I/u_interp/add_54_C76_C107_C140/Z_0' has no loads. (LINT-2)
Warning: In design 'ASIC_Top', net 'u_path_I/u_interp/net1488' driven by pin 'u_path_I/u_interp/add_54_C76_C107_C140/Z_1' has no loads. (LINT-2)
Warning: In design 'ASIC_Top', net 'u_path_I/u_interp/net1487' driven by pin 'u_path_I/u_interp/add_54_C76_C107_C140/Z_2' has no loads. (LINT-2)
Warning: In design 'ASIC_Top', net 'u_path_I/u_interp/net1486' driven by pin 'u_path_I/u_interp/add_54_C76_C107_C140/Z_3' has no loads. (LINT-2)
Warning: In design 'ASIC_Top', net 'u_path_I/u_interp/net1485' driven by pin 'u_path_I/u_interp/add_54_C76_C107_C140/Z_4' has no loads. (LINT-2)
Warning: In design 'ASIC_Top', net 'u_path_I/u_interp/net1484' driven by pin 'u_path_I/u_interp/add_54_C76_C107_C140/Z_5' has no loads. (LINT-2)
Warning: In design 'ASIC_Top', net 'u_path_I/u_interp/net1483' driven by pin 'u_path_I/u_interp/add_54_C76_C107_C140/Z_6' has no loads. (LINT-2)
Warning: In design 'ASIC_Top', net 'u_path_I/u_interp/net1482' driven by pin 'u_path_I/u_interp/add_54_C76_C107_C140/Z_7' has no loads. (LINT-2)
Warning: In design 'ASIC_Top', net 'u_path_I/u_interp/net1481' driven by pin 'u_path_I/u_interp/add_54_C76_C107_C140/Z_8' has no loads. (LINT-2)
Warning: In design 'ASIC_Top', net 'u_path_I/u_interp/net1480' driven by pin 'u_path_I/u_interp/add_54_C76_C107_C140/Z_9' has no loads. (LINT-2)
Warning: In design 'ASIC_Top', net 'u_path_I/u_interp/net1479' driven by pin 'u_path_I/u_interp/add_54_C76_C107_C140/Z_10' has no loads. (LINT-2)
Warning: In design 'ASIC_Top', net 'u_path_I/u_interp/net1478' driven by pin 'u_path_I/u_interp/add_54_C76_C107_C140/Z_11' has no loads. (LINT-2)
Warning: In design 'ASIC_Top', net 'u_path_I/u_interp/net1477' driven by pin 'u_path_I/u_interp/add_54_C76_C107_C140/Z_12' has no loads. (LINT-2)
Warning: In design 'ASIC_Top', net 'u_path_I/u_interp/net1476' driven by pin 'u_path_I/u_interp/add_54_C76_C107_C141/Z_0' has no loads. (LINT-2)
Warning: In design 'ASIC_Top', net 'u_path_I/u_interp/net1475' driven by pin 'u_path_I/u_interp/add_54_C76_C107_C141/Z_1' has no loads. (LINT-2)
Warning: In design 'ASIC_Top', net 'u_path_I/u_interp/net1474' driven by pin 'u_path_I/u_interp/add_54_C76_C107_C141/Z_2' has no loads. (LINT-2)
Warning: In design 'ASIC_Top', net 'u_path_I/u_interp/net1473' driven by pin 'u_path_I/u_interp/add_54_C76_C107_C141/Z_3' has no loads. (LINT-2)
Warning: In design 'ASIC_Top', net 'u_path_I/u_interp/net1472' driven by pin 'u_path_I/u_interp/add_54_C76_C107_C141/Z_4' has no loads. (LINT-2)
Warning: In design 'ASIC_Top', net 'u_path_I/u_interp/net1471' driven by pin 'u_path_I/u_interp/add_54_C76_C107_C141/Z_5' has no loads. (LINT-2)
Warning: In design 'ASIC_Top', net 'u_path_I/u_interp/net1470' driven by pin 'u_path_I/u_interp/add_54_C76_C107_C141/Z_6' has no loads. (LINT-2)
Warning: In design 'ASIC_Top', net 'u_path_I/u_interp/net1469' driven by pin 'u_path_I/u_interp/add_54_C76_C107_C141/Z_7' has no loads. (LINT-2)
Warning: In design 'ASIC_Top', net 'u_path_I/u_interp/net1468' driven by pin 'u_path_I/u_interp/add_54_C76_C107_C141/Z_8' has no loads. (LINT-2)
Warning: In design 'ASIC_Top', net 'u_path_I/u_interp/net1467' driven by pin 'u_path_I/u_interp/add_54_C76_C107_C141/Z_9' has no loads. (LINT-2)
Warning: In design 'ASIC_Top', net 'u_path_I/u_interp/net1466' driven by pin 'u_path_I/u_interp/add_54_C76_C107_C141/Z_10' has no loads. (LINT-2)
Warning: In design 'ASIC_Top', net 'u_path_I/u_interp/net1465' driven by pin 'u_path_I/u_interp/add_54_C76_C107_C141/Z_11' has no loads. (LINT-2)
Warning: In design 'ASIC_Top', net 'u_path_I/u_interp/net1464' driven by pin 'u_path_I/u_interp/add_54_C76_C107_C141/Z_12' has no loads. (LINT-2)
Warning: In design 'ASIC_Top', net 'u_path_I/u_interp/net1463' driven by pin 'u_path_I/u_interp/add_54_C76_C107_C142/Z_0' has no loads. (LINT-2)
Warning: In design 'ASIC_Top', net 'u_path_I/u_interp/net1462' driven by pin 'u_path_I/u_interp/add_54_C76_C107_C142/Z_1' has no loads. (LINT-2)
Warning: In design 'ASIC_Top', net 'u_path_I/u_interp/net1461' driven by pin 'u_path_I/u_interp/add_54_C76_C107_C142/Z_2' has no loads. (LINT-2)
Warning: In design 'ASIC_Top', net 'u_path_I/u_interp/net1460' driven by pin 'u_path_I/u_interp/add_54_C76_C107_C142/Z_3' has no loads. (LINT-2)
Warning: In design 'ASIC_Top', net 'u_path_I/u_interp/net1459' driven by pin 'u_path_I/u_interp/add_54_C76_C107_C142/Z_4' has no loads. (LINT-2)
Warning: In design 'ASIC_Top', net 'u_path_I/u_interp/net1458' driven by pin 'u_path_I/u_interp/add_54_C76_C107_C142/Z_5' has no loads. (LINT-2)
Warning: In design 'ASIC_Top', net 'u_path_I/u_interp/net1457' driven by pin 'u_path_I/u_interp/add_54_C76_C107_C142/Z_6' has no loads. (LINT-2)
Warning: In design 'ASIC_Top', net 'u_path_I/u_interp/net1456' driven by pin 'u_path_I/u_interp/add_54_C76_C107_C142/Z_7' has no loads. (LINT-2)
Warning: In design 'ASIC_Top', net 'u_path_I/u_interp/net1455' driven by pin 'u_path_I/u_interp/add_54_C76_C107_C142/Z_8' has no loads. (LINT-2)
Warning: In design 'ASIC_Top', net 'u_path_I/u_interp/net1454' driven by pin 'u_path_I/u_interp/add_54_C76_C107_C142/Z_9' has no loads. (LINT-2)
Warning: In design 'ASIC_Top', net 'u_path_I/u_interp/net1453' driven by pin 'u_path_I/u_interp/add_54_C76_C107_C142/Z_10' has no loads. (LINT-2)
Warning: In design 'ASIC_Top', net 'u_path_I/u_interp/net1452' driven by pin 'u_path_I/u_interp/add_54_C76_C107_C142/Z_11' has no loads. (LINT-2)
Warning: In design 'ASIC_Top', net 'u_path_I/u_interp/net1451' driven by pin 'u_path_I/u_interp/add_54_C76_C107_C142/Z_12' has no loads. (LINT-2)
Warning: In design 'ASIC_Top', net 'u_path_I/u_interp/net1450' driven by pin 'u_path_I/u_interp/add_54_C76_C109_C139/Z_0' has no loads. (LINT-2)
Warning: In design 'ASIC_Top', net 'u_path_I/u_interp/net1449' driven by pin 'u_path_I/u_interp/add_54_C76_C109_C139/Z_1' has no loads. (LINT-2)
Warning: In design 'ASIC_Top', net 'u_path_I/u_interp/net1448' driven by pin 'u_path_I/u_interp/add_54_C76_C109_C139/Z_2' has no loads. (LINT-2)
Warning: In design 'ASIC_Top', net 'u_path_I/u_interp/net1447' driven by pin 'u_path_I/u_interp/add_54_C76_C109_C139/Z_3' has no loads. (LINT-2)
Warning: In design 'ASIC_Top', net 'u_path_I/u_interp/net1446' driven by pin 'u_path_I/u_interp/add_54_C76_C109_C139/Z_4' has no loads. (LINT-2)
Warning: In design 'ASIC_Top', net 'u_path_I/u_interp/net1445' driven by pin 'u_path_I/u_interp/add_54_C76_C109_C139/Z_5' has no loads. (LINT-2)
Warning: In design 'ASIC_Top', net 'u_path_I/u_interp/net1444' driven by pin 'u_path_I/u_interp/add_54_C76_C109_C139/Z_6' has no loads. (LINT-2)
Warning: In design 'ASIC_Top', net 'u_path_I/u_interp/net1443' driven by pin 'u_path_I/u_interp/add_54_C76_C109_C139/Z_7' has no loads. (LINT-2)
Warning: In design 'ASIC_Top', net 'u_path_I/u_interp/net1442' driven by pin 'u_path_I/u_interp/add_54_C76_C109_C139/Z_8' has no loads. (LINT-2)
Warning: In design 'ASIC_Top', net 'u_path_I/u_interp/net1441' driven by pin 'u_path_I/u_interp/add_54_C76_C109_C139/Z_9' has no loads. (LINT-2)
Warning: In design 'ASIC_Top', net 'u_path_I/u_interp/net1440' driven by pin 'u_path_I/u_interp/add_54_C76_C109_C139/Z_10' has no loads. (LINT-2)
Warning: In design 'ASIC_Top', net 'u_path_I/u_interp/net1439' driven by pin 'u_path_I/u_interp/add_54_C76_C109_C139/Z_11' has no loads. (LINT-2)
Warning: In design 'ASIC_Top', net 'u_path_I/u_interp/net1438' driven by pin 'u_path_I/u_interp/add_54_C76_C109_C139/Z_12' has no loads. (LINT-2)
Warning: In design 'ASIC_Top', net 'u_path_I/u_interp/net1437' driven by pin 'u_path_I/u_interp/add_54_C76_C102_C139/Z_0' has no loads. (LINT-2)
Warning: In design 'ASIC_Top', net 'u_path_I/u_interp/net1436' driven by pin 'u_path_I/u_interp/add_54_C76_C102_C139/Z_1' has no loads. (LINT-2)
Warning: In design 'ASIC_Top', net 'u_path_I/u_interp/net1435' driven by pin 'u_path_I/u_interp/add_54_C76_C102_C139/Z_2' has no loads. (LINT-2)
Warning: In design 'ASIC_Top', net 'u_path_I/u_interp/net1434' driven by pin 'u_path_I/u_interp/add_54_C76_C102_C139/Z_3' has no loads. (LINT-2)
Warning: In design 'ASIC_Top', net 'u_path_I/u_interp/net1433' driven by pin 'u_path_I/u_interp/add_54_C76_C102_C139/Z_4' has no loads. (LINT-2)
Warning: In design 'ASIC_Top', net 'u_path_I/u_interp/net1432' driven by pin 'u_path_I/u_interp/add_54_C76_C102_C139/Z_5' has no loads. (LINT-2)
Warning: In design 'ASIC_Top', net 'u_path_I/u_interp/net1431' driven by pin 'u_path_I/u_interp/add_54_C76_C102_C139/Z_6' has no loads. (LINT-2)
Warning: In design 'ASIC_Top', net 'u_path_I/u_interp/net1430' driven by pin 'u_path_I/u_interp/add_54_C76_C102_C139/Z_7' has no loads. (LINT-2)
Warning: In design 'ASIC_Top', net 'u_path_I/u_interp/net1429' driven by pin 'u_path_I/u_interp/add_54_C76_C102_C139/Z_8' has no loads. (LINT-2)
Warning: In design 'ASIC_Top', net 'u_path_I/u_interp/net1428' driven by pin 'u_path_I/u_interp/add_54_C76_C102_C139/Z_9' has no loads. (LINT-2)
Warning: In design 'ASIC_Top', net 'u_path_I/u_interp/net1427' driven by pin 'u_path_I/u_interp/add_54_C76_C102_C139/Z_10' has no loads. (LINT-2)
Warning: In design 'ASIC_Top', net 'u_path_I/u_interp/net1426' driven by pin 'u_path_I/u_interp/add_54_C76_C102_C139/Z_11' has no loads. (LINT-2)
Warning: In design 'ASIC_Top', net 'u_path_I/u_interp/net1425' driven by pin 'u_path_I/u_interp/add_54_C76_C102_C139/Z_12' has no loads. (LINT-2)
Warning: In design 'ASIC_Top', net 'u_path_I/u_interp/net1424' driven by pin 'u_path_I/u_interp/add_54_C76_C109_C140/Z_0' has no loads. (LINT-2)
Warning: In design 'ASIC_Top', net 'u_path_I/u_interp/net1423' driven by pin 'u_path_I/u_interp/add_54_C76_C109_C140/Z_1' has no loads. (LINT-2)
Warning: In design 'ASIC_Top', net 'u_path_I/u_interp/net1422' driven by pin 'u_path_I/u_interp/add_54_C76_C109_C140/Z_2' has no loads. (LINT-2)
Warning: In design 'ASIC_Top', net 'u_path_I/u_interp/net1421' driven by pin 'u_path_I/u_interp/add_54_C76_C109_C140/Z_3' has no loads. (LINT-2)
Warning: In design 'ASIC_Top', net 'u_path_I/u_interp/net1420' driven by pin 'u_path_I/u_interp/add_54_C76_C109_C140/Z_4' has no loads. (LINT-2)
Warning: In design 'ASIC_Top', net 'u_path_I/u_interp/net1419' driven by pin 'u_path_I/u_interp/add_54_C76_C109_C140/Z_5' has no loads. (LINT-2)
Warning: In design 'ASIC_Top', net 'u_path_I/u_interp/net1418' driven by pin 'u_path_I/u_interp/add_54_C76_C109_C140/Z_6' has no loads. (LINT-2)
Warning: In design 'ASIC_Top', net 'u_path_I/u_interp/net1417' driven by pin 'u_path_I/u_interp/add_54_C76_C109_C140/Z_7' has no loads. (LINT-2)
Warning: In design 'ASIC_Top', net 'u_path_I/u_interp/net1416' driven by pin 'u_path_I/u_interp/add_54_C76_C109_C140/Z_8' has no loads. (LINT-2)
Warning: In design 'ASIC_Top', net 'u_path_I/u_interp/net1415' driven by pin 'u_path_I/u_interp/add_54_C76_C109_C140/Z_9' has no loads. (LINT-2)
Warning: In design 'ASIC_Top', net 'u_path_I/u_interp/net1414' driven by pin 'u_path_I/u_interp/add_54_C76_C109_C140/Z_10' has no loads. (LINT-2)
Warning: In design 'ASIC_Top', net 'u_path_I/u_interp/net1413' driven by pin 'u_path_I/u_interp/add_54_C76_C109_C140/Z_11' has no loads. (LINT-2)
Warning: In design 'ASIC_Top', net 'u_path_I/u_interp/net1412' driven by pin 'u_path_I/u_interp/add_54_C76_C109_C140/Z_12' has no loads. (LINT-2)
Warning: In design 'ASIC_Top', net 'u_path_I/u_interp/net1411' driven by pin 'u_path_I/u_interp/add_54_C76_C102_C140/Z_0' has no loads. (LINT-2)
Warning: In design 'ASIC_Top', net 'u_path_I/u_interp/net1410' driven by pin 'u_path_I/u_interp/add_54_C76_C102_C140/Z_1' has no loads. (LINT-2)
Warning: In design 'ASIC_Top', net 'u_path_I/u_interp/net1409' driven by pin 'u_path_I/u_interp/add_54_C76_C102_C140/Z_2' has no loads. (LINT-2)
Warning: In design 'ASIC_Top', net 'u_path_I/u_interp/net1408' driven by pin 'u_path_I/u_interp/add_54_C76_C102_C140/Z_3' has no loads. (LINT-2)
Warning: In design 'ASIC_Top', net 'u_path_I/u_interp/net1407' driven by pin 'u_path_I/u_interp/add_54_C76_C102_C140/Z_4' has no loads. (LINT-2)
Warning: In design 'ASIC_Top', net 'u_path_I/u_interp/net1406' driven by pin 'u_path_I/u_interp/add_54_C76_C102_C140/Z_5' has no loads. (LINT-2)
Warning: In design 'ASIC_Top', net 'u_path_I/u_interp/net1405' driven by pin 'u_path_I/u_interp/add_54_C76_C102_C140/Z_6' has no loads. (LINT-2)
Warning: In design 'ASIC_Top', net 'u_path_I/u_interp/net1404' driven by pin 'u_path_I/u_interp/add_54_C76_C102_C140/Z_7' has no loads. (LINT-2)
Warning: In design 'ASIC_Top', net 'u_path_I/u_interp/net1403' driven by pin 'u_path_I/u_interp/add_54_C76_C102_C140/Z_8' has no loads. (LINT-2)
Warning: In design 'ASIC_Top', net 'u_path_I/u_interp/net1402' driven by pin 'u_path_I/u_interp/add_54_C76_C102_C140/Z_9' has no loads. (LINT-2)
Warning: In design 'ASIC_Top', net 'u_path_I/u_interp/net1401' driven by pin 'u_path_I/u_interp/add_54_C76_C102_C140/Z_10' has no loads. (LINT-2)
Warning: In design 'ASIC_Top', net 'u_path_I/u_interp/net1400' driven by pin 'u_path_I/u_interp/add_54_C76_C102_C140/Z_11' has no loads. (LINT-2)
Warning: In design 'ASIC_Top', net 'u_path_I/u_interp/net1399' driven by pin 'u_path_I/u_interp/add_54_C76_C102_C140/Z_12' has no loads. (LINT-2)
Warning: In design 'ASIC_Top', net 'u_path_I/u_interp/net1398' driven by pin 'u_path_I/u_interp/add_54_C76_C109_C141/Z_0' has no loads. (LINT-2)
Warning: In design 'ASIC_Top', net 'u_path_I/u_interp/net1397' driven by pin 'u_path_I/u_interp/add_54_C76_C109_C141/Z_1' has no loads. (LINT-2)
Warning: In design 'ASIC_Top', net 'u_path_I/u_interp/net1396' driven by pin 'u_path_I/u_interp/add_54_C76_C109_C141/Z_2' has no loads. (LINT-2)
Warning: In design 'ASIC_Top', net 'u_path_I/u_interp/net1395' driven by pin 'u_path_I/u_interp/add_54_C76_C109_C141/Z_3' has no loads. (LINT-2)
Warning: In design 'ASIC_Top', net 'u_path_I/u_interp/net1394' driven by pin 'u_path_I/u_interp/add_54_C76_C109_C141/Z_4' has no loads. (LINT-2)
Warning: In design 'ASIC_Top', net 'u_path_I/u_interp/net1393' driven by pin 'u_path_I/u_interp/add_54_C76_C109_C141/Z_5' has no loads. (LINT-2)
Warning: In design 'ASIC_Top', net 'u_path_I/u_interp/net1392' driven by pin 'u_path_I/u_interp/add_54_C76_C109_C141/Z_6' has no loads. (LINT-2)
Warning: In design 'ASIC_Top', net 'u_path_I/u_interp/net1391' driven by pin 'u_path_I/u_interp/add_54_C76_C109_C141/Z_7' has no loads. (LINT-2)
Warning: In design 'ASIC_Top', net 'u_path_I/u_interp/net1390' driven by pin 'u_path_I/u_interp/add_54_C76_C109_C141/Z_8' has no loads. (LINT-2)
Warning: In design 'ASIC_Top', net 'u_path_I/u_interp/net1389' driven by pin 'u_path_I/u_interp/add_54_C76_C109_C141/Z_9' has no loads. (LINT-2)
Warning: In design 'ASIC_Top', net 'u_path_I/u_interp/net1388' driven by pin 'u_path_I/u_interp/add_54_C76_C109_C141/Z_10' has no loads. (LINT-2)
Warning: In design 'ASIC_Top', net 'u_path_I/u_interp/net1387' driven by pin 'u_path_I/u_interp/add_54_C76_C109_C141/Z_11' has no loads. (LINT-2)
Warning: In design 'ASIC_Top', net 'u_path_I/u_interp/net1386' driven by pin 'u_path_I/u_interp/add_54_C76_C109_C141/Z_12' has no loads. (LINT-2)
Warning: In design 'ASIC_Top', net 'u_path_I/u_interp/net1385' driven by pin 'u_path_I/u_interp/add_54_C76_C102_C141/Z_0' has no loads. (LINT-2)
Warning: In design 'ASIC_Top', net 'u_path_I/u_interp/net1384' driven by pin 'u_path_I/u_interp/add_54_C76_C102_C141/Z_1' has no loads. (LINT-2)
Warning: In design 'ASIC_Top', net 'u_path_I/u_interp/net1383' driven by pin 'u_path_I/u_interp/add_54_C76_C102_C141/Z_2' has no loads. (LINT-2)
Warning: In design 'ASIC_Top', net 'u_path_I/u_interp/net1382' driven by pin 'u_path_I/u_interp/add_54_C76_C102_C141/Z_3' has no loads. (LINT-2)
Warning: In design 'ASIC_Top', net 'u_path_I/u_interp/net1381' driven by pin 'u_path_I/u_interp/add_54_C76_C102_C141/Z_4' has no loads. (LINT-2)
Warning: In design 'ASIC_Top', net 'u_path_I/u_interp/net1380' driven by pin 'u_path_I/u_interp/add_54_C76_C102_C141/Z_5' has no loads. (LINT-2)
Warning: In design 'ASIC_Top', net 'u_path_I/u_interp/net1379' driven by pin 'u_path_I/u_interp/add_54_C76_C102_C141/Z_6' has no loads. (LINT-2)
Warning: In design 'ASIC_Top', net 'u_path_I/u_interp/net1378' driven by pin 'u_path_I/u_interp/add_54_C76_C102_C141/Z_7' has no loads. (LINT-2)
Warning: In design 'ASIC_Top', net 'u_path_I/u_interp/net1377' driven by pin 'u_path_I/u_interp/add_54_C76_C102_C141/Z_8' has no loads. (LINT-2)
Warning: In design 'ASIC_Top', net 'u_path_I/u_interp/net1376' driven by pin 'u_path_I/u_interp/add_54_C76_C102_C141/Z_9' has no loads. (LINT-2)
Warning: In design 'ASIC_Top', net 'u_path_I/u_interp/net1375' driven by pin 'u_path_I/u_interp/add_54_C76_C102_C141/Z_10' has no loads. (LINT-2)
Warning: In design 'ASIC_Top', net 'u_path_I/u_interp/net1374' driven by pin 'u_path_I/u_interp/add_54_C76_C102_C141/Z_11' has no loads. (LINT-2)
Warning: In design 'ASIC_Top', net 'u_path_I/u_interp/net1373' driven by pin 'u_path_I/u_interp/add_54_C76_C102_C141/Z_12' has no loads. (LINT-2)
Warning: In design 'ASIC_Top', net 'u_path_I/u_interp/net1372' driven by pin 'u_path_I/u_interp/add_54_C76_C109_C142/Z_0' has no loads. (LINT-2)
Warning: In design 'ASIC_Top', net 'u_path_I/u_interp/net1371' driven by pin 'u_path_I/u_interp/add_54_C76_C109_C142/Z_1' has no loads. (LINT-2)
Warning: In design 'ASIC_Top', net 'u_path_I/u_interp/net1370' driven by pin 'u_path_I/u_interp/add_54_C76_C109_C142/Z_2' has no loads. (LINT-2)
Warning: In design 'ASIC_Top', net 'u_path_I/u_interp/net1369' driven by pin 'u_path_I/u_interp/add_54_C76_C109_C142/Z_3' has no loads. (LINT-2)
Warning: In design 'ASIC_Top', net 'u_path_I/u_interp/net1368' driven by pin 'u_path_I/u_interp/add_54_C76_C109_C142/Z_4' has no loads. (LINT-2)
Warning: In design 'ASIC_Top', net 'u_path_I/u_interp/net1367' driven by pin 'u_path_I/u_interp/add_54_C76_C109_C142/Z_5' has no loads. (LINT-2)
Warning: In design 'ASIC_Top', net 'u_path_I/u_interp/net1366' driven by pin 'u_path_I/u_interp/add_54_C76_C109_C142/Z_6' has no loads. (LINT-2)
Warning: In design 'ASIC_Top', net 'u_path_I/u_interp/net1365' driven by pin 'u_path_I/u_interp/add_54_C76_C109_C142/Z_7' has no loads. (LINT-2)
Warning: In design 'ASIC_Top', net 'u_path_I/u_interp/net1364' driven by pin 'u_path_I/u_interp/add_54_C76_C109_C142/Z_8' has no loads. (LINT-2)
Warning: In design 'ASIC_Top', net 'u_path_I/u_interp/net1363' driven by pin 'u_path_I/u_interp/add_54_C76_C109_C142/Z_9' has no loads. (LINT-2)
Warning: In design 'ASIC_Top', net 'u_path_I/u_interp/net1362' driven by pin 'u_path_I/u_interp/add_54_C76_C109_C142/Z_10' has no loads. (LINT-2)
Warning: In design 'ASIC_Top', net 'u_path_I/u_interp/net1361' driven by pin 'u_path_I/u_interp/add_54_C76_C109_C142/Z_11' has no loads. (LINT-2)
Warning: In design 'ASIC_Top', net 'u_path_I/u_interp/net1360' driven by pin 'u_path_I/u_interp/add_54_C76_C109_C142/Z_12' has no loads. (LINT-2)
Warning: In design 'ASIC_Top', net 'u_path_I/u_interp/net1359' driven by pin 'u_path_I/u_interp/add_54_C76_C102_C142/Z_0' has no loads. (LINT-2)
Warning: In design 'ASIC_Top', net 'u_path_I/u_interp/net1358' driven by pin 'u_path_I/u_interp/add_54_C76_C102_C142/Z_1' has no loads. (LINT-2)
Warning: In design 'ASIC_Top', net 'u_path_I/u_interp/net1357' driven by pin 'u_path_I/u_interp/add_54_C76_C102_C142/Z_2' has no loads. (LINT-2)
Warning: In design 'ASIC_Top', net 'u_path_I/u_interp/net1356' driven by pin 'u_path_I/u_interp/add_54_C76_C102_C142/Z_3' has no loads. (LINT-2)
Warning: In design 'ASIC_Top', net 'u_path_I/u_interp/net1355' driven by pin 'u_path_I/u_interp/add_54_C76_C102_C142/Z_4' has no loads. (LINT-2)
Warning: In design 'ASIC_Top', net 'u_path_I/u_interp/net1354' driven by pin 'u_path_I/u_interp/add_54_C76_C102_C142/Z_5' has no loads. (LINT-2)
Warning: In design 'ASIC_Top', net 'u_path_I/u_interp/net1353' driven by pin 'u_path_I/u_interp/add_54_C76_C102_C142/Z_6' has no loads. (LINT-2)
Warning: In design 'ASIC_Top', net 'u_path_I/u_interp/net1352' driven by pin 'u_path_I/u_interp/add_54_C76_C102_C142/Z_7' has no loads. (LINT-2)
Warning: In design 'ASIC_Top', net 'u_path_I/u_interp/net1351' driven by pin 'u_path_I/u_interp/add_54_C76_C102_C142/Z_8' has no loads. (LINT-2)
Warning: In design 'ASIC_Top', net 'u_path_I/u_interp/net1350' driven by pin 'u_path_I/u_interp/add_54_C76_C102_C142/Z_9' has no loads. (LINT-2)
Warning: In design 'ASIC_Top', net 'u_path_I/u_interp/net1349' driven by pin 'u_path_I/u_interp/add_54_C76_C102_C142/Z_10' has no loads. (LINT-2)
Warning: In design 'ASIC_Top', net 'u_path_I/u_interp/net1348' driven by pin 'u_path_I/u_interp/add_54_C76_C102_C142/Z_11' has no loads. (LINT-2)
Warning: In design 'ASIC_Top', net 'u_path_I/u_interp/net1347' driven by pin 'u_path_I/u_interp/add_54_C76_C102_C142/Z_12' has no loads. (LINT-2)
Warning: In design 'ASIC_Top', net 'u_path_I/u_interp/net1346' driven by pin 'u_path_I/u_interp/add_54_C73_C108_C139/Z_0' has no loads. (LINT-2)
Warning: In design 'ASIC_Top', net 'u_path_I/u_interp/net1345' driven by pin 'u_path_I/u_interp/add_54_C73_C108_C139/Z_1' has no loads. (LINT-2)
Warning: In design 'ASIC_Top', net 'u_path_I/u_interp/net1344' driven by pin 'u_path_I/u_interp/add_54_C73_C108_C139/Z_2' has no loads. (LINT-2)
Warning: In design 'ASIC_Top', net 'u_path_I/u_interp/net1343' driven by pin 'u_path_I/u_interp/add_54_C73_C108_C139/Z_3' has no loads. (LINT-2)
Warning: In design 'ASIC_Top', net 'u_path_I/u_interp/net1342' driven by pin 'u_path_I/u_interp/add_54_C73_C108_C139/Z_4' has no loads. (LINT-2)
Warning: In design 'ASIC_Top', net 'u_path_I/u_interp/net1341' driven by pin 'u_path_I/u_interp/add_54_C73_C108_C139/Z_5' has no loads. (LINT-2)
Warning: In design 'ASIC_Top', net 'u_path_I/u_interp/net1340' driven by pin 'u_path_I/u_interp/add_54_C73_C108_C139/Z_6' has no loads. (LINT-2)
Warning: In design 'ASIC_Top', net 'u_path_I/u_interp/net1339' driven by pin 'u_path_I/u_interp/add_54_C73_C108_C139/Z_7' has no loads. (LINT-2)
Warning: In design 'ASIC_Top', net 'u_path_I/u_interp/net1338' driven by pin 'u_path_I/u_interp/add_54_C73_C108_C139/Z_8' has no loads. (LINT-2)
Warning: In design 'ASIC_Top', net 'u_path_I/u_interp/net1337' driven by pin 'u_path_I/u_interp/add_54_C73_C108_C139/Z_9' has no loads. (LINT-2)
Warning: In design 'ASIC_Top', net 'u_path_I/u_interp/net1336' driven by pin 'u_path_I/u_interp/add_54_C73_C108_C139/Z_10' has no loads. (LINT-2)
Warning: In design 'ASIC_Top', net 'u_path_I/u_interp/net1335' driven by pin 'u_path_I/u_interp/add_54_C73_C108_C139/Z_11' has no loads. (LINT-2)
Warning: In design 'ASIC_Top', net 'u_path_I/u_interp/net1334' driven by pin 'u_path_I/u_interp/add_54_C73_C108_C139/Z_12' has no loads. (LINT-2)
Warning: In design 'ASIC_Top', net 'u_path_I/u_interp/net1333' driven by pin 'u_path_I/u_interp/add_54_C73_C107_C139/Z_0' has no loads. (LINT-2)
Warning: In design 'ASIC_Top', net 'u_path_I/u_interp/net1332' driven by pin 'u_path_I/u_interp/add_54_C73_C107_C139/Z_1' has no loads. (LINT-2)
Warning: In design 'ASIC_Top', net 'u_path_I/u_interp/net1331' driven by pin 'u_path_I/u_interp/add_54_C73_C107_C139/Z_2' has no loads. (LINT-2)
Warning: In design 'ASIC_Top', net 'u_path_I/u_interp/net1330' driven by pin 'u_path_I/u_interp/add_54_C73_C107_C139/Z_3' has no loads. (LINT-2)
Warning: In design 'ASIC_Top', net 'u_path_I/u_interp/net1329' driven by pin 'u_path_I/u_interp/add_54_C73_C107_C139/Z_4' has no loads. (LINT-2)
Warning: In design 'ASIC_Top', net 'u_path_I/u_interp/net1328' driven by pin 'u_path_I/u_interp/add_54_C73_C107_C139/Z_5' has no loads. (LINT-2)
Warning: In design 'ASIC_Top', net 'u_path_I/u_interp/net1327' driven by pin 'u_path_I/u_interp/add_54_C73_C107_C139/Z_6' has no loads. (LINT-2)
Warning: In design 'ASIC_Top', net 'u_path_I/u_interp/net1326' driven by pin 'u_path_I/u_interp/add_54_C73_C107_C139/Z_7' has no loads. (LINT-2)
Warning: In design 'ASIC_Top', net 'u_path_I/u_interp/net1325' driven by pin 'u_path_I/u_interp/add_54_C73_C107_C139/Z_8' has no loads. (LINT-2)
Warning: In design 'ASIC_Top', net 'u_path_I/u_interp/net1324' driven by pin 'u_path_I/u_interp/add_54_C73_C107_C139/Z_9' has no loads. (LINT-2)
Warning: In design 'ASIC_Top', net 'u_path_I/u_interp/net1323' driven by pin 'u_path_I/u_interp/add_54_C73_C107_C139/Z_10' has no loads. (LINT-2)
Warning: In design 'ASIC_Top', net 'u_path_I/u_interp/net1322' driven by pin 'u_path_I/u_interp/add_54_C73_C107_C139/Z_11' has no loads. (LINT-2)
Warning: In design 'ASIC_Top', net 'u_path_I/u_interp/net1321' driven by pin 'u_path_I/u_interp/add_54_C73_C107_C139/Z_12' has no loads. (LINT-2)
Warning: In design 'ASIC_Top', net 'u_path_I/u_interp/net1320' driven by pin 'u_path_I/u_interp/add_54_C73_C106_C139/Z_0' has no loads. (LINT-2)
Warning: In design 'ASIC_Top', net 'u_path_I/u_interp/net1319' driven by pin 'u_path_I/u_interp/add_54_C73_C106_C139/Z_1' has no loads. (LINT-2)
Warning: In design 'ASIC_Top', net 'u_path_I/u_interp/net1318' driven by pin 'u_path_I/u_interp/add_54_C73_C106_C139/Z_2' has no loads. (LINT-2)
Warning: In design 'ASIC_Top', net 'u_path_I/u_interp/net1317' driven by pin 'u_path_I/u_interp/add_54_C73_C106_C139/Z_3' has no loads. (LINT-2)
Warning: In design 'ASIC_Top', net 'u_path_I/u_interp/net1316' driven by pin 'u_path_I/u_interp/add_54_C73_C106_C139/Z_4' has no loads. (LINT-2)
Warning: In design 'ASIC_Top', net 'u_path_I/u_interp/net1315' driven by pin 'u_path_I/u_interp/add_54_C73_C106_C139/Z_5' has no loads. (LINT-2)
Warning: In design 'ASIC_Top', net 'u_path_I/u_interp/net1314' driven by pin 'u_path_I/u_interp/add_54_C73_C106_C139/Z_6' has no loads. (LINT-2)
Warning: In design 'ASIC_Top', net 'u_path_I/u_interp/net1313' driven by pin 'u_path_I/u_interp/add_54_C73_C106_C139/Z_7' has no loads. (LINT-2)
Warning: In design 'ASIC_Top', net 'u_path_I/u_interp/net1312' driven by pin 'u_path_I/u_interp/add_54_C73_C106_C139/Z_8' has no loads. (LINT-2)
Warning: In design 'ASIC_Top', net 'u_path_I/u_interp/net1311' driven by pin 'u_path_I/u_interp/add_54_C73_C106_C139/Z_9' has no loads. (LINT-2)
Warning: In design 'ASIC_Top', net 'u_path_I/u_interp/net1310' driven by pin 'u_path_I/u_interp/add_54_C73_C106_C139/Z_10' has no loads. (LINT-2)
Warning: In design 'ASIC_Top', net 'u_path_I/u_interp/net1309' driven by pin 'u_path_I/u_interp/add_54_C73_C106_C139/Z_11' has no loads. (LINT-2)
Warning: In design 'ASIC_Top', net 'u_path_I/u_interp/net1308' driven by pin 'u_path_I/u_interp/add_54_C73_C106_C139/Z_12' has no loads. (LINT-2)
Warning: In design 'ASIC_Top', net 'u_path_I/u_interp/net1307' driven by pin 'u_path_I/u_interp/add_54_C76_C101_C139/Z_0' has no loads. (LINT-2)
Warning: In design 'ASIC_Top', net 'u_path_I/u_interp/net1306' driven by pin 'u_path_I/u_interp/add_54_C76_C101_C139/Z_1' has no loads. (LINT-2)
Warning: In design 'ASIC_Top', net 'u_path_I/u_interp/net1305' driven by pin 'u_path_I/u_interp/add_54_C76_C101_C139/Z_2' has no loads. (LINT-2)
Warning: In design 'ASIC_Top', net 'u_path_I/u_interp/net1304' driven by pin 'u_path_I/u_interp/add_54_C76_C101_C139/Z_3' has no loads. (LINT-2)
Warning: In design 'ASIC_Top', net 'u_path_I/u_interp/net1303' driven by pin 'u_path_I/u_interp/add_54_C76_C101_C139/Z_4' has no loads. (LINT-2)
Warning: In design 'ASIC_Top', net 'u_path_I/u_interp/net1302' driven by pin 'u_path_I/u_interp/add_54_C76_C101_C139/Z_5' has no loads. (LINT-2)
Warning: In design 'ASIC_Top', net 'u_path_I/u_interp/net1301' driven by pin 'u_path_I/u_interp/add_54_C76_C101_C139/Z_6' has no loads. (LINT-2)
Warning: In design 'ASIC_Top', net 'u_path_I/u_interp/net1300' driven by pin 'u_path_I/u_interp/add_54_C76_C101_C139/Z_7' has no loads. (LINT-2)
Warning: In design 'ASIC_Top', net 'u_path_I/u_interp/net1299' driven by pin 'u_path_I/u_interp/add_54_C76_C101_C139/Z_8' has no loads. (LINT-2)
Warning: In design 'ASIC_Top', net 'u_path_I/u_interp/net1298' driven by pin 'u_path_I/u_interp/add_54_C76_C101_C139/Z_9' has no loads. (LINT-2)
Warning: In design 'ASIC_Top', net 'u_path_I/u_interp/net1297' driven by pin 'u_path_I/u_interp/add_54_C76_C101_C139/Z_10' has no loads. (LINT-2)
Warning: In design 'ASIC_Top', net 'u_path_I/u_interp/net1296' driven by pin 'u_path_I/u_interp/add_54_C76_C101_C139/Z_11' has no loads. (LINT-2)
Warning: In design 'ASIC_Top', net 'u_path_I/u_interp/net1295' driven by pin 'u_path_I/u_interp/add_54_C76_C101_C139/Z_12' has no loads. (LINT-2)
Warning: In design 'ASIC_Top', net 'u_path_I/u_interp/net1294' driven by pin 'u_path_I/u_interp/add_54_C76_C103_C139/Z_0' has no loads. (LINT-2)
Warning: In design 'ASIC_Top', net 'u_path_I/u_interp/net1293' driven by pin 'u_path_I/u_interp/add_54_C76_C103_C139/Z_1' has no loads. (LINT-2)
Warning: In design 'ASIC_Top', net 'u_path_I/u_interp/net1292' driven by pin 'u_path_I/u_interp/add_54_C76_C103_C139/Z_2' has no loads. (LINT-2)
Warning: In design 'ASIC_Top', net 'u_path_I/u_interp/net1291' driven by pin 'u_path_I/u_interp/add_54_C76_C103_C139/Z_3' has no loads. (LINT-2)
Warning: In design 'ASIC_Top', net 'u_path_I/u_interp/net1290' driven by pin 'u_path_I/u_interp/add_54_C76_C103_C139/Z_4' has no loads. (LINT-2)
Warning: In design 'ASIC_Top', net 'u_path_I/u_interp/net1289' driven by pin 'u_path_I/u_interp/add_54_C76_C103_C139/Z_5' has no loads. (LINT-2)
Warning: In design 'ASIC_Top', net 'u_path_I/u_interp/net1288' driven by pin 'u_path_I/u_interp/add_54_C76_C103_C139/Z_6' has no loads. (LINT-2)
Warning: In design 'ASIC_Top', net 'u_path_I/u_interp/net1287' driven by pin 'u_path_I/u_interp/add_54_C76_C103_C139/Z_7' has no loads. (LINT-2)
Warning: In design 'ASIC_Top', net 'u_path_I/u_interp/net1286' driven by pin 'u_path_I/u_interp/add_54_C76_C103_C139/Z_8' has no loads. (LINT-2)
Warning: In design 'ASIC_Top', net 'u_path_I/u_interp/net1285' driven by pin 'u_path_I/u_interp/add_54_C76_C103_C139/Z_9' has no loads. (LINT-2)
Warning: In design 'ASIC_Top', net 'u_path_I/u_interp/net1284' driven by pin 'u_path_I/u_interp/add_54_C76_C103_C139/Z_10' has no loads. (LINT-2)
Warning: In design 'ASIC_Top', net 'u_path_I/u_interp/net1283' driven by pin 'u_path_I/u_interp/add_54_C76_C103_C139/Z_11' has no loads. (LINT-2)
Warning: In design 'ASIC_Top', net 'u_path_I/u_interp/net1282' driven by pin 'u_path_I/u_interp/add_54_C76_C103_C139/Z_12' has no loads. (LINT-2)
Warning: In design 'ASIC_Top', net 'u_path_I/u_interp/net1281' driven by pin 'u_path_I/u_interp/add_54_C73_C108_C140/Z_0' has no loads. (LINT-2)
Warning: In design 'ASIC_Top', net 'u_path_I/u_interp/net1280' driven by pin 'u_path_I/u_interp/add_54_C73_C108_C140/Z_1' has no loads. (LINT-2)
Warning: In design 'ASIC_Top', net 'u_path_I/u_interp/net1279' driven by pin 'u_path_I/u_interp/add_54_C73_C108_C140/Z_2' has no loads. (LINT-2)
Warning: In design 'ASIC_Top', net 'u_path_I/u_interp/net1278' driven by pin 'u_path_I/u_interp/add_54_C73_C108_C140/Z_3' has no loads. (LINT-2)
Warning: In design 'ASIC_Top', net 'u_path_I/u_interp/net1277' driven by pin 'u_path_I/u_interp/add_54_C73_C108_C140/Z_4' has no loads. (LINT-2)
Warning: In design 'ASIC_Top', net 'u_path_I/u_interp/net1276' driven by pin 'u_path_I/u_interp/add_54_C73_C108_C140/Z_5' has no loads. (LINT-2)
Warning: In design 'ASIC_Top', net 'u_path_I/u_interp/net1275' driven by pin 'u_path_I/u_interp/add_54_C73_C108_C140/Z_6' has no loads. (LINT-2)
Warning: In design 'ASIC_Top', net 'u_path_I/u_interp/net1274' driven by pin 'u_path_I/u_interp/add_54_C73_C108_C140/Z_7' has no loads. (LINT-2)
Warning: In design 'ASIC_Top', net 'u_path_I/u_interp/net1273' driven by pin 'u_path_I/u_interp/add_54_C73_C108_C140/Z_8' has no loads. (LINT-2)
Warning: In design 'ASIC_Top', net 'u_path_I/u_interp/net1272' driven by pin 'u_path_I/u_interp/add_54_C73_C108_C140/Z_9' has no loads. (LINT-2)
Warning: In design 'ASIC_Top', net 'u_path_I/u_interp/net1271' driven by pin 'u_path_I/u_interp/add_54_C73_C108_C140/Z_10' has no loads. (LINT-2)
Warning: In design 'ASIC_Top', net 'u_path_I/u_interp/net1270' driven by pin 'u_path_I/u_interp/add_54_C73_C108_C140/Z_11' has no loads. (LINT-2)
Warning: In design 'ASIC_Top', net 'u_path_I/u_interp/net1269' driven by pin 'u_path_I/u_interp/add_54_C73_C108_C140/Z_12' has no loads. (LINT-2)
Warning: In design 'ASIC_Top', net 'u_path_I/u_interp/net1268' driven by pin 'u_path_I/u_interp/add_54_C73_C107_C140/Z_0' has no loads. (LINT-2)
Warning: In design 'ASIC_Top', net 'u_path_I/u_interp/net1267' driven by pin 'u_path_I/u_interp/add_54_C73_C107_C140/Z_1' has no loads. (LINT-2)
Warning: In design 'ASIC_Top', net 'u_path_I/u_interp/net1266' driven by pin 'u_path_I/u_interp/add_54_C73_C107_C140/Z_2' has no loads. (LINT-2)
Warning: In design 'ASIC_Top', net 'u_path_I/u_interp/net1265' driven by pin 'u_path_I/u_interp/add_54_C73_C107_C140/Z_3' has no loads. (LINT-2)
Warning: In design 'ASIC_Top', net 'u_path_I/u_interp/net1264' driven by pin 'u_path_I/u_interp/add_54_C73_C107_C140/Z_4' has no loads. (LINT-2)
Warning: In design 'ASIC_Top', net 'u_path_I/u_interp/net1263' driven by pin 'u_path_I/u_interp/add_54_C73_C107_C140/Z_5' has no loads. (LINT-2)
Warning: In design 'ASIC_Top', net 'u_path_I/u_interp/net1262' driven by pin 'u_path_I/u_interp/add_54_C73_C107_C140/Z_6' has no loads. (LINT-2)
Warning: In design 'ASIC_Top', net 'u_path_I/u_interp/net1261' driven by pin 'u_path_I/u_interp/add_54_C73_C107_C140/Z_7' has no loads. (LINT-2)
Warning: In design 'ASIC_Top', net 'u_path_I/u_interp/net1260' driven by pin 'u_path_I/u_interp/add_54_C73_C107_C140/Z_8' has no loads. (LINT-2)
Warning: In design 'ASIC_Top', net 'u_path_I/u_interp/net1259' driven by pin 'u_path_I/u_interp/add_54_C73_C107_C140/Z_9' has no loads. (LINT-2)
Warning: In design 'ASIC_Top', net 'u_path_I/u_interp/net1258' driven by pin 'u_path_I/u_interp/add_54_C73_C107_C140/Z_10' has no loads. (LINT-2)
Warning: In design 'ASIC_Top', net 'u_path_I/u_interp/net1257' driven by pin 'u_path_I/u_interp/add_54_C73_C107_C140/Z_11' has no loads. (LINT-2)
Warning: In design 'ASIC_Top', net 'u_path_I/u_interp/net1256' driven by pin 'u_path_I/u_interp/add_54_C73_C107_C140/Z_12' has no loads. (LINT-2)
Warning: In design 'ASIC_Top', net 'u_path_I/u_interp/net1255' driven by pin 'u_path_I/u_interp/add_54_C73_C106_C140/Z_0' has no loads. (LINT-2)
Warning: In design 'ASIC_Top', net 'u_path_I/u_interp/net1254' driven by pin 'u_path_I/u_interp/add_54_C73_C106_C140/Z_1' has no loads. (LINT-2)
Warning: In design 'ASIC_Top', net 'u_path_I/u_interp/net1253' driven by pin 'u_path_I/u_interp/add_54_C73_C106_C140/Z_2' has no loads. (LINT-2)
Warning: In design 'ASIC_Top', net 'u_path_I/u_interp/net1252' driven by pin 'u_path_I/u_interp/add_54_C73_C106_C140/Z_3' has no loads. (LINT-2)
Warning: In design 'ASIC_Top', net 'u_path_I/u_interp/net1251' driven by pin 'u_path_I/u_interp/add_54_C73_C106_C140/Z_4' has no loads. (LINT-2)
Warning: In design 'ASIC_Top', net 'u_path_I/u_interp/net1250' driven by pin 'u_path_I/u_interp/add_54_C73_C106_C140/Z_5' has no loads. (LINT-2)
Warning: In design 'ASIC_Top', net 'u_path_I/u_interp/net1249' driven by pin 'u_path_I/u_interp/add_54_C73_C106_C140/Z_6' has no loads. (LINT-2)
Warning: In design 'ASIC_Top', net 'u_path_I/u_interp/net1248' driven by pin 'u_path_I/u_interp/add_54_C73_C106_C140/Z_7' has no loads. (LINT-2)
Warning: In design 'ASIC_Top', net 'u_path_I/u_interp/net1247' driven by pin 'u_path_I/u_interp/add_54_C73_C106_C140/Z_8' has no loads. (LINT-2)
Warning: In design 'ASIC_Top', net 'u_path_I/u_interp/net1246' driven by pin 'u_path_I/u_interp/add_54_C73_C106_C140/Z_9' has no loads. (LINT-2)
Warning: In design 'ASIC_Top', net 'u_path_I/u_interp/net1245' driven by pin 'u_path_I/u_interp/add_54_C73_C106_C140/Z_10' has no loads. (LINT-2)
Warning: In design 'ASIC_Top', net 'u_path_I/u_interp/net1244' driven by pin 'u_path_I/u_interp/add_54_C73_C106_C140/Z_11' has no loads. (LINT-2)
Warning: In design 'ASIC_Top', net 'u_path_I/u_interp/net1243' driven by pin 'u_path_I/u_interp/add_54_C73_C106_C140/Z_12' has no loads. (LINT-2)
Warning: In design 'ASIC_Top', net 'u_path_I/u_interp/net1242' driven by pin 'u_path_I/u_interp/add_54_C76_C101_C140/Z_0' has no loads. (LINT-2)
Warning: In design 'ASIC_Top', net 'u_path_I/u_interp/net1241' driven by pin 'u_path_I/u_interp/add_54_C76_C101_C140/Z_1' has no loads. (LINT-2)
Warning: In design 'ASIC_Top', net 'u_path_I/u_interp/net1240' driven by pin 'u_path_I/u_interp/add_54_C76_C101_C140/Z_2' has no loads. (LINT-2)
Warning: In design 'ASIC_Top', net 'u_path_I/u_interp/net1239' driven by pin 'u_path_I/u_interp/add_54_C76_C101_C140/Z_3' has no loads. (LINT-2)
Warning: In design 'ASIC_Top', net 'u_path_I/u_interp/net1238' driven by pin 'u_path_I/u_interp/add_54_C76_C101_C140/Z_4' has no loads. (LINT-2)
Warning: In design 'ASIC_Top', net 'u_path_I/u_interp/net1237' driven by pin 'u_path_I/u_interp/add_54_C76_C101_C140/Z_5' has no loads. (LINT-2)
Warning: In design 'ASIC_Top', net 'u_path_I/u_interp/net1236' driven by pin 'u_path_I/u_interp/add_54_C76_C101_C140/Z_6' has no loads. (LINT-2)
Warning: In design 'ASIC_Top', net 'u_path_I/u_interp/net1235' driven by pin 'u_path_I/u_interp/add_54_C76_C101_C140/Z_7' has no loads. (LINT-2)
Warning: In design 'ASIC_Top', net 'u_path_I/u_interp/net1234' driven by pin 'u_path_I/u_interp/add_54_C76_C101_C140/Z_8' has no loads. (LINT-2)
Warning: In design 'ASIC_Top', net 'u_path_I/u_interp/net1233' driven by pin 'u_path_I/u_interp/add_54_C76_C101_C140/Z_9' has no loads. (LINT-2)
Warning: In design 'ASIC_Top', net 'u_path_I/u_interp/net1232' driven by pin 'u_path_I/u_interp/add_54_C76_C101_C140/Z_10' has no loads. (LINT-2)
Warning: In design 'ASIC_Top', net 'u_path_I/u_interp/net1231' driven by pin 'u_path_I/u_interp/add_54_C76_C101_C140/Z_11' has no loads. (LINT-2)
Warning: In design 'ASIC_Top', net 'u_path_I/u_interp/net1230' driven by pin 'u_path_I/u_interp/add_54_C76_C101_C140/Z_12' has no loads. (LINT-2)
Warning: In design 'ASIC_Top', net 'u_path_I/u_interp/net1229' driven by pin 'u_path_I/u_interp/add_54_C76_C103_C140/Z_0' has no loads. (LINT-2)
Warning: In design 'ASIC_Top', net 'u_path_I/u_interp/net1228' driven by pin 'u_path_I/u_interp/add_54_C76_C103_C140/Z_1' has no loads. (LINT-2)
Warning: In design 'ASIC_Top', net 'u_path_I/u_interp/net1227' driven by pin 'u_path_I/u_interp/add_54_C76_C103_C140/Z_2' has no loads. (LINT-2)
Warning: In design 'ASIC_Top', net 'u_path_I/u_interp/net1226' driven by pin 'u_path_I/u_interp/add_54_C76_C103_C140/Z_3' has no loads. (LINT-2)
Warning: In design 'ASIC_Top', net 'u_path_I/u_interp/net1225' driven by pin 'u_path_I/u_interp/add_54_C76_C103_C140/Z_4' has no loads. (LINT-2)
Warning: In design 'ASIC_Top', net 'u_path_I/u_interp/net1224' driven by pin 'u_path_I/u_interp/add_54_C76_C103_C140/Z_5' has no loads. (LINT-2)
Warning: In design 'ASIC_Top', net 'u_path_I/u_interp/net1223' driven by pin 'u_path_I/u_interp/add_54_C76_C103_C140/Z_6' has no loads. (LINT-2)
Warning: In design 'ASIC_Top', net 'u_path_I/u_interp/net1222' driven by pin 'u_path_I/u_interp/add_54_C76_C103_C140/Z_7' has no loads. (LINT-2)
Warning: In design 'ASIC_Top', net 'u_path_I/u_interp/net1221' driven by pin 'u_path_I/u_interp/add_54_C76_C103_C140/Z_8' has no loads. (LINT-2)
Warning: In design 'ASIC_Top', net 'u_path_I/u_interp/net1220' driven by pin 'u_path_I/u_interp/add_54_C76_C103_C140/Z_9' has no loads. (LINT-2)
Warning: In design 'ASIC_Top', net 'u_path_I/u_interp/net1219' driven by pin 'u_path_I/u_interp/add_54_C76_C103_C140/Z_10' has no loads. (LINT-2)
Warning: In design 'ASIC_Top', net 'u_path_I/u_interp/net1218' driven by pin 'u_path_I/u_interp/add_54_C76_C103_C140/Z_11' has no loads. (LINT-2)
Warning: In design 'ASIC_Top', net 'u_path_I/u_interp/net1217' driven by pin 'u_path_I/u_interp/add_54_C76_C103_C140/Z_12' has no loads. (LINT-2)
Warning: In design 'ASIC_Top', net 'u_path_I/u_interp/net1216' driven by pin 'u_path_I/u_interp/add_54_C73_C108_C141/Z_0' has no loads. (LINT-2)
Warning: In design 'ASIC_Top', net 'u_path_I/u_interp/net1215' driven by pin 'u_path_I/u_interp/add_54_C73_C108_C141/Z_1' has no loads. (LINT-2)
Warning: In design 'ASIC_Top', net 'u_path_I/u_interp/net1214' driven by pin 'u_path_I/u_interp/add_54_C73_C108_C141/Z_2' has no loads. (LINT-2)
Warning: In design 'ASIC_Top', net 'u_path_I/u_interp/net1213' driven by pin 'u_path_I/u_interp/add_54_C73_C108_C141/Z_3' has no loads. (LINT-2)
Warning: In design 'ASIC_Top', net 'u_path_I/u_interp/net1212' driven by pin 'u_path_I/u_interp/add_54_C73_C108_C141/Z_4' has no loads. (LINT-2)
Warning: In design 'ASIC_Top', net 'u_path_I/u_interp/net1211' driven by pin 'u_path_I/u_interp/add_54_C73_C108_C141/Z_5' has no loads. (LINT-2)
Warning: In design 'ASIC_Top', net 'u_path_I/u_interp/net1210' driven by pin 'u_path_I/u_interp/add_54_C73_C108_C141/Z_6' has no loads. (LINT-2)
Warning: In design 'ASIC_Top', net 'u_path_I/u_interp/net1209' driven by pin 'u_path_I/u_interp/add_54_C73_C108_C141/Z_7' has no loads. (LINT-2)
Warning: In design 'ASIC_Top', net 'u_path_I/u_interp/net1208' driven by pin 'u_path_I/u_interp/add_54_C73_C108_C141/Z_8' has no loads. (LINT-2)
Warning: In design 'ASIC_Top', net 'u_path_I/u_interp/net1207' driven by pin 'u_path_I/u_interp/add_54_C73_C108_C141/Z_9' has no loads. (LINT-2)
Warning: In design 'ASIC_Top', net 'u_path_I/u_interp/net1206' driven by pin 'u_path_I/u_interp/add_54_C73_C108_C141/Z_10' has no loads. (LINT-2)
Warning: In design 'ASIC_Top', net 'u_path_I/u_interp/net1205' driven by pin 'u_path_I/u_interp/add_54_C73_C108_C141/Z_11' has no loads. (LINT-2)
Warning: In design 'ASIC_Top', net 'u_path_I/u_interp/net1204' driven by pin 'u_path_I/u_interp/add_54_C73_C108_C141/Z_12' has no loads. (LINT-2)
Warning: In design 'ASIC_Top', net 'u_path_I/u_interp/net1203' driven by pin 'u_path_I/u_interp/add_54_C73_C107_C141/Z_0' has no loads. (LINT-2)
Warning: In design 'ASIC_Top', net 'u_path_I/u_interp/net1202' driven by pin 'u_path_I/u_interp/add_54_C73_C107_C141/Z_1' has no loads. (LINT-2)
Warning: In design 'ASIC_Top', net 'u_path_I/u_interp/net1201' driven by pin 'u_path_I/u_interp/add_54_C73_C107_C141/Z_2' has no loads. (LINT-2)
Warning: In design 'ASIC_Top', net 'u_path_I/u_interp/net1200' driven by pin 'u_path_I/u_interp/add_54_C73_C107_C141/Z_3' has no loads. (LINT-2)
Warning: In design 'ASIC_Top', net 'u_path_I/u_interp/net1199' driven by pin 'u_path_I/u_interp/add_54_C73_C107_C141/Z_4' has no loads. (LINT-2)
Warning: In design 'ASIC_Top', net 'u_path_I/u_interp/net1198' driven by pin 'u_path_I/u_interp/add_54_C73_C107_C141/Z_5' has no loads. (LINT-2)
Warning: In design 'ASIC_Top', net 'u_path_I/u_interp/net1197' driven by pin 'u_path_I/u_interp/add_54_C73_C107_C141/Z_6' has no loads. (LINT-2)
Warning: In design 'ASIC_Top', net 'u_path_I/u_interp/net1196' driven by pin 'u_path_I/u_interp/add_54_C73_C107_C141/Z_7' has no loads. (LINT-2)
Warning: In design 'ASIC_Top', net 'u_path_I/u_interp/net1195' driven by pin 'u_path_I/u_interp/add_54_C73_C107_C141/Z_8' has no loads. (LINT-2)
Warning: In design 'ASIC_Top', net 'u_path_I/u_interp/net1194' driven by pin 'u_path_I/u_interp/add_54_C73_C107_C141/Z_9' has no loads. (LINT-2)
Warning: In design 'ASIC_Top', net 'u_path_I/u_interp/net1193' driven by pin 'u_path_I/u_interp/add_54_C73_C107_C141/Z_10' has no loads. (LINT-2)
Warning: In design 'ASIC_Top', net 'u_path_I/u_interp/net1192' driven by pin 'u_path_I/u_interp/add_54_C73_C107_C141/Z_11' has no loads. (LINT-2)
Warning: In design 'ASIC_Top', net 'u_path_I/u_interp/net1191' driven by pin 'u_path_I/u_interp/add_54_C73_C107_C141/Z_12' has no loads. (LINT-2)
Warning: In design 'ASIC_Top', net 'u_path_I/u_interp/net1190' driven by pin 'u_path_I/u_interp/add_54_C73_C106_C141/Z_0' has no loads. (LINT-2)
Warning: In design 'ASIC_Top', net 'u_path_I/u_interp/net1189' driven by pin 'u_path_I/u_interp/add_54_C73_C106_C141/Z_1' has no loads. (LINT-2)
Warning: In design 'ASIC_Top', net 'u_path_I/u_interp/net1188' driven by pin 'u_path_I/u_interp/add_54_C73_C106_C141/Z_2' has no loads. (LINT-2)
Warning: In design 'ASIC_Top', net 'u_path_I/u_interp/net1187' driven by pin 'u_path_I/u_interp/add_54_C73_C106_C141/Z_3' has no loads. (LINT-2)
Warning: In design 'ASIC_Top', net 'u_path_I/u_interp/net1186' driven by pin 'u_path_I/u_interp/add_54_C73_C106_C141/Z_4' has no loads. (LINT-2)
Warning: In design 'ASIC_Top', net 'u_path_I/u_interp/net1185' driven by pin 'u_path_I/u_interp/add_54_C73_C106_C141/Z_5' has no loads. (LINT-2)
Warning: In design 'ASIC_Top', net 'u_path_I/u_interp/net1184' driven by pin 'u_path_I/u_interp/add_54_C73_C106_C141/Z_6' has no loads. (LINT-2)
Warning: In design 'ASIC_Top', net 'u_path_I/u_interp/net1183' driven by pin 'u_path_I/u_interp/add_54_C73_C106_C141/Z_7' has no loads. (LINT-2)
Warning: In design 'ASIC_Top', net 'u_path_I/u_interp/net1182' driven by pin 'u_path_I/u_interp/add_54_C73_C106_C141/Z_8' has no loads. (LINT-2)
Warning: In design 'ASIC_Top', net 'u_path_I/u_interp/net1181' driven by pin 'u_path_I/u_interp/add_54_C73_C106_C141/Z_9' has no loads. (LINT-2)
Warning: In design 'ASIC_Top', net 'u_path_I/u_interp/net1180' driven by pin 'u_path_I/u_interp/add_54_C73_C106_C141/Z_10' has no loads. (LINT-2)
Warning: In design 'ASIC_Top', net 'u_path_I/u_interp/net1179' driven by pin 'u_path_I/u_interp/add_54_C73_C106_C141/Z_11' has no loads. (LINT-2)
Warning: In design 'ASIC_Top', net 'u_path_I/u_interp/net1178' driven by pin 'u_path_I/u_interp/add_54_C73_C106_C141/Z_12' has no loads. (LINT-2)
Warning: In design 'ASIC_Top', net 'u_path_I/u_interp/net1177' driven by pin 'u_path_I/u_interp/add_54_C76_C101_C141/Z_0' has no loads. (LINT-2)
Warning: In design 'ASIC_Top', net 'u_path_I/u_interp/net1176' driven by pin 'u_path_I/u_interp/add_54_C76_C101_C141/Z_1' has no loads. (LINT-2)
Warning: In design 'ASIC_Top', net 'u_path_I/u_interp/net1175' driven by pin 'u_path_I/u_interp/add_54_C76_C101_C141/Z_2' has no loads. (LINT-2)
Warning: In design 'ASIC_Top', net 'u_path_I/u_interp/net1174' driven by pin 'u_path_I/u_interp/add_54_C76_C101_C141/Z_3' has no loads. (LINT-2)
Warning: In design 'ASIC_Top', net 'u_path_I/u_interp/net1173' driven by pin 'u_path_I/u_interp/add_54_C76_C101_C141/Z_4' has no loads. (LINT-2)
Warning: In design 'ASIC_Top', net 'u_path_I/u_interp/net1172' driven by pin 'u_path_I/u_interp/add_54_C76_C101_C141/Z_5' has no loads. (LINT-2)
Warning: In design 'ASIC_Top', net 'u_path_I/u_interp/net1171' driven by pin 'u_path_I/u_interp/add_54_C76_C101_C141/Z_6' has no loads. (LINT-2)
Warning: In design 'ASIC_Top', net 'u_path_I/u_interp/net1170' driven by pin 'u_path_I/u_interp/add_54_C76_C101_C141/Z_7' has no loads. (LINT-2)
Warning: In design 'ASIC_Top', net 'u_path_I/u_interp/net1169' driven by pin 'u_path_I/u_interp/add_54_C76_C101_C141/Z_8' has no loads. (LINT-2)
Warning: In design 'ASIC_Top', net 'u_path_I/u_interp/net1168' driven by pin 'u_path_I/u_interp/add_54_C76_C101_C141/Z_9' has no loads. (LINT-2)
Warning: In design 'ASIC_Top', net 'u_path_I/u_interp/net1167' driven by pin 'u_path_I/u_interp/add_54_C76_C101_C141/Z_10' has no loads. (LINT-2)
Warning: In design 'ASIC_Top', net 'u_path_I/u_interp/net1166' driven by pin 'u_path_I/u_interp/add_54_C76_C101_C141/Z_11' has no loads. (LINT-2)
Warning: In design 'ASIC_Top', net 'u_path_I/u_interp/net1165' driven by pin 'u_path_I/u_interp/add_54_C76_C101_C141/Z_12' has no loads. (LINT-2)
Warning: In design 'ASIC_Top', net 'u_path_I/u_interp/net1164' driven by pin 'u_path_I/u_interp/add_54_C76_C103_C141/Z_0' has no loads. (LINT-2)
Warning: In design 'ASIC_Top', net 'u_path_I/u_interp/net1163' driven by pin 'u_path_I/u_interp/add_54_C76_C103_C141/Z_1' has no loads. (LINT-2)
Warning: In design 'ASIC_Top', net 'u_path_I/u_interp/net1162' driven by pin 'u_path_I/u_interp/add_54_C76_C103_C141/Z_2' has no loads. (LINT-2)
Warning: In design 'ASIC_Top', net 'u_path_I/u_interp/net1161' driven by pin 'u_path_I/u_interp/add_54_C76_C103_C141/Z_3' has no loads. (LINT-2)
Warning: In design 'ASIC_Top', net 'u_path_I/u_interp/net1160' driven by pin 'u_path_I/u_interp/add_54_C76_C103_C141/Z_4' has no loads. (LINT-2)
Warning: In design 'ASIC_Top', net 'u_path_I/u_interp/net1159' driven by pin 'u_path_I/u_interp/add_54_C76_C103_C141/Z_5' has no loads. (LINT-2)
Warning: In design 'ASIC_Top', net 'u_path_I/u_interp/net1158' driven by pin 'u_path_I/u_interp/add_54_C76_C103_C141/Z_6' has no loads. (LINT-2)
Warning: In design 'ASIC_Top', net 'u_path_I/u_interp/net1157' driven by pin 'u_path_I/u_interp/add_54_C76_C103_C141/Z_7' has no loads. (LINT-2)
Warning: In design 'ASIC_Top', net 'u_path_I/u_interp/net1156' driven by pin 'u_path_I/u_interp/add_54_C76_C103_C141/Z_8' has no loads. (LINT-2)
Warning: In design 'ASIC_Top', net 'u_path_I/u_interp/net1155' driven by pin 'u_path_I/u_interp/add_54_C76_C103_C141/Z_9' has no loads. (LINT-2)
Warning: In design 'ASIC_Top', net 'u_path_I/u_interp/net1154' driven by pin 'u_path_I/u_interp/add_54_C76_C103_C141/Z_10' has no loads. (LINT-2)
Warning: In design 'ASIC_Top', net 'u_path_I/u_interp/net1153' driven by pin 'u_path_I/u_interp/add_54_C76_C103_C141/Z_11' has no loads. (LINT-2)
Warning: In design 'ASIC_Top', net 'u_path_I/u_interp/net1152' driven by pin 'u_path_I/u_interp/add_54_C76_C103_C141/Z_12' has no loads. (LINT-2)
Warning: In design 'ASIC_Top', net 'u_path_I/u_interp/net1151' driven by pin 'u_path_I/u_interp/add_54_C73_C108_C142/Z_0' has no loads. (LINT-2)
Warning: In design 'ASIC_Top', net 'u_path_I/u_interp/net1150' driven by pin 'u_path_I/u_interp/add_54_C73_C108_C142/Z_1' has no loads. (LINT-2)
Warning: In design 'ASIC_Top', net 'u_path_I/u_interp/net1149' driven by pin 'u_path_I/u_interp/add_54_C73_C108_C142/Z_2' has no loads. (LINT-2)
Warning: In design 'ASIC_Top', net 'u_path_I/u_interp/net1148' driven by pin 'u_path_I/u_interp/add_54_C73_C108_C142/Z_3' has no loads. (LINT-2)
Warning: In design 'ASIC_Top', net 'u_path_I/u_interp/net1147' driven by pin 'u_path_I/u_interp/add_54_C73_C108_C142/Z_4' has no loads. (LINT-2)
Warning: In design 'ASIC_Top', net 'u_path_I/u_interp/net1146' driven by pin 'u_path_I/u_interp/add_54_C73_C108_C142/Z_5' has no loads. (LINT-2)
Warning: In design 'ASIC_Top', net 'u_path_I/u_interp/net1145' driven by pin 'u_path_I/u_interp/add_54_C73_C108_C142/Z_6' has no loads. (LINT-2)
Warning: In design 'ASIC_Top', net 'u_path_I/u_interp/net1144' driven by pin 'u_path_I/u_interp/add_54_C73_C108_C142/Z_7' has no loads. (LINT-2)
Warning: In design 'ASIC_Top', net 'u_path_I/u_interp/net1143' driven by pin 'u_path_I/u_interp/add_54_C73_C108_C142/Z_8' has no loads. (LINT-2)
Warning: In design 'ASIC_Top', net 'u_path_I/u_interp/net1142' driven by pin 'u_path_I/u_interp/add_54_C73_C108_C142/Z_9' has no loads. (LINT-2)
Warning: In design 'ASIC_Top', net 'u_path_I/u_interp/net1141' driven by pin 'u_path_I/u_interp/add_54_C73_C108_C142/Z_10' has no loads. (LINT-2)
Warning: In design 'ASIC_Top', net 'u_path_I/u_interp/net1140' driven by pin 'u_path_I/u_interp/add_54_C73_C108_C142/Z_11' has no loads. (LINT-2)
Warning: In design 'ASIC_Top', net 'u_path_I/u_interp/net1139' driven by pin 'u_path_I/u_interp/add_54_C73_C108_C142/Z_12' has no loads. (LINT-2)
Warning: In design 'ASIC_Top', net 'u_path_I/u_interp/net1138' driven by pin 'u_path_I/u_interp/add_54_C73_C107_C142/Z_0' has no loads. (LINT-2)
Warning: In design 'ASIC_Top', net 'u_path_I/u_interp/net1137' driven by pin 'u_path_I/u_interp/add_54_C73_C107_C142/Z_1' has no loads. (LINT-2)
Warning: In design 'ASIC_Top', net 'u_path_I/u_interp/net1136' driven by pin 'u_path_I/u_interp/add_54_C73_C107_C142/Z_2' has no loads. (LINT-2)
Warning: In design 'ASIC_Top', net 'u_path_I/u_interp/net1135' driven by pin 'u_path_I/u_interp/add_54_C73_C107_C142/Z_3' has no loads. (LINT-2)
Warning: In design 'ASIC_Top', net 'u_path_I/u_interp/net1134' driven by pin 'u_path_I/u_interp/add_54_C73_C107_C142/Z_4' has no loads. (LINT-2)
Warning: In design 'ASIC_Top', net 'u_path_I/u_interp/net1133' driven by pin 'u_path_I/u_interp/add_54_C73_C107_C142/Z_5' has no loads. (LINT-2)
Warning: In design 'ASIC_Top', net 'u_path_I/u_interp/net1132' driven by pin 'u_path_I/u_interp/add_54_C73_C107_C142/Z_6' has no loads. (LINT-2)
Warning: In design 'ASIC_Top', net 'u_path_I/u_interp/net1131' driven by pin 'u_path_I/u_interp/add_54_C73_C107_C142/Z_7' has no loads. (LINT-2)
Warning: In design 'ASIC_Top', net 'u_path_I/u_interp/net1130' driven by pin 'u_path_I/u_interp/add_54_C73_C107_C142/Z_8' has no loads. (LINT-2)
Warning: In design 'ASIC_Top', net 'u_path_I/u_interp/net1129' driven by pin 'u_path_I/u_interp/add_54_C73_C107_C142/Z_9' has no loads. (LINT-2)
Warning: In design 'ASIC_Top', net 'u_path_I/u_interp/net1128' driven by pin 'u_path_I/u_interp/add_54_C73_C107_C142/Z_10' has no loads. (LINT-2)
Warning: In design 'ASIC_Top', net 'u_path_I/u_interp/net1127' driven by pin 'u_path_I/u_interp/add_54_C73_C107_C142/Z_11' has no loads. (LINT-2)
Warning: In design 'ASIC_Top', net 'u_path_I/u_interp/net1126' driven by pin 'u_path_I/u_interp/add_54_C73_C107_C142/Z_12' has no loads. (LINT-2)
Warning: In design 'ASIC_Top', net 'u_path_I/u_interp/net1125' driven by pin 'u_path_I/u_interp/add_54_C73_C106_C142/Z_0' has no loads. (LINT-2)
Warning: In design 'ASIC_Top', net 'u_path_I/u_interp/net1124' driven by pin 'u_path_I/u_interp/add_54_C73_C106_C142/Z_1' has no loads. (LINT-2)
Warning: In design 'ASIC_Top', net 'u_path_I/u_interp/net1123' driven by pin 'u_path_I/u_interp/add_54_C73_C106_C142/Z_2' has no loads. (LINT-2)
Warning: In design 'ASIC_Top', net 'u_path_I/u_interp/net1122' driven by pin 'u_path_I/u_interp/add_54_C73_C106_C142/Z_3' has no loads. (LINT-2)
Warning: In design 'ASIC_Top', net 'u_path_I/u_interp/net1121' driven by pin 'u_path_I/u_interp/add_54_C73_C106_C142/Z_4' has no loads. (LINT-2)
Warning: In design 'ASIC_Top', net 'u_path_I/u_interp/net1120' driven by pin 'u_path_I/u_interp/add_54_C73_C106_C142/Z_5' has no loads. (LINT-2)
Warning: In design 'ASIC_Top', net 'u_path_I/u_interp/net1119' driven by pin 'u_path_I/u_interp/add_54_C73_C106_C142/Z_6' has no loads. (LINT-2)
Warning: In design 'ASIC_Top', net 'u_path_I/u_interp/net1118' driven by pin 'u_path_I/u_interp/add_54_C73_C106_C142/Z_7' has no loads. (LINT-2)
Warning: In design 'ASIC_Top', net 'u_path_I/u_interp/net1117' driven by pin 'u_path_I/u_interp/add_54_C73_C106_C142/Z_8' has no loads. (LINT-2)
Warning: In design 'ASIC_Top', net 'u_path_I/u_interp/net1116' driven by pin 'u_path_I/u_interp/add_54_C73_C106_C142/Z_9' has no loads. (LINT-2)
Warning: In design 'ASIC_Top', net 'u_path_I/u_interp/net1115' driven by pin 'u_path_I/u_interp/add_54_C73_C106_C142/Z_10' has no loads. (LINT-2)
Warning: In design 'ASIC_Top', net 'u_path_I/u_interp/net1114' driven by pin 'u_path_I/u_interp/add_54_C73_C106_C142/Z_11' has no loads. (LINT-2)
Warning: In design 'ASIC_Top', net 'u_path_I/u_interp/net1113' driven by pin 'u_path_I/u_interp/add_54_C73_C106_C142/Z_12' has no loads. (LINT-2)
Warning: In design 'ASIC_Top', net 'u_path_I/u_interp/net1112' driven by pin 'u_path_I/u_interp/add_54_C76_C101_C142/Z_0' has no loads. (LINT-2)
Warning: In design 'ASIC_Top', net 'u_path_I/u_interp/net1111' driven by pin 'u_path_I/u_interp/add_54_C76_C101_C142/Z_1' has no loads. (LINT-2)
Warning: In design 'ASIC_Top', net 'u_path_I/u_interp/net1110' driven by pin 'u_path_I/u_interp/add_54_C76_C101_C142/Z_2' has no loads. (LINT-2)
Warning: In design 'ASIC_Top', net 'u_path_I/u_interp/net1109' driven by pin 'u_path_I/u_interp/add_54_C76_C101_C142/Z_3' has no loads. (LINT-2)
Warning: In design 'ASIC_Top', net 'u_path_I/u_interp/net1108' driven by pin 'u_path_I/u_interp/add_54_C76_C101_C142/Z_4' has no loads. (LINT-2)
Warning: In design 'ASIC_Top', net 'u_path_I/u_interp/net1107' driven by pin 'u_path_I/u_interp/add_54_C76_C101_C142/Z_5' has no loads. (LINT-2)
Warning: In design 'ASIC_Top', net 'u_path_I/u_interp/net1106' driven by pin 'u_path_I/u_interp/add_54_C76_C101_C142/Z_6' has no loads. (LINT-2)
Warning: In design 'ASIC_Top', net 'u_path_I/u_interp/net1105' driven by pin 'u_path_I/u_interp/add_54_C76_C101_C142/Z_7' has no loads. (LINT-2)
Warning: In design 'ASIC_Top', net 'u_path_I/u_interp/net1104' driven by pin 'u_path_I/u_interp/add_54_C76_C101_C142/Z_8' has no loads. (LINT-2)
Warning: In design 'ASIC_Top', net 'u_path_I/u_interp/net1103' driven by pin 'u_path_I/u_interp/add_54_C76_C101_C142/Z_9' has no loads. (LINT-2)
Warning: In design 'ASIC_Top', net 'u_path_I/u_interp/net1102' driven by pin 'u_path_I/u_interp/add_54_C76_C101_C142/Z_10' has no loads. (LINT-2)
Warning: In design 'ASIC_Top', net 'u_path_I/u_interp/net1101' driven by pin 'u_path_I/u_interp/add_54_C76_C101_C142/Z_11' has no loads. (LINT-2)
Warning: In design 'ASIC_Top', net 'u_path_I/u_interp/net1100' driven by pin 'u_path_I/u_interp/add_54_C76_C101_C142/Z_12' has no loads. (LINT-2)
Warning: In design 'ASIC_Top', net 'u_path_I/u_interp/net1099' driven by pin 'u_path_I/u_interp/add_54_C76_C103_C142/Z_0' has no loads. (LINT-2)
Warning: In design 'ASIC_Top', net 'u_path_I/u_interp/net1098' driven by pin 'u_path_I/u_interp/add_54_C76_C103_C142/Z_1' has no loads. (LINT-2)
Warning: In design 'ASIC_Top', net 'u_path_I/u_interp/net1097' driven by pin 'u_path_I/u_interp/add_54_C76_C103_C142/Z_2' has no loads. (LINT-2)
Warning: In design 'ASIC_Top', net 'u_path_I/u_interp/net1096' driven by pin 'u_path_I/u_interp/add_54_C76_C103_C142/Z_3' has no loads. (LINT-2)
Warning: In design 'ASIC_Top', net 'u_path_I/u_interp/net1095' driven by pin 'u_path_I/u_interp/add_54_C76_C103_C142/Z_4' has no loads. (LINT-2)
Warning: In design 'ASIC_Top', net 'u_path_I/u_interp/net1094' driven by pin 'u_path_I/u_interp/add_54_C76_C103_C142/Z_5' has no loads. (LINT-2)
Warning: In design 'ASIC_Top', net 'u_path_I/u_interp/net1093' driven by pin 'u_path_I/u_interp/add_54_C76_C103_C142/Z_6' has no loads. (LINT-2)
Warning: In design 'ASIC_Top', net 'u_path_I/u_interp/net1092' driven by pin 'u_path_I/u_interp/add_54_C76_C103_C142/Z_7' has no loads. (LINT-2)
Warning: In design 'ASIC_Top', net 'u_path_I/u_interp/net1091' driven by pin 'u_path_I/u_interp/add_54_C76_C103_C142/Z_8' has no loads. (LINT-2)
Warning: In design 'ASIC_Top', net 'u_path_I/u_interp/net1090' driven by pin 'u_path_I/u_interp/add_54_C76_C103_C142/Z_9' has no loads. (LINT-2)
Warning: In design 'ASIC_Top', net 'u_path_I/u_interp/net1089' driven by pin 'u_path_I/u_interp/add_54_C76_C103_C142/Z_10' has no loads. (LINT-2)
Warning: In design 'ASIC_Top', net 'u_path_I/u_interp/net1088' driven by pin 'u_path_I/u_interp/add_54_C76_C103_C142/Z_11' has no loads. (LINT-2)
Warning: In design 'ASIC_Top', net 'u_path_I/u_interp/net1087' driven by pin 'u_path_I/u_interp/add_54_C76_C103_C142/Z_12' has no loads. (LINT-2)
Warning: In design 'ASIC_Top', net 'u_path_I/u_interp/net1086' driven by pin 'u_path_I/u_interp/add_54_C73_C109_C139/Z_0' has no loads. (LINT-2)
Warning: In design 'ASIC_Top', net 'u_path_I/u_interp/net1085' driven by pin 'u_path_I/u_interp/add_54_C73_C109_C139/Z_1' has no loads. (LINT-2)
Warning: In design 'ASIC_Top', net 'u_path_I/u_interp/net1084' driven by pin 'u_path_I/u_interp/add_54_C73_C109_C139/Z_2' has no loads. (LINT-2)
Warning: In design 'ASIC_Top', net 'u_path_I/u_interp/net1083' driven by pin 'u_path_I/u_interp/add_54_C73_C109_C139/Z_3' has no loads. (LINT-2)
Warning: In design 'ASIC_Top', net 'u_path_I/u_interp/net1082' driven by pin 'u_path_I/u_interp/add_54_C73_C109_C139/Z_4' has no loads. (LINT-2)
Warning: In design 'ASIC_Top', net 'u_path_I/u_interp/net1081' driven by pin 'u_path_I/u_interp/add_54_C73_C109_C139/Z_5' has no loads. (LINT-2)
Warning: In design 'ASIC_Top', net 'u_path_I/u_interp/net1080' driven by pin 'u_path_I/u_interp/add_54_C73_C109_C139/Z_6' has no loads. (LINT-2)
Warning: In design 'ASIC_Top', net 'u_path_I/u_interp/net1079' driven by pin 'u_path_I/u_interp/add_54_C73_C109_C139/Z_7' has no loads. (LINT-2)
Warning: In design 'ASIC_Top', net 'u_path_I/u_interp/net1078' driven by pin 'u_path_I/u_interp/add_54_C73_C109_C139/Z_8' has no loads. (LINT-2)
Warning: In design 'ASIC_Top', net 'u_path_I/u_interp/net1077' driven by pin 'u_path_I/u_interp/add_54_C73_C109_C139/Z_9' has no loads. (LINT-2)
Warning: In design 'ASIC_Top', net 'u_path_I/u_interp/net1076' driven by pin 'u_path_I/u_interp/add_54_C73_C109_C139/Z_10' has no loads. (LINT-2)
Warning: In design 'ASIC_Top', net 'u_path_I/u_interp/net1075' driven by pin 'u_path_I/u_interp/add_54_C73_C109_C139/Z_11' has no loads. (LINT-2)
Warning: In design 'ASIC_Top', net 'u_path_I/u_interp/net1074' driven by pin 'u_path_I/u_interp/add_54_C73_C109_C139/Z_12' has no loads. (LINT-2)
Warning: In design 'ASIC_Top', net 'u_path_I/u_interp/net1073' driven by pin 'u_path_I/u_interp/add_54_C73_C109_C140/Z_0' has no loads. (LINT-2)
Warning: In design 'ASIC_Top', net 'u_path_I/u_interp/net1072' driven by pin 'u_path_I/u_interp/add_54_C73_C109_C140/Z_1' has no loads. (LINT-2)
Warning: In design 'ASIC_Top', net 'u_path_I/u_interp/net1071' driven by pin 'u_path_I/u_interp/add_54_C73_C109_C140/Z_2' has no loads. (LINT-2)
Warning: In design 'ASIC_Top', net 'u_path_I/u_interp/net1070' driven by pin 'u_path_I/u_interp/add_54_C73_C109_C140/Z_3' has no loads. (LINT-2)
Warning: In design 'ASIC_Top', net 'u_path_I/u_interp/net1069' driven by pin 'u_path_I/u_interp/add_54_C73_C109_C140/Z_4' has no loads. (LINT-2)
Warning: In design 'ASIC_Top', net 'u_path_I/u_interp/net1068' driven by pin 'u_path_I/u_interp/add_54_C73_C109_C140/Z_5' has no loads. (LINT-2)
Warning: In design 'ASIC_Top', net 'u_path_I/u_interp/net1067' driven by pin 'u_path_I/u_interp/add_54_C73_C109_C140/Z_6' has no loads. (LINT-2)
Warning: In design 'ASIC_Top', net 'u_path_I/u_interp/net1066' driven by pin 'u_path_I/u_interp/add_54_C73_C109_C140/Z_7' has no loads. (LINT-2)
Warning: In design 'ASIC_Top', net 'u_path_I/u_interp/net1065' driven by pin 'u_path_I/u_interp/add_54_C73_C109_C140/Z_8' has no loads. (LINT-2)
Warning: In design 'ASIC_Top', net 'u_path_I/u_interp/net1064' driven by pin 'u_path_I/u_interp/add_54_C73_C109_C140/Z_9' has no loads. (LINT-2)
Warning: In design 'ASIC_Top', net 'u_path_I/u_interp/net1063' driven by pin 'u_path_I/u_interp/add_54_C73_C109_C140/Z_10' has no loads. (LINT-2)
Warning: In design 'ASIC_Top', net 'u_path_I/u_interp/net1062' driven by pin 'u_path_I/u_interp/add_54_C73_C109_C140/Z_11' has no loads. (LINT-2)
Warning: In design 'ASIC_Top', net 'u_path_I/u_interp/net1061' driven by pin 'u_path_I/u_interp/add_54_C73_C109_C140/Z_12' has no loads. (LINT-2)
Warning: In design 'ASIC_Top', net 'u_path_I/u_interp/net1060' driven by pin 'u_path_I/u_interp/add_54_C73_C109_C141/Z_0' has no loads. (LINT-2)
Warning: In design 'ASIC_Top', net 'u_path_I/u_interp/net1059' driven by pin 'u_path_I/u_interp/add_54_C73_C109_C141/Z_1' has no loads. (LINT-2)
Warning: In design 'ASIC_Top', net 'u_path_I/u_interp/net1058' driven by pin 'u_path_I/u_interp/add_54_C73_C109_C141/Z_2' has no loads. (LINT-2)
Warning: In design 'ASIC_Top', net 'u_path_I/u_interp/net1057' driven by pin 'u_path_I/u_interp/add_54_C73_C109_C141/Z_3' has no loads. (LINT-2)
Warning: In design 'ASIC_Top', net 'u_path_I/u_interp/net1056' driven by pin 'u_path_I/u_interp/add_54_C73_C109_C141/Z_4' has no loads. (LINT-2)
Warning: In design 'ASIC_Top', net 'u_path_I/u_interp/net1055' driven by pin 'u_path_I/u_interp/add_54_C73_C109_C141/Z_5' has no loads. (LINT-2)
Warning: In design 'ASIC_Top', net 'u_path_I/u_interp/net1054' driven by pin 'u_path_I/u_interp/add_54_C73_C109_C141/Z_6' has no loads. (LINT-2)
Warning: In design 'ASIC_Top', net 'u_path_I/u_interp/net1053' driven by pin 'u_path_I/u_interp/add_54_C73_C109_C141/Z_7' has no loads. (LINT-2)
Warning: In design 'ASIC_Top', net 'u_path_I/u_interp/net1052' driven by pin 'u_path_I/u_interp/add_54_C73_C109_C141/Z_8' has no loads. (LINT-2)
Warning: In design 'ASIC_Top', net 'u_path_I/u_interp/net1051' driven by pin 'u_path_I/u_interp/add_54_C73_C109_C141/Z_9' has no loads. (LINT-2)
Warning: In design 'ASIC_Top', net 'u_path_I/u_interp/net1050' driven by pin 'u_path_I/u_interp/add_54_C73_C109_C141/Z_10' has no loads. (LINT-2)
Warning: In design 'ASIC_Top', net 'u_path_I/u_interp/net1049' driven by pin 'u_path_I/u_interp/add_54_C73_C109_C141/Z_11' has no loads. (LINT-2)
Warning: In design 'ASIC_Top', net 'u_path_I/u_interp/net1048' driven by pin 'u_path_I/u_interp/add_54_C73_C109_C141/Z_12' has no loads. (LINT-2)
Warning: In design 'ASIC_Top', net 'u_path_I/u_interp/net1047' driven by pin 'u_path_I/u_interp/add_54_C73_C109_C142/Z_0' has no loads. (LINT-2)
Warning: In design 'ASIC_Top', net 'u_path_I/u_interp/net1046' driven by pin 'u_path_I/u_interp/add_54_C73_C109_C142/Z_1' has no loads. (LINT-2)
Warning: In design 'ASIC_Top', net 'u_path_I/u_interp/net1045' driven by pin 'u_path_I/u_interp/add_54_C73_C109_C142/Z_2' has no loads. (LINT-2)
Warning: In design 'ASIC_Top', net 'u_path_I/u_interp/net1044' driven by pin 'u_path_I/u_interp/add_54_C73_C109_C142/Z_3' has no loads. (LINT-2)
Warning: In design 'ASIC_Top', net 'u_path_I/u_interp/net1043' driven by pin 'u_path_I/u_interp/add_54_C73_C109_C142/Z_4' has no loads. (LINT-2)
Warning: In design 'ASIC_Top', net 'u_path_I/u_interp/net1042' driven by pin 'u_path_I/u_interp/add_54_C73_C109_C142/Z_5' has no loads. (LINT-2)
Warning: In design 'ASIC_Top', net 'u_path_I/u_interp/net1041' driven by pin 'u_path_I/u_interp/add_54_C73_C109_C142/Z_6' has no loads. (LINT-2)
Warning: In design 'ASIC_Top', net 'u_path_I/u_interp/net1040' driven by pin 'u_path_I/u_interp/add_54_C73_C109_C142/Z_7' has no loads. (LINT-2)
Warning: In design 'ASIC_Top', net 'u_path_I/u_interp/net1039' driven by pin 'u_path_I/u_interp/add_54_C73_C109_C142/Z_8' has no loads. (LINT-2)
Warning: In design 'ASIC_Top', net 'u_path_I/u_interp/net1038' driven by pin 'u_path_I/u_interp/add_54_C73_C109_C142/Z_9' has no loads. (LINT-2)
Warning: In design 'ASIC_Top', net 'u_path_I/u_interp/net1037' driven by pin 'u_path_I/u_interp/add_54_C73_C109_C142/Z_10' has no loads. (LINT-2)
Warning: In design 'ASIC_Top', net 'u_path_I/u_interp/net1036' driven by pin 'u_path_I/u_interp/add_54_C73_C109_C142/Z_11' has no loads. (LINT-2)
Warning: In design 'ASIC_Top', net 'u_path_I/u_interp/net1035' driven by pin 'u_path_I/u_interp/add_54_C73_C109_C142/Z_12' has no loads. (LINT-2)
Warning: In design 'ASIC_Top', net 'u_path_I/u_interp/net1034' driven by pin 'u_path_I/u_interp/add_54_C76_C97_C139/Z_0' has no loads. (LINT-2)
Warning: In design 'ASIC_Top', net 'u_path_I/u_interp/net1033' driven by pin 'u_path_I/u_interp/add_54_C76_C97_C139/Z_1' has no loads. (LINT-2)
Warning: In design 'ASIC_Top', net 'u_path_I/u_interp/net1032' driven by pin 'u_path_I/u_interp/add_54_C76_C97_C139/Z_2' has no loads. (LINT-2)
Warning: In design 'ASIC_Top', net 'u_path_I/u_interp/net1031' driven by pin 'u_path_I/u_interp/add_54_C76_C97_C139/Z_3' has no loads. (LINT-2)
Warning: In design 'ASIC_Top', net 'u_path_I/u_interp/net1030' driven by pin 'u_path_I/u_interp/add_54_C76_C97_C139/Z_4' has no loads. (LINT-2)
Warning: In design 'ASIC_Top', net 'u_path_I/u_interp/net1029' driven by pin 'u_path_I/u_interp/add_54_C76_C97_C139/Z_5' has no loads. (LINT-2)
Warning: In design 'ASIC_Top', net 'u_path_I/u_interp/net1028' driven by pin 'u_path_I/u_interp/add_54_C76_C97_C139/Z_6' has no loads. (LINT-2)
Warning: In design 'ASIC_Top', net 'u_path_I/u_interp/net1027' driven by pin 'u_path_I/u_interp/add_54_C76_C97_C139/Z_7' has no loads. (LINT-2)
Warning: In design 'ASIC_Top', net 'u_path_I/u_interp/net1026' driven by pin 'u_path_I/u_interp/add_54_C76_C97_C139/Z_8' has no loads. (LINT-2)
Warning: In design 'ASIC_Top', net 'u_path_I/u_interp/net1025' driven by pin 'u_path_I/u_interp/add_54_C76_C97_C139/Z_9' has no loads. (LINT-2)
Warning: In design 'ASIC_Top', net 'u_path_I/u_interp/net1024' driven by pin 'u_path_I/u_interp/add_54_C76_C97_C139/Z_10' has no loads. (LINT-2)
Warning: In design 'ASIC_Top', net 'u_path_I/u_interp/net1023' driven by pin 'u_path_I/u_interp/add_54_C76_C97_C139/Z_11' has no loads. (LINT-2)
Warning: In design 'ASIC_Top', net 'u_path_I/u_interp/net1022' driven by pin 'u_path_I/u_interp/add_54_C76_C97_C139/Z_12' has no loads. (LINT-2)
Warning: In design 'ASIC_Top', net 'u_path_I/u_interp/net1021' driven by pin 'u_path_I/u_interp/add_54_C76_C97_C140/Z_0' has no loads. (LINT-2)
Warning: In design 'ASIC_Top', net 'u_path_I/u_interp/net1020' driven by pin 'u_path_I/u_interp/add_54_C76_C97_C140/Z_1' has no loads. (LINT-2)
Warning: In design 'ASIC_Top', net 'u_path_I/u_interp/net1019' driven by pin 'u_path_I/u_interp/add_54_C76_C97_C140/Z_2' has no loads. (LINT-2)
Warning: In design 'ASIC_Top', net 'u_path_I/u_interp/net1018' driven by pin 'u_path_I/u_interp/add_54_C76_C97_C140/Z_3' has no loads. (LINT-2)
Warning: In design 'ASIC_Top', net 'u_path_I/u_interp/net1017' driven by pin 'u_path_I/u_interp/add_54_C76_C97_C140/Z_4' has no loads. (LINT-2)
Warning: In design 'ASIC_Top', net 'u_path_I/u_interp/net1016' driven by pin 'u_path_I/u_interp/add_54_C76_C97_C140/Z_5' has no loads. (LINT-2)
Warning: In design 'ASIC_Top', net 'u_path_I/u_interp/net1015' driven by pin 'u_path_I/u_interp/add_54_C76_C97_C140/Z_6' has no loads. (LINT-2)
Warning: In design 'ASIC_Top', net 'u_path_I/u_interp/net1014' driven by pin 'u_path_I/u_interp/add_54_C76_C97_C140/Z_7' has no loads. (LINT-2)
Warning: In design 'ASIC_Top', net 'u_path_I/u_interp/net1013' driven by pin 'u_path_I/u_interp/add_54_C76_C97_C140/Z_8' has no loads. (LINT-2)
Warning: In design 'ASIC_Top', net 'u_path_I/u_interp/net1012' driven by pin 'u_path_I/u_interp/add_54_C76_C97_C140/Z_9' has no loads. (LINT-2)
Warning: In design 'ASIC_Top', net 'u_path_I/u_interp/net1011' driven by pin 'u_path_I/u_interp/add_54_C76_C97_C140/Z_10' has no loads. (LINT-2)
Warning: In design 'ASIC_Top', net 'u_path_I/u_interp/net1010' driven by pin 'u_path_I/u_interp/add_54_C76_C97_C140/Z_11' has no loads. (LINT-2)
Warning: In design 'ASIC_Top', net 'u_path_I/u_interp/net1009' driven by pin 'u_path_I/u_interp/add_54_C76_C97_C140/Z_12' has no loads. (LINT-2)
Warning: In design 'ASIC_Top', net 'u_path_I/u_interp/net1008' driven by pin 'u_path_I/u_interp/add_54_C76_C97_C141/Z_0' has no loads. (LINT-2)
Warning: In design 'ASIC_Top', net 'u_path_I/u_interp/net1007' driven by pin 'u_path_I/u_interp/add_54_C76_C97_C141/Z_1' has no loads. (LINT-2)
Warning: In design 'ASIC_Top', net 'u_path_I/u_interp/net1006' driven by pin 'u_path_I/u_interp/add_54_C76_C97_C141/Z_2' has no loads. (LINT-2)
Warning: In design 'ASIC_Top', net 'u_path_I/u_interp/net1005' driven by pin 'u_path_I/u_interp/add_54_C76_C97_C141/Z_3' has no loads. (LINT-2)
Warning: In design 'ASIC_Top', net 'u_path_I/u_interp/net1004' driven by pin 'u_path_I/u_interp/add_54_C76_C97_C141/Z_4' has no loads. (LINT-2)
Warning: In design 'ASIC_Top', net 'u_path_I/u_interp/net1003' driven by pin 'u_path_I/u_interp/add_54_C76_C97_C141/Z_5' has no loads. (LINT-2)
Warning: In design 'ASIC_Top', net 'u_path_I/u_interp/net1002' driven by pin 'u_path_I/u_interp/add_54_C76_C97_C141/Z_6' has no loads. (LINT-2)
Warning: In design 'ASIC_Top', net 'u_path_I/u_interp/net1001' driven by pin 'u_path_I/u_interp/add_54_C76_C97_C141/Z_7' has no loads. (LINT-2)
Warning: In design 'ASIC_Top', net 'u_path_I/u_interp/net1000' driven by pin 'u_path_I/u_interp/add_54_C76_C97_C141/Z_8' has no loads. (LINT-2)
Warning: In design 'ASIC_Top', net 'u_path_I/u_interp/net999' driven by pin 'u_path_I/u_interp/add_54_C76_C97_C141/Z_9' has no loads. (LINT-2)
Warning: In design 'ASIC_Top', net 'u_path_I/u_interp/net998' driven by pin 'u_path_I/u_interp/add_54_C76_C97_C141/Z_10' has no loads. (LINT-2)
Warning: In design 'ASIC_Top', net 'u_path_I/u_interp/net997' driven by pin 'u_path_I/u_interp/add_54_C76_C97_C141/Z_11' has no loads. (LINT-2)
Warning: In design 'ASIC_Top', net 'u_path_I/u_interp/net996' driven by pin 'u_path_I/u_interp/add_54_C76_C97_C141/Z_12' has no loads. (LINT-2)
Warning: In design 'ASIC_Top', net 'u_path_I/u_interp/net995' driven by pin 'u_path_I/u_interp/add_54_C76_C97_C142/Z_0' has no loads. (LINT-2)
Warning: In design 'ASIC_Top', net 'u_path_I/u_interp/net994' driven by pin 'u_path_I/u_interp/add_54_C76_C97_C142/Z_1' has no loads. (LINT-2)
Warning: In design 'ASIC_Top', net 'u_path_I/u_interp/net993' driven by pin 'u_path_I/u_interp/add_54_C76_C97_C142/Z_2' has no loads. (LINT-2)
Warning: In design 'ASIC_Top', net 'u_path_I/u_interp/net992' driven by pin 'u_path_I/u_interp/add_54_C76_C97_C142/Z_3' has no loads. (LINT-2)
Warning: In design 'ASIC_Top', net 'u_path_I/u_interp/net991' driven by pin 'u_path_I/u_interp/add_54_C76_C97_C142/Z_4' has no loads. (LINT-2)
Warning: In design 'ASIC_Top', net 'u_path_I/u_interp/net990' driven by pin 'u_path_I/u_interp/add_54_C76_C97_C142/Z_5' has no loads. (LINT-2)
Warning: In design 'ASIC_Top', net 'u_path_I/u_interp/net989' driven by pin 'u_path_I/u_interp/add_54_C76_C97_C142/Z_6' has no loads. (LINT-2)
Warning: In design 'ASIC_Top', net 'u_path_I/u_interp/net988' driven by pin 'u_path_I/u_interp/add_54_C76_C97_C142/Z_7' has no loads. (LINT-2)
Warning: In design 'ASIC_Top', net 'u_path_I/u_interp/net987' driven by pin 'u_path_I/u_interp/add_54_C76_C97_C142/Z_8' has no loads. (LINT-2)
Warning: In design 'ASIC_Top', net 'u_path_I/u_interp/net986' driven by pin 'u_path_I/u_interp/add_54_C76_C97_C142/Z_9' has no loads. (LINT-2)
Warning: In design 'ASIC_Top', net 'u_path_I/u_interp/net985' driven by pin 'u_path_I/u_interp/add_54_C76_C97_C142/Z_10' has no loads. (LINT-2)
Warning: In design 'ASIC_Top', net 'u_path_I/u_interp/net984' driven by pin 'u_path_I/u_interp/add_54_C76_C97_C142/Z_11' has no loads. (LINT-2)
Warning: In design 'ASIC_Top', net 'u_path_I/u_interp/net983' driven by pin 'u_path_I/u_interp/add_54_C76_C97_C142/Z_12' has no loads. (LINT-2)
Warning: In design 'ASIC_Top', net 'u_path_I/u_interp/net982' driven by pin 'u_path_I/u_interp/add_54_C73_C102_C139/Z_0' has no loads. (LINT-2)
Warning: In design 'ASIC_Top', net 'u_path_I/u_interp/net981' driven by pin 'u_path_I/u_interp/add_54_C73_C102_C139/Z_1' has no loads. (LINT-2)
Warning: In design 'ASIC_Top', net 'u_path_I/u_interp/net980' driven by pin 'u_path_I/u_interp/add_54_C73_C102_C139/Z_2' has no loads. (LINT-2)
Warning: In design 'ASIC_Top', net 'u_path_I/u_interp/net979' driven by pin 'u_path_I/u_interp/add_54_C73_C102_C139/Z_3' has no loads. (LINT-2)
Warning: In design 'ASIC_Top', net 'u_path_I/u_interp/net978' driven by pin 'u_path_I/u_interp/add_54_C73_C102_C139/Z_4' has no loads. (LINT-2)
Warning: In design 'ASIC_Top', net 'u_path_I/u_interp/net977' driven by pin 'u_path_I/u_interp/add_54_C73_C102_C139/Z_5' has no loads. (LINT-2)
Warning: In design 'ASIC_Top', net 'u_path_I/u_interp/net976' driven by pin 'u_path_I/u_interp/add_54_C73_C102_C139/Z_6' has no loads. (LINT-2)
Warning: In design 'ASIC_Top', net 'u_path_I/u_interp/net975' driven by pin 'u_path_I/u_interp/add_54_C73_C102_C139/Z_7' has no loads. (LINT-2)
Warning: In design 'ASIC_Top', net 'u_path_I/u_interp/net974' driven by pin 'u_path_I/u_interp/add_54_C73_C102_C139/Z_8' has no loads. (LINT-2)
Warning: In design 'ASIC_Top', net 'u_path_I/u_interp/net973' driven by pin 'u_path_I/u_interp/add_54_C73_C102_C139/Z_9' has no loads. (LINT-2)
Warning: In design 'ASIC_Top', net 'u_path_I/u_interp/net972' driven by pin 'u_path_I/u_interp/add_54_C73_C102_C139/Z_10' has no loads. (LINT-2)
Warning: In design 'ASIC_Top', net 'u_path_I/u_interp/net971' driven by pin 'u_path_I/u_interp/add_54_C73_C102_C139/Z_11' has no loads. (LINT-2)
Warning: In design 'ASIC_Top', net 'u_path_I/u_interp/net970' driven by pin 'u_path_I/u_interp/add_54_C73_C102_C139/Z_12' has no loads. (LINT-2)
Warning: In design 'ASIC_Top', net 'u_path_I/u_interp/net969' driven by pin 'u_path_I/u_interp/add_54_C73_C102_C140/Z_0' has no loads. (LINT-2)
Warning: In design 'ASIC_Top', net 'u_path_I/u_interp/net968' driven by pin 'u_path_I/u_interp/add_54_C73_C102_C140/Z_1' has no loads. (LINT-2)
Warning: In design 'ASIC_Top', net 'u_path_I/u_interp/net967' driven by pin 'u_path_I/u_interp/add_54_C73_C102_C140/Z_2' has no loads. (LINT-2)
Warning: In design 'ASIC_Top', net 'u_path_I/u_interp/net966' driven by pin 'u_path_I/u_interp/add_54_C73_C102_C140/Z_3' has no loads. (LINT-2)
Warning: In design 'ASIC_Top', net 'u_path_I/u_interp/net965' driven by pin 'u_path_I/u_interp/add_54_C73_C102_C140/Z_4' has no loads. (LINT-2)
Warning: In design 'ASIC_Top', net 'u_path_I/u_interp/net964' driven by pin 'u_path_I/u_interp/add_54_C73_C102_C140/Z_5' has no loads. (LINT-2)
Warning: In design 'ASIC_Top', net 'u_path_I/u_interp/net963' driven by pin 'u_path_I/u_interp/add_54_C73_C102_C140/Z_6' has no loads. (LINT-2)
Warning: In design 'ASIC_Top', net 'u_path_I/u_interp/net962' driven by pin 'u_path_I/u_interp/add_54_C73_C102_C140/Z_7' has no loads. (LINT-2)
Warning: In design 'ASIC_Top', net 'u_path_I/u_interp/net961' driven by pin 'u_path_I/u_interp/add_54_C73_C102_C140/Z_8' has no loads. (LINT-2)
Warning: In design 'ASIC_Top', net 'u_path_I/u_interp/net960' driven by pin 'u_path_I/u_interp/add_54_C73_C102_C140/Z_9' has no loads. (LINT-2)
Warning: In design 'ASIC_Top', net 'u_path_I/u_interp/net959' driven by pin 'u_path_I/u_interp/add_54_C73_C102_C140/Z_10' has no loads. (LINT-2)
Warning: In design 'ASIC_Top', net 'u_path_I/u_interp/net958' driven by pin 'u_path_I/u_interp/add_54_C73_C102_C140/Z_11' has no loads. (LINT-2)
Warning: In design 'ASIC_Top', net 'u_path_I/u_interp/net957' driven by pin 'u_path_I/u_interp/add_54_C73_C102_C140/Z_12' has no loads. (LINT-2)
Warning: In design 'ASIC_Top', net 'u_path_I/u_interp/net956' driven by pin 'u_path_I/u_interp/add_54_C73_C102_C141/Z_0' has no loads. (LINT-2)
Warning: In design 'ASIC_Top', net 'u_path_I/u_interp/net955' driven by pin 'u_path_I/u_interp/add_54_C73_C102_C141/Z_1' has no loads. (LINT-2)
Warning: In design 'ASIC_Top', net 'u_path_I/u_interp/net954' driven by pin 'u_path_I/u_interp/add_54_C73_C102_C141/Z_2' has no loads. (LINT-2)
Warning: In design 'ASIC_Top', net 'u_path_I/u_interp/net953' driven by pin 'u_path_I/u_interp/add_54_C73_C102_C141/Z_3' has no loads. (LINT-2)
Warning: In design 'ASIC_Top', net 'u_path_I/u_interp/net952' driven by pin 'u_path_I/u_interp/add_54_C73_C102_C141/Z_4' has no loads. (LINT-2)
Warning: In design 'ASIC_Top', net 'u_path_I/u_interp/net951' driven by pin 'u_path_I/u_interp/add_54_C73_C102_C141/Z_5' has no loads. (LINT-2)
Warning: In design 'ASIC_Top', net 'u_path_I/u_interp/net950' driven by pin 'u_path_I/u_interp/add_54_C73_C102_C141/Z_6' has no loads. (LINT-2)
Warning: In design 'ASIC_Top', net 'u_path_I/u_interp/net949' driven by pin 'u_path_I/u_interp/add_54_C73_C102_C141/Z_7' has no loads. (LINT-2)
Warning: In design 'ASIC_Top', net 'u_path_I/u_interp/net948' driven by pin 'u_path_I/u_interp/add_54_C73_C102_C141/Z_8' has no loads. (LINT-2)
Warning: In design 'ASIC_Top', net 'u_path_I/u_interp/net947' driven by pin 'u_path_I/u_interp/add_54_C73_C102_C141/Z_9' has no loads. (LINT-2)
Warning: In design 'ASIC_Top', net 'u_path_I/u_interp/net946' driven by pin 'u_path_I/u_interp/add_54_C73_C102_C141/Z_10' has no loads. (LINT-2)
Warning: In design 'ASIC_Top', net 'u_path_I/u_interp/net945' driven by pin 'u_path_I/u_interp/add_54_C73_C102_C141/Z_11' has no loads. (LINT-2)
Warning: In design 'ASIC_Top', net 'u_path_I/u_interp/net944' driven by pin 'u_path_I/u_interp/add_54_C73_C102_C141/Z_12' has no loads. (LINT-2)
Warning: In design 'ASIC_Top', net 'u_path_I/u_interp/net943' driven by pin 'u_path_I/u_interp/add_54_C73_C102_C142/Z_0' has no loads. (LINT-2)
Warning: In design 'ASIC_Top', net 'u_path_I/u_interp/net942' driven by pin 'u_path_I/u_interp/add_54_C73_C102_C142/Z_1' has no loads. (LINT-2)
Warning: In design 'ASIC_Top', net 'u_path_I/u_interp/net941' driven by pin 'u_path_I/u_interp/add_54_C73_C102_C142/Z_2' has no loads. (LINT-2)
Warning: In design 'ASIC_Top', net 'u_path_I/u_interp/net940' driven by pin 'u_path_I/u_interp/add_54_C73_C102_C142/Z_3' has no loads. (LINT-2)
Warning: In design 'ASIC_Top', net 'u_path_I/u_interp/net939' driven by pin 'u_path_I/u_interp/add_54_C73_C102_C142/Z_4' has no loads. (LINT-2)
Warning: In design 'ASIC_Top', net 'u_path_I/u_interp/net938' driven by pin 'u_path_I/u_interp/add_54_C73_C102_C142/Z_5' has no loads. (LINT-2)
Warning: In design 'ASIC_Top', net 'u_path_I/u_interp/net937' driven by pin 'u_path_I/u_interp/add_54_C73_C102_C142/Z_6' has no loads. (LINT-2)
Warning: In design 'ASIC_Top', net 'u_path_I/u_interp/net936' driven by pin 'u_path_I/u_interp/add_54_C73_C102_C142/Z_7' has no loads. (LINT-2)
Warning: In design 'ASIC_Top', net 'u_path_I/u_interp/net935' driven by pin 'u_path_I/u_interp/add_54_C73_C102_C142/Z_8' has no loads. (LINT-2)
Warning: In design 'ASIC_Top', net 'u_path_I/u_interp/net934' driven by pin 'u_path_I/u_interp/add_54_C73_C102_C142/Z_9' has no loads. (LINT-2)
Warning: In design 'ASIC_Top', net 'u_path_I/u_interp/net933' driven by pin 'u_path_I/u_interp/add_54_C73_C102_C142/Z_10' has no loads. (LINT-2)
Warning: In design 'ASIC_Top', net 'u_path_I/u_interp/net932' driven by pin 'u_path_I/u_interp/add_54_C73_C102_C142/Z_11' has no loads. (LINT-2)
Warning: In design 'ASIC_Top', net 'u_path_I/u_interp/net931' driven by pin 'u_path_I/u_interp/add_54_C73_C102_C142/Z_12' has no loads. (LINT-2)
Warning: In design 'ASIC_Top', net 'u_path_I/u_interp/net930' driven by pin 'u_path_I/u_interp/add_54_C76_C98_C139/Z_0' has no loads. (LINT-2)
Warning: In design 'ASIC_Top', net 'u_path_I/u_interp/net929' driven by pin 'u_path_I/u_interp/add_54_C76_C98_C139/Z_1' has no loads. (LINT-2)
Warning: In design 'ASIC_Top', net 'u_path_I/u_interp/net928' driven by pin 'u_path_I/u_interp/add_54_C76_C98_C139/Z_2' has no loads. (LINT-2)
Warning: In design 'ASIC_Top', net 'u_path_I/u_interp/net927' driven by pin 'u_path_I/u_interp/add_54_C76_C98_C139/Z_3' has no loads. (LINT-2)
Warning: In design 'ASIC_Top', net 'u_path_I/u_interp/net926' driven by pin 'u_path_I/u_interp/add_54_C76_C98_C139/Z_4' has no loads. (LINT-2)
Warning: In design 'ASIC_Top', net 'u_path_I/u_interp/net925' driven by pin 'u_path_I/u_interp/add_54_C76_C98_C139/Z_5' has no loads. (LINT-2)
Warning: In design 'ASIC_Top', net 'u_path_I/u_interp/net924' driven by pin 'u_path_I/u_interp/add_54_C76_C98_C139/Z_6' has no loads. (LINT-2)
Warning: In design 'ASIC_Top', net 'u_path_I/u_interp/net923' driven by pin 'u_path_I/u_interp/add_54_C76_C98_C139/Z_7' has no loads. (LINT-2)
Warning: In design 'ASIC_Top', net 'u_path_I/u_interp/net922' driven by pin 'u_path_I/u_interp/add_54_C76_C98_C139/Z_8' has no loads. (LINT-2)
Warning: In design 'ASIC_Top', net 'u_path_I/u_interp/net921' driven by pin 'u_path_I/u_interp/add_54_C76_C98_C139/Z_9' has no loads. (LINT-2)
Warning: In design 'ASIC_Top', net 'u_path_I/u_interp/net920' driven by pin 'u_path_I/u_interp/add_54_C76_C98_C139/Z_10' has no loads. (LINT-2)
Warning: In design 'ASIC_Top', net 'u_path_I/u_interp/net919' driven by pin 'u_path_I/u_interp/add_54_C76_C98_C139/Z_11' has no loads. (LINT-2)
Warning: In design 'ASIC_Top', net 'u_path_I/u_interp/net918' driven by pin 'u_path_I/u_interp/add_54_C76_C98_C139/Z_12' has no loads. (LINT-2)
Warning: In design 'ASIC_Top', net 'u_path_I/u_interp/net917' driven by pin 'u_path_I/u_interp/add_54_C76_C96_C139/Z_0' has no loads. (LINT-2)
Warning: In design 'ASIC_Top', net 'u_path_I/u_interp/net916' driven by pin 'u_path_I/u_interp/add_54_C76_C96_C139/Z_1' has no loads. (LINT-2)
Warning: In design 'ASIC_Top', net 'u_path_I/u_interp/net915' driven by pin 'u_path_I/u_interp/add_54_C76_C96_C139/Z_2' has no loads. (LINT-2)
Warning: In design 'ASIC_Top', net 'u_path_I/u_interp/net914' driven by pin 'u_path_I/u_interp/add_54_C76_C96_C139/Z_3' has no loads. (LINT-2)
Warning: In design 'ASIC_Top', net 'u_path_I/u_interp/net913' driven by pin 'u_path_I/u_interp/add_54_C76_C96_C139/Z_4' has no loads. (LINT-2)
Warning: In design 'ASIC_Top', net 'u_path_I/u_interp/net912' driven by pin 'u_path_I/u_interp/add_54_C76_C96_C139/Z_5' has no loads. (LINT-2)
Warning: In design 'ASIC_Top', net 'u_path_I/u_interp/net911' driven by pin 'u_path_I/u_interp/add_54_C76_C96_C139/Z_6' has no loads. (LINT-2)
Warning: In design 'ASIC_Top', net 'u_path_I/u_interp/net910' driven by pin 'u_path_I/u_interp/add_54_C76_C96_C139/Z_7' has no loads. (LINT-2)
Warning: In design 'ASIC_Top', net 'u_path_I/u_interp/net909' driven by pin 'u_path_I/u_interp/add_54_C76_C96_C139/Z_8' has no loads. (LINT-2)
Warning: In design 'ASIC_Top', net 'u_path_I/u_interp/net908' driven by pin 'u_path_I/u_interp/add_54_C76_C96_C139/Z_9' has no loads. (LINT-2)
Warning: In design 'ASIC_Top', net 'u_path_I/u_interp/net907' driven by pin 'u_path_I/u_interp/add_54_C76_C96_C139/Z_10' has no loads. (LINT-2)
Warning: In design 'ASIC_Top', net 'u_path_I/u_interp/net906' driven by pin 'u_path_I/u_interp/add_54_C76_C96_C139/Z_11' has no loads. (LINT-2)
Warning: In design 'ASIC_Top', net 'u_path_I/u_interp/net905' driven by pin 'u_path_I/u_interp/add_54_C76_C96_C139/Z_12' has no loads. (LINT-2)
Warning: In design 'ASIC_Top', net 'u_path_I/u_interp/net904' driven by pin 'u_path_I/u_interp/add_54_C76_C98_C140/Z_0' has no loads. (LINT-2)
Warning: In design 'ASIC_Top', net 'u_path_I/u_interp/net903' driven by pin 'u_path_I/u_interp/add_54_C76_C98_C140/Z_1' has no loads. (LINT-2)
Warning: In design 'ASIC_Top', net 'u_path_I/u_interp/net902' driven by pin 'u_path_I/u_interp/add_54_C76_C98_C140/Z_2' has no loads. (LINT-2)
Warning: In design 'ASIC_Top', net 'u_path_I/u_interp/net901' driven by pin 'u_path_I/u_interp/add_54_C76_C98_C140/Z_3' has no loads. (LINT-2)
Warning: In design 'ASIC_Top', net 'u_path_I/u_interp/net900' driven by pin 'u_path_I/u_interp/add_54_C76_C98_C140/Z_4' has no loads. (LINT-2)
Warning: In design 'ASIC_Top', net 'u_path_I/u_interp/net899' driven by pin 'u_path_I/u_interp/add_54_C76_C98_C140/Z_5' has no loads. (LINT-2)
Warning: In design 'ASIC_Top', net 'u_path_I/u_interp/net898' driven by pin 'u_path_I/u_interp/add_54_C76_C98_C140/Z_6' has no loads. (LINT-2)
Warning: In design 'ASIC_Top', net 'u_path_I/u_interp/net897' driven by pin 'u_path_I/u_interp/add_54_C76_C98_C140/Z_7' has no loads. (LINT-2)
Warning: In design 'ASIC_Top', net 'u_path_I/u_interp/net896' driven by pin 'u_path_I/u_interp/add_54_C76_C98_C140/Z_8' has no loads. (LINT-2)
Warning: In design 'ASIC_Top', net 'u_path_I/u_interp/net895' driven by pin 'u_path_I/u_interp/add_54_C76_C98_C140/Z_9' has no loads. (LINT-2)
Warning: In design 'ASIC_Top', net 'u_path_I/u_interp/net894' driven by pin 'u_path_I/u_interp/add_54_C76_C98_C140/Z_10' has no loads. (LINT-2)
Warning: In design 'ASIC_Top', net 'u_path_I/u_interp/net893' driven by pin 'u_path_I/u_interp/add_54_C76_C98_C140/Z_11' has no loads. (LINT-2)
Warning: In design 'ASIC_Top', net 'u_path_I/u_interp/net892' driven by pin 'u_path_I/u_interp/add_54_C76_C98_C140/Z_12' has no loads. (LINT-2)
Warning: In design 'ASIC_Top', net 'u_path_I/u_interp/net891' driven by pin 'u_path_I/u_interp/add_54_C76_C96_C140/Z_0' has no loads. (LINT-2)
Warning: In design 'ASIC_Top', net 'u_path_I/u_interp/net890' driven by pin 'u_path_I/u_interp/add_54_C76_C96_C140/Z_1' has no loads. (LINT-2)
Warning: In design 'ASIC_Top', net 'u_path_I/u_interp/net889' driven by pin 'u_path_I/u_interp/add_54_C76_C96_C140/Z_2' has no loads. (LINT-2)
Warning: In design 'ASIC_Top', net 'u_path_I/u_interp/net888' driven by pin 'u_path_I/u_interp/add_54_C76_C96_C140/Z_3' has no loads. (LINT-2)
Warning: In design 'ASIC_Top', net 'u_path_I/u_interp/net887' driven by pin 'u_path_I/u_interp/add_54_C76_C96_C140/Z_4' has no loads. (LINT-2)
Warning: In design 'ASIC_Top', net 'u_path_I/u_interp/net886' driven by pin 'u_path_I/u_interp/add_54_C76_C96_C140/Z_5' has no loads. (LINT-2)
Warning: In design 'ASIC_Top', net 'u_path_I/u_interp/net885' driven by pin 'u_path_I/u_interp/add_54_C76_C96_C140/Z_6' has no loads. (LINT-2)
Warning: In design 'ASIC_Top', net 'u_path_I/u_interp/net884' driven by pin 'u_path_I/u_interp/add_54_C76_C96_C140/Z_7' has no loads. (LINT-2)
Warning: In design 'ASIC_Top', net 'u_path_I/u_interp/net883' driven by pin 'u_path_I/u_interp/add_54_C76_C96_C140/Z_8' has no loads. (LINT-2)
Warning: In design 'ASIC_Top', net 'u_path_I/u_interp/net882' driven by pin 'u_path_I/u_interp/add_54_C76_C96_C140/Z_9' has no loads. (LINT-2)
Warning: In design 'ASIC_Top', net 'u_path_I/u_interp/net881' driven by pin 'u_path_I/u_interp/add_54_C76_C96_C140/Z_10' has no loads. (LINT-2)
Warning: In design 'ASIC_Top', net 'u_path_I/u_interp/net880' driven by pin 'u_path_I/u_interp/add_54_C76_C96_C140/Z_11' has no loads. (LINT-2)
Warning: In design 'ASIC_Top', net 'u_path_I/u_interp/net879' driven by pin 'u_path_I/u_interp/add_54_C76_C96_C140/Z_12' has no loads. (LINT-2)
Warning: In design 'ASIC_Top', net 'u_path_I/u_interp/net878' driven by pin 'u_path_I/u_interp/add_54_C76_C98_C141/Z_0' has no loads. (LINT-2)
Warning: In design 'ASIC_Top', net 'u_path_I/u_interp/net877' driven by pin 'u_path_I/u_interp/add_54_C76_C98_C141/Z_1' has no loads. (LINT-2)
Warning: In design 'ASIC_Top', net 'u_path_I/u_interp/net876' driven by pin 'u_path_I/u_interp/add_54_C76_C98_C141/Z_2' has no loads. (LINT-2)
Warning: In design 'ASIC_Top', net 'u_path_I/u_interp/net875' driven by pin 'u_path_I/u_interp/add_54_C76_C98_C141/Z_3' has no loads. (LINT-2)
Warning: In design 'ASIC_Top', net 'u_path_I/u_interp/net874' driven by pin 'u_path_I/u_interp/add_54_C76_C98_C141/Z_4' has no loads. (LINT-2)
Warning: In design 'ASIC_Top', net 'u_path_I/u_interp/net873' driven by pin 'u_path_I/u_interp/add_54_C76_C98_C141/Z_5' has no loads. (LINT-2)
Warning: In design 'ASIC_Top', net 'u_path_I/u_interp/net872' driven by pin 'u_path_I/u_interp/add_54_C76_C98_C141/Z_6' has no loads. (LINT-2)
Warning: In design 'ASIC_Top', net 'u_path_I/u_interp/net871' driven by pin 'u_path_I/u_interp/add_54_C76_C98_C141/Z_7' has no loads. (LINT-2)
Warning: In design 'ASIC_Top', net 'u_path_I/u_interp/net870' driven by pin 'u_path_I/u_interp/add_54_C76_C98_C141/Z_8' has no loads. (LINT-2)
Warning: In design 'ASIC_Top', net 'u_path_I/u_interp/net869' driven by pin 'u_path_I/u_interp/add_54_C76_C98_C141/Z_9' has no loads. (LINT-2)
Warning: In design 'ASIC_Top', net 'u_path_I/u_interp/net868' driven by pin 'u_path_I/u_interp/add_54_C76_C98_C141/Z_10' has no loads. (LINT-2)
Warning: In design 'ASIC_Top', net 'u_path_I/u_interp/net867' driven by pin 'u_path_I/u_interp/add_54_C76_C98_C141/Z_11' has no loads. (LINT-2)
Warning: In design 'ASIC_Top', net 'u_path_I/u_interp/net866' driven by pin 'u_path_I/u_interp/add_54_C76_C98_C141/Z_12' has no loads. (LINT-2)
Warning: In design 'ASIC_Top', net 'u_path_I/u_interp/net865' driven by pin 'u_path_I/u_interp/add_54_C76_C96_C141/Z_0' has no loads. (LINT-2)
Warning: In design 'ASIC_Top', net 'u_path_I/u_interp/net864' driven by pin 'u_path_I/u_interp/add_54_C76_C96_C141/Z_1' has no loads. (LINT-2)
Warning: In design 'ASIC_Top', net 'u_path_I/u_interp/net863' driven by pin 'u_path_I/u_interp/add_54_C76_C96_C141/Z_2' has no loads. (LINT-2)
Warning: In design 'ASIC_Top', net 'u_path_I/u_interp/net862' driven by pin 'u_path_I/u_interp/add_54_C76_C96_C141/Z_3' has no loads. (LINT-2)
Warning: In design 'ASIC_Top', net 'u_path_I/u_interp/net861' driven by pin 'u_path_I/u_interp/add_54_C76_C96_C141/Z_4' has no loads. (LINT-2)
Warning: In design 'ASIC_Top', net 'u_path_I/u_interp/net860' driven by pin 'u_path_I/u_interp/add_54_C76_C96_C141/Z_5' has no loads. (LINT-2)
Warning: In design 'ASIC_Top', net 'u_path_I/u_interp/net859' driven by pin 'u_path_I/u_interp/add_54_C76_C96_C141/Z_6' has no loads. (LINT-2)
Warning: In design 'ASIC_Top', net 'u_path_I/u_interp/net858' driven by pin 'u_path_I/u_interp/add_54_C76_C96_C141/Z_7' has no loads. (LINT-2)
Warning: In design 'ASIC_Top', net 'u_path_I/u_interp/net857' driven by pin 'u_path_I/u_interp/add_54_C76_C96_C141/Z_8' has no loads. (LINT-2)
Warning: In design 'ASIC_Top', net 'u_path_I/u_interp/net856' driven by pin 'u_path_I/u_interp/add_54_C76_C96_C141/Z_9' has no loads. (LINT-2)
Warning: In design 'ASIC_Top', net 'u_path_I/u_interp/net855' driven by pin 'u_path_I/u_interp/add_54_C76_C96_C141/Z_10' has no loads. (LINT-2)
Warning: In design 'ASIC_Top', net 'u_path_I/u_interp/net854' driven by pin 'u_path_I/u_interp/add_54_C76_C96_C141/Z_11' has no loads. (LINT-2)
Warning: In design 'ASIC_Top', net 'u_path_I/u_interp/net853' driven by pin 'u_path_I/u_interp/add_54_C76_C96_C141/Z_12' has no loads. (LINT-2)
Warning: In design 'ASIC_Top', net 'u_path_I/u_interp/net852' driven by pin 'u_path_I/u_interp/add_54_C76_C98_C142/Z_0' has no loads. (LINT-2)
Warning: In design 'ASIC_Top', net 'u_path_I/u_interp/net851' driven by pin 'u_path_I/u_interp/add_54_C76_C98_C142/Z_1' has no loads. (LINT-2)
Warning: In design 'ASIC_Top', net 'u_path_I/u_interp/net850' driven by pin 'u_path_I/u_interp/add_54_C76_C98_C142/Z_2' has no loads. (LINT-2)
Warning: In design 'ASIC_Top', net 'u_path_I/u_interp/net849' driven by pin 'u_path_I/u_interp/add_54_C76_C98_C142/Z_3' has no loads. (LINT-2)
Warning: In design 'ASIC_Top', net 'u_path_I/u_interp/net848' driven by pin 'u_path_I/u_interp/add_54_C76_C98_C142/Z_4' has no loads. (LINT-2)
Warning: In design 'ASIC_Top', net 'u_path_I/u_interp/net847' driven by pin 'u_path_I/u_interp/add_54_C76_C98_C142/Z_5' has no loads. (LINT-2)
Warning: In design 'ASIC_Top', net 'u_path_I/u_interp/net846' driven by pin 'u_path_I/u_interp/add_54_C76_C98_C142/Z_6' has no loads. (LINT-2)
Warning: In design 'ASIC_Top', net 'u_path_I/u_interp/net845' driven by pin 'u_path_I/u_interp/add_54_C76_C98_C142/Z_7' has no loads. (LINT-2)
Warning: In design 'ASIC_Top', net 'u_path_I/u_interp/net844' driven by pin 'u_path_I/u_interp/add_54_C76_C98_C142/Z_8' has no loads. (LINT-2)
Warning: In design 'ASIC_Top', net 'u_path_I/u_interp/net843' driven by pin 'u_path_I/u_interp/add_54_C76_C98_C142/Z_9' has no loads. (LINT-2)
Warning: In design 'ASIC_Top', net 'u_path_I/u_interp/net842' driven by pin 'u_path_I/u_interp/add_54_C76_C98_C142/Z_10' has no loads. (LINT-2)
Warning: In design 'ASIC_Top', net 'u_path_I/u_interp/net841' driven by pin 'u_path_I/u_interp/add_54_C76_C98_C142/Z_11' has no loads. (LINT-2)
Warning: In design 'ASIC_Top', net 'u_path_I/u_interp/net840' driven by pin 'u_path_I/u_interp/add_54_C76_C98_C142/Z_12' has no loads. (LINT-2)
Warning: In design 'ASIC_Top', net 'u_path_I/u_interp/net839' driven by pin 'u_path_I/u_interp/add_54_C76_C96_C142/Z_0' has no loads. (LINT-2)
Warning: In design 'ASIC_Top', net 'u_path_I/u_interp/net838' driven by pin 'u_path_I/u_interp/add_54_C76_C96_C142/Z_1' has no loads. (LINT-2)
Warning: In design 'ASIC_Top', net 'u_path_I/u_interp/net837' driven by pin 'u_path_I/u_interp/add_54_C76_C96_C142/Z_2' has no loads. (LINT-2)
Warning: In design 'ASIC_Top', net 'u_path_I/u_interp/net836' driven by pin 'u_path_I/u_interp/add_54_C76_C96_C142/Z_3' has no loads. (LINT-2)
Warning: In design 'ASIC_Top', net 'u_path_I/u_interp/net835' driven by pin 'u_path_I/u_interp/add_54_C76_C96_C142/Z_4' has no loads. (LINT-2)
Warning: In design 'ASIC_Top', net 'u_path_I/u_interp/net834' driven by pin 'u_path_I/u_interp/add_54_C76_C96_C142/Z_5' has no loads. (LINT-2)
Warning: In design 'ASIC_Top', net 'u_path_I/u_interp/net833' driven by pin 'u_path_I/u_interp/add_54_C76_C96_C142/Z_6' has no loads. (LINT-2)
Warning: In design 'ASIC_Top', net 'u_path_I/u_interp/net832' driven by pin 'u_path_I/u_interp/add_54_C76_C96_C142/Z_7' has no loads. (LINT-2)
Warning: In design 'ASIC_Top', net 'u_path_I/u_interp/net831' driven by pin 'u_path_I/u_interp/add_54_C76_C96_C142/Z_8' has no loads. (LINT-2)
Warning: In design 'ASIC_Top', net 'u_path_I/u_interp/net830' driven by pin 'u_path_I/u_interp/add_54_C76_C96_C142/Z_9' has no loads. (LINT-2)
Warning: In design 'ASIC_Top', net 'u_path_I/u_interp/net829' driven by pin 'u_path_I/u_interp/add_54_C76_C96_C142/Z_10' has no loads. (LINT-2)
Warning: In design 'ASIC_Top', net 'u_path_I/u_interp/net828' driven by pin 'u_path_I/u_interp/add_54_C76_C96_C142/Z_11' has no loads. (LINT-2)
Warning: In design 'ASIC_Top', net 'u_path_I/u_interp/net827' driven by pin 'u_path_I/u_interp/add_54_C76_C96_C142/Z_12' has no loads. (LINT-2)
Warning: In design 'ASIC_Top', net 'u_path_I/u_interp/net826' driven by pin 'u_path_I/u_interp/add_54_C70_C108_C139/Z_0' has no loads. (LINT-2)
Warning: In design 'ASIC_Top', net 'u_path_I/u_interp/net825' driven by pin 'u_path_I/u_interp/add_54_C70_C108_C139/Z_1' has no loads. (LINT-2)
Warning: In design 'ASIC_Top', net 'u_path_I/u_interp/net824' driven by pin 'u_path_I/u_interp/add_54_C70_C108_C139/Z_2' has no loads. (LINT-2)
Warning: In design 'ASIC_Top', net 'u_path_I/u_interp/net823' driven by pin 'u_path_I/u_interp/add_54_C70_C108_C139/Z_3' has no loads. (LINT-2)
Warning: In design 'ASIC_Top', net 'u_path_I/u_interp/net822' driven by pin 'u_path_I/u_interp/add_54_C70_C108_C139/Z_4' has no loads. (LINT-2)
Warning: In design 'ASIC_Top', net 'u_path_I/u_interp/net821' driven by pin 'u_path_I/u_interp/add_54_C70_C108_C139/Z_5' has no loads. (LINT-2)
Warning: In design 'ASIC_Top', net 'u_path_I/u_interp/net820' driven by pin 'u_path_I/u_interp/add_54_C70_C108_C139/Z_6' has no loads. (LINT-2)
Warning: In design 'ASIC_Top', net 'u_path_I/u_interp/net819' driven by pin 'u_path_I/u_interp/add_54_C70_C108_C139/Z_7' has no loads. (LINT-2)
Warning: In design 'ASIC_Top', net 'u_path_I/u_interp/net818' driven by pin 'u_path_I/u_interp/add_54_C70_C108_C139/Z_8' has no loads. (LINT-2)
Warning: In design 'ASIC_Top', net 'u_path_I/u_interp/net817' driven by pin 'u_path_I/u_interp/add_54_C70_C108_C139/Z_9' has no loads. (LINT-2)
Warning: In design 'ASIC_Top', net 'u_path_I/u_interp/net816' driven by pin 'u_path_I/u_interp/add_54_C70_C108_C139/Z_10' has no loads. (LINT-2)
Warning: In design 'ASIC_Top', net 'u_path_I/u_interp/net815' driven by pin 'u_path_I/u_interp/add_54_C70_C108_C139/Z_11' has no loads. (LINT-2)
Warning: In design 'ASIC_Top', net 'u_path_I/u_interp/net814' driven by pin 'u_path_I/u_interp/add_54_C70_C108_C139/Z_12' has no loads. (LINT-2)
Warning: In design 'ASIC_Top', net 'u_path_I/u_interp/net813' driven by pin 'u_path_I/u_interp/add_54_C70_C107_C139/Z_0' has no loads. (LINT-2)
Warning: In design 'ASIC_Top', net 'u_path_I/u_interp/net812' driven by pin 'u_path_I/u_interp/add_54_C70_C107_C139/Z_1' has no loads. (LINT-2)
Warning: In design 'ASIC_Top', net 'u_path_I/u_interp/net811' driven by pin 'u_path_I/u_interp/add_54_C70_C107_C139/Z_2' has no loads. (LINT-2)
Warning: In design 'ASIC_Top', net 'u_path_I/u_interp/net810' driven by pin 'u_path_I/u_interp/add_54_C70_C107_C139/Z_3' has no loads. (LINT-2)
Warning: In design 'ASIC_Top', net 'u_path_I/u_interp/net809' driven by pin 'u_path_I/u_interp/add_54_C70_C107_C139/Z_4' has no loads. (LINT-2)
Warning: In design 'ASIC_Top', net 'u_path_I/u_interp/net808' driven by pin 'u_path_I/u_interp/add_54_C70_C107_C139/Z_5' has no loads. (LINT-2)
Warning: In design 'ASIC_Top', net 'u_path_I/u_interp/net807' driven by pin 'u_path_I/u_interp/add_54_C70_C107_C139/Z_6' has no loads. (LINT-2)
Warning: In design 'ASIC_Top', net 'u_path_I/u_interp/net806' driven by pin 'u_path_I/u_interp/add_54_C70_C107_C139/Z_7' has no loads. (LINT-2)
Warning: In design 'ASIC_Top', net 'u_path_I/u_interp/net805' driven by pin 'u_path_I/u_interp/add_54_C70_C107_C139/Z_8' has no loads. (LINT-2)
Warning: In design 'ASIC_Top', net 'u_path_I/u_interp/net804' driven by pin 'u_path_I/u_interp/add_54_C70_C107_C139/Z_9' has no loads. (LINT-2)
Warning: In design 'ASIC_Top', net 'u_path_I/u_interp/net803' driven by pin 'u_path_I/u_interp/add_54_C70_C107_C139/Z_10' has no loads. (LINT-2)
Warning: In design 'ASIC_Top', net 'u_path_I/u_interp/net802' driven by pin 'u_path_I/u_interp/add_54_C70_C107_C139/Z_11' has no loads. (LINT-2)
Warning: In design 'ASIC_Top', net 'u_path_I/u_interp/net801' driven by pin 'u_path_I/u_interp/add_54_C70_C107_C139/Z_12' has no loads. (LINT-2)
Warning: In design 'ASIC_Top', net 'u_path_I/u_interp/net800' driven by pin 'u_path_I/u_interp/add_54_C70_C106_C139/Z_0' has no loads. (LINT-2)
Warning: In design 'ASIC_Top', net 'u_path_I/u_interp/net799' driven by pin 'u_path_I/u_interp/add_54_C70_C106_C139/Z_1' has no loads. (LINT-2)
Warning: In design 'ASIC_Top', net 'u_path_I/u_interp/net798' driven by pin 'u_path_I/u_interp/add_54_C70_C106_C139/Z_2' has no loads. (LINT-2)
Warning: In design 'ASIC_Top', net 'u_path_I/u_interp/net797' driven by pin 'u_path_I/u_interp/add_54_C70_C106_C139/Z_3' has no loads. (LINT-2)
Warning: In design 'ASIC_Top', net 'u_path_I/u_interp/net796' driven by pin 'u_path_I/u_interp/add_54_C70_C106_C139/Z_4' has no loads. (LINT-2)
Warning: In design 'ASIC_Top', net 'u_path_I/u_interp/net795' driven by pin 'u_path_I/u_interp/add_54_C70_C106_C139/Z_5' has no loads. (LINT-2)
Warning: In design 'ASIC_Top', net 'u_path_I/u_interp/net794' driven by pin 'u_path_I/u_interp/add_54_C70_C106_C139/Z_6' has no loads. (LINT-2)
Warning: In design 'ASIC_Top', net 'u_path_I/u_interp/net793' driven by pin 'u_path_I/u_interp/add_54_C70_C106_C139/Z_7' has no loads. (LINT-2)
Warning: In design 'ASIC_Top', net 'u_path_I/u_interp/net792' driven by pin 'u_path_I/u_interp/add_54_C70_C106_C139/Z_8' has no loads. (LINT-2)
Warning: In design 'ASIC_Top', net 'u_path_I/u_interp/net791' driven by pin 'u_path_I/u_interp/add_54_C70_C106_C139/Z_9' has no loads. (LINT-2)
Warning: In design 'ASIC_Top', net 'u_path_I/u_interp/net790' driven by pin 'u_path_I/u_interp/add_54_C70_C106_C139/Z_10' has no loads. (LINT-2)
Warning: In design 'ASIC_Top', net 'u_path_I/u_interp/net789' driven by pin 'u_path_I/u_interp/add_54_C70_C106_C139/Z_11' has no loads. (LINT-2)
Warning: In design 'ASIC_Top', net 'u_path_I/u_interp/net788' driven by pin 'u_path_I/u_interp/add_54_C70_C106_C139/Z_12' has no loads. (LINT-2)
Warning: In design 'ASIC_Top', net 'u_path_I/u_interp/net787' driven by pin 'u_path_I/u_interp/add_54_C73_C101_C139/Z_0' has no loads. (LINT-2)
Warning: In design 'ASIC_Top', net 'u_path_I/u_interp/net786' driven by pin 'u_path_I/u_interp/add_54_C73_C101_C139/Z_1' has no loads. (LINT-2)
Warning: In design 'ASIC_Top', net 'u_path_I/u_interp/net785' driven by pin 'u_path_I/u_interp/add_54_C73_C101_C139/Z_2' has no loads. (LINT-2)
Warning: In design 'ASIC_Top', net 'u_path_I/u_interp/net784' driven by pin 'u_path_I/u_interp/add_54_C73_C101_C139/Z_3' has no loads. (LINT-2)
Warning: In design 'ASIC_Top', net 'u_path_I/u_interp/net783' driven by pin 'u_path_I/u_interp/add_54_C73_C101_C139/Z_4' has no loads. (LINT-2)
Warning: In design 'ASIC_Top', net 'u_path_I/u_interp/net782' driven by pin 'u_path_I/u_interp/add_54_C73_C101_C139/Z_5' has no loads. (LINT-2)
Warning: In design 'ASIC_Top', net 'u_path_I/u_interp/net781' driven by pin 'u_path_I/u_interp/add_54_C73_C101_C139/Z_6' has no loads. (LINT-2)
Warning: In design 'ASIC_Top', net 'u_path_I/u_interp/net780' driven by pin 'u_path_I/u_interp/add_54_C73_C101_C139/Z_7' has no loads. (LINT-2)
Warning: In design 'ASIC_Top', net 'u_path_I/u_interp/net779' driven by pin 'u_path_I/u_interp/add_54_C73_C101_C139/Z_8' has no loads. (LINT-2)
Warning: In design 'ASIC_Top', net 'u_path_I/u_interp/net778' driven by pin 'u_path_I/u_interp/add_54_C73_C101_C139/Z_9' has no loads. (LINT-2)
Warning: In design 'ASIC_Top', net 'u_path_I/u_interp/net777' driven by pin 'u_path_I/u_interp/add_54_C73_C101_C139/Z_10' has no loads. (LINT-2)
Warning: In design 'ASIC_Top', net 'u_path_I/u_interp/net776' driven by pin 'u_path_I/u_interp/add_54_C73_C101_C139/Z_11' has no loads. (LINT-2)
Warning: In design 'ASIC_Top', net 'u_path_I/u_interp/net775' driven by pin 'u_path_I/u_interp/add_54_C73_C101_C139/Z_12' has no loads. (LINT-2)
Warning: In design 'ASIC_Top', net 'u_path_I/u_interp/net774' driven by pin 'u_path_I/u_interp/add_54_C70_C108_C140/Z_0' has no loads. (LINT-2)
Warning: In design 'ASIC_Top', net 'u_path_I/u_interp/net773' driven by pin 'u_path_I/u_interp/add_54_C70_C108_C140/Z_1' has no loads. (LINT-2)
Warning: In design 'ASIC_Top', net 'u_path_I/u_interp/net772' driven by pin 'u_path_I/u_interp/add_54_C70_C108_C140/Z_2' has no loads. (LINT-2)
Warning: In design 'ASIC_Top', net 'u_path_I/u_interp/net771' driven by pin 'u_path_I/u_interp/add_54_C70_C108_C140/Z_3' has no loads. (LINT-2)
Warning: In design 'ASIC_Top', net 'u_path_I/u_interp/net770' driven by pin 'u_path_I/u_interp/add_54_C70_C108_C140/Z_4' has no loads. (LINT-2)
Warning: In design 'ASIC_Top', net 'u_path_I/u_interp/net769' driven by pin 'u_path_I/u_interp/add_54_C70_C108_C140/Z_5' has no loads. (LINT-2)
Warning: In design 'ASIC_Top', net 'u_path_I/u_interp/net768' driven by pin 'u_path_I/u_interp/add_54_C70_C108_C140/Z_6' has no loads. (LINT-2)
Warning: In design 'ASIC_Top', net 'u_path_I/u_interp/net767' driven by pin 'u_path_I/u_interp/add_54_C70_C108_C140/Z_7' has no loads. (LINT-2)
Warning: In design 'ASIC_Top', net 'u_path_I/u_interp/net766' driven by pin 'u_path_I/u_interp/add_54_C70_C108_C140/Z_8' has no loads. (LINT-2)
Warning: In design 'ASIC_Top', net 'u_path_I/u_interp/net765' driven by pin 'u_path_I/u_interp/add_54_C70_C108_C140/Z_9' has no loads. (LINT-2)
Warning: In design 'ASIC_Top', net 'u_path_I/u_interp/net764' driven by pin 'u_path_I/u_interp/add_54_C70_C108_C140/Z_10' has no loads. (LINT-2)
Warning: In design 'ASIC_Top', net 'u_path_I/u_interp/net763' driven by pin 'u_path_I/u_interp/add_54_C70_C108_C140/Z_11' has no loads. (LINT-2)
Warning: In design 'ASIC_Top', net 'u_path_I/u_interp/net762' driven by pin 'u_path_I/u_interp/add_54_C70_C108_C140/Z_12' has no loads. (LINT-2)
Warning: In design 'ASIC_Top', net 'u_path_I/u_interp/net761' driven by pin 'u_path_I/u_interp/add_54_C70_C107_C140/Z_0' has no loads. (LINT-2)
Warning: In design 'ASIC_Top', net 'u_path_I/u_interp/net760' driven by pin 'u_path_I/u_interp/add_54_C70_C107_C140/Z_1' has no loads. (LINT-2)
Warning: In design 'ASIC_Top', net 'u_path_I/u_interp/net759' driven by pin 'u_path_I/u_interp/add_54_C70_C107_C140/Z_2' has no loads. (LINT-2)
Warning: In design 'ASIC_Top', net 'u_path_I/u_interp/net758' driven by pin 'u_path_I/u_interp/add_54_C70_C107_C140/Z_3' has no loads. (LINT-2)
Warning: In design 'ASIC_Top', net 'u_path_I/u_interp/net757' driven by pin 'u_path_I/u_interp/add_54_C70_C107_C140/Z_4' has no loads. (LINT-2)
Warning: In design 'ASIC_Top', net 'u_path_I/u_interp/net756' driven by pin 'u_path_I/u_interp/add_54_C70_C107_C140/Z_5' has no loads. (LINT-2)
Warning: In design 'ASIC_Top', net 'u_path_I/u_interp/net755' driven by pin 'u_path_I/u_interp/add_54_C70_C107_C140/Z_6' has no loads. (LINT-2)
Warning: In design 'ASIC_Top', net 'u_path_I/u_interp/net754' driven by pin 'u_path_I/u_interp/add_54_C70_C107_C140/Z_7' has no loads. (LINT-2)
Warning: In design 'ASIC_Top', net 'u_path_I/u_interp/net753' driven by pin 'u_path_I/u_interp/add_54_C70_C107_C140/Z_8' has no loads. (LINT-2)
Warning: In design 'ASIC_Top', net 'u_path_I/u_interp/net752' driven by pin 'u_path_I/u_interp/add_54_C70_C107_C140/Z_9' has no loads. (LINT-2)
Warning: In design 'ASIC_Top', net 'u_path_I/u_interp/net751' driven by pin 'u_path_I/u_interp/add_54_C70_C107_C140/Z_10' has no loads. (LINT-2)
Warning: In design 'ASIC_Top', net 'u_path_I/u_interp/net750' driven by pin 'u_path_I/u_interp/add_54_C70_C107_C140/Z_11' has no loads. (LINT-2)
Warning: In design 'ASIC_Top', net 'u_path_I/u_interp/net749' driven by pin 'u_path_I/u_interp/add_54_C70_C107_C140/Z_12' has no loads. (LINT-2)
Warning: In design 'ASIC_Top', net 'u_path_I/u_interp/net748' driven by pin 'u_path_I/u_interp/add_54_C70_C106_C140/Z_0' has no loads. (LINT-2)
Warning: In design 'ASIC_Top', net 'u_path_I/u_interp/net747' driven by pin 'u_path_I/u_interp/add_54_C70_C106_C140/Z_1' has no loads. (LINT-2)
Warning: In design 'ASIC_Top', net 'u_path_I/u_interp/net746' driven by pin 'u_path_I/u_interp/add_54_C70_C106_C140/Z_2' has no loads. (LINT-2)
Warning: In design 'ASIC_Top', net 'u_path_I/u_interp/net745' driven by pin 'u_path_I/u_interp/add_54_C70_C106_C140/Z_3' has no loads. (LINT-2)
Warning: In design 'ASIC_Top', net 'u_path_I/u_interp/net744' driven by pin 'u_path_I/u_interp/add_54_C70_C106_C140/Z_4' has no loads. (LINT-2)
Warning: In design 'ASIC_Top', net 'u_path_I/u_interp/net743' driven by pin 'u_path_I/u_interp/add_54_C70_C106_C140/Z_5' has no loads. (LINT-2)
Warning: In design 'ASIC_Top', net 'u_path_I/u_interp/net742' driven by pin 'u_path_I/u_interp/add_54_C70_C106_C140/Z_6' has no loads. (LINT-2)
Warning: In design 'ASIC_Top', net 'u_path_I/u_interp/net741' driven by pin 'u_path_I/u_interp/add_54_C70_C106_C140/Z_7' has no loads. (LINT-2)
Warning: In design 'ASIC_Top', net 'u_path_I/u_interp/net740' driven by pin 'u_path_I/u_interp/add_54_C70_C106_C140/Z_8' has no loads. (LINT-2)
Warning: In design 'ASIC_Top', net 'u_path_I/u_interp/net739' driven by pin 'u_path_I/u_interp/add_54_C70_C106_C140/Z_9' has no loads. (LINT-2)
Warning: In design 'ASIC_Top', net 'u_path_I/u_interp/net738' driven by pin 'u_path_I/u_interp/add_54_C70_C106_C140/Z_10' has no loads. (LINT-2)
Warning: In design 'ASIC_Top', net 'u_path_I/u_interp/net737' driven by pin 'u_path_I/u_interp/add_54_C70_C106_C140/Z_11' has no loads. (LINT-2)
Warning: In design 'ASIC_Top', net 'u_path_I/u_interp/net736' driven by pin 'u_path_I/u_interp/add_54_C70_C106_C140/Z_12' has no loads. (LINT-2)
Warning: In design 'ASIC_Top', net 'u_path_I/u_interp/net735' driven by pin 'u_path_I/u_interp/add_54_C73_C101_C140/Z_0' has no loads. (LINT-2)
Warning: In design 'ASIC_Top', net 'u_path_I/u_interp/net734' driven by pin 'u_path_I/u_interp/add_54_C73_C101_C140/Z_1' has no loads. (LINT-2)
Warning: In design 'ASIC_Top', net 'u_path_I/u_interp/net733' driven by pin 'u_path_I/u_interp/add_54_C73_C101_C140/Z_2' has no loads. (LINT-2)
Warning: In design 'ASIC_Top', net 'u_path_I/u_interp/net732' driven by pin 'u_path_I/u_interp/add_54_C73_C101_C140/Z_3' has no loads. (LINT-2)
Warning: In design 'ASIC_Top', net 'u_path_I/u_interp/net731' driven by pin 'u_path_I/u_interp/add_54_C73_C101_C140/Z_4' has no loads. (LINT-2)
Warning: In design 'ASIC_Top', net 'u_path_I/u_interp/net730' driven by pin 'u_path_I/u_interp/add_54_C73_C101_C140/Z_5' has no loads. (LINT-2)
Warning: In design 'ASIC_Top', net 'u_path_I/u_interp/net729' driven by pin 'u_path_I/u_interp/add_54_C73_C101_C140/Z_6' has no loads. (LINT-2)
Warning: In design 'ASIC_Top', net 'u_path_I/u_interp/net728' driven by pin 'u_path_I/u_interp/add_54_C73_C101_C140/Z_7' has no loads. (LINT-2)
Warning: In design 'ASIC_Top', net 'u_path_I/u_interp/net727' driven by pin 'u_path_I/u_interp/add_54_C73_C101_C140/Z_8' has no loads. (LINT-2)
Warning: In design 'ASIC_Top', net 'u_path_I/u_interp/net726' driven by pin 'u_path_I/u_interp/add_54_C73_C101_C140/Z_9' has no loads. (LINT-2)
Warning: In design 'ASIC_Top', net 'u_path_I/u_interp/net725' driven by pin 'u_path_I/u_interp/add_54_C73_C101_C140/Z_10' has no loads. (LINT-2)
Warning: In design 'ASIC_Top', net 'u_path_I/u_interp/net724' driven by pin 'u_path_I/u_interp/add_54_C73_C101_C140/Z_11' has no loads. (LINT-2)
Warning: In design 'ASIC_Top', net 'u_path_I/u_interp/net723' driven by pin 'u_path_I/u_interp/add_54_C73_C101_C140/Z_12' has no loads. (LINT-2)
Warning: In design 'ASIC_Top', net 'u_path_I/u_interp/net722' driven by pin 'u_path_I/u_interp/add_54_C70_C108_C141/Z_0' has no loads. (LINT-2)
Warning: In design 'ASIC_Top', net 'u_path_I/u_interp/net721' driven by pin 'u_path_I/u_interp/add_54_C70_C108_C141/Z_1' has no loads. (LINT-2)
Warning: In design 'ASIC_Top', net 'u_path_I/u_interp/net720' driven by pin 'u_path_I/u_interp/add_54_C70_C108_C141/Z_2' has no loads. (LINT-2)
Warning: In design 'ASIC_Top', net 'u_path_I/u_interp/net719' driven by pin 'u_path_I/u_interp/add_54_C70_C108_C141/Z_3' has no loads. (LINT-2)
Warning: In design 'ASIC_Top', net 'u_path_I/u_interp/net718' driven by pin 'u_path_I/u_interp/add_54_C70_C108_C141/Z_4' has no loads. (LINT-2)
Warning: In design 'ASIC_Top', net 'u_path_I/u_interp/net717' driven by pin 'u_path_I/u_interp/add_54_C70_C108_C141/Z_5' has no loads. (LINT-2)
Warning: In design 'ASIC_Top', net 'u_path_I/u_interp/net716' driven by pin 'u_path_I/u_interp/add_54_C70_C108_C141/Z_6' has no loads. (LINT-2)
Warning: In design 'ASIC_Top', net 'u_path_I/u_interp/net715' driven by pin 'u_path_I/u_interp/add_54_C70_C108_C141/Z_7' has no loads. (LINT-2)
Warning: In design 'ASIC_Top', net 'u_path_I/u_interp/net714' driven by pin 'u_path_I/u_interp/add_54_C70_C108_C141/Z_8' has no loads. (LINT-2)
Warning: In design 'ASIC_Top', net 'u_path_I/u_interp/net713' driven by pin 'u_path_I/u_interp/add_54_C70_C108_C141/Z_9' has no loads. (LINT-2)
Warning: In design 'ASIC_Top', net 'u_path_I/u_interp/net712' driven by pin 'u_path_I/u_interp/add_54_C70_C108_C141/Z_10' has no loads. (LINT-2)
Warning: In design 'ASIC_Top', net 'u_path_I/u_interp/net711' driven by pin 'u_path_I/u_interp/add_54_C70_C108_C141/Z_11' has no loads. (LINT-2)
Warning: In design 'ASIC_Top', net 'u_path_I/u_interp/net710' driven by pin 'u_path_I/u_interp/add_54_C70_C108_C141/Z_12' has no loads. (LINT-2)
Warning: In design 'ASIC_Top', net 'u_path_I/u_interp/net709' driven by pin 'u_path_I/u_interp/add_54_C70_C107_C141/Z_0' has no loads. (LINT-2)
Warning: In design 'ASIC_Top', net 'u_path_I/u_interp/net708' driven by pin 'u_path_I/u_interp/add_54_C70_C107_C141/Z_1' has no loads. (LINT-2)
Warning: In design 'ASIC_Top', net 'u_path_I/u_interp/net707' driven by pin 'u_path_I/u_interp/add_54_C70_C107_C141/Z_2' has no loads. (LINT-2)
Warning: In design 'ASIC_Top', net 'u_path_I/u_interp/net706' driven by pin 'u_path_I/u_interp/add_54_C70_C107_C141/Z_3' has no loads. (LINT-2)
Warning: In design 'ASIC_Top', net 'u_path_I/u_interp/net705' driven by pin 'u_path_I/u_interp/add_54_C70_C107_C141/Z_4' has no loads. (LINT-2)
Warning: In design 'ASIC_Top', net 'u_path_I/u_interp/net704' driven by pin 'u_path_I/u_interp/add_54_C70_C107_C141/Z_5' has no loads. (LINT-2)
Warning: In design 'ASIC_Top', net 'u_path_I/u_interp/net703' driven by pin 'u_path_I/u_interp/add_54_C70_C107_C141/Z_6' has no loads. (LINT-2)
Warning: In design 'ASIC_Top', net 'u_path_I/u_interp/net702' driven by pin 'u_path_I/u_interp/add_54_C70_C107_C141/Z_7' has no loads. (LINT-2)
Warning: In design 'ASIC_Top', net 'u_path_I/u_interp/net701' driven by pin 'u_path_I/u_interp/add_54_C70_C107_C141/Z_8' has no loads. (LINT-2)
Warning: In design 'ASIC_Top', net 'u_path_I/u_interp/net700' driven by pin 'u_path_I/u_interp/add_54_C70_C107_C141/Z_9' has no loads. (LINT-2)
Warning: In design 'ASIC_Top', net 'u_path_I/u_interp/net699' driven by pin 'u_path_I/u_interp/add_54_C70_C107_C141/Z_10' has no loads. (LINT-2)
Warning: In design 'ASIC_Top', net 'u_path_I/u_interp/net698' driven by pin 'u_path_I/u_interp/add_54_C70_C107_C141/Z_11' has no loads. (LINT-2)
Warning: In design 'ASIC_Top', net 'u_path_I/u_interp/net697' driven by pin 'u_path_I/u_interp/add_54_C70_C107_C141/Z_12' has no loads. (LINT-2)
Warning: In design 'ASIC_Top', net 'u_path_I/u_interp/net696' driven by pin 'u_path_I/u_interp/add_54_C70_C106_C141/Z_0' has no loads. (LINT-2)
Warning: In design 'ASIC_Top', net 'u_path_I/u_interp/net695' driven by pin 'u_path_I/u_interp/add_54_C70_C106_C141/Z_1' has no loads. (LINT-2)
Warning: In design 'ASIC_Top', net 'u_path_I/u_interp/net694' driven by pin 'u_path_I/u_interp/add_54_C70_C106_C141/Z_2' has no loads. (LINT-2)
Warning: In design 'ASIC_Top', net 'u_path_I/u_interp/net693' driven by pin 'u_path_I/u_interp/add_54_C70_C106_C141/Z_3' has no loads. (LINT-2)
Warning: In design 'ASIC_Top', net 'u_path_I/u_interp/net692' driven by pin 'u_path_I/u_interp/add_54_C70_C106_C141/Z_4' has no loads. (LINT-2)
Warning: In design 'ASIC_Top', net 'u_path_I/u_interp/net691' driven by pin 'u_path_I/u_interp/add_54_C70_C106_C141/Z_5' has no loads. (LINT-2)
Warning: In design 'ASIC_Top', net 'u_path_I/u_interp/net690' driven by pin 'u_path_I/u_interp/add_54_C70_C106_C141/Z_6' has no loads. (LINT-2)
Warning: In design 'ASIC_Top', net 'u_path_I/u_interp/net689' driven by pin 'u_path_I/u_interp/add_54_C70_C106_C141/Z_7' has no loads. (LINT-2)
Warning: In design 'ASIC_Top', net 'u_path_I/u_interp/net688' driven by pin 'u_path_I/u_interp/add_54_C70_C106_C141/Z_8' has no loads. (LINT-2)
Warning: In design 'ASIC_Top', net 'u_path_I/u_interp/net687' driven by pin 'u_path_I/u_interp/add_54_C70_C106_C141/Z_9' has no loads. (LINT-2)
Warning: In design 'ASIC_Top', net 'u_path_I/u_interp/net686' driven by pin 'u_path_I/u_interp/add_54_C70_C106_C141/Z_10' has no loads. (LINT-2)
Warning: In design 'ASIC_Top', net 'u_path_I/u_interp/net685' driven by pin 'u_path_I/u_interp/add_54_C70_C106_C141/Z_11' has no loads. (LINT-2)
Warning: In design 'ASIC_Top', net 'u_path_I/u_interp/net684' driven by pin 'u_path_I/u_interp/add_54_C70_C106_C141/Z_12' has no loads. (LINT-2)
Warning: In design 'ASIC_Top', net 'u_path_I/u_interp/net683' driven by pin 'u_path_I/u_interp/add_54_C73_C101_C141/Z_0' has no loads. (LINT-2)
Warning: In design 'ASIC_Top', net 'u_path_I/u_interp/net682' driven by pin 'u_path_I/u_interp/add_54_C73_C101_C141/Z_1' has no loads. (LINT-2)
Warning: In design 'ASIC_Top', net 'u_path_I/u_interp/net681' driven by pin 'u_path_I/u_interp/add_54_C73_C101_C141/Z_2' has no loads. (LINT-2)
Warning: In design 'ASIC_Top', net 'u_path_I/u_interp/net680' driven by pin 'u_path_I/u_interp/add_54_C73_C101_C141/Z_3' has no loads. (LINT-2)
Warning: In design 'ASIC_Top', net 'u_path_I/u_interp/net679' driven by pin 'u_path_I/u_interp/add_54_C73_C101_C141/Z_4' has no loads. (LINT-2)
Warning: In design 'ASIC_Top', net 'u_path_I/u_interp/net678' driven by pin 'u_path_I/u_interp/add_54_C73_C101_C141/Z_5' has no loads. (LINT-2)
Warning: In design 'ASIC_Top', net 'u_path_I/u_interp/net677' driven by pin 'u_path_I/u_interp/add_54_C73_C101_C141/Z_6' has no loads. (LINT-2)
Warning: In design 'ASIC_Top', net 'u_path_I/u_interp/net676' driven by pin 'u_path_I/u_interp/add_54_C73_C101_C141/Z_7' has no loads. (LINT-2)
Warning: In design 'ASIC_Top', net 'u_path_I/u_interp/net675' driven by pin 'u_path_I/u_interp/add_54_C73_C101_C141/Z_8' has no loads. (LINT-2)
Warning: In design 'ASIC_Top', net 'u_path_I/u_interp/net674' driven by pin 'u_path_I/u_interp/add_54_C73_C101_C141/Z_9' has no loads. (LINT-2)
Warning: In design 'ASIC_Top', net 'u_path_I/u_interp/net673' driven by pin 'u_path_I/u_interp/add_54_C73_C101_C141/Z_10' has no loads. (LINT-2)
Warning: In design 'ASIC_Top', net 'u_path_I/u_interp/net672' driven by pin 'u_path_I/u_interp/add_54_C73_C101_C141/Z_11' has no loads. (LINT-2)
Warning: In design 'ASIC_Top', net 'u_path_I/u_interp/net671' driven by pin 'u_path_I/u_interp/add_54_C73_C101_C141/Z_12' has no loads. (LINT-2)
Warning: In design 'ASIC_Top', net 'u_path_I/u_interp/net670' driven by pin 'u_path_I/u_interp/add_54_C70_C108_C142/Z_0' has no loads. (LINT-2)
Warning: In design 'ASIC_Top', net 'u_path_I/u_interp/net669' driven by pin 'u_path_I/u_interp/add_54_C70_C108_C142/Z_1' has no loads. (LINT-2)
Warning: In design 'ASIC_Top', net 'u_path_I/u_interp/net668' driven by pin 'u_path_I/u_interp/add_54_C70_C108_C142/Z_2' has no loads. (LINT-2)
Warning: In design 'ASIC_Top', net 'u_path_I/u_interp/net667' driven by pin 'u_path_I/u_interp/add_54_C70_C108_C142/Z_3' has no loads. (LINT-2)
Warning: In design 'ASIC_Top', net 'u_path_I/u_interp/net666' driven by pin 'u_path_I/u_interp/add_54_C70_C108_C142/Z_4' has no loads. (LINT-2)
Warning: In design 'ASIC_Top', net 'u_path_I/u_interp/net665' driven by pin 'u_path_I/u_interp/add_54_C70_C108_C142/Z_5' has no loads. (LINT-2)
Warning: In design 'ASIC_Top', net 'u_path_I/u_interp/net664' driven by pin 'u_path_I/u_interp/add_54_C70_C108_C142/Z_6' has no loads. (LINT-2)
Warning: In design 'ASIC_Top', net 'u_path_I/u_interp/net663' driven by pin 'u_path_I/u_interp/add_54_C70_C108_C142/Z_7' has no loads. (LINT-2)
Warning: In design 'ASIC_Top', net 'u_path_I/u_interp/net662' driven by pin 'u_path_I/u_interp/add_54_C70_C108_C142/Z_8' has no loads. (LINT-2)
Warning: In design 'ASIC_Top', net 'u_path_I/u_interp/net661' driven by pin 'u_path_I/u_interp/add_54_C70_C108_C142/Z_9' has no loads. (LINT-2)
Warning: In design 'ASIC_Top', net 'u_path_I/u_interp/net660' driven by pin 'u_path_I/u_interp/add_54_C70_C108_C142/Z_10' has no loads. (LINT-2)
Warning: In design 'ASIC_Top', net 'u_path_I/u_interp/net659' driven by pin 'u_path_I/u_interp/add_54_C70_C108_C142/Z_11' has no loads. (LINT-2)
Warning: In design 'ASIC_Top', net 'u_path_I/u_interp/net658' driven by pin 'u_path_I/u_interp/add_54_C70_C108_C142/Z_12' has no loads. (LINT-2)
Warning: In design 'ASIC_Top', net 'u_path_I/u_interp/net657' driven by pin 'u_path_I/u_interp/add_54_C70_C107_C142/Z_0' has no loads. (LINT-2)
Warning: In design 'ASIC_Top', net 'u_path_I/u_interp/net656' driven by pin 'u_path_I/u_interp/add_54_C70_C107_C142/Z_1' has no loads. (LINT-2)
Warning: In design 'ASIC_Top', net 'u_path_I/u_interp/net655' driven by pin 'u_path_I/u_interp/add_54_C70_C107_C142/Z_2' has no loads. (LINT-2)
Warning: In design 'ASIC_Top', net 'u_path_I/u_interp/net654' driven by pin 'u_path_I/u_interp/add_54_C70_C107_C142/Z_3' has no loads. (LINT-2)
Warning: In design 'ASIC_Top', net 'u_path_I/u_interp/net653' driven by pin 'u_path_I/u_interp/add_54_C70_C107_C142/Z_4' has no loads. (LINT-2)
Warning: In design 'ASIC_Top', net 'u_path_I/u_interp/net652' driven by pin 'u_path_I/u_interp/add_54_C70_C107_C142/Z_5' has no loads. (LINT-2)
Warning: In design 'ASIC_Top', net 'u_path_I/u_interp/net651' driven by pin 'u_path_I/u_interp/add_54_C70_C107_C142/Z_6' has no loads. (LINT-2)
Warning: In design 'ASIC_Top', net 'u_path_I/u_interp/net650' driven by pin 'u_path_I/u_interp/add_54_C70_C107_C142/Z_7' has no loads. (LINT-2)
Warning: In design 'ASIC_Top', net 'u_path_I/u_interp/net649' driven by pin 'u_path_I/u_interp/add_54_C70_C107_C142/Z_8' has no loads. (LINT-2)
Warning: In design 'ASIC_Top', net 'u_path_I/u_interp/net648' driven by pin 'u_path_I/u_interp/add_54_C70_C107_C142/Z_9' has no loads. (LINT-2)
Warning: In design 'ASIC_Top', net 'u_path_I/u_interp/net647' driven by pin 'u_path_I/u_interp/add_54_C70_C107_C142/Z_10' has no loads. (LINT-2)
Warning: In design 'ASIC_Top', net 'u_path_I/u_interp/net646' driven by pin 'u_path_I/u_interp/add_54_C70_C107_C142/Z_11' has no loads. (LINT-2)
Warning: In design 'ASIC_Top', net 'u_path_I/u_interp/net645' driven by pin 'u_path_I/u_interp/add_54_C70_C107_C142/Z_12' has no loads. (LINT-2)
Warning: In design 'ASIC_Top', net 'u_path_I/u_interp/net644' driven by pin 'u_path_I/u_interp/add_54_C70_C106_C142/Z_0' has no loads. (LINT-2)
Warning: In design 'ASIC_Top', net 'u_path_I/u_interp/net643' driven by pin 'u_path_I/u_interp/add_54_C70_C106_C142/Z_1' has no loads. (LINT-2)
Warning: In design 'ASIC_Top', net 'u_path_I/u_interp/net642' driven by pin 'u_path_I/u_interp/add_54_C70_C106_C142/Z_2' has no loads. (LINT-2)
Warning: In design 'ASIC_Top', net 'u_path_I/u_interp/net641' driven by pin 'u_path_I/u_interp/add_54_C70_C106_C142/Z_3' has no loads. (LINT-2)
Warning: In design 'ASIC_Top', net 'u_path_I/u_interp/net640' driven by pin 'u_path_I/u_interp/add_54_C70_C106_C142/Z_4' has no loads. (LINT-2)
Warning: In design 'ASIC_Top', net 'u_path_I/u_interp/net639' driven by pin 'u_path_I/u_interp/add_54_C70_C106_C142/Z_5' has no loads. (LINT-2)
Warning: In design 'ASIC_Top', net 'u_path_I/u_interp/net638' driven by pin 'u_path_I/u_interp/add_54_C70_C106_C142/Z_6' has no loads. (LINT-2)
Warning: In design 'ASIC_Top', net 'u_path_I/u_interp/net637' driven by pin 'u_path_I/u_interp/add_54_C70_C106_C142/Z_7' has no loads. (LINT-2)
Warning: In design 'ASIC_Top', net 'u_path_I/u_interp/net636' driven by pin 'u_path_I/u_interp/add_54_C70_C106_C142/Z_8' has no loads. (LINT-2)
Warning: In design 'ASIC_Top', net 'u_path_I/u_interp/net635' driven by pin 'u_path_I/u_interp/add_54_C70_C106_C142/Z_9' has no loads. (LINT-2)
Warning: In design 'ASIC_Top', net 'u_path_I/u_interp/net634' driven by pin 'u_path_I/u_interp/add_54_C70_C106_C142/Z_10' has no loads. (LINT-2)
Warning: In design 'ASIC_Top', net 'u_path_I/u_interp/net633' driven by pin 'u_path_I/u_interp/add_54_C70_C106_C142/Z_11' has no loads. (LINT-2)
Warning: In design 'ASIC_Top', net 'u_path_I/u_interp/net632' driven by pin 'u_path_I/u_interp/add_54_C70_C106_C142/Z_12' has no loads. (LINT-2)
Warning: In design 'ASIC_Top', net 'u_path_I/u_interp/net631' driven by pin 'u_path_I/u_interp/add_54_C73_C101_C142/Z_0' has no loads. (LINT-2)
Warning: In design 'ASIC_Top', net 'u_path_I/u_interp/net630' driven by pin 'u_path_I/u_interp/add_54_C73_C101_C142/Z_1' has no loads. (LINT-2)
Warning: In design 'ASIC_Top', net 'u_path_I/u_interp/net629' driven by pin 'u_path_I/u_interp/add_54_C73_C101_C142/Z_2' has no loads. (LINT-2)
Warning: In design 'ASIC_Top', net 'u_path_I/u_interp/net628' driven by pin 'u_path_I/u_interp/add_54_C73_C101_C142/Z_3' has no loads. (LINT-2)
Warning: In design 'ASIC_Top', net 'u_path_I/u_interp/net627' driven by pin 'u_path_I/u_interp/add_54_C73_C101_C142/Z_4' has no loads. (LINT-2)
Warning: In design 'ASIC_Top', net 'u_path_I/u_interp/net626' driven by pin 'u_path_I/u_interp/add_54_C73_C101_C142/Z_5' has no loads. (LINT-2)
Warning: In design 'ASIC_Top', net 'u_path_I/u_interp/net625' driven by pin 'u_path_I/u_interp/add_54_C73_C101_C142/Z_6' has no loads. (LINT-2)
Warning: In design 'ASIC_Top', net 'u_path_I/u_interp/net624' driven by pin 'u_path_I/u_interp/add_54_C73_C101_C142/Z_7' has no loads. (LINT-2)
Warning: In design 'ASIC_Top', net 'u_path_I/u_interp/net623' driven by pin 'u_path_I/u_interp/add_54_C73_C101_C142/Z_8' has no loads. (LINT-2)
Warning: In design 'ASIC_Top', net 'u_path_I/u_interp/net622' driven by pin 'u_path_I/u_interp/add_54_C73_C101_C142/Z_9' has no loads. (LINT-2)
Warning: In design 'ASIC_Top', net 'u_path_I/u_interp/net621' driven by pin 'u_path_I/u_interp/add_54_C73_C101_C142/Z_10' has no loads. (LINT-2)
Warning: In design 'ASIC_Top', net 'u_path_I/u_interp/net620' driven by pin 'u_path_I/u_interp/add_54_C73_C101_C142/Z_11' has no loads. (LINT-2)
Warning: In design 'ASIC_Top', net 'u_path_I/u_interp/net619' driven by pin 'u_path_I/u_interp/add_54_C73_C101_C142/Z_12' has no loads. (LINT-2)
Warning: In design 'ASIC_Top', net 'u_path_I/u_interp/net618' driven by pin 'u_path_I/u_interp/add_54_C70_C109_C139/Z_0' has no loads. (LINT-2)
Warning: In design 'ASIC_Top', net 'u_path_I/u_interp/net617' driven by pin 'u_path_I/u_interp/add_54_C70_C109_C139/Z_1' has no loads. (LINT-2)
Warning: In design 'ASIC_Top', net 'u_path_I/u_interp/net616' driven by pin 'u_path_I/u_interp/add_54_C70_C109_C139/Z_2' has no loads. (LINT-2)
Warning: In design 'ASIC_Top', net 'u_path_I/u_interp/net615' driven by pin 'u_path_I/u_interp/add_54_C70_C109_C139/Z_3' has no loads. (LINT-2)
Warning: In design 'ASIC_Top', net 'u_path_I/u_interp/net614' driven by pin 'u_path_I/u_interp/add_54_C70_C109_C139/Z_4' has no loads. (LINT-2)
Warning: In design 'ASIC_Top', net 'u_path_I/u_interp/net613' driven by pin 'u_path_I/u_interp/add_54_C70_C109_C139/Z_5' has no loads. (LINT-2)
Warning: In design 'ASIC_Top', net 'u_path_I/u_interp/net612' driven by pin 'u_path_I/u_interp/add_54_C70_C109_C139/Z_6' has no loads. (LINT-2)
Warning: In design 'ASIC_Top', net 'u_path_I/u_interp/net611' driven by pin 'u_path_I/u_interp/add_54_C70_C109_C139/Z_7' has no loads. (LINT-2)
Warning: In design 'ASIC_Top', net 'u_path_I/u_interp/net610' driven by pin 'u_path_I/u_interp/add_54_C70_C109_C139/Z_8' has no loads. (LINT-2)
Warning: In design 'ASIC_Top', net 'u_path_I/u_interp/net609' driven by pin 'u_path_I/u_interp/add_54_C70_C109_C139/Z_9' has no loads. (LINT-2)
Warning: In design 'ASIC_Top', net 'u_path_I/u_interp/net608' driven by pin 'u_path_I/u_interp/add_54_C70_C109_C139/Z_10' has no loads. (LINT-2)
Warning: In design 'ASIC_Top', net 'u_path_I/u_interp/net607' driven by pin 'u_path_I/u_interp/add_54_C70_C109_C139/Z_11' has no loads. (LINT-2)
Warning: In design 'ASIC_Top', net 'u_path_I/u_interp/net606' driven by pin 'u_path_I/u_interp/add_54_C70_C109_C139/Z_12' has no loads. (LINT-2)
Warning: In design 'ASIC_Top', net 'u_path_I/u_interp/net605' driven by pin 'u_path_I/u_interp/add_54_C70_C109_C140/Z_0' has no loads. (LINT-2)
Warning: In design 'ASIC_Top', net 'u_path_I/u_interp/net604' driven by pin 'u_path_I/u_interp/add_54_C70_C109_C140/Z_1' has no loads. (LINT-2)
Warning: In design 'ASIC_Top', net 'u_path_I/u_interp/net603' driven by pin 'u_path_I/u_interp/add_54_C70_C109_C140/Z_2' has no loads. (LINT-2)
Warning: In design 'ASIC_Top', net 'u_path_I/u_interp/net602' driven by pin 'u_path_I/u_interp/add_54_C70_C109_C140/Z_3' has no loads. (LINT-2)
Warning: In design 'ASIC_Top', net 'u_path_I/u_interp/net601' driven by pin 'u_path_I/u_interp/add_54_C70_C109_C140/Z_4' has no loads. (LINT-2)
Warning: In design 'ASIC_Top', net 'u_path_I/u_interp/net600' driven by pin 'u_path_I/u_interp/add_54_C70_C109_C140/Z_5' has no loads. (LINT-2)
Warning: In design 'ASIC_Top', net 'u_path_I/u_interp/net599' driven by pin 'u_path_I/u_interp/add_54_C70_C109_C140/Z_6' has no loads. (LINT-2)
Warning: In design 'ASIC_Top', net 'u_path_I/u_interp/net598' driven by pin 'u_path_I/u_interp/add_54_C70_C109_C140/Z_7' has no loads. (LINT-2)
Warning: In design 'ASIC_Top', net 'u_path_I/u_interp/net597' driven by pin 'u_path_I/u_interp/add_54_C70_C109_C140/Z_8' has no loads. (LINT-2)
Warning: In design 'ASIC_Top', net 'u_path_I/u_interp/net596' driven by pin 'u_path_I/u_interp/add_54_C70_C109_C140/Z_9' has no loads. (LINT-2)
Warning: In design 'ASIC_Top', net 'u_path_I/u_interp/net595' driven by pin 'u_path_I/u_interp/add_54_C70_C109_C140/Z_10' has no loads. (LINT-2)
Warning: In design 'ASIC_Top', net 'u_path_I/u_interp/net594' driven by pin 'u_path_I/u_interp/add_54_C70_C109_C140/Z_11' has no loads. (LINT-2)
Warning: In design 'ASIC_Top', net 'u_path_I/u_interp/net593' driven by pin 'u_path_I/u_interp/add_54_C70_C109_C140/Z_12' has no loads. (LINT-2)
Warning: In design 'ASIC_Top', net 'u_path_I/u_interp/net592' driven by pin 'u_path_I/u_interp/add_54_C70_C109_C141/Z_0' has no loads. (LINT-2)
Warning: In design 'ASIC_Top', net 'u_path_I/u_interp/net591' driven by pin 'u_path_I/u_interp/add_54_C70_C109_C141/Z_1' has no loads. (LINT-2)
Warning: In design 'ASIC_Top', net 'u_path_I/u_interp/net590' driven by pin 'u_path_I/u_interp/add_54_C70_C109_C141/Z_2' has no loads. (LINT-2)
Warning: In design 'ASIC_Top', net 'u_path_I/u_interp/net589' driven by pin 'u_path_I/u_interp/add_54_C70_C109_C141/Z_3' has no loads. (LINT-2)
Warning: In design 'ASIC_Top', net 'u_path_I/u_interp/net588' driven by pin 'u_path_I/u_interp/add_54_C70_C109_C141/Z_4' has no loads. (LINT-2)
Warning: In design 'ASIC_Top', net 'u_path_I/u_interp/net587' driven by pin 'u_path_I/u_interp/add_54_C70_C109_C141/Z_5' has no loads. (LINT-2)
Warning: In design 'ASIC_Top', net 'u_path_I/u_interp/net586' driven by pin 'u_path_I/u_interp/add_54_C70_C109_C141/Z_6' has no loads. (LINT-2)
Warning: In design 'ASIC_Top', net 'u_path_I/u_interp/net585' driven by pin 'u_path_I/u_interp/add_54_C70_C109_C141/Z_7' has no loads. (LINT-2)
Warning: In design 'ASIC_Top', net 'u_path_I/u_interp/net584' driven by pin 'u_path_I/u_interp/add_54_C70_C109_C141/Z_8' has no loads. (LINT-2)
Warning: In design 'ASIC_Top', net 'u_path_I/u_interp/net583' driven by pin 'u_path_I/u_interp/add_54_C70_C109_C141/Z_9' has no loads. (LINT-2)
Warning: In design 'ASIC_Top', net 'u_path_I/u_interp/net582' driven by pin 'u_path_I/u_interp/add_54_C70_C109_C141/Z_10' has no loads. (LINT-2)
Warning: In design 'ASIC_Top', net 'u_path_I/u_interp/net581' driven by pin 'u_path_I/u_interp/add_54_C70_C109_C141/Z_11' has no loads. (LINT-2)
Warning: In design 'ASIC_Top', net 'u_path_I/u_interp/net580' driven by pin 'u_path_I/u_interp/add_54_C70_C109_C141/Z_12' has no loads. (LINT-2)
Warning: In design 'ASIC_Top', net 'u_path_I/u_interp/net579' driven by pin 'u_path_I/u_interp/add_54_C70_C109_C142/Z_0' has no loads. (LINT-2)
Warning: In design 'ASIC_Top', net 'u_path_I/u_interp/net578' driven by pin 'u_path_I/u_interp/add_54_C70_C109_C142/Z_1' has no loads. (LINT-2)
Warning: In design 'ASIC_Top', net 'u_path_I/u_interp/net577' driven by pin 'u_path_I/u_interp/add_54_C70_C109_C142/Z_2' has no loads. (LINT-2)
Warning: In design 'ASIC_Top', net 'u_path_I/u_interp/net576' driven by pin 'u_path_I/u_interp/add_54_C70_C109_C142/Z_3' has no loads. (LINT-2)
Warning: In design 'ASIC_Top', net 'u_path_I/u_interp/net575' driven by pin 'u_path_I/u_interp/add_54_C70_C109_C142/Z_4' has no loads. (LINT-2)
Warning: In design 'ASIC_Top', net 'u_path_I/u_interp/net574' driven by pin 'u_path_I/u_interp/add_54_C70_C109_C142/Z_5' has no loads. (LINT-2)
Warning: In design 'ASIC_Top', net 'u_path_I/u_interp/net573' driven by pin 'u_path_I/u_interp/add_54_C70_C109_C142/Z_6' has no loads. (LINT-2)
Warning: In design 'ASIC_Top', net 'u_path_I/u_interp/net572' driven by pin 'u_path_I/u_interp/add_54_C70_C109_C142/Z_7' has no loads. (LINT-2)
Warning: In design 'ASIC_Top', net 'u_path_I/u_interp/net571' driven by pin 'u_path_I/u_interp/add_54_C70_C109_C142/Z_8' has no loads. (LINT-2)
Warning: In design 'ASIC_Top', net 'u_path_I/u_interp/net570' driven by pin 'u_path_I/u_interp/add_54_C70_C109_C142/Z_9' has no loads. (LINT-2)
Warning: In design 'ASIC_Top', net 'u_path_I/u_interp/net569' driven by pin 'u_path_I/u_interp/add_54_C70_C109_C142/Z_10' has no loads. (LINT-2)
Warning: In design 'ASIC_Top', net 'u_path_I/u_interp/net568' driven by pin 'u_path_I/u_interp/add_54_C70_C109_C142/Z_11' has no loads. (LINT-2)
Warning: In design 'ASIC_Top', net 'u_path_I/u_interp/net567' driven by pin 'u_path_I/u_interp/add_54_C70_C109_C142/Z_12' has no loads. (LINT-2)
Warning: In design 'ASIC_Top', net 'u_path_I/u_interp/net566' driven by pin 'u_path_I/u_interp/add_54_C73_C97_C139/Z_0' has no loads. (LINT-2)
Warning: In design 'ASIC_Top', net 'u_path_I/u_interp/net565' driven by pin 'u_path_I/u_interp/add_54_C73_C97_C139/Z_1' has no loads. (LINT-2)
Warning: In design 'ASIC_Top', net 'u_path_I/u_interp/net564' driven by pin 'u_path_I/u_interp/add_54_C73_C97_C139/Z_2' has no loads. (LINT-2)
Warning: In design 'ASIC_Top', net 'u_path_I/u_interp/net563' driven by pin 'u_path_I/u_interp/add_54_C73_C97_C139/Z_3' has no loads. (LINT-2)
Warning: In design 'ASIC_Top', net 'u_path_I/u_interp/net562' driven by pin 'u_path_I/u_interp/add_54_C73_C97_C139/Z_4' has no loads. (LINT-2)
Warning: In design 'ASIC_Top', net 'u_path_I/u_interp/net561' driven by pin 'u_path_I/u_interp/add_54_C73_C97_C139/Z_5' has no loads. (LINT-2)
Warning: In design 'ASIC_Top', net 'u_path_I/u_interp/net560' driven by pin 'u_path_I/u_interp/add_54_C73_C97_C139/Z_6' has no loads. (LINT-2)
Warning: In design 'ASIC_Top', net 'u_path_I/u_interp/net559' driven by pin 'u_path_I/u_interp/add_54_C73_C97_C139/Z_7' has no loads. (LINT-2)
Warning: In design 'ASIC_Top', net 'u_path_I/u_interp/net558' driven by pin 'u_path_I/u_interp/add_54_C73_C97_C139/Z_8' has no loads. (LINT-2)
Warning: In design 'ASIC_Top', net 'u_path_I/u_interp/net557' driven by pin 'u_path_I/u_interp/add_54_C73_C97_C139/Z_9' has no loads. (LINT-2)
Warning: In design 'ASIC_Top', net 'u_path_I/u_interp/net556' driven by pin 'u_path_I/u_interp/add_54_C73_C97_C139/Z_10' has no loads. (LINT-2)
Warning: In design 'ASIC_Top', net 'u_path_I/u_interp/net555' driven by pin 'u_path_I/u_interp/add_54_C73_C97_C139/Z_11' has no loads. (LINT-2)
Warning: In design 'ASIC_Top', net 'u_path_I/u_interp/net554' driven by pin 'u_path_I/u_interp/add_54_C73_C97_C139/Z_12' has no loads. (LINT-2)
Warning: In design 'ASIC_Top', net 'u_path_I/u_interp/net553' driven by pin 'u_path_I/u_interp/add_54_C73_C97_C140/Z_0' has no loads. (LINT-2)
Warning: In design 'ASIC_Top', net 'u_path_I/u_interp/net552' driven by pin 'u_path_I/u_interp/add_54_C73_C97_C140/Z_1' has no loads. (LINT-2)
Warning: In design 'ASIC_Top', net 'u_path_I/u_interp/net551' driven by pin 'u_path_I/u_interp/add_54_C73_C97_C140/Z_2' has no loads. (LINT-2)
Warning: In design 'ASIC_Top', net 'u_path_I/u_interp/net550' driven by pin 'u_path_I/u_interp/add_54_C73_C97_C140/Z_3' has no loads. (LINT-2)
Warning: In design 'ASIC_Top', net 'u_path_I/u_interp/net549' driven by pin 'u_path_I/u_interp/add_54_C73_C97_C140/Z_4' has no loads. (LINT-2)
Warning: In design 'ASIC_Top', net 'u_path_I/u_interp/net548' driven by pin 'u_path_I/u_interp/add_54_C73_C97_C140/Z_5' has no loads. (LINT-2)
Warning: In design 'ASIC_Top', net 'u_path_I/u_interp/net547' driven by pin 'u_path_I/u_interp/add_54_C73_C97_C140/Z_6' has no loads. (LINT-2)
Warning: In design 'ASIC_Top', net 'u_path_I/u_interp/net546' driven by pin 'u_path_I/u_interp/add_54_C73_C97_C140/Z_7' has no loads. (LINT-2)
Warning: In design 'ASIC_Top', net 'u_path_I/u_interp/net545' driven by pin 'u_path_I/u_interp/add_54_C73_C97_C140/Z_8' has no loads. (LINT-2)
Warning: In design 'ASIC_Top', net 'u_path_I/u_interp/net544' driven by pin 'u_path_I/u_interp/add_54_C73_C97_C140/Z_9' has no loads. (LINT-2)
Warning: In design 'ASIC_Top', net 'u_path_I/u_interp/net543' driven by pin 'u_path_I/u_interp/add_54_C73_C97_C140/Z_10' has no loads. (LINT-2)
Warning: In design 'ASIC_Top', net 'u_path_I/u_interp/net542' driven by pin 'u_path_I/u_interp/add_54_C73_C97_C140/Z_11' has no loads. (LINT-2)
Warning: In design 'ASIC_Top', net 'u_path_I/u_interp/net541' driven by pin 'u_path_I/u_interp/add_54_C73_C97_C140/Z_12' has no loads. (LINT-2)
Warning: In design 'ASIC_Top', net 'u_path_I/u_interp/net540' driven by pin 'u_path_I/u_interp/add_54_C73_C97_C141/Z_0' has no loads. (LINT-2)
Warning: In design 'ASIC_Top', net 'u_path_I/u_interp/net539' driven by pin 'u_path_I/u_interp/add_54_C73_C97_C141/Z_1' has no loads. (LINT-2)
Warning: In design 'ASIC_Top', net 'u_path_I/u_interp/net538' driven by pin 'u_path_I/u_interp/add_54_C73_C97_C141/Z_2' has no loads. (LINT-2)
Warning: In design 'ASIC_Top', net 'u_path_I/u_interp/net537' driven by pin 'u_path_I/u_interp/add_54_C73_C97_C141/Z_3' has no loads. (LINT-2)
Warning: In design 'ASIC_Top', net 'u_path_I/u_interp/net536' driven by pin 'u_path_I/u_interp/add_54_C73_C97_C141/Z_4' has no loads. (LINT-2)
Warning: In design 'ASIC_Top', net 'u_path_I/u_interp/net535' driven by pin 'u_path_I/u_interp/add_54_C73_C97_C141/Z_5' has no loads. (LINT-2)
Warning: In design 'ASIC_Top', net 'u_path_I/u_interp/net534' driven by pin 'u_path_I/u_interp/add_54_C73_C97_C141/Z_6' has no loads. (LINT-2)
Warning: In design 'ASIC_Top', net 'u_path_I/u_interp/net533' driven by pin 'u_path_I/u_interp/add_54_C73_C97_C141/Z_7' has no loads. (LINT-2)
Warning: In design 'ASIC_Top', net 'u_path_I/u_interp/net532' driven by pin 'u_path_I/u_interp/add_54_C73_C97_C141/Z_8' has no loads. (LINT-2)
Warning: In design 'ASIC_Top', net 'u_path_I/u_interp/net531' driven by pin 'u_path_I/u_interp/add_54_C73_C97_C141/Z_9' has no loads. (LINT-2)
Warning: In design 'ASIC_Top', net 'u_path_I/u_interp/net530' driven by pin 'u_path_I/u_interp/add_54_C73_C97_C141/Z_10' has no loads. (LINT-2)
Warning: In design 'ASIC_Top', net 'u_path_I/u_interp/net529' driven by pin 'u_path_I/u_interp/add_54_C73_C97_C141/Z_11' has no loads. (LINT-2)
Warning: In design 'ASIC_Top', net 'u_path_I/u_interp/net528' driven by pin 'u_path_I/u_interp/add_54_C73_C97_C141/Z_12' has no loads. (LINT-2)
Warning: In design 'ASIC_Top', net 'u_path_I/u_interp/net527' driven by pin 'u_path_I/u_interp/add_54_C73_C97_C142/Z_0' has no loads. (LINT-2)
Warning: In design 'ASIC_Top', net 'u_path_I/u_interp/net526' driven by pin 'u_path_I/u_interp/add_54_C73_C97_C142/Z_1' has no loads. (LINT-2)
Warning: In design 'ASIC_Top', net 'u_path_I/u_interp/net525' driven by pin 'u_path_I/u_interp/add_54_C73_C97_C142/Z_2' has no loads. (LINT-2)
Warning: In design 'ASIC_Top', net 'u_path_I/u_interp/net524' driven by pin 'u_path_I/u_interp/add_54_C73_C97_C142/Z_3' has no loads. (LINT-2)
Warning: In design 'ASIC_Top', net 'u_path_I/u_interp/net523' driven by pin 'u_path_I/u_interp/add_54_C73_C97_C142/Z_4' has no loads. (LINT-2)
Warning: In design 'ASIC_Top', net 'u_path_I/u_interp/net522' driven by pin 'u_path_I/u_interp/add_54_C73_C97_C142/Z_5' has no loads. (LINT-2)
Warning: In design 'ASIC_Top', net 'u_path_I/u_interp/net521' driven by pin 'u_path_I/u_interp/add_54_C73_C97_C142/Z_6' has no loads. (LINT-2)
Warning: In design 'ASIC_Top', net 'u_path_I/u_interp/net520' driven by pin 'u_path_I/u_interp/add_54_C73_C97_C142/Z_7' has no loads. (LINT-2)
Warning: In design 'ASIC_Top', net 'u_path_I/u_interp/net519' driven by pin 'u_path_I/u_interp/add_54_C73_C97_C142/Z_8' has no loads. (LINT-2)
Warning: In design 'ASIC_Top', net 'u_path_I/u_interp/net518' driven by pin 'u_path_I/u_interp/add_54_C73_C97_C142/Z_9' has no loads. (LINT-2)
Warning: In design 'ASIC_Top', net 'u_path_I/u_interp/net517' driven by pin 'u_path_I/u_interp/add_54_C73_C97_C142/Z_10' has no loads. (LINT-2)
Warning: In design 'ASIC_Top', net 'u_path_I/u_interp/net516' driven by pin 'u_path_I/u_interp/add_54_C73_C97_C142/Z_11' has no loads. (LINT-2)
Warning: In design 'ASIC_Top', net 'u_path_I/u_interp/net515' driven by pin 'u_path_I/u_interp/add_54_C73_C97_C142/Z_12' has no loads. (LINT-2)
Warning: In design 'ASIC_Top', net 'u_path_I/u_interp/net514' driven by pin 'u_path_I/u_interp/add_54_C73_C98_C139/Z_0' has no loads. (LINT-2)
Warning: In design 'ASIC_Top', net 'u_path_I/u_interp/net513' driven by pin 'u_path_I/u_interp/add_54_C73_C98_C139/Z_1' has no loads. (LINT-2)
Warning: In design 'ASIC_Top', net 'u_path_I/u_interp/net512' driven by pin 'u_path_I/u_interp/add_54_C73_C98_C139/Z_2' has no loads. (LINT-2)
Warning: In design 'ASIC_Top', net 'u_path_I/u_interp/net511' driven by pin 'u_path_I/u_interp/add_54_C73_C98_C139/Z_3' has no loads. (LINT-2)
Warning: In design 'ASIC_Top', net 'u_path_I/u_interp/net510' driven by pin 'u_path_I/u_interp/add_54_C73_C98_C139/Z_4' has no loads. (LINT-2)
Warning: In design 'ASIC_Top', net 'u_path_I/u_interp/net509' driven by pin 'u_path_I/u_interp/add_54_C73_C98_C139/Z_5' has no loads. (LINT-2)
Warning: In design 'ASIC_Top', net 'u_path_I/u_interp/net508' driven by pin 'u_path_I/u_interp/add_54_C73_C98_C139/Z_6' has no loads. (LINT-2)
Warning: In design 'ASIC_Top', net 'u_path_I/u_interp/net507' driven by pin 'u_path_I/u_interp/add_54_C73_C98_C139/Z_7' has no loads. (LINT-2)
Warning: In design 'ASIC_Top', net 'u_path_I/u_interp/net506' driven by pin 'u_path_I/u_interp/add_54_C73_C98_C139/Z_8' has no loads. (LINT-2)
Warning: In design 'ASIC_Top', net 'u_path_I/u_interp/net505' driven by pin 'u_path_I/u_interp/add_54_C73_C98_C139/Z_9' has no loads. (LINT-2)
Warning: In design 'ASIC_Top', net 'u_path_I/u_interp/net504' driven by pin 'u_path_I/u_interp/add_54_C73_C98_C139/Z_10' has no loads. (LINT-2)
Warning: In design 'ASIC_Top', net 'u_path_I/u_interp/net503' driven by pin 'u_path_I/u_interp/add_54_C73_C98_C139/Z_11' has no loads. (LINT-2)
Warning: In design 'ASIC_Top', net 'u_path_I/u_interp/net502' driven by pin 'u_path_I/u_interp/add_54_C73_C98_C139/Z_12' has no loads. (LINT-2)
Warning: In design 'ASIC_Top', net 'u_path_I/u_interp/net501' driven by pin 'u_path_I/u_interp/add_54_C73_C96_C139/Z_0' has no loads. (LINT-2)
Warning: In design 'ASIC_Top', net 'u_path_I/u_interp/net500' driven by pin 'u_path_I/u_interp/add_54_C73_C96_C139/Z_1' has no loads. (LINT-2)
Warning: In design 'ASIC_Top', net 'u_path_I/u_interp/net499' driven by pin 'u_path_I/u_interp/add_54_C73_C96_C139/Z_2' has no loads. (LINT-2)
Warning: In design 'ASIC_Top', net 'u_path_I/u_interp/net498' driven by pin 'u_path_I/u_interp/add_54_C73_C96_C139/Z_3' has no loads. (LINT-2)
Warning: In design 'ASIC_Top', net 'u_path_I/u_interp/net497' driven by pin 'u_path_I/u_interp/add_54_C73_C96_C139/Z_4' has no loads. (LINT-2)
Warning: In design 'ASIC_Top', net 'u_path_I/u_interp/net496' driven by pin 'u_path_I/u_interp/add_54_C73_C96_C139/Z_5' has no loads. (LINT-2)
Warning: In design 'ASIC_Top', net 'u_path_I/u_interp/net495' driven by pin 'u_path_I/u_interp/add_54_C73_C96_C139/Z_6' has no loads. (LINT-2)
Warning: In design 'ASIC_Top', net 'u_path_I/u_interp/net494' driven by pin 'u_path_I/u_interp/add_54_C73_C96_C139/Z_7' has no loads. (LINT-2)
Warning: In design 'ASIC_Top', net 'u_path_I/u_interp/net493' driven by pin 'u_path_I/u_interp/add_54_C73_C96_C139/Z_8' has no loads. (LINT-2)
Warning: In design 'ASIC_Top', net 'u_path_I/u_interp/net492' driven by pin 'u_path_I/u_interp/add_54_C73_C96_C139/Z_9' has no loads. (LINT-2)
Warning: In design 'ASIC_Top', net 'u_path_I/u_interp/net491' driven by pin 'u_path_I/u_interp/add_54_C73_C96_C139/Z_10' has no loads. (LINT-2)
Warning: In design 'ASIC_Top', net 'u_path_I/u_interp/net490' driven by pin 'u_path_I/u_interp/add_54_C73_C96_C139/Z_11' has no loads. (LINT-2)
Warning: In design 'ASIC_Top', net 'u_path_I/u_interp/net489' driven by pin 'u_path_I/u_interp/add_54_C73_C96_C139/Z_12' has no loads. (LINT-2)
Warning: In design 'ASIC_Top', net 'u_path_I/u_interp/net488' driven by pin 'u_path_I/u_interp/add_54_C73_C98_C140/Z_0' has no loads. (LINT-2)
Warning: In design 'ASIC_Top', net 'u_path_I/u_interp/net487' driven by pin 'u_path_I/u_interp/add_54_C73_C98_C140/Z_1' has no loads. (LINT-2)
Warning: In design 'ASIC_Top', net 'u_path_I/u_interp/net486' driven by pin 'u_path_I/u_interp/add_54_C73_C98_C140/Z_2' has no loads. (LINT-2)
Warning: In design 'ASIC_Top', net 'u_path_I/u_interp/net485' driven by pin 'u_path_I/u_interp/add_54_C73_C98_C140/Z_3' has no loads. (LINT-2)
Warning: In design 'ASIC_Top', net 'u_path_I/u_interp/net484' driven by pin 'u_path_I/u_interp/add_54_C73_C98_C140/Z_4' has no loads. (LINT-2)
Warning: In design 'ASIC_Top', net 'u_path_I/u_interp/net483' driven by pin 'u_path_I/u_interp/add_54_C73_C98_C140/Z_5' has no loads. (LINT-2)
Warning: In design 'ASIC_Top', net 'u_path_I/u_interp/net482' driven by pin 'u_path_I/u_interp/add_54_C73_C98_C140/Z_6' has no loads. (LINT-2)
Warning: In design 'ASIC_Top', net 'u_path_I/u_interp/net481' driven by pin 'u_path_I/u_interp/add_54_C73_C98_C140/Z_7' has no loads. (LINT-2)
Warning: In design 'ASIC_Top', net 'u_path_I/u_interp/net480' driven by pin 'u_path_I/u_interp/add_54_C73_C98_C140/Z_8' has no loads. (LINT-2)
Warning: In design 'ASIC_Top', net 'u_path_I/u_interp/net479' driven by pin 'u_path_I/u_interp/add_54_C73_C98_C140/Z_9' has no loads. (LINT-2)
Warning: In design 'ASIC_Top', net 'u_path_I/u_interp/net478' driven by pin 'u_path_I/u_interp/add_54_C73_C98_C140/Z_10' has no loads. (LINT-2)
Warning: In design 'ASIC_Top', net 'u_path_I/u_interp/net477' driven by pin 'u_path_I/u_interp/add_54_C73_C98_C140/Z_11' has no loads. (LINT-2)
Warning: In design 'ASIC_Top', net 'u_path_I/u_interp/net476' driven by pin 'u_path_I/u_interp/add_54_C73_C98_C140/Z_12' has no loads. (LINT-2)
Warning: In design 'ASIC_Top', net 'u_path_I/u_interp/net475' driven by pin 'u_path_I/u_interp/add_54_C73_C96_C140/Z_0' has no loads. (LINT-2)
Warning: In design 'ASIC_Top', net 'u_path_I/u_interp/net474' driven by pin 'u_path_I/u_interp/add_54_C73_C96_C140/Z_1' has no loads. (LINT-2)
Warning: In design 'ASIC_Top', net 'u_path_I/u_interp/net473' driven by pin 'u_path_I/u_interp/add_54_C73_C96_C140/Z_2' has no loads. (LINT-2)
Warning: In design 'ASIC_Top', net 'u_path_I/u_interp/net472' driven by pin 'u_path_I/u_interp/add_54_C73_C96_C140/Z_3' has no loads. (LINT-2)
Warning: In design 'ASIC_Top', net 'u_path_I/u_interp/net471' driven by pin 'u_path_I/u_interp/add_54_C73_C96_C140/Z_4' has no loads. (LINT-2)
Warning: In design 'ASIC_Top', net 'u_path_I/u_interp/net470' driven by pin 'u_path_I/u_interp/add_54_C73_C96_C140/Z_5' has no loads. (LINT-2)
Warning: In design 'ASIC_Top', net 'u_path_I/u_interp/net469' driven by pin 'u_path_I/u_interp/add_54_C73_C96_C140/Z_6' has no loads. (LINT-2)
Warning: In design 'ASIC_Top', net 'u_path_I/u_interp/net468' driven by pin 'u_path_I/u_interp/add_54_C73_C96_C140/Z_7' has no loads. (LINT-2)
Warning: In design 'ASIC_Top', net 'u_path_I/u_interp/net467' driven by pin 'u_path_I/u_interp/add_54_C73_C96_C140/Z_8' has no loads. (LINT-2)
Warning: In design 'ASIC_Top', net 'u_path_I/u_interp/net466' driven by pin 'u_path_I/u_interp/add_54_C73_C96_C140/Z_9' has no loads. (LINT-2)
Warning: In design 'ASIC_Top', net 'u_path_I/u_interp/net465' driven by pin 'u_path_I/u_interp/add_54_C73_C96_C140/Z_10' has no loads. (LINT-2)
Warning: In design 'ASIC_Top', net 'u_path_I/u_interp/net464' driven by pin 'u_path_I/u_interp/add_54_C73_C96_C140/Z_11' has no loads. (LINT-2)
Warning: In design 'ASIC_Top', net 'u_path_I/u_interp/net463' driven by pin 'u_path_I/u_interp/add_54_C73_C96_C140/Z_12' has no loads. (LINT-2)
Warning: In design 'ASIC_Top', net 'u_path_I/u_interp/net462' driven by pin 'u_path_I/u_interp/add_54_C73_C98_C141/Z_0' has no loads. (LINT-2)
Warning: In design 'ASIC_Top', net 'u_path_I/u_interp/net461' driven by pin 'u_path_I/u_interp/add_54_C73_C98_C141/Z_1' has no loads. (LINT-2)
Warning: In design 'ASIC_Top', net 'u_path_I/u_interp/net460' driven by pin 'u_path_I/u_interp/add_54_C73_C98_C141/Z_2' has no loads. (LINT-2)
Warning: In design 'ASIC_Top', net 'u_path_I/u_interp/net459' driven by pin 'u_path_I/u_interp/add_54_C73_C98_C141/Z_3' has no loads. (LINT-2)
Warning: In design 'ASIC_Top', net 'u_path_I/u_interp/net458' driven by pin 'u_path_I/u_interp/add_54_C73_C98_C141/Z_4' has no loads. (LINT-2)
Warning: In design 'ASIC_Top', net 'u_path_I/u_interp/net457' driven by pin 'u_path_I/u_interp/add_54_C73_C98_C141/Z_5' has no loads. (LINT-2)
Warning: In design 'ASIC_Top', net 'u_path_I/u_interp/net456' driven by pin 'u_path_I/u_interp/add_54_C73_C98_C141/Z_6' has no loads. (LINT-2)
Warning: In design 'ASIC_Top', net 'u_path_I/u_interp/net455' driven by pin 'u_path_I/u_interp/add_54_C73_C98_C141/Z_7' has no loads. (LINT-2)
Warning: In design 'ASIC_Top', net 'u_path_I/u_interp/net454' driven by pin 'u_path_I/u_interp/add_54_C73_C98_C141/Z_8' has no loads. (LINT-2)
Warning: In design 'ASIC_Top', net 'u_path_I/u_interp/net453' driven by pin 'u_path_I/u_interp/add_54_C73_C98_C141/Z_9' has no loads. (LINT-2)
Warning: In design 'ASIC_Top', net 'u_path_I/u_interp/net452' driven by pin 'u_path_I/u_interp/add_54_C73_C98_C141/Z_10' has no loads. (LINT-2)
Warning: In design 'ASIC_Top', net 'u_path_I/u_interp/net451' driven by pin 'u_path_I/u_interp/add_54_C73_C98_C141/Z_11' has no loads. (LINT-2)
Warning: In design 'ASIC_Top', net 'u_path_I/u_interp/net450' driven by pin 'u_path_I/u_interp/add_54_C73_C98_C141/Z_12' has no loads. (LINT-2)
Warning: In design 'ASIC_Top', net 'u_path_I/u_interp/net449' driven by pin 'u_path_I/u_interp/add_54_C73_C96_C141/Z_0' has no loads. (LINT-2)
Warning: In design 'ASIC_Top', net 'u_path_I/u_interp/net448' driven by pin 'u_path_I/u_interp/add_54_C73_C96_C141/Z_1' has no loads. (LINT-2)
Warning: In design 'ASIC_Top', net 'u_path_I/u_interp/net447' driven by pin 'u_path_I/u_interp/add_54_C73_C96_C141/Z_2' has no loads. (LINT-2)
Warning: In design 'ASIC_Top', net 'u_path_I/u_interp/net446' driven by pin 'u_path_I/u_interp/add_54_C73_C96_C141/Z_3' has no loads. (LINT-2)
Warning: In design 'ASIC_Top', net 'u_path_I/u_interp/net445' driven by pin 'u_path_I/u_interp/add_54_C73_C96_C141/Z_4' has no loads. (LINT-2)
Warning: In design 'ASIC_Top', net 'u_path_I/u_interp/net444' driven by pin 'u_path_I/u_interp/add_54_C73_C96_C141/Z_5' has no loads. (LINT-2)
Warning: In design 'ASIC_Top', net 'u_path_I/u_interp/net443' driven by pin 'u_path_I/u_interp/add_54_C73_C96_C141/Z_6' has no loads. (LINT-2)
Warning: In design 'ASIC_Top', net 'u_path_I/u_interp/net442' driven by pin 'u_path_I/u_interp/add_54_C73_C96_C141/Z_7' has no loads. (LINT-2)
Warning: In design 'ASIC_Top', net 'u_path_I/u_interp/net441' driven by pin 'u_path_I/u_interp/add_54_C73_C96_C141/Z_8' has no loads. (LINT-2)
Warning: In design 'ASIC_Top', net 'u_path_I/u_interp/net440' driven by pin 'u_path_I/u_interp/add_54_C73_C96_C141/Z_9' has no loads. (LINT-2)
Warning: In design 'ASIC_Top', net 'u_path_I/u_interp/net439' driven by pin 'u_path_I/u_interp/add_54_C73_C96_C141/Z_10' has no loads. (LINT-2)
Warning: In design 'ASIC_Top', net 'u_path_I/u_interp/net438' driven by pin 'u_path_I/u_interp/add_54_C73_C96_C141/Z_11' has no loads. (LINT-2)
Warning: In design 'ASIC_Top', net 'u_path_I/u_interp/net437' driven by pin 'u_path_I/u_interp/add_54_C73_C96_C141/Z_12' has no loads. (LINT-2)
Warning: In design 'ASIC_Top', net 'u_path_I/u_interp/net436' driven by pin 'u_path_I/u_interp/add_54_C73_C98_C142/Z_0' has no loads. (LINT-2)
Warning: In design 'ASIC_Top', net 'u_path_I/u_interp/net435' driven by pin 'u_path_I/u_interp/add_54_C73_C98_C142/Z_1' has no loads. (LINT-2)
Warning: In design 'ASIC_Top', net 'u_path_I/u_interp/net434' driven by pin 'u_path_I/u_interp/add_54_C73_C98_C142/Z_2' has no loads. (LINT-2)
Warning: In design 'ASIC_Top', net 'u_path_I/u_interp/net433' driven by pin 'u_path_I/u_interp/add_54_C73_C98_C142/Z_3' has no loads. (LINT-2)
Warning: In design 'ASIC_Top', net 'u_path_I/u_interp/net432' driven by pin 'u_path_I/u_interp/add_54_C73_C98_C142/Z_4' has no loads. (LINT-2)
Warning: In design 'ASIC_Top', net 'u_path_I/u_interp/net431' driven by pin 'u_path_I/u_interp/add_54_C73_C98_C142/Z_5' has no loads. (LINT-2)
Warning: In design 'ASIC_Top', net 'u_path_I/u_interp/net430' driven by pin 'u_path_I/u_interp/add_54_C73_C98_C142/Z_6' has no loads. (LINT-2)
Warning: In design 'ASIC_Top', net 'u_path_I/u_interp/net429' driven by pin 'u_path_I/u_interp/add_54_C73_C98_C142/Z_7' has no loads. (LINT-2)
Warning: In design 'ASIC_Top', net 'u_path_I/u_interp/net428' driven by pin 'u_path_I/u_interp/add_54_C73_C98_C142/Z_8' has no loads. (LINT-2)
Warning: In design 'ASIC_Top', net 'u_path_I/u_interp/net427' driven by pin 'u_path_I/u_interp/add_54_C73_C98_C142/Z_9' has no loads. (LINT-2)
Warning: In design 'ASIC_Top', net 'u_path_I/u_interp/net426' driven by pin 'u_path_I/u_interp/add_54_C73_C98_C142/Z_10' has no loads. (LINT-2)
Warning: In design 'ASIC_Top', net 'u_path_I/u_interp/net425' driven by pin 'u_path_I/u_interp/add_54_C73_C98_C142/Z_11' has no loads. (LINT-2)
Warning: In design 'ASIC_Top', net 'u_path_I/u_interp/net424' driven by pin 'u_path_I/u_interp/add_54_C73_C98_C142/Z_12' has no loads. (LINT-2)
Warning: In design 'ASIC_Top', net 'u_path_I/u_interp/net423' driven by pin 'u_path_I/u_interp/add_54_C73_C96_C142/Z_0' has no loads. (LINT-2)
Warning: In design 'ASIC_Top', net 'u_path_I/u_interp/net422' driven by pin 'u_path_I/u_interp/add_54_C73_C96_C142/Z_1' has no loads. (LINT-2)
Warning: In design 'ASIC_Top', net 'u_path_I/u_interp/net421' driven by pin 'u_path_I/u_interp/add_54_C73_C96_C142/Z_2' has no loads. (LINT-2)
Warning: In design 'ASIC_Top', net 'u_path_I/u_interp/net420' driven by pin 'u_path_I/u_interp/add_54_C73_C96_C142/Z_3' has no loads. (LINT-2)
Warning: In design 'ASIC_Top', net 'u_path_I/u_interp/net419' driven by pin 'u_path_I/u_interp/add_54_C73_C96_C142/Z_4' has no loads. (LINT-2)
Warning: In design 'ASIC_Top', net 'u_path_I/u_interp/net418' driven by pin 'u_path_I/u_interp/add_54_C73_C96_C142/Z_5' has no loads. (LINT-2)
Warning: In design 'ASIC_Top', net 'u_path_I/u_interp/net417' driven by pin 'u_path_I/u_interp/add_54_C73_C96_C142/Z_6' has no loads. (LINT-2)
Warning: In design 'ASIC_Top', net 'u_path_I/u_interp/net416' driven by pin 'u_path_I/u_interp/add_54_C73_C96_C142/Z_7' has no loads. (LINT-2)
Warning: In design 'ASIC_Top', net 'u_path_I/u_interp/net415' driven by pin 'u_path_I/u_interp/add_54_C73_C96_C142/Z_8' has no loads. (LINT-2)
Warning: In design 'ASIC_Top', net 'u_path_I/u_interp/net414' driven by pin 'u_path_I/u_interp/add_54_C73_C96_C142/Z_9' has no loads. (LINT-2)
Warning: In design 'ASIC_Top', net 'u_path_I/u_interp/net413' driven by pin 'u_path_I/u_interp/add_54_C73_C96_C142/Z_10' has no loads. (LINT-2)
Warning: In design 'ASIC_Top', net 'u_path_I/u_interp/net412' driven by pin 'u_path_I/u_interp/add_54_C73_C96_C142/Z_11' has no loads. (LINT-2)
Warning: In design 'ASIC_Top', net 'u_path_I/u_interp/net411' driven by pin 'u_path_I/u_interp/add_54_C73_C96_C142/Z_12' has no loads. (LINT-2)
Warning: In design 'ASIC_Top', net 'u_path_I/u_interp/net410' driven by pin 'u_path_I/u_interp/C1354/Z' has no loads. (LINT-2)
Warning: In design 'ASIC_Top', net 'u_path_I/u_interp/net409' driven by pin 'u_path_I/u_interp/C1357/Z' has no loads. (LINT-2)
Warning: In design 'ASIC_Top', net 'u_path_I/u_interp/net408' driven by pin 'u_path_I/u_interp/C1352/Z' has no loads. (LINT-2)
Warning: In design 'ASIC_Top', net 'u_path_I/u_interp/net407' driven by pin 'u_path_I/u_interp/C1342/Z' has no loads. (LINT-2)
Warning: In design 'ASIC_Top', net 'u_path_I/u_interp/net406' driven by pin 'u_path_I/u_interp/C1345/Z' has no loads. (LINT-2)
Warning: In design 'ASIC_Top', net 'u_path_I/u_interp/net405' driven by pin 'u_path_I/u_interp/C1340/Z' has no loads. (LINT-2)
Warning: In design 'ASIC_Top', net 'u_path_I/u_interp/net404' driven by pin 'u_path_I/u_interp/C1330/Z' has no loads. (LINT-2)
Warning: In design 'ASIC_Top', net 'u_path_I/u_interp/net403' driven by pin 'u_path_I/u_interp/C1333/Z' has no loads. (LINT-2)
Warning: In design 'ASIC_Top', net 'u_path_I/u_interp/net402' driven by pin 'u_path_I/u_interp/C1328/Z' has no loads. (LINT-2)
Warning: In design 'ASIC_Top', net 'u_path_I/u_interp/net401' driven by pin 'u_path_I/u_interp/C1318/Z' has no loads. (LINT-2)
Warning: In design 'ASIC_Top', net 'u_path_I/u_interp/net400' driven by pin 'u_path_I/u_interp/C1321/Z' has no loads. (LINT-2)
Warning: In design 'ASIC_Top', net 'u_path_I/u_interp/net399' driven by pin 'u_path_I/u_interp/C1316/Z' has no loads. (LINT-2)
Warning: In design 'ASIC_Top', net 'u_path_I/u_interp/net398' driven by pin 'u_path_I/u_interp/C1288/Z' has no loads. (LINT-2)
Warning: In design 'ASIC_Top', net 'u_path_I/u_fir/net27098' driven by pin 'u_path_I/u_fir/add_128_I5/Z_0' has no loads. (LINT-2)
Warning: In design 'ASIC_Top', net 'u_path_I/u_fir/net27097' driven by pin 'u_path_I/u_fir/add_128_I5/Z_1' has no loads. (LINT-2)
Warning: In design 'ASIC_Top', net 'u_path_I/u_fir/net27096' driven by pin 'u_path_I/u_fir/add_128_I5/Z_2' has no loads. (LINT-2)
Warning: In design 'ASIC_Top', net 'u_path_I/u_fir/net27095' driven by pin 'u_path_I/u_fir/add_128_I5/Z_3' has no loads. (LINT-2)
Warning: In design 'ASIC_Top', net 'u_path_I/u_fir/net27094' driven by pin 'u_path_I/u_fir/add_128_I5/Z_4' has no loads. (LINT-2)
Warning: In design 'ASIC_Top', net 'u_path_I/u_fir/net27093' driven by pin 'u_path_I/u_fir/add_128_I5/Z_5' has no loads. (LINT-2)
Warning: In design 'ASIC_Top', net 'u_path_I/u_fir/net27092' driven by pin 'u_path_I/u_fir/add_128_I5/Z_6' has no loads. (LINT-2)
Warning: In design 'ASIC_Top', net 'u_path_I/u_fir/net27091' driven by pin 'u_path_I/u_fir/add_128_I5/Z_7' has no loads. (LINT-2)
Warning: In design 'ASIC_Top', net 'u_path_I/u_fir/net27090' driven by pin 'u_path_I/u_fir/add_128_I5/Z_8' has no loads. (LINT-2)
Warning: In design 'ASIC_Top', net 'u_path_I/u_fir/net27089' driven by pin 'u_path_I/u_fir/add_128_I5/Z_9' has no loads. (LINT-2)
Warning: In design 'ASIC_Top', net 'u_path_I/u_fir/net27088' driven by pin 'u_path_I/u_fir/add_128_I5/Z_10' has no loads. (LINT-2)
Warning: In design 'ASIC_Top', net 'u_path_I/u_fir/net27087' driven by pin 'u_path_I/u_fir/add_128_I5/Z_11' has no loads. (LINT-2)
Warning: In design 'ASIC_Top', net 'u_path_I/u_fir/net27086' driven by pin 'u_path_I/u_fir/add_128_I5/Z_12' has no loads. (LINT-2)
Warning: In design 'ASIC_Top', net 'u_path_I/u_fir/net27085' driven by pin 'u_path_I/u_fir/add_128_I5/Z_13' has no loads. (LINT-2)
Warning: In design 'ASIC_Top', net 'u_path_I/u_fir/net27084' driven by pin 'u_path_I/u_fir/C1970/Z' has no loads. (LINT-2)
Warning: In design 'MinAJ2_Datapath', port 'is_start' is not connected to any nets. (LINT-28)
Warning: In design 'MinAJ2_Datapath', port 'is_end' is not connected to any nets. (LINT-28)
1
